intersection_id,sample_sha256,source_line,split
1,315c80ff48257c5a286813593a1083dcb03561dec067d23a038a6b7f09ddeec1,1,training
1,60b6736dc061c0552d37bb2c430a6574c8c1b33a07471ae3470d049eb27c7e13,2,training
1,62de9c5820595b3f41edcee99a818d2a7da9c33c3b4b09c8e811052428fb359d,3,training
1,9abd696f7fbb22c4342f72b3d572c54898de8b7afd7c2a5d566ec44fa4bb759f,4,training
1,122d684504592004663f76fbd2063ecfe091e0619bce8e5c893416b272921220,5,training
1,1fe46ff8035716b2e8e14231e82e3abb58cb8b69ab6be2ef1d89593356f34907,6,training
1,589544790e9588ac451dabc3ec2a52740f56578d55230461ea64057f988fad21,7,training
1,2ad2ed007ee3ac6540fe4905bd4d73d3d045f687a427a5ffdc69279cb42ee08a,8,training
1,c80c2df45cb69afe609affd1d597a985574fa9d605edfadc03cc19cbde957874,9,training
1,105122426640230c25f826255729178c99f429e4e3cddd7418c10d1650fac0d8,10,training
1,901abfaad5ae06bc6dd23a82586fdc16676a67545a32002f47f3ca2fd1c46b88,11,validation
1,5501bd0e3be038da35042793f17d583677193521a8f9b70e6b1627e8a8c0f1f1,12,training
1,11321131d5813888ae5437584a14bc3bc79472a281ccdba7c1f5fd9187af9d3d,13,training
1,1436120df5d46f772e28375960df0e6fac6d5c88297f0c0235a61f18c822fad6,14,training
1,38017a54e73f9f39e19ab5beb014bb88adbe4e5c0340a92b79292c4c06f7d6b6,15,validation
1,54b724dc82224498ca8c7162d50650e9d62c17739cad46b372a3dc91850a4270,16,training
1,7917c04d01c5f98805602daa6cf03d801cd687ea8080dcf1026179fdbefd29ba,17,training
1,77463733165ce05c9593cc0cde1a102453db28472fb6153be0bd8570ea3e4ea7,18,training
1,26415085850093fda98b11683a45c4776eb63c6b75f7908d5d91a2948ec623ce,19,training
1,70a6b892bab8330be3c9cc78cf643f9039e5b5f501ec217e943ea984fc8d28bf,20,training
1,723e06dedb884f7167fc8b07f8111aff99d51cea1a3bffc751acf718ec374dd1,21,training
1,94dff533d0752194eaca77a8de40353be7e25238c0f243d3306864c93e55cc06,22,training
1,cb54ea90fdbfedddbe33fd9a5316b0d1b4691ab634d1d401a7db68c1726f3d98,23,training
1,467b856b7b6c50cdc1f36cb1955ddd46dfebafab93ee1e0a2c6c0594baabcdac,24,training
1,d3a8168844f666d2d2a00f7f50e5154362ac31e890dd353a1508ab141d1bfa6b,25,training
1,25322a7c5021dd457c974731bb2c1fea864c727ce5798594b047d6637f93a2a8,26,training
1,a7f440802502ab19290a2921b1614fcfe09d3b589e4c7e4088fb88b29985dc2f,27,training
1,08e547967746f3d044ac93f08b2b112f83f3b7dbc29ee5d786b8d0afd3f40872,28,training
1,da62ffd8c44d811ecd81c058db48880051ee1445cff023a9e11fb17b64a26ab8,29,training
1,c2bbb361805dfd0ed1c821a2240545944f8cc9774df819b79bf257d751d34692,30,validation
1,57ce7354e910939952f72c6479c95d40e743d6353f07464fd6e52ec38dd108aa,31,training
1,17cf1ef94dfe0dcefaa4fa5e1aa956f968e639dbfa8a1d9dbf4e75a624b314f0,32,training
1,ccd8b15571d120b4952264882711bbd1002b68914d0551e9820240183bbc9c0e,33,validation
1,10f1bd657c4f586ec4faece0a7151123229f2dd7ea4c4ae47b9a1452248e0389,34,training
1,216d5c371457ac5f716575236a4895cdaddb76171c9f3db259b96f2456d33bc6,35,training
1,f98c6f9d142abf0feae2e3f29fad11b765acb6e9f2f1c20b3a45d08e6a6c1b5e,36,training
1,275956bee2ebbaac7cae8d3402d146ccacfbca5fe57cf5ec3c07235f3892fd23,37,training
1,1bb3e4e519b005d8f4d47fd8877420ca6c1f895aebe606d6efe78d4ae4126f9a,38,training
1,56efa1b0cc4e4bbc951de908b40a4da1ce56a89f84d50dbf8c0644469a11f461,39,training
1,a7f38b35bb1ce2b5bacd8f49fb1c5cc574d5bb256d25c9a6dbd3fc9548688a69,40,training
1,aff25ab6c8df2e8d5615d62870d457c68a32b62c6e3eb63e76cd60afe1b7a4fb,41,training
1,81267a653bcdfe5b71d2cf5a56e25e8ab927743f70cf2ef9d121830d08a57f58,42,training
1,089b9e6d06b76ee6f972a50142606ad38d428ea77690ceae3f6e58bf6e16e9c3,43,training
1,388b9477681c97e7ad7cfe863fc02cbdb1c34d7d84f340d2c991365fafb62fe1,44,validation
1,f1893f03ccf4010fcf861aabeff93b87c1b3b4721d919220cb5d2a08f03b1c19,45,training
1,018bdfe9930d5e481158b703db6caf1fb26e28375c1e0cd02533b01f0eb4acbc,46,training
1,f129c2ceb90e51e5431ce1128be2d1fc0ec8a71cb2f04fd4298a0f0b5232f1e3,47,training
1,d48e7333a2842ae3a4c8706a92d30dbeaccdc2c93095a0d8920b2bd0bd8df170,48,validation
1,2b609b071c2b9dda95edb57654a39684b7efd17f8f8c2dda86951dd3f9940a3b,49,validation
1,36dbdc30a86979635b61db7f160f31def4e25a4c3a9a05993767198569a3395d,50,training
1,24f47be398ecab44655fcce233b12bbafe46aa59637562550b2105c2e6974b16,51,training
1,b15f6fd915636f4f84d379cf60bb568da9cbf98bbfaa77d3c9ef2f0825574eed,52,training
1,66b2bbf0a259c0e152c6e4a109d2ccef4fe9584b6c65a6eddc1aa9c00fa5dee6,53,training
1,3a60ec5985ae2557f43c310b9943f32d4beec56bdafb85ceb3d15f4984bc51ed,54,training
1,2833881e7b15d97502df4d3527e5f36b7feb29f82760beaf14b0218bf7dc2a37,55,training
1,8ae7d23d725c09ecb9e854a363f8f773fe5d190af2205e4a49a9bbf651404cce,56,training
1,881fe5833dee147da23f55b7a920213051fb4c00851678ba00b509f82b3d5761,57,validation
1,6e0ff440a72ba118f4837c632545cdea247448b3214f4a9a3c9c4dccaa5923e0,58,training
1,0d9e0a3373abfdbde1839a93fbbb14fea3f81c2e0d3ee9fd87d87dbfeb561ea2,59,training
1,912197c964f5cde1cb64d7bc06e13b77656023a8e757deac5d0522c8543b5306,60,validation
1,7d14899a68b2d9e1ee31139ca1f766d14625ff85851575f2b559665c67776038,61,validation
1,bfc333e882ffdb552b6d20b9d32af9231847972be7d2beaec4886eafe3a81fc6,62,validation
1,bb7c78f45a53f137e9a755f1e612d13aa68df1d106b7cc3938d6a7bfa93a1ace,63,training
1,d7e68074eb0498afa7fa3be6d1151bd4abb5b55badcfb9a7447db971ae78c10c,64,training
1,d32421984ee045a9d8d62e97a56aca1c07c8148e36888917772da3a98aaaf465,65,training
1,7aab0319659837716a98458b611a5af9ca4dda8ff5ad07679d4d8fe5b3235609,66,training
1,578051fda989a778d31e7185edd226552960edb6497261c84b100bc3a68c5d5c,67,training
1,c7f2dc3c5ffcfed10b06c8dd54c482455d61c391279e7c8222dc8225cdc3de47,68,training
1,2e7cdb1bf30e63ebc971dcb0c09c443b8e6efd9098dd230df1c9617a0c283f25,69,training
1,d9914041b444236a23dc02fc11a8535214d45dbadc128a02cf81870c07d52c5b,70,training
1,a08af91cbbefd7228cf7a6f41cf61087c9a9e94eda486f7e931afddbb5fae7c5,71,training
1,9ae67a800bf4327e58de0aaf3f416177a2deeda9202586d6aef8c0f3496f30b8,72,training
1,23c360b95a5ce970ee1aff6135051a8d5a9050078f97fdd293620cf5787d6446,73,training
1,f76fee95ff4fb18012cb362e8a4dec8156271c87d7f8b56681be09140e92b2f9,74,training
1,139d8c7e835f84657776b8fe7fa075cc14626eaf5cdd0521c23288bce68a4ce4,75,training
1,5a77e1feb324d424118b51b2be64b33e622ef326fd7e03bf9528f8dd72f7ee56,76,training
1,e715e47cf22d23ee15ba31300b6f4128194ae093b2812a3141f0607cb01ab4cb,77,validation
1,de77d290589081d97eed89feced791b40b6546513ed744d4a8cb568322b49742,78,training
1,3b59b84a719e2efda7233af6fe2c8d2609ec07a0ef6cd09b3216c9b60c59ecf8,79,training
1,b9eb35c6d051f1e9c810247179bad86dc1aa5c3e9ddd12d583607f1e17da3373,80,training
1,5ce55e9756ab0c773bb70556210f3a312dbef208f433bf0e81423b3642f2bc29,81,training
1,a0b3fdac23ca20868a74397f4808fba6d83aaabe54f1b1c7f0ca9aabf077f78d,82,training
1,cf142aff89cdc2746a6af4ada28537d3712422dc82a150480be86d3b99688be5,83,training
1,fe542bc4727cd07424c8ec86a5db068979a13e47eb50b3efa0c8a9c39f60604e,84,training
1,cbd78b93fa44ccda4e0b4cb2f56e2bc5e115e46e4552b75911386aa16b9a5902,85,training
1,6c989565fb47da06329fff2527a00263c709153e91024d4a39a225a9a7ae6f07,86,training
1,a4ad595f2d61ba6c42605da6a492c0c620791406291be82f877023ab6adc8296,87,validation
1,e010b94e1631d3067f12f786ae4f8655ebd3cab28bbe6f51db9cfb277b5302b8,88,validation
1,f19c21e61b17576c224092a6d9a6cb880531edb3240b4fa4414bdf36476e49cf,89,validation
1,d882d28f7d149c3f6d84450636aeb1299f7d4c98b0fac3cb45b1119917daeeca,90,training
1,ddb8bd2d1553128ef9b4ffa19ec4d6c67f10c6fba4a98922e6eeb3e5d3ae11df,91,training
1,7a3414429c8687d1d4abd715b869c3f7aa86335b733599b47f396a59c66da1bf,92,training
1,193b13c154aa62390bfd35ea8dea6e619ed7cdba106b0df6f48139fed9e3e219,93,training
1,6b65dd89e7bc202b75bc8c74d8468390373a31b3684fe04d8352ecb7c3341e73,94,training
1,815db5b726012d8c27ccddc327a1ad39bea8e60315cffa125e7518a435b829ce,95,validation
1,ef66da9b5ff1af65f5d5695d0234e4b70cebebbc99194d1fc6f958ded2e7ac28,96,training
1,b167d053197c3610a1029c534ca5088b79b4ee2d37fe577d332a6d6e7b4b31a3,97,validation
1,79cff124c2d3e5ddae85686125021790080a4fc2719c1cbf58cf6122c8151b84,98,training
1,9905fbcbe7996c12892687c2c7728f5e28fc1e1923c2885cb6b34d8c3b0b4227,99,training
1,f5959acd3910435c6e5417585a4035f1d30d41115fb05544303e39eb31ae9f8e,100,training
1,12036e213b7237f60d4c09378ef50d0aabbe0a796ca9c21018040983a458802d,101,training
1,45912cef67c2e6be09a2c62352850b6dda145d8efb907bf6c88a05d664be4fd6,102,training
1,be1f22f84981bcde8d3993e0f521b72483368945a61263fdd64c0ffb38a1c610,103,training
1,a8bf40be4c6926083a483b7ea7086b743c24db9c7369d6a07e46e659eb7f79c5,104,training
1,9144654238b8b3c05793698b87bbfed177e548e6355ddd088980bf34b4048ae3,105,validation
1,94baace7e39ca0dc0a132fa7f8b7e1ada4a9bcb1afc6787c44541625dbb9a258,106,validation
1,2ac3027998698024b4a4e4dbb38e86573074563cb9f9fc74c469a0de076365ce,107,training
1,7f8901505714437539748438fdbd45b8804ca2022cdf580fbb4480791833fb2b,108,training
1,c13a18adf4b712e2f83b0450c56269e3775a86efacbb3994d0c19f5c9079d2ba,109,training
1,4354fdffcaf8b99d2e763a066e20a13473f736c55fb7c97a7cfdc8c410a47367,110,validation
1,a66c93c7df22de686d3ceb64b27b902a39530427d2924df20f32a799681a2f50,111,training
1,f32093778107f04255642eab045c8f6cc9c55378eb5eaaf49bc40bd223d68c86,112,validation
1,880f9368c2f9ee09c58d49525d2debd64d7eab96a612f1d305c682ab260be828,113,validation
1,c9416cc39e4dc1c1ca5cdc8014e53f4265df23cc93daf3ccd79581413a0099fa,114,training
1,025f7a521305329435064c9a35e183845eba7c95b3928baf104b7095514074e2,115,training
1,cbfcf1a1d4af98fd3077355b05dff878ad48bcc7e08eb6cb3751ea0341096f52,116,training
1,6e45789490531df0a4950c3ca205b3f53a9a5402a0552795e2fe328987d5a564,117,training
1,c6d4650f38abab5dac74d402fb5fcbc461a22ec91a2928037bc4c1a61d7be8f7,118,training
1,817fd801e32b0a73e44b1b6b2253de520722ff379cb43c7b11cdceedc195c47a,119,training
1,47f5919e5653482b8950a6b63d367edfcc73bd1224215dd6f3145db5b3eff3d3,120,training
1,5d7f7effca07f03d3da94de6e672fee3bc266552c34fe1589773998bd3474318,121,training
1,a4cc40768c12f5219ab1f5f71dad55adea241196461bc3a5c81f49d7ed01b409,122,training
1,c18530e75bbfc6a7f27e9dcdc1da1852c6b44e91ae3006180e7fba21cc2c5fc4,123,training
1,d69ec386839dccddf4118f3449dc5efd413f2248ea5bd7143cd27bd9f89ce519,124,training
1,eae425aa5ec0019b60e514a64ddd50b8ee69d2bf0cb34e6f618f350c1db31945,125,training
1,d8005d3238029bafbc5b660a113be3c90459f889a3612875280bd9e84d85101c,126,training
1,886a1b21bc7b5dc04e9bdc610f9123d5bb3f0e10424dcef8cab2a1a00fe9afdd,127,training
1,18f311e1e7a71f7b6f4c28335a42941a2844edc32885ab2be518922a82ee9347,128,training
1,532ab401d1cc717cac5b763e3488cf4eb70795caff0feba06808110189c99e73,129,training
1,a5e3154cee9cb1f7c578c9eb095d645d776c833cb9d5e9a1f2ec5a8f8b9eeeef,130,training
1,039db718d6f6c10529906bb5dfb9184a044fdac8aaf096b0765fe6ef06a3ce22,131,training
1,76a08836ef8e54aa758244aa947e448e200eaba313a0808d5a91a06cbbb86862,132,training
1,bbec16367ca84e8266b471eb5d3677c7d88a4c7bc2d469f73c9bad7041b0eb91,133,training
1,f9661b0c47392de21d0953bb9c42e014384e545961d09129e8e81c90bb9f52e4,134,training
1,79518794c2fb8a5a4c6015852a60f64747a73b18126206f4ccac96f1a8efb73a,135,validation
1,df6fe9b190fd7899e9fa16c6b83578bc72583d73f8267830249e278083689ff9,136,training
1,b7793a8c7d99fb9fdd92fa67acd9597fdea005803dd77e7e5bb54867f7ef9145,137,validation
1,b50d11b5182c2a2d006d1a15c8dfcf7d2bdb6d84e499e56cefabb01c3c733e26,138,training
1,28c36d620bf92a0a886c8bdf6ef2ede337891104fc67e6ecd223091bfbae3847,139,training
1,5a3a00f61a789cc1fbd0a9ab9d1974cdb185f48d9276f61bbaf2ba4b90e168f2,140,training
1,df23cb9626c18f60ec8eac39a12433ccf446a3084398464d5408c22eec18906d,141,training
1,62969a82c75183b4fb2f73fe534bb15ce3e4d5481ba94d4fb8abff864730b3a0,142,training
1,5c1fc0e37a7305a9ff4adc7181de417376c6f37fbc252b06555e7422ff803e45,143,training
1,60570600663bc1bd4db7b2896760beb6f345e979a8bace0a9a98bcbec4e2c189,144,training
1,0ed2cae7f71b1c91f8f3bcaa751e54d25cb7962f5d9184a44ca3e21f67cf077c,145,validation
1,42e9a60d286cd82056dedfea388ceef65b75c2462e8ce6edda0d5e25375c24d8,146,training
1,88f163022d84125e9bbe3d6a3a5a0785cb20ef05aa0a68ca706b4ed8099941b2,147,training
1,06b17a5ab770b415ca75155d272737b2ed3c0e54b9b2a6eb5abff6740940b4b8,148,validation
1,fa02e7f5f90ac65747ed3ce78c0ba96fc1f3d82e8912e4f245fb41154622aaa8,149,training
1,2ba3cecbfd479dcf17c5441357054da4a50230ae9cd8acf789164aaf1e279687,150,training
1,52e17c719933fa7f20ef47b472cf161d2ea5615d3bf154951b17dd2f819e957d,151,validation
1,9a3276b5851129dcf237057c4138d576dda26854f6291f188610199c3f14e62c,152,training
1,e909b91367743b2364da3931128f2392f61146bbe6f2206041c6b4287e3c36b8,153,training
1,5c7bfd253bc26bd100415cc1b406668b51f4c0258f8aded450eccc7302ff949a,154,training
1,1113e2e08caa45e6ac120cffce729d36fabd319910706eab0d2c4d73b00af7dc,155,training
1,0c9fc7228817d69ce705ad02581c09b708507c67b003efddf54fdeb2dc34aec3,156,training
1,6e20ecdf1eb791b74af66d180124f36cd07822ef8e3594761467ebca7f63cf34,157,training
1,a2dd834ca1f316c65a568a1bed02357efa531a93a8935a2ee7231c1be4df8330,158,training
1,ea9e055b55aa70c04a9785147c1f6daadff7261a976a31503147f689e8f5906c,159,training
1,f3cf76cb37ee84e4640e96f6a8ca194b014a8138fb4c8246d06fbceaac43001b,160,training
1,07ed42d0e7ca3f1cfb1bbd21badf7ac9752e36e27513920e38fb3e41fdfd14a7,161,training
1,6365e0b266b16d86590058171c0f6f961d31bcfcb87ff9bfa26bee03aa745505,162,training
1,6a6443305281b5903b8e4205a3e1cfee3fa2162fe4174066aa7c6006bcaf8f28,163,validation
1,81f68a2ebaa5f42f130671eb90ad20293ada5dc319a84b7d647cdbd4164d9a6f,164,training
1,82d0fd34d35e7e369addaaca52c7cd17059cf4925282e3e4fb1206af83af5781,165,training
1,8452702abff2bbc7aa5ec92c348673c25674ecb7fe8c2b3cd1cade005f2e7b44,166,training
1,c443328d892b49be4594d50b01fb2ed77ed65e85bfad98e0ce9e67343fd4fa9b,167,validation
1,81e4ed90b91a6fed56081dcbd61c0049e0296507f95d28792a7a596ca1ef3a55,168,training
1,cb768391fff817242bc96cbc54aece0b4f69aa246da8d2abee5de63581ace334,169,validation
1,22bb25147990ff9c73398593934e269c340318a9fcc55ed42fbe362397d6645f,170,training
1,e1acdbc7045c241258b27de55832a35db2d9ef83a212c1111c6e37e324eab466,171,training
1,7d0986a516b933e5dc5be8d24097858231e4e65add81a0e1387ef44c8080fa9e,172,training
1,2776f7833eb4b2af9dc9092de1b49d855e10f6a4e832c8439a2b086615812e36,173,training
1,13edf2112a9e48c5b8d3df4f1632e811890e10f1b7f9ae35467721bd782b37a1,174,training
1,04fa0723ec76c965d14d1bb7da8da58fc4d9ba26fa48764cff606f9ebde4aa8f,175,training
1,a311a1e63cfc26dc1916b0b6d17c26655b260e437cce407a0a2c1b789aeca164,176,training
1,1cc7157afe1d2d63bcdcbea96ad939e0b320e47edb864aac2bca0a93fd90cca1,177,training
1,cbaace7a54a88283ca5a98ae45fd91358692bd435ab1d0e954a578ec0af9f78b,178,training
1,3af19cfc5415b9e42a421f324756e6aea7884866b98826c49a48c9978bc7cb52,179,validation
1,0e70f2f702b9f6d4bee7aa0557fceb958346ade8ebd6995ccc13c323c0d9d3ea,180,training
1,442a500553652744747929c12fe5fb8a26b6000ca55c3f511d764661ac654ffb,181,training
1,1b3bf8c96ce818e5bd273b98c0c873a98ce850daa7e2682690f26f7745c462df,182,validation
1,4b83111627c861f2d2029954db267c2026b9208b5002ffeb57684629888351af,183,training
1,e66f92035b103bad72989bd6315970d90152cb299355032eaf8ade19eb9582a4,184,validation
1,267a2dc3e56e00502aacf5df501533ee68ecf5c99af62bf678907d5266adf927,185,training
1,f4c72eff8e2a6566ae934379e7df87907c132f441585ae8314190732feaca954,186,training
1,dd52a024fdab0cc1e1e493d53466cd05b0e0acf922793e7a8f44deb63a2b6aea,187,training
1,034523c919fd5014eab79885ee1a6981f3f446fd6aa8524318abc5d76b9dd7ec,188,training
1,2001e65ea1e4ad24a280903f26acd79e69757eee60c1d547d7896366806b57eb,189,validation
1,5777935724d78b0fff55f7279d33b96d36c05a0a51f4ef4d1d3a66fe27695f26,190,validation
1,cf5872e616950ea6af14b059ead0a6db651378a0ca6364ce7026d763c7ed9f2a,191,training
1,4ace02aebb8ce1c9470edf25027e174479d560f25acace5b2f0976c6b61a7413,192,training
1,a3cbf06ed4229862e0b9094684d0ee101beb71785624ffb4ef96244f59f22a5b,193,training
1,c26499f9aba372ca00f7f9a3b04652fe669d429870dbc8650eeaac87ae656944,194,training
1,1eb22604b47cb2dc59f5aeccb48d6132fba30d5cb53ea0bb70eceff2ae9d7859,195,training
1,9391fae767594dfe1973299104da43fe92ebbeea960ae13721b61d8e69192738,196,validation
1,7de9e906fdd297fc5249b689f421af480a7174039f5f7f0268cf017e866a6743,197,training
1,9dba7e40553c05cdad76c925416b15fca9fa6ded7a4c84739711c69ed40b50a8,198,validation
1,31f54d739bf92751bf61dc67b92f7475b77486ad4e6ee582a8d81e14c9582be0,199,training
1,a3e452c5a0d298d2174d1615e94d20e587624a9fcc93e64a932ad8d7ebb79a2b,200,training
1,776297964ed19b926ef8843e5a52b3f1f5d85e2d1e5d867075e72fa38369dd73,201,training
1,a3962e7bd6807e2461eafc062e17ef7f8e89c8bc709d436a9bed10d6d99bd13d,202,training
1,686453d6cb23efd3d9d3931bc6b55d0e16f22bcdfe8f7b016618b3768adf225d,203,training
1,814227863224d4dc18d84cdc0b8477d44730eccb9fce8042e76e5fda85927f3d,204,training
1,3076a662ff192433ff239661fbafee50905771fa652abe06092eefdbc830e8a1,205,training
1,91a8e809d470eab4315be8cc0e45996e3854024daa5ac8aecd15e48703ba6854,206,training
1,108f2bef7d6ee5bea514cb276d530b34a926ff8f5e2dcdedc3b646ecb98d5c3f,207,training
1,ebd75b4919361eeeaea7f8b0653a936e09dc2fef5b383231136a7f8f23088acf,208,training
1,0c37cc02681a67802ec08ca37b98e91340c561c6b15f89e4dc78f9c190cea336,209,validation
1,b74538c923bcdc3427dea0127fdafb9018a751c59ce7b2163c217447f9923b34,210,validation
1,499c75b10b9077ae19fe869bfae120482f59be4090e861195e9dbf3260905d6f,211,training
1,331a3a422c5b4b07079d5a6968dfbcea7ab7c620ae34afea93fec2dc3cec025e,212,training
1,09452f0aedf80b345172a5c3308b1c755c95055072860161a9912b938370e94b,213,training
1,29a64941fdcb773afe025f75abe445c6ba486c688f6955dac863af998214137a,214,validation
1,513553ac52be0f9fac076f81352c28edcfe1f3f79e4c1cb0bbd8fc1d5eb89b2a,215,training
1,d2955d5fbfea92b028e70d97e1852734e83e3cf40137828779bcbbf451003692,216,validation
1,c3b1fe345047cfbbdee3ae13049ee12e7598dde5215f05129f65afeb4d76143e,217,training
1,6c1a473e31712a5294af5d35266a52efc408df49d2385a30d06d3c941487610e,218,training
1,83cc313ad0bbba3aeadc98eed127c38ee8d8cba0348039c6141d5dddc848208c,219,validation
1,4b1bc0b4764bdfa03eed41b64ea59f87e4794eb362cb54aab5b75f40d5985be8,220,training
1,583893c8ec8f8bd041175d76fb16d800a381ff844e6e5fa640d8511f995d81d2,221,training
1,de3da07229efcf8fc1693f2e33def4a0d452da89f5a9c3f35f57a4dd009ebb50,222,training
1,9ab51ee4ae056368056b29f27275b40d4d51a90ac91c27d4c7b6cfa7fac7000a,223,training
1,fc0a5ca3b902b34a4c88d34367cdf22f837e48b29bfb764d7c93d71c8b392ba0,224,training
1,218c9079ba2dc81087a2eeabcd398a8aaf9fddc46d88c2911a00cf4e5ad9a12e,225,validation
1,1ca9c5a67891a8c2e00d39dcf4ed8c5d24179e75f19a3bc279705f4110fe1713,226,training
1,2de57c32c3327ec8ab34622d53848d7f5f6890624acc88d512ad096cf08f4643,227,training
1,b8a6c11e8bbd7d895a8bb61aa36c74c74cad0b25c31f14e34fb1376b8c51002c,228,training
1,901f4e4dd8d58b0ac7744b7b6dd3469069c52d77ab90707de24609d94e46faf0,229,training
1,3f44b4f79e0584f9f3271035ea66f07c48b9219bb50e8e270992838d0712a6e8,230,training
1,2581d8ac8684118e109e04b6b38619afcb01fad56e9cd1452c72f1c1b5bd9ed6,231,training
1,f5b752db2370134645811c0d99784659e1a1e4057bed82bcbf34eb97879d9ea2,232,training
1,c7842efb1b1074c2fbf2523b3db47d3a81397cc4fcc703d66315ab5e000d83fc,233,training
1,2ede9510f1300fb4ee096d8000a2011a0aa0f07c7abff71b8524b4bc6efc19e3,234,validation
1,bff9d4b64a8a8dd89631fb661fc89891bff1a703169c6dd989f5c8d1d3f18ab5,235,validation
1,c0ddec6aa2830fdef869b8fe5d3a15f3df15742e9f1c8b4b566f28fad6399327,236,training
1,4b8e8058eff97cf33ab2850b9b45f62a4d9a37adf99ae8727cb1a1e844c133d7,237,validation
1,3dfb707d2c19487459e8722e389adad72f12603303c62acf98acc9fc28e0978c,238,validation
1,5033cc92fce7028b1ae588fd3322d736543fb26b0c2c486bce1d9548b8901f40,239,validation
1,404cd84e868e27777c58f0f52abbbf9d8c2818940abd56f22b6e97e6d480ed03,240,training
1,94f989f88724d98a5f51c56033778b4321c272ceabbb644eaf4b49e2cb515f46,241,validation
1,f1f14cacdbf6ee9718beee33916d64a8cd6b1d25a6b5b50ac226d41ae636b294,242,training
1,e95e91c914f684dc84b91d5e50ce35ca37a3ce8fbcd0a17bd6494c07f27f3088,243,training
1,b7081ebdb8b0320246cc3e8d422dbfc2eeb2476b04cd8e9186eb88680572c18d,244,training
1,d975b1a6956dbbda12077f269ea9545f92911e30453fa62a1bcc795aa95f1d6a,245,validation
1,012e661801d3e9136308f55c235a80ca7ecb42326f4f0abf3d366b89a2c5bfe0,246,validation
1,81cfd59f9f9227d329f4231317f64ab256808817e09d3934d6e400bd9f881f9d,247,validation
1,3b4fdda69bb610d7dfa90871875df47543621c9e113da0fc567926ca7fd5ce83,248,training
1,0dcc190559eb73840822b26ede0d59ec6566cd39a3404239140b6f005e6b406a,249,training
1,97a3ff432abf415f700be12fce4ec52a026fffa985c6f3f3c0898717525532af,250,training
1,3b4a3273f7865aed879edfdd62e88efa2b0f45c3618f17b73d518cca709717e7,251,training
1,0cf406735c733d770bfc2edabc6bb8d4d4284aca767ed477a1ffcf6f4a4eed53,252,training
1,b57729958d6a581507ecdeabb350f30be37c1b57f2e555fb916cb1160371f353,253,training
1,15079ee750f6e0725d832e8fd841716bb712ff7125ca3500d74a710709d4104a,254,training
1,1c301a3f9cf99dae78d1047f998ee8a2a7de80ba965ba0e2f16eb2252786b499,255,training
1,f1e3038507d94046f6fccc77da81d569aa2feacf157e4df6600f2d6026c6404c,256,training
1,60209da6f122a7910d1bee939b4b6605673cd17d47233e1c8f3f04d906a22de1,257,training
1,1f733f79d5b97c594214555a8dc4417770ebda163537a2d0b967ee64d67af67b,258,training
1,081623c1f36446bdf5b2a38bf2648c924e53bbb936944b5f86dbbc822c21515a,259,training
1,6b235b225d0e79b7d09773a23e04b813791e8fa87c0350b787f68aabd68f7607,260,training
1,a445320ac5176432517030108ccf6775adb4128e470f17262f939240e3964fd5,261,validation
1,cf915f9028b0cd60621121a9f2702a04110ad8a01afcd80bc979bab60606751e,262,training
1,b09c878a1e4e3389bcd40729ce15a40c4c44afdcb46df981fa1b18e349fd58d9,263,training
1,8d7aa8d1ef23cb3c768666e0249021dfb608bd701fdf3b5f0c1d14811aa1e11b,264,training
1,ba36da28c7369718b7a277a933ce83bfc974b8f34cdefc6b5328b5b483836496,265,training
1,1fdf7f14f51b5f0efb4ebacb80ac3bc93af4149eb524681e0616fd5fb425caf5,266,training
1,c8ae870c03631a714c05b8b2013c517dffee6c66384ae60a668a4b946cd5f5ad,267,training
1,74b93d0432aa0d9968bfae4c69fa85d99e3d7c69963e0fd8ce63eeea422cfd6b,268,training
1,1ee7076b8a08a749cf24a74780cd25384ae1784d1066547cfe4a6197f28e0829,269,validation
1,02f99674c0a8a0a97dc6e2bd78d1701a3abc8806218418247cc1a2c857487d0b,270,training
1,46c1891b65370fb1f094a964e0f3b6fdcff01d610086dff1fdd334219330a2c7,271,training
1,06d91934107a3a46b54e5a37c3b6593f4e3399dfada482b69c103bc98fd82c85,272,training
1,baa9f7616f5344629e3ac8a213d3e4cf695b7007f7f657421e9d2fe4b12f26eb,273,training
1,41ff5e9d1f99d562ac5d2dfbeeed710a240bbbf91ed06d4d5694e27dbee3e538,274,validation
1,c8ccc276374416744d80bbf53bbb4f81cb2a7291d6a55ef15aaa323aa04640e5,275,validation
1,78380a95e21deaf2b46b31481c1f12ed5a77876708543c4767186a412342035d,276,training
1,3ad0938b23e4bdacf447a79ae210d24a3e28908a988f78929252b406b7d4c907,277,training
1,754a8ffda23b38d0141e413c8f89ceafa8c38bb715bb690e206d6f51fe14ff6d,278,training
1,62fd8f59b62ca304eee3f59d3599584413f0a65bea18789826e79509201ec5b3,279,training
1,577a27ec4e43f00fa6ab3b5dd585cd1ca3291de11ca8e38868626346a28282ac,280,training
1,e160ce48a457a6a608bb92ea94007344775b2d40cd081524f0c02bb787756d97,281,training
1,fc65b57b0786c4143a7e10be628a3de41a0827712275969c4d7108692cc07ff0,282,validation
1,32b53eab9c0159321d7cc76089ecebabc13bdd96720b764e4deb823e587fd945,283,training
1,5f12f46f00fe300bda6abf10621b95b4c54c3d33677d534428cdf60cd91fc007,284,training
1,27664e935b22496c63d8b694672ede8f6e8d509a44091b3b5b4c0f46f3bf833d,285,training
1,b0f6251609f6cad9e9687e6e460fa1c3e6eafcc996fa8720aab342c026021398,286,training
1,60f4d38270993f2f3acb2a6c6386b6cdf1b5b8594004f054f2b5f735b419eda8,287,training
1,bd79ce085eb96a985dc70125a14f1770246c1a921c4e549ae0d03862324f6d90,288,training
1,b1431c08c15a6ae4cf028f90e828707d8852a640209ebb24ed21dd3cfa1302a4,289,training
1,cc7fbce6186fc2d8625a541586a0fc0ae9aceed7beb15619f22393c31367283a,290,training
1,be1bdd4e5607debed71bc0eee5dc712238ac13076521136708f6fd33a42fd180,291,training
1,d246af8139f7a8fdbeb8a4ed376df1e425d2e3e688d95b9d25ef754494a04574,292,training
1,b6320af3d1968f08c2e24976c4009c29200ea3d3ce0ac72c97335f4b9a72cbc3,293,training
1,ba6ce633dbddefcfef8911a23848f62dfc8408db8637cd8602bee301ffc69707,294,validation
1,eb64f13020d2384d1c830160f9773a9ecef34d8014340558f90e814b4b31cb7d,295,validation
1,7f56741ac2bdb893d69f9a97615c01c3ffec9b9039e9033cc5e8b3ba0bde5429,296,training
1,03023baa81db835d8927492ac54cd183f726d1fbf1a491b29d98fc45102bf239,297,training
1,416dcdb6399b375fd7ba688f946b0ebf9aeb79e1c721098c95f56675c192c547,298,training
1,3187eeb335685c25ce444b4fb97a5afe69ae3c16d5914cc308ecda421ac823db,299,training
1,922ed02c7fa087f96fd0820236668e26329f1e1f7b51e390dfdb48cd7b6eb7b2,300,training
1,be0a818aa4b5216eafed0b9d903fb58e2c2843431a8ff0c1e133fc1df3fa0bca,301,training
1,71e1b341eff967569e9e3cfc9a2811cd14fd2364e01c86ec4c8a428e51656649,302,validation
1,27b00f9a67dd2cf058e55498577304489a12bb3d8c978c53b95d301c76f9b585,303,training
1,2697b0c6ce55e5ee444e31ff0b68765d4ebf892b9f13ce87229842b7d6c5a4f5,304,training
1,a9fff780ec3039b03a6022a9c39ce7d58ec22ca9b446139deab032922b802190,305,training
1,16745acd3dfbe6c059b50011e11c8111286145a443af7ec41f4c37b0329ad69a,306,training
1,a64c3bbffae9214f33e723830e1025b55bf8bcbb519a00c9f449d53b690e33f7,307,validation
1,342ca47c7190e2f702f0ee2bd540c147af333fa0f92c12fd360ae5d9138f8ea2,308,training
1,e4a038895bcc2288a859a5f0e3dbd855d2cf1cdb62cd01b6226b59de931a9a37,309,training
1,73c26cff3d3cf89b93b44b6ef28d32d8829e6ef44b9aadf65b2723a59dad6bfe,310,training
1,6e0025cc262199488250a20bc0eaf269b0bb89f2429dfc129ff493bb9b3ffd2e,311,training
1,de83fd977dc820f388943f3317498c15e416b64e3b6fca7475eee36fe171bcfe,312,training
1,21dcafc929697a0aefe746744deee1d2bb84bee259f5ee69f77fbe0547a12dbb,313,training
1,af5bff77db858f1c01a3dc1d1b082e073500fb057c9f34c3bf1e0f33756b9170,314,validation
1,8271afa1d71e815f359d63502f51547e193067c75ebe136f6326cfb6526be627,315,training
1,387dfe502204dd8f7be98760943e412fbbd75371e2f479fb63c211d42f636b7d,316,training
1,32a24d5174888e26df4d436b60eae2cf826efadd3582b549c9fd5fff04d70898,317,training
1,a1ac2e8dacb086bd26dc463de5562a03f780bb84c0dd8e41cd702ccd0816ac62,318,training
1,e22da9c88f1fa94768834e5ae49d13d6d5e54a1a520aad4aae1f8462b98a8d6c,319,training
1,ee14604de351ad315914ce80e34d050967e8c6d37e6217544f92a5187bde6f01,320,training
1,0d413e386012b612e422fb4d90a53f02ed24dc8afb7eca4b1a2e8642514950cf,321,training
1,73417bb2fe67036a39188af6ebf82df88c6d9160a12709e1bda3bb2fce0ffd7e,322,training
1,3a7e99957b8560f0441b1dd56def5b813f07988c8512b74e62550cd6063156a0,323,training
1,24e38c486ba4c86f930f9cbdb62af9ab982d062429522a4a37a4b8720cf7f94c,324,training
1,6b877fbbf7f8c5846ce2152c760e839627392a6a662fb0e95ef4d52363b976c4,325,training
1,816ac6cb84acd20fc22ac34ed4a557d6aa38c2cbebfda696abea4a1a2b3cf11d,326,training
1,c9110639bdd9c2f552fb843c5819a06603af6e0fbfe73aec1c9e4b1c760eac71,327,training
1,f9619a6eb1e553497a5c419584afb6b22bb329f6030b34075e77af374fb30226,328,training
1,fadfed4967bf48803a38d68b8721b3a1f01aa2ddcc2d22678fb5043ca34f750d,329,training
1,873831eaddef87b8d81e51d4214499ba63a35c92e908a4c75f0016e16034ecfd,330,validation
1,5a5684c1404c930d5e1889c7a2553eb8c3b166bcfb9446531a5a9d16df3ed6f9,331,training
1,a2b22c40bad7693cf5e8897c838297ff7d23ee520e0f171f0794d99bf1c8cf32,332,training
1,21e3a00b8bdebf026bbff9dd689f89c91ac6b5e5c33589b48b8a1f11b058e79b,333,training
1,bdbc187b3cc024387fd3067bdc69cc1b23ae96f5f91a794809a68960dd1b1e6f,334,training
1,7d7b796a828c7a1f902388468c1557494aa42ce6ddde6646690c67f925a1fe13,335,training
1,8f4c3b45bbd0a1ac5c4e534222f904ff9c0d2daddf353328529619678fdeb804,336,training
1,cafed5e2f422f8985c6730848adfde845c6d956e51998e83a966f47d2bf23630,337,training
1,d97b213b2137cdf8ea6a23eafed1b81da47024e76cc54cacb7da0852c7ef9bab,338,validation
1,84a63d9401b4c0f6a53689a562956b7a5c3c85e906fc02453fb9191d813f9ad9,339,training
1,48f77eaa5b0bcdf81eaddf0f3f3ea509dc238ccff8f5d3bbb7709513a93fd03b,340,training
1,5d90f8cc9667033d9e80fda73101a31f82b378d4f3ecd5492092e22e24c4ec90,341,training
1,261de4cf44dbe5860d4ce2498aef4cf8d2d28463315b0daf81d4ea48514a82c1,342,training
1,2bbdf9abc3596210dd47abf1722857fe066b42a656470d32c282943ef08f4c28,343,training
1,9fa2efd000f69a3901d705c9ada338c090b85712ca6ed8962f21199013cbd107,344,training
1,5f106e0ca5693f60cf31d4d19651ab54d5160efe750f0be498a57ba50b3c3e0e,345,training
1,bb105702bd3cea6785363f5fca1ef4d42c0de2320946186d5b786564ee20e751,346,training
1,33e7557c8d3a33c19f4bffdb622706d18fe81d6577b49e3d3ca2866d41b209b7,347,training
1,25ffa09c135a91e1cad441031a06666e0fe214ee1864d0a3d7caf447d3dbab07,348,training
1,0b020c0bb37bf31c620160b59e31fa4d1586bb23cc68355e0c91d084dc7db4d1,349,training
1,f31e0c81b8499cb020580315f50deac1deb1b8b9a6725ec0c095cd7e69d6eee8,350,training
1,f2519247e39a590d19b8021bb8d181f6777fb5a5ee80cc394338cd2f1a62d12c,351,training
1,583e3a7ca41bb2688b3db66c0107959b99eb23246ef1a516ec53b373610abd5a,352,training
1,ae3b4eac782bb579fb8406cce484e54cfc97b59519592ffc669bd31ab11f6a4d,353,training
1,a3b6676e30718e4099aaf0ee3aa6f24163e63c800d7cf3f27d5654b0024d4565,354,training
1,136a026d8d90a8f80435363d15d0221e790ba9d9e5047f1c1788dac622ae8fbe,355,validation
1,245f2c14bf30c8fe722e832e10311ee68e27453b0ccf3d3e6e67bef03586d0c5,356,training
1,f9bafea640412baa06714459ecd68878301445378865c3aa5644f450828852c7,357,training
1,3ac3045f7d2b6f1050689421c25f1432ee25b0741b2ecc4306ce1cedd1741c87,358,training
1,67a3959ee3e99959c087d12e501ae8ea4dcef7a327ba58e383d1224fc636e801,359,training
1,1927795d3f3e9026869f59674b8a6ffa8e3847931255f503c1c95a67a863e37c,360,training
1,d97c75bb02ddac181c7cc68e1910e6f59dc8d92478fb9f452accbcae963d883d,361,training
1,b49f4ccbdd424d4fa57071be71e5adbd0584624b21eb9adc9532d964aa5b1a6d,362,training
1,7bfe086addcc9955744d989cc69a9500c6ef83ec26f68d422afd2ec770a78445,363,training
1,aa312b1c58fe881ce73221fc8d67823b415f95b0031cf8001d5114d6cb315eec,364,training
1,b17f48e1bb1c4cd0d0eacae96478b1c24c5e78b7e3f87fd030d0efda4e3d9464,365,validation
1,c6febc90bf6f12b334b7941de17771986dc467e2ab7cebbf2ac54dbfbb50691d,366,training
1,1ea6f1738ddc40461f5413d673eca91e2a35612efe8c4ecb261a886f32b70e3a,367,training
1,534cf96d8abc703771ef4fe5766d36f9eef6bc24cc4484161ff8e02b9b1a861d,368,validation
1,aed7a6cd5069510a617302dad839f83afbad3b5148a316fa74f3d4f4d2632d36,369,validation
1,f5fbf054033d820a5ac59f65faf438618a8d14c44c08e14c48fe9082609f18b4,370,training
1,fce51346f1c2fcdcf006ebb4c489e69cb1f0533f087e1ce3b19a3b3be0f8634e,371,training
1,b444e414531ba4c8c1f939b95cb0f59012cfe13017c682153248e835ab3cad31,372,training
1,0a6a4a2794abfd2c43b99c3f816431d6c9c16e0a5685ca71f81f8f0fa4f5ae29,373,training
1,f33dd8a39ce38ccc3413ce9952fa730b3e7473d25ae20f264859aa9e1bc2fa33,374,validation
1,fd961dc9f80178a53501a40e0c9981ebf2ebc13889ff6a3bb65473d49c725c69,375,training
1,b1832c15bfe32f7d5856c0f0f90b42078f679c16c096418d1cc78d9b1e883844,376,training
1,e561977461dfc9f74d82d008243313df7c8cbc3928d9d42993c7cdb5783fcf1b,377,validation
1,113de51bf780bb498caa2313077d75fed229a9b6b4801f5d4cb0e8758a042396,378,training
1,596c3640490dc140362dcaf61b6853f24d3ced5f5f039c0492ebea0a7e357d0a,379,training
1,e2a5426f193e5def636bb1a42856a4da445f6cbbe81d90fbfd022b0602c6f314,380,training
1,0717507b2c9d96a8e4a32d2a2efe5daca8d6cea0c79ef50197f6d53290614ae8,381,training
1,060f8fb7485bea219beea85ab65a1986bc9478244fd01bae426ff17a11da5235,382,training
1,1f30b6b4f326e652dc3d1c22447a1821f823fb6a0d8737a13ac2e04916ea44ee,383,training
1,5d1e29c418dddfa797ce6868f4f34f2760637e583f0c0f4f94042e19c2ad1398,384,training
1,d2fa49e0cb6f0b4710820c420fcb412293448c30ee2516c2f7c6070e52921d61,385,training
1,f53d848bfb339456dd418365aef5be4fe54291ccd91758506bfe8e7bd5990eb0,386,training
1,5a55af34555b8410da815330aee5432dee2539b0bc58fdbcf9ee2dbb11f5a48d,387,training
1,a9385e0add9519ebd575577d079a722c2d13075f094afe4210133049471676d0,388,training
1,cac795d43ea18d79402815a4d08ff2913205abd4064d93df05d0bd5ff6562066,389,training
1,524b84568602c8828ef250175977340b62383eb8828550de7d946bf0b5abd2cb,390,training
1,1fb6342b15db429efffc7c6720cc1440dd2a02b75f92c12be2d06821ccd9883c,391,training
1,7b11e80f0b9b41d8e1d4a4806ece02157fb0152410d816d65dcf2c46907b9381,392,training
1,68fa8bf2c047b09197f73aae8a7870d448db7914d8926f7658a7772e919e6280,393,training
1,c21ab26862659ddaccbe901ba6f4f78ba77313b9c44439b96db677a91108c4a7,394,training
1,94f903b898f5cac9e01fa4ede461a17ba687a5d8ad594bbe28629de7a84f97f2,395,training
1,af1ad652aefdcb04d7faa5bd70bea502497ca6cf907fcc010831542cd26da41b,396,validation
1,c2389c71dd94e6b23189c6dceeac452fc3b4340dd2b5750d4ea52a759e48e3b2,397,training
1,16bb994124b2bd67584b38e42b90c28b59352e0457ae99783a02abd83555a42f,398,training
1,6a23fc5397d80c4e4251d6334bd98a4ead6c24687bb956c10b915a741b7f9a2b,399,training
1,4ce37c796d41c83dbfb76701e7bd1e3b832bc4d73d4279d9249209a922496da6,400,validation
1,f8f66ed0b77f711c4964acb53722656f342453aaaa17feb978962b72837eea87,401,training
1,ac87f3a065161f4c0a4e8bfe1e65fb0d39c8b109d0ad018951c9b9987952f61b,402,training
1,244c5e12069fff55aadd0121ba80cb7c2f9b45888c06dc0d50f051a0807d4e87,403,training
1,895f51489380065c0bd0aacdd4067a199428f0b0e1b3abb69c391db7ebb5bdc7,404,training
1,68117818c88cdb7f913c70d7cef52c9f1c5ea0a4db9c8e584f4ad6021678295b,405,validation
1,8461bc9810aefde42c17dfd0d3091e50e7de806eaf6a9faffda3e38ea4b0e73a,406,training
1,a3b6652b6551fa5de92030cd6ff0d296416a47073651e175931bb24a9bdafdd9,407,training
1,e1cce8b26b379a3d65e8f6b8d64617517f1621365b09c86bb8405ca591743272,408,training
1,45ff7b8e71174b63325346ff5baa342bdcdeedd4300f505f328564784c2c1762,409,training
1,10abafefd571671d452da6135d2e17b4f542e2b76490680c3e8284b389e2c0c8,410,validation
1,e2d796d2347ffca6fe6b7f88432d5993a2208ab1838ee299b5d7ac5083406aff,411,training
1,a0f67b7f6e7acf81450e43171324225a153c45c937ce76e657f41e2301ab24eb,412,training
1,49efd1d9dc485406e4e414f20445adddafbe7340b5a6db09846680a012a5a8b2,413,training
1,02cf487ebab668fc18a694e1748a3ac0582d1d6205f6f3c76ce249dbdd6f114c,414,validation
1,d00f0e2dcf0c64b4ecb8eded956c1879d9dee669704b270eefc19add2a5b8aab,415,training
1,bc79e5d152aa0f870eebcb94be725448846cd25279f37bc4d788c13d763b86f1,416,training
1,3f8f53db0cf68145aa9a1d48b2811347f39d038ef54d855cf07a12bff6eed324,417,training
1,f6c65b13d966005b8169e16f2351a791487fd5b7ec582e64f62b74c8feea8630,418,training
1,a7bac54cbff0626a71fecc6c5d7e54735b54f606778a85fb57e3d83606bb6cab,419,training
1,f9637d88bf6d422bd4b2e7d5c4165ffeb6c55b49626d0b409c4bd53befefce17,420,validation
1,f04850eaadbd221c8d2df3daa9b26e0f2db69ff0f9d1e7df58780c6a99f97471,421,training
1,fff9edd78af851c33855f449200f5effb7dbc78253697ac7685e1c60d0284d53,422,validation
1,9e0bfa2815beadb2b5f79d862430a04df22f09b6c3be0ee0ebf0553543dde9d5,423,training
1,62db1870548818c51dc9a8b49f1a077b27e5393e0f0aa52a6886e5f1ec69aa68,424,training
1,63075d8c2ba57b683d3eb63f2d90c8a575952c6c8775bd56885c2a4cab35b47a,425,training
1,3c5d1e986d369fb4625a27a864e84f7720befdb4191b5fcdcfbe21f7c9841d01,426,training
1,b2cc2ba501e25f28d916e271a3280204a3f59fc5d713c555ef755607dc245531,427,training
1,2b9c9485596a0f9216289b669d898e6c88b7633a56d8a64fa8d4dfdf87871495,428,training
1,5a4889ef7f025c358270ceacbae2697d0d16ac84f9d17723e73cc8ebf2f4c6d3,429,training
1,3fa3113ec01283533b52bd7a11fd572dcb1957c271b8737108463d2a23978889,430,training
1,e8fa854b732670206c889befce3c40c5920d7bca4284c2a4293ac39cbcd5eba5,431,training
1,cca37990b446eb274afe588027b3f975e6199d0cfb3a5120d4e41ae3e3fdd264,432,training
1,4741661d991fed4ef4d621204905150122fa4fad1410a823343bbebb84503541,433,validation
1,91f40a4ccb093671a76aad6520c275c6d114a1dee0659fc8c692aca17ea6a7ba,434,validation
1,8fd8c1317280ccb7231e3dd13ab7812c18b619510b9d0dce513ba8426a2f7492,435,training
1,2fa1b19c610a0694244f686edf9c163c229707f496aeeb6f3fd25ed47334cfbb,436,training
1,0b8bed68de6684964ad008d1769edb721de8f8683dbc94ed21dc2b029be72538,437,validation
1,3f2c572b3fb69a14a97e9aabe4bf2db9a6b00682def9b39437e0ae94800a2a71,438,validation
1,df44dacab4d088f69477cf32f554089f362b8e635f406d94b7ae9e0fda92a23d,439,training
1,226eceb6dcff48673b863252e73a69c2970c775f892394dafa38355abcf3fd89,440,training
1,485ed246bc74570eb9b473ebfc8ae3b9eba2849015ca0c681fb0fa3b339ab32f,441,training
1,7b71a839e60714acae9a3d9a363c7fedfb6bbfb0ab2d5f28010335a69a0a6c2d,442,validation
1,0c0edf064f219d0c9d60c4fd9b96cf7248adf6bc6312d18d305f968b6752d313,443,training
1,1bde9371e6bf1e7e9dfadfc0ecb9ae2a1d89230bdcf31b48f5baf2cbeea9891b,444,training
1,070c11429f83a572bef65328ebc9142866a8533c62dbc133d36e60203d20f9bb,445,validation
1,13daba891f37de2e60029aca701aa5b37c6a5ce6fd9d4a97c21027e7da8fb5c3,446,validation
1,702e5d063280f1d9050b2d011265ec24a540cf9e9890446b8a9275c9260e118e,447,training
1,d37248a6ed7d9b40b79e17f28a42596ed6263c29c2b0bb5a7e2b60ea700e46d4,448,training
1,d222e2b9e33221b8bcce94b179b7be66c2adfd22d4e005c9beedba69fb142bf5,449,training
1,233a0bccd6507fbad156065cf74cf9bf368d3c0d647a38b1d12f0de07e3951a4,450,training
1,0a9b497001d9b840507190a5bb1a3864a328472514a5b53f6dd6df7edb177f72,451,validation
1,1bde7104af0c542f536e08b89b7b86df71b6b95f777a5207b6d30dcbc84b2b62,452,training
1,8b68f33e8fca7e016cfafd49421ebdef30ac0bae52b2d50d30baef68aca28512,453,training
1,d70401eca066c0636912855f93fbb566238ebf0eccd5270f9d54cceea7e77c2b,454,validation
1,6df45f3a02c6d01a405e3e66225f7c424b143be1c61b4006c2189e7b261cb362,455,training
1,c7bb2a2b077eaa3a3d65b3a2ab18cd3a8460840b9b9c503adf94637583d720a3,456,validation
1,72034c1d12ca301e0ca3962913fd9a43980573fcacaccc588e5812c398123b44,457,validation
1,9d7b03d4c8cd62b8afbbef6905cd5bc436b3f1bfa5be6aaf6f04896af3d9b0c1,458,training
1,a57e28af543eb75c86a23098f04eb03c2e9593208443936401f3c7223e512c39,459,training
1,ea82dbc6686dc66b88c8c4bbaaa0099d74a3652ddbb615a880af6d5c77d8c43e,460,training
1,4e14bc232bec9119fce777b2d2834ad982059e2b06c725e9ba9a2ab44f62cb22,461,training
1,4a224668a85c17e8b4c7410a8fd31a7ee7d501a4564d979f848134175f9ae51a,462,training
1,9666e2944f34f83dfc158db9ae20a9f805f3ca945de5894758a3eec3913dd1cc,463,training
1,c1effc18ab36c95640f4a6674636657cd45f44a634e73d59a9b07c9b80d3b690,464,training
1,d0f1918ccd994806f8bdfe53787462c83ed770345f07e19fee61759926683fa0,465,training
1,61417240e0e1ef33f3c299ad4cf6ac6c0e7e08007cb9a2190bb60e205f42b7e4,466,training
1,418974853c8f8d4c8664279cfb2edc0ea8786a3d0d07d0c96a389288c3e3f149,467,training
1,73096c3e1948b6933be7b0f9b96ee6c8dcd9d97c41f8f2d8976c4f6f67076239,468,training
1,0d6355857cb07bdb046dab238a12c93a77f7a480440abdf46f19925696f9afd7,469,training
1,8ebc27ff87d6fdf95c131853d0468fe2741bf80b32371bed0c6d2ac373eafb6d,470,training
1,a3150d2793c3d6ecd87c6eeaaabe064f23084a152750ff5f7a0935ca5242c9ba,471,training
1,a74e7d9b77508736e7f0735084e65e659c097f3aef4fa3c94ba63b4d8e59b903,472,training
1,b6919a9a067f9cb93e332b373b835c8c087ee56db9d80f6ffe1a9490c6a39efb,473,training
1,e8f4cf6f40adde8c2d0df6d41f8912c35da8ba6996ecd2cbcba436c8113eecef,474,validation
1,45c4c8dedb7a75b501e7cf1bf021dfd47a1e141cc17ac8a0f5b8b0d4cd5edbd8,475,validation
1,f908ea637463b3e46aaa3b9f6c46a5ffd12fcc50ecd5c0ac6cec16be150d3120,476,training
1,98cd6a4763a671b10310e9f8352b0db000b2fdbe91d5f91da76530aae848d542,477,training
1,98f3db0a1babd40bb03b91512d2f544e59f80d5265fbc94d6b74b5895f521c0a,478,training
1,f813dd1839b5b92da7331c0a183b88e3cb22b64243b525f72af08156e8b30e67,479,training
1,9269872a851d5a3c392ddfd08771c3d99ca5b4118ee2796c8b56e1d9eb5ba6d2,480,training
1,e6cdbb3d82107b1300bab50e07e6c4e6f12e13ef0fee00d2dd00fe89b1635d0c,481,validation
1,f045f78b6a84de16ef05d5b2e6caf0646698492965f572e63ca65aa24ba3354c,482,training
1,bb901e0e8e8141cd7ee04e249040daec4453581aa71b757118bb39eaa07c306a,483,training
1,734b4ce5e94aa4f8b18872d9b9a725b7a595adc8d5074720e41b8a4a3b0292f4,484,training
1,1d6a79ab88b799bd09f6dd210dcb085bb0120d05d3469262214cefb6a8890270,485,training
1,cf303fc38596c8c20e646fbfe5eb344e39f23fe124526c90797515f862bbe8ef,486,training
1,c23c1e774c33442238f1c9e4c2191c3dc38c411d9adfd22f47844470663b05b8,487,training
1,632a366873f723c23c6986821eba3bfa147fc09afac6d6a04c69d19b7f3acf96,488,training
1,18665516c0fbec5c5af1da48c972fc28fa9ed39d27077d36625399bc50185dbf,489,training
1,c908abde794f2138f171c716358ed9f1f451c9f34067f402ab0a14d3b9673551,490,training
1,ad988c721aaa3b6402ba65760b568ce6d9b5b729d462bf4d698a7a2aa241b2f9,491,training
1,0c7f00ae9c41ab4b6e8a1f3004f510dba8baa148a2e38c0372a1eb0302129cf4,492,validation
1,3f9ab188bdf19591257f576e5e72582b05a21ce862064cd61142ff2c5a7f9363,493,training
1,143eea3a4f4fb4b41e8f45047b9fde488f70123b9244bab051c952e30c25d3f9,494,training
1,cdd42e83351c0054505b2acd85dd8d11facdaa81545e2be8e5496e6cf337102c,495,training
1,426745f05d12f8f1e2b85ef4c0a15f08f6314d9d83879eaa361243831dcb17fa,496,training
1,269fd49c725e3f0f95e9d670ce65ad5e66e355cbd1d96eeec4cacfd0dc536f1a,497,training
1,e9fa8cf5c9b7df4f83d520a8f8e5bf693f023a68a2c2a894f6ee77ed97231610,498,validation
1,4bd9b7e62d684c5f7bf029a93a3ca3ffde4109fc62f9d8a51efd109aa8a0d6ad,499,training
1,0fb3e5a7e813e377aaf730b2d31a5905508d1bdef23691cb44a1dc899cbbe868,500,training
1,35b3e5c920761bec76704598368d21edd6b568378bc0afe69cff2438018a363b,501,training
1,cf2817cf119ee274a5c37047072e3f29b71e5271f8051eb44b3bf3a74e1d8a75,502,training
1,a1e2e152021a489adeae45819be46114833045acaa1f3b9bbc366737830bf0d5,503,training
1,a9a6c502db32c02c1e0bfc51e750964d8c2698d842466f683295791c4c09f31b,504,validation
1,4e648ff5b45a3d3c30b685342d25a31d43e5541cd3b098b20b11dcbc08849f46,505,training
1,5ac274097732cefdae302a0dc9bf23cb7ee90811fd28c945c1c05c87975520be,506,training
1,e7b602a86bf66214dfdc1d178aae5d7b1b7d065c976f92db5a40bc4b1211ef9d,507,training
1,74a88a3fd022d27aa92714185b76c4c0dfe9c02573f816601c3b2bfe40771e38,508,training
1,c6174c54ac8ad48052700f587918e0a94ff3aa8780b2fb97b045d19b686a1cdb,509,training
1,130652d753b2db306f02d0dbedecf98bab010b72c17a618f975701065b7cd820,510,training
1,b170dc881ab0631c458e1b954c8781cafa0c0b79683dc720683974a35620d050,511,training
1,1b996d3d5614491ea2b7bed8730d1fa0c2ebc9c8a67e2287bf990e63fb158ce5,512,validation
1,be3283733fd6dfa6ece53a7423dd9914e4a4fc7b5bb6861d4b382a05e1c3f1fd,513,validation
1,6a8e25d29f941d51648f8f14f304b1fc5e47846ef48e2cb938faad46f5913e87,514,training
1,f6c7649812fa1df1df5bdaa4d46c0aec07990b51fd6250f503e9fa826cdb3894,515,training
1,92a0fd3f221b63412232f2333d7f671f3e3d904ff6bf879ad8ceedf71c3d6a2f,516,training
1,152b66f43daf80fc49b6cc4bd87d68fca365a093260bf20d6d6720984839755e,517,training
1,d172d182ea8f6e56eb0853c00953f65ff4293ec2fb9eb521af3243304cc33751,518,training
1,f9adbc29f9cf48b411baadb2fae94be8a6db966c9a3ee5292c4f920d024441ae,519,training
1,1522efc13352e46a4f05ccd8bfcebb2b59f4ea3552c1d23e56e51f90fb0f391f,520,training
1,9281ef49fc0fde11901b470cbec788b49825ff4a1cc793222ec8a4ac6001f3e7,521,validation
1,0debe1b023ff04bca66d73e75eceaf23c53e29c23e7681938cb85fe5240fa713,522,training
1,4dd5056a7f36b53d2333716066f60aed9efbc50fb1e2f287a7498c1528ad4fa1,523,training
1,93be6149edf2b61ce8c0aa99663c7d95e8c8b888f5e4462680f7c7de49866d7f,524,training
1,2f83168a5b306a0de7ae2eded845de97d1b44d7e2b2883a99df10dab6d0afe76,525,training
1,8eec9f83275237d002f9464c4705a3853d9a1fcda0da652f8db811a0992593ed,526,validation
1,eb35b3464e39ab3641e229c03ad8290416abc1c5f7a358ad268ffb33fa2605f7,527,training
1,410ff3302064f58515bc1810637cb2f04878dbe91075fcb229a2f44e51278747,528,training
1,4f82f5e952284fc40284c115b915e1287b053791f6202b0da2a643e3710bdb20,529,training
1,e93079dc2efa06326d29b778d69e9bafb7d590310e833d4f35119b7a324b2f57,530,training
1,1d7978a4ac9b0c2d5ae362cb08cb49e79381131b4bf822487e7610efa651b58a,531,validation
1,6df2c9af614dec485d9537f85e238c068a5532f568bdbbeda8cf2d048af37c90,532,training
1,a6abd6db977e3eb0a2d8cf622d3527d2d7971c5c7ce9d81d1fc259379862d434,533,training
1,e4640a0e144d92fbca499602284126b8ba533c052c1d6e242200a67fa6f31e0d,534,validation
1,7ab6ac8459265c8e22069a8c201d8fd98aa0439b1b3f491cc01e23ba5c77e3f4,535,training
1,a506c13a57537280137e40268b24230aaad1c0c0a8262b6a1eeca496da8cfe7b,536,training
1,5378ae1f335b1cf1bd58def7d943e2acf4f1379ca604bf97a008d6d8a52f6478,537,training
1,d074a5bc7386a8bf6a7cd2470f401573ed890b256c09cab61ecbac1fba701e07,538,training
1,6a5ecdb7667586aff40c22796ae43fa6956de2f712c7d96b4a8e5babbf8a03ca,539,training
1,b54932f22181208718029aae74dd43e786412d027b7a39e1ceb1d24337cf26fa,540,training
1,ce65346906f03beb07174188ab253eeb2af0926a0d6793071caa8970c0c482f3,541,training
1,f36a59dc423840c1b63a306ad4498cec5e8a41931481d132e1f758e1a253d73a,542,training
1,8b6c5b630e7c8159d2793046620d64eaef00d2d762c9bb03bc4874a68865f396,543,training
1,31ec8955b88e760ebe7c53965dbeb3618ffbcdf87f2569f4ea1fd99f8d61fd70,544,training
1,b12574f12f6c9bd691bb99a3ca4bd93350627c09354694e897fa2a2d9ec12c25,545,training
1,01baad5329470083da86fbb74653826e648ece9b44aa417b0f4671cb89078779,546,training
1,212cf3b4120df51d3aa1e8f9413c7cd4c5f8d7fb30e1c3ce4db1c0db958b2e9e,547,training
1,2d9a6b27609cd351c79c8990ccc6be28ae056e28abd7d84708337bbb6cb26f96,548,training
1,e28cc44f0199b0081fd7e2901a5a5a0f2defe6120c401308fead4deded9c271e,549,training
1,d640224cef053cee671a0e2152d0b06892f795347c9d28860a2e360694c010d8,550,training
1,3403227183c0e80d149bb920ecd7f3abb96127c24512cb030282685e7d4a6312,551,training
1,0384375885996c4487a9e4763a0981f3c487fe83c78da470f3a29a7490f5cbea,552,training
1,30206796baf2bbba2b26e26b7799763540c67a0958207339271719b6d958729d,553,validation
1,01344efd39eccdf9962abd45013e6e011a1967d154ee291361ab0fd89587bf32,554,training
1,49ef200da6b62aa312085e457f57cd8e0785b917678c3cff2b4fd608f0f87deb,555,training
1,25c39a43bbdfba1cf402c5d8e98d92b032e8a9097cf6e03ad50a2e382626503e,556,training
1,05b9a5a1eab9486dc16bd81f7d581dac792b68fe919d2c1448bc2ff6add6ac9b,557,training
1,06cfab8ef3bb4ca6e5ee188d3e79305870d7224218d8bb7fa01d44fb6c7e2be3,558,training
1,6da48b376fcef82415759632f54a55929f324c7be9f9cdd669be0ba96cd2064f,559,training
1,ef623c9bf8bd33343eb84251972689385e8cb54a62287ab18d5cae16d953f44a,560,training
1,4fbbf65ed43b7dd124728b226f9e8df7046a807af2fdd8e0f4fa42a3850d4129,561,training
1,b6a3bc61a43ee4737d1f8efb664510e59ee68ade0b16be9dedec6f45b218a979,562,training
1,c07c1fb8a1a03cef3303e7601e6e78939c3f1358d87f02f0b2dc119237b514aa,563,training
1,b6abf821b0f8ee505b978450e2122d0bbd75cabf0b8b111e96cf7fe53e452397,564,training
1,48e9ec2704adc2f51afde65f2b929dc26a86c26b495493beffb522fb459bd67c,565,training
1,4b72bf4b6108cd6290c52b2e76bcd576aeaea80a770448865c554edcada8bfb2,566,training
1,70ef5b4603c5cbf481cbf804195023d7bc3c94eb6f37c2a686192beee707a793,567,training
1,87a027831578471d1b4b34aa985e1f223fd16bcbcba37d3d508f884502ce609a,568,validation
1,bb0e5ee8c1ab91c5db3ca7e689720b538ec9b69983bfd7e77a84c536418e55f9,569,training
1,d5fd4389d8d62d359193e21c1346fa2651f8754aeaf3e2eb3fb5fae807777beb,570,training
1,4c3e2340bf48822885881d1e9cd0ba3d16a65ea37e85ccf26c8b4ca2329cf38c,571,training
1,7aae0a5dba9cd47b67db8505c11b5ed1e5d16556cb6507e11c4115585471d56c,572,validation
1,7851c489c26a7d198cd6e6ff04dac8854232db2630a318161e6065d21bedb69f,573,training
1,40664d9a64797636bdc7d7c859d3de095f4c08068a9f837edeba9cc75fe91774,574,training
1,3058b08ce5666e05408a955c78924c2401ebb74ac88dec306896499d0db7dc48,575,training
1,365c2b19b5c0ba3dcb31c41e37c51f4340b2d0fa425c7371804389f7ad354dbb,576,training
1,774634ac15e60ae85ad4349eb4ae57efe1d4815352869b532836dbedc133db27,577,validation
1,fdfa32494ebcb1f06349373590b7b8e9cb95ee340a5d17ca413a476a42a81ec4,578,training
1,9d1fd982f7732c1080a1a2ebf5eae474e89bf20fe4201fa42318492d9b481a4a,579,training
1,9ddde0ed6372fb17930498ac4d68626c54e62cca9873ee447c1a8b24ba8f6fd6,580,training
1,ee745fdb41b63f2b2d51a2c5e348da8a139e22dbf00875caf5b5a000bc207568,581,training
1,7667a4d8abff3ed5b6392f47ec6bbee8180c6d63fa738a76f8212af3f4668f40,582,training
1,8286616f3958751ea2f8b80b6114a46dd3bf79ef9e02887d968b8a21b4eab985,583,training
1,91d3353a67b1858ac35e5fd4020cf8f874c40cb8beacb0e6ce3deeb766ca8056,584,training
1,cb500ef6dc2002ab14a564ce7241d69ccc4745065314b53be0225fd24ebc84cf,585,validation
1,cf3f6aa025f26cd37b7c553de7fd61415a24400bee646cbc0ba68e2ad23f60c1,586,training
1,c792ae375cb0e3f774ee739562112837299bc7c2ea6df0e1ce1a48d2926acc69,587,training
1,6ec697320ada94cb608e15a3affac7134e899eb3d6af626317e3c632d713c235,588,training
1,88c2f82ff851474aa90909043fdfd450eb9775ccdc6eed29c95cc76c864fed4e,589,validation
1,5f18aa0571a345e2c8a620182df3a532f41509cb7532d7bd1b576b369e2e5112,590,training
1,fceff990550295b2c0777f832349adfc74008df58fefe744991b28aabf1e8329,591,training
1,893f2edec31836aff8d256b01eed9d520522452f644250de7ff7e16156076d16,592,training
1,ae71c8739000871df2cdfd5c14d55605f611579d8bbe74b7c3c0c182daf94fe3,593,training
1,5ff34be775d91c0a9027276882001e7ae49d3e72eb9ddf30f80e5de81d528576,594,training
1,97517e144ff02c16a867da575f511ef01b77922e1b9db7f681a8572be46b2ebf,595,training
1,dc91c2f9bf90c5acaf0779831cefc857464f5ad39952a36a43292d29599e0dac,596,training
1,1e87033f538ba795b4d0d314ef8690fa58d8bd12474bfa25fc9659cf092010e8,597,training
1,fbf4bbc43b7824e5983c2974c0b22bcdabd7fd8a07d4b80243c393eb6164f1c9,598,training
1,57320497850788cfd516de8f745e1b0b5be948f938e63d309eaa641f00c492b0,599,training
1,de875545084b3cee25786d573dd8b7c1f479e25e7e5ac68e5cbb374b63c7cd6d,600,training
1,4eb851ca7efc27509f0f9238f103b8f93e24bac968b07eaa87935eacb4bd2ccb,601,training
1,044cb2c7000e1aec3d972b08a9411b8ed5fe8ed5510b7f7a624f0d22aa540a9e,602,training
1,310132b675b3832fb143844b528421ff2168f0a9414aa34fe3a9ab6ac01c7b37,603,validation
1,4608da6dbaf7cfc86a290bda2642b1d7bfda8ef151e2707d65fbe2b10d42b464,604,training
1,f7908ecd19c51ba93b14f7b7d584a72f9699a07cae37e4409c04484e9672de27,605,training
1,789e5d4f09d96becc95eefb4fb2b43962e453bd4d0eeeab38bef838ea70b0ceb,606,training
1,302c61bcdf831b663cb1eea1758812ccff0e4ab9100822b822a1eaf2239cd815,607,training
1,76c3b585e4d6bc6ab25e50f49d59f19522c4e30de83dd7c896d061245c761d1e,608,training
1,e026dd098d1cc0fb1caed43ecd798642761b5bad78da7145f30b07a26fcab63d,609,training
1,98a21c2b8480db35ff3c235e6821d6a193143c609021bff3191ce05531db3a08,610,validation
1,5cd527c99ffc343d2f7164a3a15116dd536b65a12d16bfba5000ad9a29b0bff1,611,validation
1,629ec529fb31b63bc40a156cb974101abdc62aa9f6b846878ce927e714343ee7,612,training
1,302ecc237b77784ade84ae3bd365d35c4eefa36881e588775ab22a542a38c898,613,training
1,64d85c75b17c7cbf090975c0a6f2cca99a942d7cf6df26852fa8d534b0987d51,614,training
1,66e3b6d43e94e4842f96f40f8feca094622da39809b818b0053af723be867254,615,training
1,5f8159f4936c349ec1511042c5006e808e321f18b1aab44d8b717ba81afd6b81,616,training
1,e3e5bfdd4852331305aa77642f158e36edc79df408dd5c0ee6b8e811bd3148de,617,validation
1,20e778c784bb14361e4b87c888d56ded9255a68c6b8d4483ae6cbc5e20eb5dd1,618,training
1,c31d91c5aa1a3d5e55e922320d998cd01ca5cda4209007920763c9c4ce87d6be,619,validation
1,2d7c277e245e6ec2d0a12c232c106dd20aab3b5962039bcb417bf1e988929947,620,training
1,4ad4944662767126f9b4f25b6075cdbbc63cc5fde758f8674c7c8a9f3db985ef,621,training
1,6df53bc0e2ac94adeddde84242dadc24e1fcd35efa5e333c5e46b996fdaf05c0,622,training
1,5e2dcb33774656b03a2b98cffb24667c084937a3fb4cfd6d4f8416239533a0e0,623,validation
1,d7c34e5070b7299f1128f547c397b190055490ad7143b2b09585f4173bbaf8d4,624,training
1,6bc16516efc3835627306c7fccf9d5b83e98caaabd68359c50fe3a26adc1da5d,625,training
1,7e921760943cc160a1675155d3e1faf25bf86071469b7803b38e7973cc084186,626,validation
1,260b53c7c9fd65a6053aafc1d9097959a9d8d724743dfa681de4f53ae5d49175,627,training
1,11e5312d1233ea6bdeeb5ce9176932d680d99d2d472db078ba60dd9b8a8f00cf,628,training
1,2a759b9844ae686ecfd1494a3c5b621a8ab604c9a13661d2165b8158d24c9a2c,629,training
1,9b92e6d32a22fa94a319fe89babc04fc4f34aef927f551e03e5dc894384cb444,630,training
1,6ed3cb09a184f3ea3b1efac4a4106958033a780e5eb6fce77e0ae72b8940fb45,631,training
1,87d7856ee602fd200e1b58e6fbc5455ec0dad25d3f6d3f1152109415586b7fff,632,training
1,d5d668b5da48b4921e1bef2764ba9e0d628aec9ade7718a1433d66952be7f7ef,633,training
1,f974082f9cff66e4cc57b1496f2be2c2d1493eaf3fa1e549c6298f1ae37acb72,634,training
1,1095721e8b083a612ff0a32b3d046e4cf6b0e0a605bca1004cb7b54581b3e1a7,635,validation
1,785f6f6f283541b4a3353970285aba1dd8bb108d7bf1b2f1279061261ab5568f,636,training
1,fd9f23186f9379df46cd0a371e32972e63c8bcff9decfcb890c1a7671930ab11,637,training
1,4b3e1dc08209a92878a2a8d20ddcbb63187c8fb7affefefa1d05bd01b932d5a9,638,training
1,3f70d7e3db30b6bac8b7aa556047596aeb00807997cbe71635d3742614201621,639,validation
1,08ccc7534d6c74e6c6ad1a2435250a42dd1b9b1388c3082688f4a0df02758f8f,640,training
1,d209d91714c82363272e4e8d5b8d6c6b1e4c662030a42c43170e1cdd5049e2b5,641,validation
1,27eb1545bac6efe76637b80272291725424aceed29e61d63591bb6e32bed4216,642,training
1,d14531da8d7327a83243a62540fe0855ca707d368e639381c6370a20abbcfb3e,643,training
1,b4dcb541097d833f2f049a3d41226d64ca9c512fb715b0307f957afb1b8dab60,644,training
1,cd45a03b1e88258c948c044b5f4641b4c48749d8529f42910cc8d2096d7aca7e,645,training
1,3e8aa601c6c00076e89796f050c5ddec403e5118f3a7b756f0bfb882c9b07f9e,646,training
1,9469c37f55dc63b348ca099adb49402c824300d64010411d2b1533eef8779a6f,647,training
1,8d61261d1d6605205ba732936b756a23a5575d853efd15b4bdc4c88dbbead440,648,validation
1,1353d184d007e99fa79c75a3a65359961cd4ff8239ed49397e6d9104ac927199,649,training
1,03ccf5fa80e3861d43cd5dfb98ce246534fd1e3ac8ac437a154ff3a99390d37a,650,validation
1,26dea7cbeba1b95bc93963bb61229db90fb5ebd4cc7649f450a2d2e58420da0e,651,training
1,1f3e3fd905a0da08de9fe4d8f2a0d6c98145829558ed84baf8e831d39b6c5c3d,652,training
1,6c44db7edcd0817ba592be94a7311e3c20f3c1c76ab7f2b286047729b2d7e3bf,653,validation
1,ba6df4318a13c79b696803e1598c1843403a8be0e88b822be49360e6799381d7,654,training
1,ec5995fbdf2cc8fe79649375a26d8893a3e49f46fcd79d89b1b1487be39561f9,655,validation
1,62cd75ecadf1d27b4b0bce0eff5eab0be33a1eeb9cf4160c5a15c3ffdbc3f5dd,656,training
1,45b1cbcefd387e9dab6a889554f13a65d266a630300e196b0d52fd4c22954729,657,validation
1,c1ebddead8d9364da8443df163399335297326b08b2267067c1b591b50aff482,658,training
1,3f12e33bf03fa6a0111f84c185f29985430ccaddd3c6ae0d3d7462f15a6cebf1,659,training
1,a1ae2e738a6de5b0942fac423dc69484fc8efee9d864b1d7d3e6f64d99111281,660,training
1,09ded6f805f0b6db804255a26a5b383de5d3bc932af703b85a664e7469e6050a,661,training
1,7c99141ff90f1a633a1e0fd04ca13ec4ac8ee2d75ff89cab4d211fe505fccb04,662,training
1,0c47ece8e17f44735a746c277131ede7d9c1985fe7f5b06bf0931c18675e5193,663,training
1,b7d5465434a53358ef540b369064df276894d6ce494c155a483b15cbc2385563,664,training
1,bc6dd71998b24f4f6e51f5580b9f395200f05b36ca7825e246c4f40e2bf0fdf5,665,validation
1,bd1a790b031155f11f8cbc50b059593605f2d059093ddc91dc727e6ea6f0f20c,666,training
1,86ea9fc8571dfd1b277b6ab6fb0ac652f266cb755718843f7d1768c3d318d7ac,667,training
1,f1c7c5bd4f1b1f962db15ed500f4484c5f5156a058bea8f9b8aca9549f16e652,668,training
1,47be4d67da5583dc0585b90d59d97a718c41406459c6accd5f129beaed7fef1b,669,training
1,81c75da1e30fece1a3786bc8aaa6e98d63247c8482885f7275cae81dbc7f3a68,670,training
1,613a7ecebd66cfd361383ea49f037bc485f114321a2380da91021d51aecb531e,671,training
1,31c3a12c32ac108e3bef5e2653dad59391f248cf8b9cd730a7226c481b5db48f,672,training
1,a8f59bf9cf16af356e3b0d3bab2760e5cef9b38979f320b318447f0140905d80,673,training
1,33a60613766dc58ccbe0973b871b841ee6f42ad04fbefde1d1b3ab53b246be6c,674,training
1,8b65cdf83b7c4df04517b1db394c01d1a18364d04651627e45e989b0455936f0,675,training
1,0821885265e0d30123f277b9cdb55819734ef8ea413d74386bbee416ddf39f2b,676,training
1,f7959fe35d7bbee49d07e27497346bbdc87d54af54a174039b64f5ae1458029c,677,training
1,76ff2b36acb0c752756b59fec38e6415d6b0142ad8128d41decfaf59ee021d88,678,training
1,3bb819141817b3c3d15b3a9cd03a5453c3a44b596d5e7ac0eaac275dc5610d16,679,training
1,48d069492ceba824fce5029bbbf465e1fb729b64f708fadd9266c7ab58aa269d,680,validation
1,78d2d2c8842611c1936e19db6f1f784348708f2e9d621e20861d3339da50ec39,681,validation
1,d8221cd0f929143002425abe9c4bae0bc886e907dd6a44e3fba821adc9564c67,682,validation
1,4cc3642cb8ca8ea460731bd28e558b759bee5486cc630d00e1577e49f61e1809,683,training
1,e2702455686ea11279f1e269f7ba671c9050833e55b8fc1c0e8211db6f48bec8,684,training
1,96c8f9b398a07c3fc502d759da0095c87620fa057216e4484b9249e48025e547,685,training
1,4c5ae6930f99eaf4d2d774166eeecf9420ac43f297d789f32df99c3622819b7c,686,training
1,a1fd46578014f5a320c0f1a91412d1b43a2bf60d1ab9dc96c3235ceb7a443634,687,training
1,ceff6c740879d992d50f63945d7a756cca207d837b764824a0e0255c8bb5a800,688,training
1,3db8f0b55a20a67e26d336e243c1c5c80a065a67724a2501defea11dce5a3499,689,training
1,6ec3709f1e63556e97d4ff1a94415a388eb0ea86d72bb2ea6628c6e33b6f10c6,690,training
1,ea0c6422ce1af9b1cea7fb1da7fa31a1f016638602dcbb17e4ad757b6497634e,691,validation
1,bcc8c68091ff929e68131a97349ad6e8f2df5550addf7e9232c725ce839200c8,692,training
1,f53afba5269e48239fa185a23322e043316753a9c4028b2ee6d7d0eded2f5aa3,693,training
1,7569deea2ab8aa80aa2d9e0d40ee4992d81d9e0779838c377874c5e6f509970c,694,training
1,463ae36e8c1c7e9821d4079848186afff8787b1c1bc1333a0bb3c0ee937aa42e,695,training
1,e59294e747f425387e0f9827d20e62cd6d054a4467965b6fa893ab3388d44091,696,training
1,24bf229733e3c46637cba1cf7d83fea97e5f5dd725d8db30f3f4f35146325dc1,697,training
1,0ce79ac47314c578d7fe0a5d6a27bb56191f1d330bc9a7b33344dbc9a9eff5d5,698,validation
1,2a9e55d5552f8b40c4375340428153c59d98a8621a9b56b1b0147df0c97ab4cc,699,validation
1,00198c2dfef5ecbfd264b5f36332f04cf5975a6eb1033376b956c673eef40445,700,training
1,1ceaa41537db71dd77a1ce564673d4adeca596d91c2ae027ce3499fb9b84a7db,701,training
1,31649223eb99248572083e30a2f4b8a628b42b736881fbdd7d0c01c403cb85e8,702,training
1,358cb496d27c9d38d5c1b5e4f98962dd3b2fdb770aa4e3634fe9c568d2985a15,703,training
1,dfc1890ef6888521367a1f164dc5dcf7e39fbb3e81299340b4992ca07c50eb0a,704,training
1,778094504be76cbb180556c03808192dc094afcf473a9014b69dff72ad0fd4f8,705,training
1,fdb11e5e78122aac5168025df2a1b786cdec3f431b5e88d261233bd6564f8104,706,training
1,f6ef06c1abb04ae796f4c537f87bd55ccc98a6acb797925110565ad6aac504f3,707,validation
1,e9bebbf79f9794ae2cd929ef7da1f8ef7f825ca3c60873fe9dd62f631ad077fe,708,training
1,432a8233bf2647fae12bd90f34bc512c606506793414318c711522310bae0898,709,training
1,2da606a6bba2019d76bb791a1b93d5cd974388f48c1c1494be8aa1e1cffc4e9d,710,training
1,b0affc907a4d12755709234e6088737ccf3f1a1e3f30641bad22a2bb5cff8bd9,711,training
1,0ab2ca3226af247c3d2fc35da9ff4c8a59dfd874c078d98ab8289c6cd66a30db,712,training
1,e1e6078ad86151427ad0c0e3d14190e35dde0b474c22e240030f44b7b274af21,713,training
1,7863cdaec95f102fffba7adbd300a0d63b053997a40f221bfa084e87dade9a09,714,validation
1,9aa721f4a6226f54b0325111d6b2cfa1f6ced1a6215bd408a6060664ff39792b,715,training
1,261bb9025c0e6b4315b53112dc908ad473f55aebe56654860762be1012f0eccd,716,training
1,cfdfc901577e0df0e55db226d032519918ffb00566408a15d4b1900102a6cd44,717,validation
1,2047f9e17289821f4cc255d4e913454627b8da97afb1f4c6a2a67bb5c3038741,718,training
1,c217339235cba2b798866354b24e7f941cba453e2e04009da1343361b3431d8b,719,training
1,528f79ebcfc48fad1a92e4d513a87fcc80c81d4c0382a793d8d26aa88508d400,720,training
1,7d3dbfd532fbe0e41ef640a7c148adb2c478660991009c1f2526237006895d08,721,validation
1,d14205261871eb2946f8dde13a0a0e727e7ec3bdc280babdfb269c16ddfcc6e6,722,training
1,46e8e43be36d49cea4172b2946dc622ebd55918acab243b46db9b34537c4c8d1,723,training
1,aae23274cd46c2cf900e0832783b7ff07ad93251cbf85ee18b4863aab811963a,724,training
1,011b4b0c58af7a3110063ecd16ac99cbcd874377c65013d291a2082b41263aef,725,validation
1,afbf59c9c7ff5298fe21f0a1a88cb3ca1aea7a9aa26b95682bf503901ac339d9,726,training
1,4c8acfea343c46d6689cd15b3b7f31cea2c9c6a2bc7ee3bf67430f396df2071c,727,training
1,02d7ebe5e19295e2d263e3acaeb0e38ffd66d3bced00f3b49e3404e4c55da728,728,validation
1,333547ca8a19304a7e4fba686f609b6737f4004df2438000de95477d26bdd2a1,729,training
1,8fd657eec76fc0a82f4d99096e68a0ce7088ce205d164f72586ff14a3c5711d9,730,training
1,75119ed7770d0648ed39affe93f4904759a4c56bb7ea7daa6a0902e8d6e67cdb,731,training
1,04723af1d86d274f36caeaf1e0db3e3245a01e9013c13b401fe88c32b9165e7c,732,validation
1,cf5009c633ce7a3381968477ba18a1ffd817106980ff37b14619b81e9ac0f9aa,733,training
1,2b333a03d441f2d046403e40722d816463421fc2765c7bd85226f9e78663ae8e,734,validation
1,ec19d8eafc7ad98ef56e290b042d56e4d8b71c98b34021dd1b2bf885b77df226,735,training
1,54f5065e033e4462bd234d5e87b88522077ec2a02640446c19f3064ab1473d27,736,training
1,32c32e728158a88e6f28b365ec8de2892a29eb70362408d333dc74fbb7f82337,737,training
1,aba8a0e74786a047baafc2e66a3c84d99d7f52a8e792ee0eaccef7b337c33ce7,738,training
1,e87b4392bb0bbe5cd32a56c5e1a51555e425462f397306af9c2823b298c3c534,739,training
1,a618d53717a54053a5b6c61011461d58679c52f4be2dab145330155100c901aa,740,training
1,be7e75ab95132a65276e9e5550eaefcd378888341130278248cb8b60141860bb,741,training
1,1a8ef36bd476368d114957e3ae1453130f0a68f6b4761c411b2af7652d52651c,742,training
1,c76afb423cc30476094cf424e34d6cd2a37970e6bf27d70dc46ea0f383012f20,743,training
1,4f30633285c4ea7e92076a0339db42340ae95df2f5d3e99c084135282f9e8259,744,validation
1,0cd23e7076f972aaba79b3c5ca8ae026ccbabb08b2015455525025274a593278,745,training
1,9ddd9f9984a2b1865151b66669aff0ed06d68bcec28089c6964f9ac3674fe36d,746,training
1,d31bc966ad855e467fbe47f75701964c2ae92c5a87e68acdc635988621637e13,747,training
1,1f387ff19d1bdbb286a13f66150f1ff2b63cd5df79004fc603301e8f83b707b6,748,validation
1,aa87ec628582a60e021252c91a66e30c8816af609821e21a6afa838cda3ef7fa,749,training
1,5e1bd29bf4a05bab88c481744d86b7f90f5b98182ed1f70d0da420a401bc3b4d,750,training
1,d0d7c787717ee3b452a0414e9c2c81aa4daa89cf70ece8008103e2035cfc555d,751,validation
1,21c82972131a4970e919ebeae6f7b81ee80340928af3622d340721cf3bb3f965,752,training
1,657ce0ef41275399a2abe98157b686c8cf70d9afb2d7974b39a2e11f6ce1f80e,753,training
1,a75e0d30a35aa617674901904467bf5be1f6930cd81837d0f5f2e08679359b31,754,training
1,877832e5406f6d873ea2be08cace41dbe8ad5badc093f22185df557987d875d8,755,validation
1,c62b60bfce9a90c9afebf5d8c92dab7dc8696d631a294b79490e9da925f60924,756,training
1,eb9d8a42e42074825b7f7112753b6c043bb4c8cd26e5545a061260145faf4807,757,training
1,e4a58771dfd344c6641b14b2b48f612399472fc5bc4212a8151c4a349b043ffb,758,training
1,8d6889c56dbd54ba06af4f3b4b659e230388a5ef2bf32cddec09254a16b64488,759,training
1,e9297b623e6e0052ccb3d86149249dbb0bd0a0c678c5309946d29b87422f0fd1,760,training
1,ece270b30acb5f3a2ffdb8d44f4238f374bbf3f978bcc9ca1382478390e8df0e,761,training
1,408bc23f5495720aeea90ec4c43227da03597100e8ca767776503c4ca60fd5dc,762,validation
1,5eeaaf80c84ff7b540717494f1e104f6dd7bae0c642dd6f5b964567a2dfb2094,763,training
1,5b2305aec38de74f03a8ef495edc25087e26f7c0c22c406aed991e7a1979fd57,764,training
1,5b65af521ea40e92bba0a7484678019ff3aada5e3cafc10591123b459545dcc8,765,training
1,04940527509f0e9dd881f7c2f0fada76c04d7e83b30566258dcb0a5570ae8ea7,766,training
1,6a055058c717aba769f11c9360852148720e8445733c4153aca92cd3e3088225,767,training
1,313bf68b7a7e038dfe25290ef7e5408dab62040fe32539ed14d2e6528f40f39e,768,training
1,c5512cdcdeb46a12b8e16e9d6ad91e98bb137e05edf180d2d64f9880d026bde6,769,training
1,24d1e1ae3c57e50c5cc1e24c16071297f5098a760bcaf1d39489ab3d7b7a26f5,770,validation
1,542fa4e08d9d3bfdc8a0a012e5c39019d0dddd724a2bbcd83e9d4fcf463b06ad,771,training
1,ab591bb7d9f02f6b999d90c07b83738208f0cf1dbea98e9a6d207d8782dfa8dd,772,training
1,4bb26b4b125c8abccbdba3acb3a3bbaed5e86167ba571cf9d48e2472bdc4c4b9,773,training
1,1e5f17c4c9739946bb76dcd9f6ac2ed383ef0dc643136a264fef859a024af8bc,774,validation
1,761aa63eb80919ac18749ba67312a0fbc93822e1bd832024e17fa3742a6824f7,775,training
1,5cfb3e76473956fa26b41cba749bf233193babce85f71dcc311278b15e45e80c,776,training
1,af5bdf6a1abd45414cd47a4347ceb1057c1cafc71cade8486ac3e8f38d7b8b5a,777,training
1,13c0a011ec7861cf0d90c4b8aeb91c0d73aea14158e5ab26a778abcdcdb2228f,778,training
1,df65afa5bd263ee7ff960e8d7b721c2bc63b7ea844c5c82ad75658ddca126069,779,training
1,7dab081be8962d2658bef77929b88de4aa79c812b7a05807ff317b8f126f1794,780,training
1,79a9c4e22708530944aff0d43b27e2d678e23e85e09a9cee4aea1ac4f297c291,781,training
1,177ee0db5028fa82557eb2bb119aa29c90327eccc6b50c64c352452945c2a250,782,training
1,523c9069a31ffbf79fe4b51494199424e5ac10b72f7cbd194264be63736d29ab,783,training
1,bb170a89bf82632116de6b46ffe815e8a45858e23f13db1aef16571ee3a59f25,784,validation
1,44285b2af54f5b14961b1b22dab8f542535c2a4d3c801c6594f7dfeb0b0766cc,785,training
1,f2e284114181fac49dbb199a9fb30219ca7074f751a05b800a184a842092152b,786,training
1,cbbc3c34d47c068f98b0f932a3a4e39ccd672a076163ffc6389e16e3e88a8a5c,787,training
1,577627a5fd7f609ae2f068ab9761fde0e90930255899c79559d6ba2dc121e51a,788,validation
1,79f7d30c93bd64454cc5bd31883f1fa1a1d57a41809786d98835a495e6197c62,789,training
1,b0f6697f5d3948c6b2bd9513708a64a612639e0ce9daf4e2ce2c306d7ba0bc6c,790,training
1,62773a073ddfe18e586e7a3a595ee01254f0a7a2de4a949b0da06e07dfa66a88,791,training
1,588ca5e35c37639c14666441003ce337ddf847963f6aa284a57472547b807e4e,792,training
1,1f3c6e4e8cb5309c39cd8e6ee427128d21ff606accf9f05939bf28e47ff2e8bf,793,training
1,6b2e4c9f718f48064c85efef244111cc4fc51097a57e3cfe6174161aab31cecf,794,validation
1,47896dfab9fedd52e347c397be4a6ff23b9e1770bb86ff82a6dad06b23362e6f,795,training
1,ca3ba0c00e77171d54041fb0c31cb8d98eb80a5fbfafb230b61cddf5ffa74c91,796,training
1,8b43948cf7858ae48fef2a77e36e335a8416d483dc384ce2c5cfa8440a2316f3,797,validation
1,587a4679d96e8bbd0370f356ccf3d5215943c56e7c35bbd4e81b357f47f0d0db,798,validation
1,5563e864de63193d340e419a795e7dea5a54bca07c68d581cb5fbe42b08d677b,799,training
1,c13e8dfd35f56e135bd5c5d043f6fe410515efbac31bed505c5d88e424cfe068,800,training
1,e01cea82cf6f2c548d67c5630b930c986dd6711d4f9ca891568ecd2923a1b344,801,training
1,68ca7f9a126f589cddbb586d204aa6a4fad0aa4c5587e8d56c5d76a27db121c6,802,training
1,21801dfc6c3270431d8ec7b949fcec974342071f8a4c4d4674f6a10ef9838f2b,803,training
1,9a904dd57b7228209a51ad7cfabdfa8642b84b7b27d24e8b2d41ddf87357cfd8,804,training
1,dd04dd8f3eea6fe287e127dfc6324738c29c3693c0f87acf55f9c5b4e8760dff,805,validation
1,831e3d37f1f7c5183255b4e2074afbdcf4cbd6dd4eeb252c2d3aac1667b72414,806,validation
1,0fdd9674be2012c4a6f3a346e52a42f9ced3c6cb3a751a86b8fdd471073437f4,807,validation
1,b86bd7a1aeadec8fa1fb0be8d5fcec97f35ef060f818b9a9ad21a31fb2c5f241,808,validation
1,e5e7a54c1037cb3b36c0dc0e32a45b7b3155db9aece4147db4eb5627a839ef48,809,validation
1,257ab774b0f2a61d6aa250574f3e80c2e2b9ba46e000fa4507acc25763cf7316,810,validation
1,94c6ade757b2f37297dad96dba088b57a2fdc1fa766200604661bbafaf733daa,811,training
1,a0dc68c34afbbb9205e4cbba383c65b4a25d52b8bf11d39356865860f66aacab,812,training
1,eefb7ecfc5325613ff5d8b696520d8bd6d6439ea567bacce1af6b8fb06f1a8be,813,training
1,9b2ced55e6cd9387f5108eb20a5d3da56c5e438257c9ade0d83113cc64fd298c,814,training
1,738d70fd56af995333d04c79bb1203ede56cd911c1e02a4ad6ca1c1aabc20155,815,validation
1,039e64b177118c9ec400477da9ec7f0af949e0ff6afb3ec8f95fab7858b2649a,816,validation
1,846aca634a6fdac742160b2b032c06755d4100344d4b13b57ead94b93770f221,817,training
1,e6c63641a39ed54a791afd0c3811ffbff99ded3f109bf5e967cba6e95fee463b,818,validation
1,3b46b81e7ce99fcb726cfa16b12913ec0e3cae8986e84f3f3b6a640d718f13a1,819,training
1,5c8c1960724c4737c53d438d4e9b10916d4e78ae6415d508f0a36570ae8c3d96,820,training
1,8d7b519ae6d5445e3bcc8c48ed60a8893c11f55855d618d2e8a814fd401c0f91,821,validation
1,dd98f36b9f6d52283e83e602e75ec74fe3f71d8426f4e0cfb98522a078202be0,822,training
1,e43cb40ba4d9d3072f753b5befa2622e459fcd306478b32451054411a3ee8079,823,training
1,b702854742f75470bd7aa58e5df6b844ad560cd2589f893173adf8b82c05a5f3,824,validation
1,855d848565ff64b3367051e84f86ffbe4511e3907f9224cf1884ed71105cc50b,825,validation
1,ac42644ca718286e8113f86bd1c63ba5d3e1e4ede26fb36030b110aa814560e5,826,training
1,b9bd521b3d8fa5040cee109cf341b30597cff8f79a03a6f8920ee0817d9c22fb,827,training
1,32dc0ccf2e9d8e47d29853f8153b766411e7bddb314afdbff8942f8791bee656,828,validation
1,8606f9bff8e508f65466ccd98edf689ced80d70bdc162665c47821d30a96b531,829,training
1,8a79323f3509e2f0bb2d5444500a943003f1c9c82e4018d590fd59d1efc23fe1,830,training
1,4eabb6bbb38a2f02ef1064c336ea997eb03ec66bfafc54ec1939ef2c21da8115,831,validation
1,484cd8d550197d7a4a5aa7026da3aea650fdb465aa53633ad4ec9fde13bb092f,832,training
1,f47d1f9462fab9ebc8decc6bb604dc69078d4e5b00e4566464cc351e9306126b,833,training
1,079a64dc7d2ab77d121c81b5060864ab6dd17cc3a52658948150fef8477e99fc,834,training
1,cdacf20e2f1f933cea3313cd389e7a5a35dbf514b0a74857f2228db98adb6077,835,training
1,a91b57b939e3c9c5fa0ff65b16c8feff4e0839ee59a8f16464fb2ef3b29a5722,836,validation
1,5a825b80e1c9bda055af156b76689b35937f359daa3cbdb64f76d724adaca4f0,837,training
1,5f89234b42e60a7bc2cc2abd610f62b7091b389590ae8fc7cf7d9162dc93d28c,838,training
1,4502bb648bbd19c37ea8e65ee29af90ed13985add63c9f21020f7b02d0047a72,839,training
1,213ea67a0f05bc63034e891502027f14fda7f09b996ebc03eccc29751d7eed25,840,training
1,ab6592de95c55ea8750b9b13386bd737560ca4ba8cbe3622adb9d5faad2cf05d,841,training
1,6b66f8102ad657cd13727362dfb8dbb0e4c1d5d387244ec4b08141f07dd83f0c,842,validation
1,2d2792444a4b92d712919fdbd3c20b6a37a374a5d85ad1b043f81614464e2881,843,training
1,c8c44bb825c238377752b9e74f24aae2ef5d9cb0247053120a06257b60b769c7,844,training
1,1904c80aa8630782c4ad98501ac498c81fa705cc264a07d4d21034be65281d77,845,training
1,49b4141207e5509be0ca7004fb3e4cdc0cb054679e38723b1cc12f73cfd2c54c,846,training
1,5675c5d67a33155a548dc0c858b071ca93554451cbfbcd71f33ae33567548406,847,training
1,58f6bd975805d3c1bad0d98af8f946e460f5474b4c431662c4487c5b65f0cfdd,848,training
1,bff726179358f5895990fb8336b1c4fcc17c2b01641055365030d94c6e98c84b,849,training
1,3eb734f2809c67d6baa3c4f65550cc46a7def114203c72cf578c6a7758a2367f,850,training
1,c23a05e16cdbb386e4e40e1902daa324c2098e9fb60b35b61685f969b72b638e,851,training
1,81b79f63d21cc111d0c061a4cbefb7860b0c47630a9898494c8aca935156f82a,852,training
1,4647e9919594ff1f579beb25b10441977c31e1232e4807a7f1a2f2a2b6a0f373,853,training
1,37c5a1a17284ca3f040c68dfa20a3c0795b51d2f1633ecd9d1cc549cd2b10fa6,854,training
1,79a7df836f227fa9afbb9b7460f8017e64784194a18fed0778f7610d6e0c7432,855,training
1,1e184124326c85e24cbecc298f881355d469411c94ee6381ba6d0e1ed76814b3,856,training
1,486198cbc803d12094ad9b05d3888ea3f5085ec37226c9f090a65c3199697cf9,857,validation
1,4fd9c1b5b5010012dd85e3126b5850e417cd49fbd49c757e8c48c4c0ea868918,858,training
1,c2c034530c362d50c201795fc2986167fe5148d0549313a875059230cca25468,859,training
1,9ac548d7b382861826b889a87168d1ad5594d08198160a558197f3b299003de6,860,training
1,65a88b87a5365fd6670b4afdf79bdbd1c26b4ab70d025177db0467a9f7015f0f,861,validation
1,3a1bd92c2bc6ce4677adccfab05ad7577e8e7eefbcb2c345cdcb1a5c883b4562,862,training
1,d5eb6e6009c0d0af10d63bcfdd5eeb0d7911edb113f941a61a87ad0dfff252da,863,training
1,3859b82e914a33b004123f23ed4d3c98bcca3f23ffee3e3365fde3d29b4b9cf6,864,training
1,ab666d96b2734879e3b9b13f684e9cbcd739232baeeffc41056182cf02bc9e03,865,training
1,a3ee22c0c9f8f85af3869b29c9d342a01725164b656feb9f4766db62d0b101e5,866,training
1,5f980a5d19b62f9a053d7a8b51f79a7623740ed6c4be78bce0439b8fbc426a86,867,training
1,1bb51b51b9043595c7e3dd168448cd645ecf7f4af716716289f6ad6351fae1cf,868,training
1,6d944320696c4451a87ef37e53e9d92e6d77599775027545ab0c59bea87e5ae2,869,training
1,6b56b1a18089a5dfc4b09f79a079ab8ea9df078a00b82b24d82b4d62dff14cbc,870,training
1,484c6708bfbb4d6892f871e85b12dae2842ef4271a30861f67202bbad09e89b9,871,training
1,26e2904ca66068722b0ca2f2bf880a2cecce9e89d713695905fd1bc1567ea861,872,training
1,698b9e8c5f2c27e89f8c2491d2b47bc6a48e064bb1f9031a2805eacb25ae17f3,873,training
1,c1331db30e707972bab6785670192d543c9bd711140b7e40ea3d60e7e58f343f,874,training
1,940f071733e2b45c817c7899ff97908854250c494e7dd4d9558209e036369ece,875,training
1,c53820364512aa875eef83240029d175483e5eae7e212a39d9dd99db0f014168,876,training
1,3d7efd21f50fda7aaa2bdd7bb1fb81e7e8c8ef042c200ee9e14982bb744ee517,877,validation
1,d14ed407472a0b23efbc124c87df35dbc4e8ef72d7debc77e94f0b790edc7257,878,training
1,ceda0bbd992b4a9ede052d681121f2baedbf80d0d09f8b0f1ec535623f23db97,879,training
1,122c1cdcbb6d2735d40cbb9f418ce232f5e1f20bff72bfcec8aec1537f28a82a,880,training
1,73f1349f772b5fe87ec8e4443460451ee1583c89ea527f795a5f111a66d314f4,881,validation
1,e453e1570bb9416fa624633686cdd776915e996847f26133abcb2936872b5ea2,882,validation
1,748d1c64cdbb55fb1a3bb0cfa6d26f8721bc7b70920705dcbcd415b599a54292,883,training
1,6154b555f7d2c0caa486483c4cb8f954386451996905436121505f5267c52bd8,884,training
1,ae2988852fc821ed49c83f7e2efc396fc1e2eb1ddd3b49728bb4799b54f9a764,885,training
1,a0d1bd790ba9124d2a2c0114450e32d358a01e43c441665d17bbcdda577ccb04,886,training
1,86312c4456eee97692402ccc525aee9d1cca00d5da93d96f51808efa63f70aac,887,training
1,519465dab9cc02957af1e31ff983c892e1dd63b49a449c7493a430432436cffd,888,training
1,0d0e439339c1b240307e5d247fddf43e708b4fe6f6bdf01cf5a0d5041102c9f3,889,training
1,1a6874842bba62b8c3b77bd60e2196ad4d244fd92690ea2f2647f0346298c248,890,training
1,90d9f2c660772b9c486d59b1e1918a85a5fc3ecef4cbcb6c3c129fb71bc1e165,891,training
1,7400f488cb91ed7214d983367f14e1b9ec99ee0563e687f03ffe6ca3a5230d89,892,training
1,0e93765b6d719462e31d685187c8cb767d5c76d2937ed888e41bebaea1a76b51,893,training
1,1b57afe4896f2de4a5b4721e28ea79cd3dac93b0de09b1a2138c99bcd2edd377,894,training
1,b05cb04803969cd3da3a0c02d6ace63fc2851b4d54361e7b6e6bcf62c3787252,895,training
1,38ac1a5876acb4ab15d2577084b39ddb1c1ce5022c52849ff3c90fa31c4b504d,896,training
1,1cc4747b5133085ae1b5cfd7831d7e00768fe145002ba663bc70573d294f7b82,897,training
1,69eb4b13af4263520f65b2ee8647e5600cca2de6faa43da8cfacd30bca98cf5c,898,training
1,1e9a38e80253b09bc4f657dcd34cbce8442846522c6a624b534e63c6c873b94a,899,validation
1,f5bc995a466fbc0088675ebe488cc55261af2f9889a19713711d9f522910800e,900,training
1,9f5a6a02b9e404a4e5e5f5c161d3b46c2ce24e6861799355bb4299434852ee07,901,validation
1,ea5df098c82d333f730c040845e5c15ebf9410d4658f28f5e5c0fc5235ad5504,902,training
1,b990b4112293dac1d79d3ea69f8e17b52846c54eafea042bf3b39632e4b5e74f,903,training
1,2e45ced77932fd9dc3a733dc328a3fda63e1c74a127ecdab8c970b082a015c04,904,validation
1,c19fbb92496cbe858349388edad0e9d699c55580bf0379324725ae38056934a6,905,training
1,0b6999badfce5968d5e4a7ff0e9579f1c86c4248edab6fd65cbd432370f77e3f,906,validation
1,497ae20f61d0be332eac3718444eb725665f1153538aa948175212f3f99c57a3,907,training
1,6404982726b932548da23e500b7f03cdf03c2940a9572ba2ff5ed05d776f7aa3,908,training
1,8f87e300d473405cc3d1dbda8bcccfdafe6bf326cdf6ddd61e61c0cf996bd334,909,validation
1,f722e6428acf053b885a7691926e4adf722d652f491722e348903d40ce5c434e,910,training
1,2bc94a1a3131177628130551f2e7aaba5f3d47ce8df98c7c553a79316ebfcd0f,911,training
1,ad1433c51ef681bc44a4e6e86a6c4502ab984687b29923d54de6e3ddee0376c6,912,training
1,058d90a9682e5688b1dfdbf8bdacb90d790a1de543214999b7ead3f1e7777e89,913,training
1,b598c2e5a2b5e8c4e0a8341b164afabdebc219deab8122e2ed2a96ffdd17cdb6,914,training
1,6f0dd57540b452c530e463ab3feb0b9c6727f6a150199c6e688d1da31ae92ef0,915,training
1,6afb35046b0fd7cefdb5d6b85077e587e32aaa9835258f0adf2ccb1f29ccafa5,916,training
1,54cd5f1dd31d34054cbf6ba7c303b99a64d0d3d105e79ba50c3e420d453f7a03,917,training
1,aa435f926eae3df7025a175f7bfae6e7a9291e3cc44a3b096cd6061ba4bb45b7,918,training
1,cbce6b1c7c2be4c796c095071cf9166132efe20379a6e431bd130ffadf28695f,919,validation
1,2c8a8f62432b468495f804ce55a5f7632f25a614575eac77df611e7741cc1af4,920,training
1,e87d375246f4e5082c2e01fcbd7255e262c869eca4fb5495c65c467885ce8359,921,training
1,4e4b617accb5fc5e103fcfd52c47bd90e125b25bdd5088e6160690a461321e2f,922,training
1,1b36d574e1c3af8c0573417bd25d1107835ab885613eab174cc7856915dd2818,923,training
1,c095a0a6b8d0aa054ee158cce01163fcd73d5b692963706218289a0ef36955dd,924,training
1,53ef5d1cda6ee201e3eff222112ddfcc5bb9cc35ee4d913ff82db06dd4dde019,925,training
1,50c58be36d54e4d8677a896a776d4bbf7c25f5ef7c9e7056b63078e28ba07653,926,training
1,2369c1ff0f2d42546319839768cf932c76f94c34e19e750cb4439ad02eb928fb,927,training
1,a3ab39cf4ac7899527d05012619674ab995552909b85cd06782317790ce70f31,928,training
1,a01120b2ca5525f2e54de096a26ee7f3247ec0f01c17be9dbac873a5a7ac3708,929,training
1,1c9aa63f2b7345263987b8f75202b678786300a7d0ba2696541f555bac6aa86e,930,training
1,581576735bc5fc1e0a86e9cb8736d7247e16bf0596eccb8e07548d6e1b8a800d,931,training
1,231c06d81b6ec4fccc7dac970227127731985d64e5a004319092a59176ade3f8,932,validation
1,bd87664ca2f35c8f92f8c0633d1b991cb15b8bde74b24851d4c471389f850ddb,933,training
1,46a991e42343fc88fd4f6b00a568ce5efc9ecc49005c803a0b0375e10d44d690,934,training
1,8f120a713dba92415286f3cf69e51d0263962356bddf874b1b45cc59e931d4c9,935,training
1,648116e2d810a3da94cba09aa95349b11f5044582aa26f4d6ac3db3c4714acb7,936,training
1,86852c4d796b42216ef9e4c0e34106a9d380b31307e34645c6d50ea45fbcd98b,937,training
1,c912c6e6361db4d365ad2c3680060610d13e7ed2cc3ed5b9c8ad81c61c3c27ce,938,training
1,6a3c233d904cf30e23ad2aff206327317fce63fbb317a7370d9d2b5297a9f6a1,939,training
1,7218320a5d4be7682b72ac1119c0a6e52c90160555f4a3eca7eb19bc7662436a,940,validation
1,868996e91a2249dcfff67906f94cbc77eef2aa1a076505244a1dd0c5d9036208,941,training
1,63293572d516c809d47937a01b1245dacfbabd25572389b3f38ddb67b46d2000,942,validation
1,0c3c87b46e394d94bb11c1c6f230402a1e8532c81278420cda5f3d4d56e05a8c,943,training
1,c1b15ec5a177b84bc077021779341fa037426601321ce7e54f9d42ef751dcc02,944,training
1,f3ce30e7688950e718224a3f21b0947ca7ba6a6e487a18665e2f9cfd3b3b5042,945,validation
1,5a83e45adb095e72d4592cb121beece53aff40ff73b062fb0795a3de3a3416ed,946,training
1,35e023e9cb5838c5dd48084f0e3927790e7d238397964e87ac1551b6aaf7c987,947,validation
1,0ea10c27fd91dea6cb5a8fc4e2c88c5901503ffe96b1a26d2114530dfce924df,948,training
1,c67027613bf834f46ee320835f4af4bdb76dd2c81fe482c9a7e96de36dcd0a39,949,training
1,8feadb71b0633ab8c77d50000f0c8290f0e28785a9d9d6a8f8c96568b462307d,950,training
1,4a8a197274a351e96daf874c905e34086f8c60f2c4f69c85b9d589a85a9e13d9,951,validation
1,82c40bac71acf95fc57b9860814069f9fd0b0b59ebc36b8a3009eb2011413aa3,952,training
1,3768cf82c3a3af14e910163abb61c8d5ae60ae0484efcd5868792c0fe9af30a5,953,training
1,789ebfee6cb28bd18179e25556b0ed51b63ce29c1f53269bd010addd520a6d05,954,training
1,95d4667803e1728bdd79be5fa5d3a3e6152453dbcf2e692d3cafed1a952df81e,955,training
1,87a32fc99c69e0644c54f5e4d5beda7c0e3890870a3e4213d1b24591ac44fd49,956,training
1,403e942a661c3d52d8d617aa7c8cbf74c96caeb64b74056901f79576c050bf7d,957,training
1,31a45948359435724852e359f6881d12e3a820b8a82f99dfb9fb071608bda7f7,958,training
1,1a3d99e091665282fb81653684c9ec6056a68055b217208b20713cb557b10e7f,959,training
1,9f8cfbbd9d0d605f0fa1a4daf3e37b39affdbd3a4b04817bfb734ccd0d0edbca,960,training
1,6de2bb21825903345681e6e10578a039fad922a3eb34a434b74485b76cd1ac59,961,training
1,78e74eaf5f6958affb0c2bcd6b923fbc9bd3aafe8437d574c6f16a0c9f910234,962,training
1,9079524020c66826dca8b598eaa65b2bad4ea9c1c727dfa9140410c33e7d00b5,963,validation
1,e74e1675921a9bdc5b47a167f153c575fe368b7d74f27ec51867ed254e057446,964,training
1,8a166d44cb2321697e294e89236ec8ff1eb52ca9e845d039abb0447d84aec374,965,training
1,d12b1cee71bca057f736af76d1e5b853b07c1c5c60245481b71544990679d8d2,966,training
1,402eb50c72aed87ea8d254fc6ef395cdf09feca93e791cbda537a4d0fc2827ba,967,validation
1,e13bf889f3b341747ced48ceb7bfdbee5c06e63dc13e40e725c9a07163d53d41,968,validation
1,05ea5cd6ecf7bb5f93ce80150f3afe0d54bfff34e755e20f37a3c9af4e852453,969,training
1,f889a69f17bde15d50615cdfeead7f41c5cc33ffb99c2bed28be577f9e1365fb,970,training
1,43959c6febb9adddf3e7ea529508f824dafc4ce1bf596f0d8a22e869e2bf9289,971,training
1,f0eff8e4d4807d1d7fd10dbf4b4ae46f747788e320229d3cfc15e543aa432234,972,training
1,5b76319424ca621e6102d331b761561a7873320c140f4eb355ab69d78df83e1e,973,validation
1,cabedcde7dd9482b7ba547efe006885a751c091a40c074aed2176376e08c58fb,974,training
1,69d88d9b4fa7847971d47f8c80388bff4d2e7023caa67fcb566ce9a2314d0d77,975,training
1,c30c33809c643909dfea5f7685d0347eea1728df614ecc67c078d5c41ea186e1,976,training
1,a9b6701a8785017f4e4992a2dbee28ea5a4880abc368f8c079b62e39cf6bc460,977,training
1,9672b18afd3b63e7041f8ac9901ac9ce24e50fd788cd8d49fda17bdd5276a43b,978,training
1,35f106b2759af819c18fc5511feb2f77c2b7fbd9f80d73ef1701fdde75fda1e9,979,validation
1,7abcfc91dd989df6a4341cc763439211a0263b1ba16e1bc5abca7e515fd392ec,980,training
1,ee8dd0c01984dd244632cf4bb8e61a657f50b50eb5af82dd5aaeeb43f84e2ff8,981,validation
1,5aeb5df1716ee56a5ff03269c94e08474f187d88fedf1e4247dcc7e100ae3f3d,982,training
1,d34bb90e872b9eacbee05eafe3662b6d30f1d5b3def75d3ab7a12cd01b4e9efb,983,training
1,1b495dd8f9fd47427e268b033e85648372d09b9b87e34bd212ae6432e5a32bf1,984,validation
1,81b2c3593c20b70d56d5db76cffe93c98e7d9c937972f2da5836799543b14139,985,validation
1,98e066f1960f5ad7f76cd806604c7684eb9240b23d159a740d98f0f68cb87c08,986,training
1,71d41360b35efc4ec76be55aa303db67c1075d1e2ec70e7b24ed9e468a3ab365,987,training
1,131239d3d1a4e0309ea63beb66df7bb3f03d5095f730c78318025bfb6eac405f,988,training
1,db0881f12a16ce1831e2b18bf77b9d6d0e4d706a04777b8a16d4474c8dd3e503,989,training
1,44b70f46b4d57d78d27a0f86fec300772cd005e3218c8596c6e2be7edc2b39c2,990,training
1,f1146b6c09caa58877ff4bc66bdb6f8e94c8f2226bd59e945aae1eba3e3a92d6,991,training
1,feabf8ef1de82a2e840081b3002e2ded98eedd1eb9f8d2145b735336dbe99502,992,training
1,3734583689cbfd851dcc2cbdf629d65d56b04925a4d3c64ceeeb1aec1961ce43,993,training
1,1d33864f243ea4980b66ea9f2fab95cf98678f3bb6f99043a7e0ca3b89a56a87,994,training
1,ed0478a6183b8230f308582bf149f143b9ec94b9d735a24b4e34ec07e5badaba,995,training
1,b70dee5d3f2acec9ed0ba044d400a8cb994fc76cb6c4e6ac3951bd58c3fc7b11,996,training
1,11bd453147c4e2ca487ba317629b2ebf52313c383bfeb5dc238eab240e08fbc1,997,validation
1,e9b0d8cbb1029cc00dbc8763467bd94b5dcfb36dc23b9ecd4a5d332fb5330561,998,training
1,323f40128abb62e4472954bd6ec08859fe1198f0f40bec30c72bd7f9d897bc37,999,training
1,0f5e9b06ffed7bc5d03437d9ab9766829aa5d00a220daaedc5d5408b3b19f396,1000,validation
1,e1ae4bf0fb2fe750aa10e74c4a6abcf03ae7ec4e71125279ad9098728015d38d,1001,training
1,cdce2bc30eb228eb7f5965ba4d47a67febc1c4e33d21064086fb8fc87ab43b82,1002,validation
1,657e4b25828c319b15735225a73422a549f93d1ce20db83186e9e52340db3ae7,1003,validation
1,7c804d283b0cdfeb973bf84066e116992e03ace17e21a3a92e1fd1918a805cd0,1004,training
1,c270cda1f83958a7c0530d41d9396fa011a935613b47b7f8cac2f744bbcaffda,1005,training
1,3f760e6dd7fd1c9425ba6c8ca6f772c982690cef1e77ebec55f972b70a12a989,1006,training
1,041fd7af3f078f112712e9344ae62bd2ecc0651ee0c9873f96b5fbc3a6d17924,1007,training
1,9366b7665d23ddef8370df9de93a1043c3c2581e398df55f3791baab1ae78c51,1008,validation
1,b562c808bd9cdbb5b7e58e42f7e601d50cf1d12d89255d604696015e2b2c1863,1009,training
1,f6146cd06df736e4ca0b1c90226aee1772f99e27aad4cf297f31f3a304336718,1010,training
1,449b41ff91d6d795fae8ffa46705fa6bd204960bd47aef50952fdc1f7f706838,1011,training
1,2a809e7442d6ee9e7a1e130972e5656038c5b477a1de2683d83f504674c74cb1,1012,training
1,70cc23d376162e852a3cce01671bb1104cead8396b92f86821ede040e69fc361,1013,training
1,8ef94bdf5b76ae2536ea5a38d9906776bea64a68093478517ee430aea8052e44,1014,training
1,97c4a72c0e92c2b5b1ddd31d1140bcb0ba4d5ac885e43d9fb01ad56165608622,1015,training
1,0268c0004b3e04a390e322fee795a952b1fa7a0689ae95c32cfa6b3231082c16,1016,training
1,8afae7f6296f4957cd3dea2dd663a36d7bb63dbffabae5c3f16ce95e75a95750,1017,training
1,9cf3f5c610ca0ff760d5c16dc86b644f3fc36809d613372348311ec80577014c,1018,training
1,b9ac81e0ebe9194472d2a5cd71fa75bbc06be4c3ea8e12c5fc5d4316a259eb70,1019,training
1,458ec1a4e908a4839edceb7d0208527f35e5ad94643e37f01e65bb9f9c3c7725,1020,validation
1,536d039798c768818b43860195dfbe480fb7d2e922648f175a37af85495c54b5,1021,training
1,3f63c7d6840805f65c85d52c05685c172710462777393b06665a9a73b1a7371e,1022,training
1,abffd8cd39cc9a2aec012ace0519a23966c9d8fed70c1857df55a2ebf85dec40,1023,validation
1,57bba8cbb7b178584856fad3f8fedb088c3d1ed7b66dd6568766611fb08eb3c8,1024,training
1,a9d3aec51840d4de8fa83fec83e300abc9d4b8573927c203ffe6549ebfef1e3a,1025,training
1,b37e524a2a8099de17a108d99e021b14176ac3ab0eaea35f57974e9eb132a074,1026,training
1,be95728e8ecebd78c6899e57f2e1d35f0c57328c6180ca5a6b7fbd7fdddccdd1,1027,training
1,990a29816909e094f0c4585641b92bd6f891181e183bd5db45fb153d2e6ba965,1028,training
1,8d8e1fded3de8d72919bf46140cb3806bfabf7f118ace5e1794b63eefa28198e,1029,training
1,b6343ae96abaafa490960304304b934fc2e2af2a507a1c9c0de8e64f62ad4933,1030,training
1,d1a4b7597d9c7814eaf87e494b3bfafc737152cd82fd071f4fa7c11fccf28f2f,1031,validation
1,2e68c9f24bfdc30e4a70c6dff5c9ce5ef9ecd914aa2ad5050a50bb2f8708dc16,1032,training
1,e32f1f8e83aba0452798575d2ac4bef89d9ae27fa071ac04c7c0f5a30d1f155d,1033,validation
1,87a86db67830eae07d8a92fd0b57e842ba7a6bbddd6152ed45b0a02ba3a3e271,1034,validation
1,0fc9d8af2d6cf393e3e0e50f42b4812f874ad176c9b542ff5e37be7e872c43b9,1035,training
1,9e8087456e2ba6233dd55e6540044c6a38b8c8ad64d114758668567bc6d68565,1036,training
1,ee2e4f3eba6dfd6c20464c85eecf3d8f3ebed2aa6b48826e4f60384581269baa,1037,training
1,562649cf2741aaca0713a0ab1fa28ebc7b1fb29a39c0741d2b962eadabab730d,1038,training
1,e5f3a8605f176298f7501c7d8061de175abd5fae6c541ea8d13e8c35f67f57aa,1039,training
1,94ace12deeb961c4f07b3c404c39a8de65dc4042fe5106cbbac6f9231195b9e5,1040,training
1,92de01b9acf1eecce9933812199ef57c00b993b7dc4104aa6d9fbea58c09433a,1041,training
1,6ee6a3325e79fcdd68703e928ff5139261d9e76287c87fdf6e40f290f91f42ad,1042,training
1,0734e6b7c7037288e156c703816a7703f9676ceb5ebd8536b54367b5812fe68b,1043,validation
1,982d5f34a0726948059efea5c5f2ae86e9949d989d35b08478c3fcbd8d7788d5,1044,training
1,4e745d1c41c3b613b939fdb12a2bbf991d18f6d59941e6ddff35bed381b162d0,1045,training
1,41927268106b2de542b04272f88c4f8cd40da8c49cbb9671a0481405e96c9e8e,1046,training
1,e512385a5a0c84b4a0ca16f2e7bacac293161d570d72c054f16823491bbc33fe,1047,training
1,291064d6ddf8fc394c8fc7259341bbf72f3b850f6a6d553802c673cbf797dff6,1048,training
1,ef23966de6ba1be75465989b70943a44d4b2e0ce1eda8b238020a59fd1f9d802,1049,training
1,8e28d637d0c8a528fbfc4ffd42542a46762a4beec6c519491d9ec5f27a394e47,1050,validation
1,63bdf0c06a0acb75d0527ab82e9ceb2dd99f49c18a5bc3c80acb5513f9ec845c,1051,training
1,ddd0e11408bcdbeaf4c00b9ff469e6d7d852dbac43be6fe034c23a64e8718d1b,1052,validation
1,c6910530abbd4e93ec2b7bc902a987ca4dce20080f85de77cb4ff08a35b37759,1053,training
1,5b6b5c14def2645b436aec5c188cf6a350747acffe100c86b346c00521ef09b1,1054,training
1,2a6495f5232821f9b248885b757e0012e94015faf33c2ab4561f88395ed9b32b,1055,training
1,2ee0258e688c882ad4f1ad172ff79bbc843887709fc22783c352425290525066,1056,validation
1,5198d940b4f55fcf4248b7175fdcdfb59b5413be1756e137d7313e41877e97a2,1057,validation
1,b7b2bc1a1b2b210afe3efd689645ae0e4cfc51f9e247c4d970e3390ffef775b7,1058,validation
1,1266c3eb46f10895c6b0d62303a57c63882d58f66ae61cc0fc6efcadf8d108dd,1059,training
1,56f1daf092be2c834c7e239913d395693d01d361ad2870c2ee021a0f8bda5740,1060,training
1,2077bbfde4df490210e16082b717f83f6b3c89443eef248d6f884bfb7111c278,1061,training
1,3ca1ae6f71ed583858862d4d0c5b58163f502f175d0dda14c5db441948e49fe1,1062,training
1,da90ee1fcca592cbc21e31b103f9ee96e1d39dd5118c378bb0dc79ea5d245024,1063,training
1,edabf27940b4024fb8ef4de7ab7dea32cd8a5c2c42f1998d174a20d66308fab9,1064,training
1,91173558d1189651fd4b5d2167228769009f6e8a48f2bf2680b75004763ba2ae,1065,training
1,d82ec575a864c305b9c8c684288fad743d21a6ace493f3283ee7b68d479e139e,1066,training
1,817edc3736e8ad21a050c7f2791676390113e90d16e055c5f78ae0b29244180c,1067,validation
1,eab51313bb8e566da36adf5d178141451a63167e84c2f18190b3691fcf930a7b,1068,training
1,141aaa699e7a783365c0cb397fed8b04581add5e2ca1b0bf7c80ee734ba75cdd,1069,validation
1,5de7868d3a50c983a9796f45e29c7a922add62e8bca68b44a4c81e65531a2828,1070,training
1,b0a9354b628a5c431dcb12fb8cf19980cc1b002f183d7496ec147e5cb4278129,1071,training
1,906feac37ce60eaa919436b4f3064ae666920f10f8e38d7ada05262a00b137dc,1072,training
1,f903d88198d89aa39dfb856947a60052c3e2df0896bd25ef23b39da2ffa0d80e,1073,training
1,01338016f4070fe3c2ba240dc9716b78e27c1a9133c0c2a4c61690cacfafdde4,1074,training
1,50e6846b4d58916ece133ae455e9059f0b82fa29b29f0900da5daf51df629b0c,1075,training
1,b80f0fa0b914dc5c3206acbb810a691e2da002328b3b1097e8d3e55c6ce67fcf,1076,training
1,0e944d851fdcfb0c095664d9cf85977ab312161cdbe03febee943d67af72e1a2,1077,training
1,ddf6abc910096301ddb20a18ae808d253c5ee5f58bcc8e6dee81f10b15857472,1078,training
1,f68c6bd291f610c48f71bbce01f3a896eb9a05c40e633678a462cb161e8110f7,1079,validation
1,97ac6f7642e2547aaf1cfa9a932b57ee545106be446e3b4a6188abc9d8dde68a,1080,training
1,eeac42964fb91140852bf77938969f3e33d3a257da410b056684d39819a6cd5c,1081,training
1,038bea8970c5de2b757fac6409f4bfeab209ed7293083868431449922c951a94,1082,training
1,136f376e2d5857113ae8ea26146b222045799f9c679372860a1b4cbdb8f24c99,1083,training
1,ac5533fb6f2bb263a13cf16e2735d0a9801bf3b8fb17e366111451e54ceabb59,1084,training
1,3c8f7697735b11816d7c0a49a8b8e770ad63421c5f71b229f995099132816a5e,1085,validation
1,a47b7a8fc49a8419f6a8b06e278ca7371bc3b12c1d5203e0488a290c2d03fbc7,1086,training
1,ae452b1ef9bb358e4a228616f5484ea8f8bb9501fd824fd413b0e618e03839af,1087,validation
1,0f45a2a25d464cc689d7e592d3e61c99e6a0f241392495315e1d78e612a1ccb2,1088,training
1,7b6003d37ebac0bfaceae402334e8128a1964a80dbec47c549cd48a8a8d22eb8,1089,training
1,939aa4b01509699a7dee6b90313a0f0dc3cec9cb9c4bb6a4f2e68fd8d2746653,1090,training
1,f4a0ef93829f4d9babe6485f12a3c49fa4f8adeb91be4be8546f7ee6c3c66e21,1091,validation
1,32cf6ad8db654381da6c9fe2fa44bd961344e332369732145fe9401b08616837,1092,training
1,ff5317d09d261afbb0cbc81deffed123b0b84a34b5f5ae2398f7d3155292ceb1,1093,training
1,93da1a391036bb80a25730a58ae036ce97b6f696b8f619b7d1b355f60bdee08a,1094,training
1,5cb3c86546d2dd8947741399037240f612345a52c8bf9f5facecfa910d604db8,1095,training
1,4b263914c9b75df0294e94c3e57d45ddf47594bb082852d7a33a2f5e92793b99,1096,training
1,b06f8ab579ee48a240e60b1ac772a16fe23565eea928ef0949d6d72373f5f4f9,1097,training
1,995a71b93f4c073765a6a0b654e80051e8508f3484b2c56c63fc65bd35f4ceff,1098,training
1,edfb35d79e0b090adc1492148802eb6f4a4eeda994ac247ede723957c04f1634,1099,validation
1,bcf47b59300484d01db5dec21b7f1b662ecbebb96d5f1e7452216b55aedb07f9,1100,training
1,1f3076966b27fdaf5a51ddd1aa2e75fee6ae39b1e8e61006f88529d31183b154,1101,training
1,03aaa3b6d92176fb6a4de628d79235c0664b70d095bdff8731df246cac3ea392,1102,training
1,23b54a7432ee651f4a1104bd59c25556b60e4cbedf0382924ed10e1bc6b2de89,1103,training
1,89a3c752bcb99945e6d6e287982419517a6102325389f3cab07c0ec417a93fe8,1104,training
1,30e9d01ccf79709695ea84b821189a683679ebdf96cdc13081f58c92e495602d,1105,validation
1,342cc2b4838a2c68938e60d8027c81a6fabd426d75e471dc04f023e8b48b90a0,1106,training
1,42b2dcf16541816593556ce8855dbb7bc70ecb00a686a31dee0c6ce86511d497,1107,training
1,4c0513f0d89240e061131c437517836816c7d395336b5b1d463566a18522f741,1108,training
1,16219dd084d6e241de7289ac75a8fadd8cf8ce28a14b80c55a58125577be0979,1109,training
1,21e513b33415836fac39072ec664ff0b0f5f6c667ac58305bd58cea7ba231af9,1110,validation
1,413a2526b1134ad9b68f41f26d3d7c04135fc52593a38225501f6ff201c69a07,1111,training
1,814e400682b2f5bc9f5180803f05ae374daa1d91c35b381abd3ed047ad97b148,1112,training
1,0599c31573b82ccaa681034cd1bfab5092a4a328ef92079b5bd8f9a77cf9bbc1,1113,validation
1,35251f7c5b688de60423fee6567c21b03d1e81ec992aa4d834245323e08dc313,1114,validation
1,d3088aa4b35dec697b965bf3d5ffe738b8298d4d7bc3b984d7993980e5e55ca0,1115,validation
1,80535b89cd39c23c7861acc0077b5450dae1953ea93a34bc6ea3dc730acee2b3,1116,training
1,155df44d08ff203b53c2baf6fe6e3517771402fc6f5cede1b44d0564e523f81e,1117,training
1,bf7cd16b91cb6ddda05f6aff5ce890c838e480d0820f7ba05e0f1ce82d4877b8,1118,validation
1,b2f2f0853468ab998caa7f06e4f980169aab2fd5efc7a9f480bb061d9efffe35,1119,training
1,e3fa374103fd6c239c7fc3a8fcf0ba9880e77c5a00ca2934e7bd4c8e2ac1764e,1120,training
1,35e1d261d560fd8226ff61e6b8f0baf22a4a6f3eccc1474a0756009f1907eb23,1121,training
1,4b95fa7963f1b30e3935b2a631f0317b8d492d2f4fc62a0b2e53a38e40a70a58,1122,training
1,aaa583e138ca4350a30fd74bb796cc09577f9dfc4c0208d5cc528b4e291f9b88,1123,validation
1,4b3d80a1006515f42b150fb6d7be14d31784786eb5a8170c9716ad13025573ed,1124,validation
1,2288f51124c3b7d24b0a6679dc71f2561ebcccf43ce4160c07296b07f5aaee4a,1125,training
1,ae904c80dc07134ee04ccd3d7e252c7b2f24fa2484c0a15600764243817aa885,1126,training
1,42e7319fd6a46816a5bd2331316d4026ddce83d5810a658362b211a1967d1612,1127,validation
1,79439a9857bf4d9cf20fb95e086ff1f25377b4b696d90b3f1f1627a432ddbbd9,1128,validation
1,e5b73ee7e204a606ce38c3615a0a2c16084add31daaf721f527681f0bb928317,1129,training
1,9512ab9aeeaaad601a49992493474d2e3e5b6bcd7b1d56a95d5a2798e5547b89,1130,training
1,97f3e632f7b27536577c8fe21a9e9b91a1e9644b326657561a946ba72a440e67,1131,training
1,4594d7809dd107bbf8affb3b0e11a7c24ed326090b571fa6d68fbcc1f5a94e3c,1132,training
1,d7d26c6407db543c4135d0712aad67bb919bc7fa0f4b8fd5c904cd7885c8c10b,1133,validation
1,75730f3e6b098c97a231cfc73f6caebc218d6f6a19c6db24e40571dbd680a3b5,1134,training
1,d02ecbf1130af2a592ddbd97df4a3ababe534dbc6bd71f7cd4949d983fac0faf,1135,training
1,7e42082f8dd1c49fb6fd49b2aafc3daf7de42c2514359eeaab34f83708f3f2ed,1136,training
1,ea761d0957cf89c1e33c385cd697bf1b7b5e288c5b562add3bd059a4e30ac835,1137,training
1,d82f62d71d70f877cba6469f99c71a57cc447aab9328f532aad0f9c0eb5fbd89,1138,training
1,3bef22b588cb739027dd0fafd08fd83d5faac0d3e6ddd6bdd537f55dd042e7a3,1139,training
1,dd7476b4dfff548fa87ac89e5478e681a2bfe791ec9904b886a588700a25b70f,1140,validation
1,4aba629ecd40984cfb12b6fdee435433e64c867ce488e00f018af1d758dc5e9d,1141,training
1,d39d1b860c01db3fa41430b481d5e0540b0747a85f3110b515c1edf4e6bd53db,1142,training
1,e1af6321e3e9899da15f9a6dc40d65f22385c35af0c3e17747379890dd627a5c,1143,training
1,01cfe91f13c9dfe454e85922dae02b7669e58e724509b02a6ba6e3eaa7d3d51c,1144,training
1,df9309f669798f3fa11131885dcd501fee6a39853eca07f06ba6b82384689162,1145,validation
1,1c97335a21227800697d1a0bd1e4d7390089d3ba480c08ec4792a04449b7b7e2,1146,validation
1,53d1bf3ca215b2191a73c2b726037256baffba3c2a16c95c389277fafa665ee4,1147,training
1,bfa457a85b7c837aec9168943fbb2f62f626658f67b93b62bfea2620c6b6d70f,1148,training
1,60664dfb3fb691b07e6f9f61ad450ab463a8a2dbcaa1d2317de48c1aaa929457,1149,training
1,70856051f804748bec41bc5fac16bc711447ea4a83214587685f32f1341b1ac6,1150,training
1,97397a1880c4b6de33b0354b0c37bfaf51bc52fdb9ee1f4e7c6da9217119d3ee,1151,training
1,78101fc1559370a7da0ee78ba452e10b26f4ce3c52ba3adc89132eb2d217c9f7,1152,training
1,a324b1a5d493ac250f8cfe6163ef47d4745b576d20edd036ca01c93ded8a5dda,1153,training
1,88935af3851145211375764aa7bf66256a999e18613bae5712e2ec7f77009cb3,1154,training
1,ca411c14ff6005ca24972c10f22f86faf62400b20f006c04aa8d99fa8eea7763,1155,training
1,5108abfeef7771d43bd2ef9c49e9978013c4e4741ce8c57b84868d9adc50fef3,1156,validation
1,cd00965e11c10f596f2ac8908f774ce2a75266577d81c11ff74efb1984458731,1157,validation
1,62a113205c9b6c46d9c40c55e3a35cbeea46902ea011c9a1889fe37c6d46b9d2,1158,training
1,48834a436388f8937a8818db1a1471414ec24b1d179bedcf0a25a2b11e6bdd46,1159,training
1,f37e6d800cad8976e01e20ae105e03e7d66dfa0cbf0301f39c466174f44b0541,1160,training
1,05d80cf083853cd38ea5fe53b2978889eb638790b6c918413f01600ab48eb41e,1161,training
1,f3c4cae9d84de66da2787cbb3bd1e6f30f168eb66c2a21353a7ab00039d5eadd,1162,training
1,e2c11f0ff4d245570807eb2390c4af1df351282d87f85c65bcfe20b50a1bbd2c,1163,training
1,b98b8e26daf892ed5f186ac9372cf2812778c44edf594a6660a01652b7182863,1164,training
1,6215b564580948832bc2dffff58c5c3ec811f95889b5964bca2c0cca0700c092,1165,training
1,4fb0648f497346f3930773a8d2cf1195a12ac98fc8515716e815225be655f9d8,1166,training
1,90d55d662c11524419d8d19af5b87d43cc01e72a218f270350a0c1ef86122e22,1167,validation
1,597470e9bfc4619c22ce77234a923ea1b0ceb133e0817f2cfa491f263d8bd695,1168,validation
1,466f65ea80cc1730c8bcf72781e1584f4fafa2bd436a61d0ac5b0dcfa00322f9,1169,training
1,98cca2d5b0638973af0df747a1cfd4d0265ef0eeedcabdcf2d570f38f947bc07,1170,training
1,78a41890c67324a820aafb6b536f65e6c6e9546f63a6f7c99cb0736e6606778b,1171,training
1,359a59da25f361aa32c92a09ab32258576c9812a02fcfc596260c8e11ef98983,1172,training
1,38e157b6467ad0e478683a78d872fb19ffacc124337b888bd928ee1427191590,1173,training
1,87060ae4e71daa31e51e8ad06d4df345642fbfe3c4b5ac1b750280687daabaf4,1174,training
1,b2778850703c15008bc0b0f2c41f30927333331b8672e55c729ccb1522ef2988,1175,training
1,ada7a58238be46451733a0f1a25e99c91e2d47dad9ffb567ed1db3fe5fcf26fd,1176,training
1,acfc9aa77ad97d8c9487da2a78f8f1c2906188fb5810898ddd57ec4f9631d7a9,1177,validation
1,ce6b511213f018db771b3a6b5f93576a8f9d42dc978ccb0fa0f41f75f0a01995,1178,training
1,a08cf813fe8c0588e75ad319ea5d7dc3b88348e4c23f8c2dee88030ce558d886,1179,validation
1,db1eb44e1a70722e254e61e2554043d7b50a573a4bd9c27f90ebed727a8314ab,1180,training
1,60f2bcbf3251be66c89e57b6e6403a6633cf63e7ba433ef64d9ac185b645cf9c,1181,training
1,3000b294ba2142c66e425d43a15266ad367fdadf4806564258f0e99bf514fbc4,1182,validation
1,c6d07e1b16ce90314ca51d5b718e97e66392440859aaf2e76fb1ea5824ef6fd9,1183,validation
1,d36335bc4b097c7cb8e0e351b15bf5ae5d2cd5225f4ceae8f33111f90f1003da,1184,training
1,267c3aa283fe4847860da5882f21f9849842c70b1febacea97ae7b33885b7c98,1185,training
1,baa26c9bd4225b1d1d5a6e70155713fd5c10ca1ca2d4028150ab72cb5e364563,1186,validation
1,2fc619795078152548612ae963b03b813ad7a8076fc36ef747f68d21b600e09c,1187,training
1,2728744ed085389a52d997186a268b6ba50ef015bf086eddd745af856a0bb8f1,1188,training
1,efe85b2afec3198cc507fc48c58da46d4a908b90ae80162bd1f50dfb710007f4,1189,training
1,a1123f2d7ba8a5f4541dc84f31630cb01f6d39bc6760c2320594f6377395f55a,1190,training
1,42a274a5896aa7ce264916b1b4a9ca0d11e92369c2147251b8cb24b7dbc3853e,1191,training
1,2360195c0612e2453de4d47986d562b1b15205cf4b05b6289a14a3676fe1d7d9,1192,training
1,efb1ec76072020ab01e391647c595f7690a473cdf77b6a19c2cecd953b57715e,1193,training
1,69092f3c7b292d5645a7aff6f981196ebc5a9870a6a3db6f2c5926bab1c7c99e,1194,validation
1,b73a64fec1a0a67a997e8b2771d111411810b631a884e5b59eb5fda4f47c8173,1195,training
1,13e542087331e05c50474e0c02b84ee95253a12a5d6c61e2ebefce9cbcecc4d1,1196,validation
1,9ab7052a336c8f550b424cc5aaf1ca9998b434079a4ded885fef06beab1ba37d,1197,training
1,48661013266e9972d588b2a7b0cd7bb1391781fa6a5d2723b345898178bb7dcf,1198,training
1,f0ca162b1348ec9f852fb5449a22a8c830f028fbcabda550681f6840e5cb008e,1199,training
1,0c412da3cdf671fa0cb8301427d94031db1afa1caa4df9a8086da19addc11c5a,1200,training
1,0cac5721282d8792e027da7efaeb282ec5a0c25a3e0c3cacd723cd721d714457,1201,training
1,a3ab4fcf3f9098bee7543bd6b45f89d940ca3d702d161bf3fb2a2985a8900986,1202,training
1,56e4675a59d21fbb630f83086ff85d923184bb3128104944c7da27c6cb9531e6,1203,training
1,39b2d1cb0c8b18ff8531d47e0c36ac4fbd3e3111dd3de7af202cada4411129e3,1204,training
1,d59062b8cea01db16e5434dc9a0cb3c15012a5a3d8240088908501f7b157f946,1205,training
1,5cd7481ac71c651819dc3cd74ff6d408a41e963da722909217deeb5c767eb8d2,1206,training
1,5da16edfc12a7f39b1819d9de52130569279feff78999fec97c7a48b02e9e8ca,1207,training
1,1e4db95df3a0e10ecdd0367ba833fdea63f1e7522b6c5d5a7030a6337f5d0670,1208,training
1,f1dd40820ae03ac7fb9ebc4c5087b9ac9ddf8625d60adeaad338551cdf954935,1209,training
1,d0b202b61f95804d6a6c705db2c44365587cdfe1385c95bf7bcddb4300c2051d,1210,training
1,5646d2973034b1c4fbe10f30eb44552b10fc8b91074f8ffa6a83315fcbd4cda1,1211,training
1,d86f56665e8f3c829a3736f2c0055b443484bdc78336b0a8d2afb995854417f5,1212,training
1,9757fed8043aa9769f377c37820edb16e4f49548cbad70f9d0987f8650d6b241,1213,training
1,988831e7ccb9fbad0e980249fe94f5836d9fa32aca152f495ea57d79b9939fee,1214,training
1,1e475f82d96f520742dc826a3573da3fd0779cb8c21be9a485df3b87fb5b9c83,1215,training
1,a782ddd2d8efe711c8a6113522555b565f7da23d224e892091b4a1aceeb78ef4,1216,training
1,014e7ea1c22df2e52ea6cd6f641c7c6185c1585ae61b20c45ffaa66228121f48,1217,training
1,f6cccefbade5f2a826fb2f41d1a06982e8b873b49e97a371819b7f966723886f,1218,training
1,d4f3cb885c196aebcfecd7acf1d1aabb55fef8abced1e81fb09000c7ff8889e4,1219,training
1,317897db117fd104cb8ca4c28135dbceed9cb9b61e5e752a18ed19014c8148d6,1220,training
1,7c8023c8b0c6e2bba6599f26899bbde0ca6a626de7b2e286036b683700ac625a,1221,training
1,76ef3eb89c7a4dad5caa1236b7ef0b3661ea25321c34f9d636d1d931441b50c1,1222,training
1,925d9789b800e63966c81025aa61c5f6e789c10c4eef464705f76b1372ab4bf8,1223,training
1,790d6be937acb704534f560d1e17fdc2f75adbee3daf29fb2a103829349c07bf,1224,training
1,6ab2bcc9028344d817ee2e3b63f1f63622441a196264c50135c8af3eacc7e613,1225,training
1,0d2007fafb1d7c5eb2681dbc5fa85b1b3bb789613a6f319991854ceacf1f8ed5,1226,training
1,c7cbaf1953bd972d84b25ad8e17aa0b47b8fde5a48e0c5feb261e5e54301ffea,1227,training
1,9d1d6470d23deed4c85b760b4e92fd574656e9b2649e41ad1f551988be0f7d97,1228,validation
1,946e68311b50e6bb29c19d58ee132161b86aa8895a18d782bf2d96e3fa468f55,1229,training
1,cfe06fba0e0467ffa66ee9788a8503bde9762a0eaad796813546014c4861e534,1230,training
1,651d7f145b49feea2ed24e00f956e08074962a1d145bab0f0f723da41fe87715,1231,training
1,48139e0a7a1b63c6b5d6160255e27af340b0760437058fcfca8034f4849d0931,1232,training
1,40bd8e37bb2661069ff79fce8532039d6e646d2ce58b9909758dc781d6ebbc2f,1233,training
1,9bdb05bf39f8d8835dc892bc7886ee554191e46d95b0588dfbcf2fac87aa2e51,1234,training
1,35d08223755374a61c94c7b4fac4c3280b34743a1aaa60fb6c7fa5780571fc94,1235,validation
1,fa6fabb2d416265fdcdfef72e74c88034565a99fd8918e3b61c09d365a9bc746,1236,training
1,527b7cb7374f795171866be10453659a7d881718c8d06e48a3507145440142ea,1237,training
1,5b26c243cf485222c7655cd22197ae1108b4f3dcfa2c50f710fab28c7fa8d577,1238,validation
1,1b06d438b7410e00e0e1242fa548311d7fae1ab1cf948c82e3006740f349dc4d,1239,training
1,27fdc522833ec7e59b6aaca7da2da84240cb1e6ce235ad53022df02891a08d9e,1240,training
1,52ba2e2fdb2819ba6a2c62e6b27874b99853c6ce3950dbcc452fae4b21f6caee,1241,training
1,fc963b9bcc917d0cf0886e16e36a30b118104e7c6a8f3773b20e66ef34d30f5f,1242,validation
1,82dfea75d690399a177d426205d90667e371deb85ea214d036123d3763dde843,1243,training
1,78400732b59d05145bf0d155e76a6bfb13dbbe26e69979d3264769ab0873bbbd,1244,training
1,be2fe767c43446b0ec56bcc486b1786b29693e40080714905225f1a972ff23c7,1245,training
1,2d04afcaba7328991bf8ff79483e5af1966cadd000161fcbe177b5002b99211c,1246,training
1,735e9d3d33b500842ba74312c6e4a6debd6d27b65de5a59c7eac79c54d0e5f39,1247,training
1,71ee16566fca7f6c4b4b9114c49aeeeb84972d8d037d896ee0880cef4686d7ea,1248,validation
1,d96a1f20919b38fa7c35a55aa94d5d08bbe9f592a478d067355a6acbf9c740c6,1249,training
1,7e69d380b8a9e038df0b94f3422320b7590e2452b2ffc64b77451548bb3882ae,1250,training
1,e6d412b511f8085647e898630a246dc07bc8d02ea63253850370317965c05b29,1251,training
1,c7e8e5a72f13041f2185df5e5c6456d38fae8c349370d02c8fbd35898f4dc59c,1,testing
1,612f3d21158072fa07aa04ffafd97df48cd826b3e16529b82d45ebb8f0fe450d,2,testing
1,0d3d8cdce9fce4405073e8581f85afa0f5a97f873cd71b3aa27fd36a978337ef,3,testing
1,c18aeba746be8bce0ae70faa8a573bc3e344d3b3f6e18d5d5da03b934324484a,4,testing
1,e8101a9fa64bd03ce3623f36ac6cfde87e5986bc1a6b39d620def9cc7d430c6d,5,testing
1,1e7c82ae1299ec4c7afd5907235be4149723d71ea2cba8a3e3e852102f15b3ee,6,testing
1,4fdead6c273e8c27ecd70a13292ec84a0e5ec3898801a243be9beaf909af590f,7,testing
1,1298a98f211f6d4a2ccf2684f3d811dad223eae69714349b76e4f80e4c8e4d74,8,testing
1,2807d6a8d8e0f149b79882af867f597b25ee3664ef6e06cdfbda3081ae9026fc,9,testing
1,24b7244abc44f4894ded23a8097bc162c8b394c51af1cabf9bac4c195bddc4af,10,testing
1,8fa0baedf0f1f7c1534d3ba130869138ed7f9a821be142ead6d47cacd516460d,11,testing
1,fbc29a80ef4d76745e6200e827cc3b3ea2ada81bf22e98c362b814f19b26239b,12,testing
1,9abd2da66e319557d1fc3b01adefbcc8f4800e04bdd4554cd639f8e59c3df51d,13,testing
1,80325150fd303ca2b0374ec5ab651d4fee609e8031715092c604f9a258bf7915,14,testing
1,f5959ee15c434d8bc5371cc3f115b02f4cf3410c2b83a65d216efcbdb44427dd,15,testing
1,a8686d7a606f422dcef095df9e9527e8082ed8b86ea4b5246f326adfc084a358,16,testing
1,05a91a773c9b632be17ef902f72adbddefd454ad20cd21469a56aaaa62cae95a,17,testing
1,cc0845c235c18ae5fe65ab18eb68031f15b55d3f0c8a9ec39bdb968368b299b9,18,testing
1,0b98ea6783831d7a843554ddb3b362f87475afa859380fe9c633aa05d179a112,19,testing
1,edf4daaa298ec971e1fc0db0aa3c62a3992ba0374991857ac22bafbbb17333f3,20,testing
1,c9f01a351b5052404b9de5820216a02b96aa6142b7ae228475aaa24ed9e84a1c,21,testing
1,5b27b44e66cb95eb1aae8d60c201a8047defbd92d7cd6a08895ee17f157eb563,22,testing
1,c002ae568a4b87c5ba9caa9fd5c97ccd166a3a8523d44abd1f4a7d088e70ea10,23,testing
1,558371fa977cb1d6178995596509967c503a75528ed339dc4decb40521fe29da,24,testing
1,3d190e7b80897bd6cfe986804e4417e755d04f8196385b82325b5fe4675b8553,25,testing
1,d019f8b94a07554f3463e385adf1f10fec3b9ae4ba9942662137e697357185c7,26,testing
1,498f2712ad328a6f4a93751d1a8ff3888bcc57c77892b2662aac7be2279c3a83,27,testing
1,3cfa35986c552ceec932d264dbcf568cb21472aa794d59444555837ee225eb75,28,testing
1,6137cddfd5dc54bb5f3eec2e3d78885bbd60b2806278987d419065f069342bf8,29,testing
1,8e4bc2f87cf34185077fc2039083bb3fc31f2a07d6f2f6d26654b56d99e6dc56,30,testing
1,a20220c2749b85eafd4ebd1ee7428c0c958f680e0e247de54852fd8ba21f94c4,31,testing
1,58f51f167b529fd3a695541ed428058b7861b7f7ebe6c2a9f614b7cf6955144c,32,testing
1,39ead24882864fb861b4ddd9c6dda038460ef2f1a0e8921ce68e7ac1ec9481a1,33,testing
1,ea093d7f57c2056a7e9c5fbaa71092dddfd1120bf6c5f5762dc33adec357ef9d,34,testing
1,b6c8824d855165be3dbfe71d49c703ead1d99b1318d17ba714cc3c48fdecc697,35,testing
1,11f894d57e0777981c3adebe8f129919280530e463afaab290e4b7b882ffbcec,36,testing
1,9304c62daeb8d60c944ed7fde9b3cebdd33607e98daa0becc23762931c02aecb,37,testing
1,9c6356e7c5aa5d2c4acc40079d9ddd3565ce7591832caba2bb434fbfabdb34b5,38,testing
1,f081ac43abc01c2dbccf5a0a42d160953f3cfaf5250a3e09eed27ee3500703f6,39,testing
1,f997cef0c17372d3ee85d4727a9dbe723cfe3c4f6d34f7eebf57ab91c25cc926,40,testing
1,5b0d9c86d2499bd10340f9d378d262af17acf36da2835d19a90c34a7c9690abd,41,testing
1,92ee6f5c67bdf7b30546f66614e713a36bd7ddca208debf5a67b28889408017a,42,testing
1,1b588f272560e4b16e75167742370e10ef102b579d7fbfb5712a0d5f88fa3d82,43,testing
1,34a9c73219e47533e7dbc876084aa8934e0787eb9b0182ad646f35b98a9f3056,44,testing
1,d0beb457d34c1bb4f16277abce05d1cadad6d172a5bbb5045fa7aebe5ec3f0bc,45,testing
1,d7441d7c7344cc96daad56a2b1cd3ad8477208d9bb21f08ca14f87aa8eef5544,46,testing
1,2f5b0c26efe3c58af847d84916e5d4dfe12acd59ea383f4105adfba03d3e0364,47,testing
1,9a68496637cbd7609f9162cdee7e1825609d1ae58701349c2e1a7ad418228c4a,48,testing
1,782d0b47d35d45565ecb3977bb50987e4b4e20fb815beb28ca88239f11e783f7,49,testing
1,3d7fd6cba172778c84649e55846c81ad215e929534717e1ab49e8d1d1235dfd5,50,testing
1,abb68dfe76c889b1afb44a0b36c8c078527fcea40812bc2e1256c003bba4bb77,51,testing
1,879e16e5945df2c77d49df485483c7623a40b9cb86faad02a365c349f8d03b9e,52,testing
1,78d2ca6cb249ea212b1a4970eadbc9568074f2b13fa6bc017d951a15a50e049e,53,testing
1,be3bc6eb4ef5b60f305fc810fdc9d4705c0e099fd8c7bf5cabc895847d1fef52,54,testing
1,1718409f90015a7ed44a56701af420336f32e99756ebf345f9aa6421f5bffac8,55,testing
1,5d71a5d6b82e061fbea1582c6fd6d416742ce40baa893b2ee419f0189a827578,56,testing
1,e55d74bb44008d2d3ee5830a08c23de811ff63373f0742df060cee210d716527,57,testing
1,29452869e2439d6c569a7c87ab64ae078bbe775cbd151d53d02576227be39ead,58,testing
1,b65d1d8005ba494ca5eac2a33ff1a9642afc5d638c6e7e9915469f6ec3f64a9b,59,testing
1,bc34d1846ec053a6d1c48ce3b7a5071a57e4064df24a66523cd9863130829573,60,testing
1,743941e7b5a9d14a6f6ec2a0cad4704d3b891bbb03e256eb631af7bdd9b53acf,61,testing
1,ed6710be40f7493b4e9b69a0c478a2b80a99666902791deff9c601ad72fc914b,62,testing
1,a9437f8eb93ba2e7b681160e2b239fcdf1bcc3ea6f41680a273a1a079e33a250,63,testing
1,32a58a442d4417e312f0a9d6e851232e2f07fb09b119a722f6f69f0d849acf5c,64,testing
1,6bd5c30d85d3a0c8e18ba88531edf3ecde05aa69d1736313f977e17222675f6a,65,testing
1,6b08d1e52ef8dbdc21862d60afc2de5410128d76afef9c8cdb9ce459d5f775ac,66,testing
1,b1e0aaffab35c158e5601841391480e5acc61dc9db6cc94a0877242b1230988d,67,testing
1,35714b2cc9c254623239d70d3fc6d4b7e095464154e8e3ac243d800a533327fe,68,testing
1,7b76eaaf2723f56d5e0285c6ec6d1fb9c8dbf54802af3993d382d054b523623e,69,testing
1,ab240cdcea830ccd788e586899d271fcd0d917aaf73778a7dd53a1d4ed45351a,70,testing
1,dd128ae90a33ade3679b47b86123046b8fafdb4b4de61099576a289f3555b392,71,testing
1,7fa05870e9bd7f1ef8a8b6069a03307061be6dd6e140282924cd587ac185252e,72,testing
1,3019a4f5c00458ee98f0d87a2ed635da1469b412762ae8a0947a633b883c416f,73,testing
1,0cbf85d1be44bd9440d8a5abb8ed9439d5e9795a9e0e7fb9c793dfc49b53cbd9,74,testing
1,f01e458e0d4aaea2d398801011816b923ef65da0528acf96f7cf30b49f036f1d,75,testing
1,8bc0f9e275e3f3740991f528fdfb89a7fd459ce3c1f1c6740ab470dfc39461ae,76,testing
1,e6ae81e38689fd3be25d56e41c99948279b7ba4d34ce3df7d4ff9e7d2cdec829,77,testing
1,225bbc216cba454c6ed195787ee1e82510943ea93ad3b764a3f6efea7405e1af,78,testing
1,d608079fa5a0e2e6987fb051e210c9b34173070302e87c623a0940a0f420ae6a,79,testing
1,fa81f3f46d22dde623496e05d36e2f448b0ef2b10126fd17c287940d4cc60f50,80,testing
1,10465086278053cafc57decc42f51d49acd2cd2201a3b043f001007b6448704d,81,testing
1,c6564726c3cb86f411fa2fa24be0fcb25ff3a5fcdaa8dc34ef15669036734fd6,82,testing
1,c6db78ef41b073927f191b715b97aab324efcee7591987e7517ec3d3b1439e86,83,testing
1,4b7013d3278b34e30c382032b9ad5f597f6ed3b420224bbd16112c7f07d161a3,84,testing
1,04e070b40cc39cdb86ef080cbe96e0b169d724823365218fe4733ca561caace3,85,testing
1,6f20ca81b1ae49564cd762b5332cc91bf4db2512e0b7a8d5ed223b64dcaafc27,86,testing
1,958560df6932daf44a94579596aa48322358eae93405e8d74b64bc958817bf55,87,testing
1,2ca713690338c60d9a285dba0d2c7cb35db6c97cec382c836ea4c74669750d4b,88,testing
1,01b77b74ed7175fcb97656f52bc38245c0dff453a1636f009402eac3e64770c2,89,testing
1,292907b611ee552349c6dfbb63ca176f8bd82c9675a80e5204c26c4f19d98fb1,90,testing
1,05119a4c1ea96b9200fb6b48770694039129ed219c390f7cc9f91692c51fe9b6,91,testing
1,68c1f0d10cbaf271b3c2b32eff17cbf2312c461d5084783e20564831547c41f5,92,testing
1,2ef6548fb4f031c7e94e93d741d031a14bc79a54beb793b76f7bf1e4610a443c,93,testing
1,55fe4985c0c1cf7eba3098c2201dca59fd10770601baf8870f3f71b069c4a1de,94,testing
1,ab73e6015736eca0f47844cda35a1f3313c6fd30231801f55e883aa9cb8f614c,95,testing
1,a7ff44ebba59e48eb879ab5c174bc5f694f25b9c12517a265577a68f3762cd42,96,testing
1,01f1cc5a2243d66dd64e0c892f452481be6e018c31f72aa8e9dbd04cc546495a,97,testing
1,a97fc006620921f2421bc2caa7dcf4ee3bd29a2f21172f49dddc8f2f2fb3c780,98,testing
1,0eea522ade680847b835a058e26b90172ea070366d0ffe1f3808298b2e224535,99,testing
1,cf6e59f4c122e472d57026493ec3543885907c2745f66feb7a2065c5aab8c9b3,100,testing
1,34c79409d7b1589d251ffa828a692a76312b5e8541695d6acffa2f94663b4ee7,101,testing
1,0071b6dc149b1b709cf6797d5aef1ccbd2f067fbbc8428207b2610f148015ada,102,testing
1,c1b22ac971fcf6b1436bea408f40451167319f0d05cfdd1c799236b7ccf47494,103,testing
1,0a18232cbec47df13c282859354cfd9b022a4897d44041b2adad8630ce386888,104,testing
1,ad3b42cd648dfa4a7ad37ef037469b77727022eda3c73e9f850546d99dec6202,105,testing
1,5b777e61a9d701091bed2d77aa8550927372091b514b722f017ca06981e8ff1d,106,testing
1,c63d6eaa0fcd324db18bb5fc40b0c13c10f7445d90ccdd294a48396d74c4d30b,107,testing
1,ecc78fa1b0b145d12079eae3f37c165d5df88f4c82261d2866e4f5987bbfa92a,108,testing
1,af1976bb55359b45c0d1a138b7b08a8755e8163099f27b0d14e332015192b4c7,109,testing
1,790242b6b866cafebd5ed35db77034d31f6030bfe8469f0b5b215c8711931ffb,110,testing
1,aabc90859300e2220463b4c1710e7d238c5e36290c571c3d5f1a7658cdcb8ed2,111,testing
1,46757bc1caf4e31bb0f83ffb014542e5d2940b69ed8083590244c231e2ac0276,112,testing
1,6d12840ad981eb0459f9d803b89477ebb2c95e73232cd2d0857e50831134656b,113,testing
1,41e6ad302dfb92615aadca9d5f18ac33208e3dd954aef7368ad8febacf43abe9,114,testing
1,283fc81234e7e3e65d01f553f368d68ac8c9a0ae17aa7d090cce40bf413052b0,115,testing
1,9367bef3e6ca3f7734905a7ddef56fa085b8e108070a24ac87144cfee6c58628,116,testing
1,7ad27da65c741a3ad31ab80626e4067eadf078abcb98b7eb09982ba7374d8dd4,117,testing
1,fefc700e443153ff4ca3db121f40cb639d02e9876614764c5361051b7e016d59,118,testing
1,e448a26f9333404a5d9362e79df0d12632493df63e0f55b3e783e930cc82dee3,119,testing
1,7f596b5e1e0721e83a98f4696f1f64c39f538b0dd25c1ad414c5fe816ba31f6c,120,testing
1,2e852e653ec73ca8025b7580da21cc3393318e2cf5e09c2d2e75b1c7c0d4939c,121,testing
1,5a684a24067f391a4955bcefe97d44aab899f7a8b61bdd0579540d1906508391,122,testing
1,19a331d0f71284721bde667cd43191331c80647dadf559e9bd00e660486c9ca4,123,testing
1,d4b871916775e203dad5b49bddaf21a75c9283f3129f45bab08e1d1a422779fc,124,testing
1,c8e02c65b2eca5ebe7467413aa676781cf3156307a895ccd3e2cae7cdac49789,125,testing
1,62049307819ea0bfecddec4c5707c2b0d61cce9cc37355f7dd5445ec182c3e37,126,testing
1,7a6e6bc901d557f0b1a1c7acfa59725c6656be36b718e7177a01540b577dc140,127,testing
1,c8ae9698e0c47daa2d2f515a73e9ff8ada6c356ab660047f9fe6d41cee483f30,128,testing
1,9159bf5d91e30810eb4d0336877f1a3de21c7084c5d9fc65f5b4c20059ee14b3,129,testing
1,d070b5c71014cc8c63cb03c8264957e504aad06da2e624a41910ac4afd12c63d,130,testing
1,209927c3c99e96c7b7c43330506fd9077beb67babf3e235d70e62431b69b1d07,131,testing
1,004be6ee8dff13ae84f33ad6c1c7e8d3c328440a68dc2d77a36eead40509d582,132,testing
1,0b8eb6b6222b474cf8b2113ce1faa19e80e868615e9e144514b568ea78ba625b,133,testing
1,e33eca6c16f79c89976ba572a04893066acba9e65b89a0159f6b6d2c0831c6b6,134,testing
1,3a3ec941ba6565441413d9d4fadfd8dba0b8672594d0458abea63863e76f36fb,135,testing
1,f0ec1ded70f41a0c80bd2b3b6e15687a6fe200baa74ba06506bb7cb63c071840,136,testing
1,c3827f0a154ebca7c3df528014540262c2d5b65b1faa991eefe75a9118f888fb,137,testing
1,9b7b9798b4f306f56be3388462a76eece1e4c084fcf9197bd4828c71cfa2cf74,138,testing
1,c63ac20f90fc8d9a1979a25bfbf261a5b5eeb817eb45c723c6e12518279f795b,139,testing
1,d70ac17df9ad838274edb9b2e780ee038494f523c461bff66c6caad87f3ee2c0,140,testing
1,b86f77c2be01955b9247dd86dc58ef7fca53c04ab71ce0d4e2fbf348b693535d,141,testing
1,7caf2708bcd2ccea7f6266775ad006d8d60bbd880ea97034f3a0b64287f08d02,142,testing
1,07a2467dc3b85ce3493e70f120b58edd5ff1ca6cc41cc2a14c9d94228f0ecb83,143,testing
1,c42e49ac041aefcbfdb559e08eae211edd0b5700b8d7f53d72cd7e4f74f6bffb,144,testing
1,f0b22b9d541fb5bdd3835b68589382a7be56f3b7d74be40def7fe432cb5a1ff8,145,testing
1,e5af280538ac07f06943f8381e3715311de1b5c9f7bfeb1de77730b0b8b43c47,146,testing
1,b1e4ed857e847afdf88adf2f3356596e5e0db61cd86bf0b366b3b0ced16e3ce3,147,testing
1,ac178f0c854439614cd0ee2ff8f8f4a833f5429be50e121b5959a6a2e43d4a7f,148,testing
1,c467cb931a62813f837afadc27256074d156ea39ce10106bebc05b3b676e2359,149,testing
1,dc20fb8a18f4ea845c42f2a08ea67db2bffad5cf0ad67254e7b5ce856bc652a1,150,testing
1,02df6283e2b6b26a5a4ca28ad1c3c18cad4987212e0158f135e32d8d8acfa876,151,testing
1,acc61061b46225cf5dc0f01f46895e7e25fb6a72eb0b314eb9193ac29c8e9660,152,testing
1,dbacc99081575c665f5d7b51ad042cfc18430b8c752a83ab04b73750f9e90c4a,153,testing
1,b4299527e9c92027085fdf3297bde038a4312c297bdecad3eac6b5e2c79f8f3f,154,testing
1,5df73742bc2ee0e7080e21d15324a07bdbb3ee7b968e7497185baece9c3102c2,155,testing
1,b5c27468c419af15d0bc7e41313ebc8d558955aaaa66ab027fe141af36cb29d6,156,testing
1,b65e05d0f394945dfcb87ba11d7ea602c98af627117435957505479529fcc8fd,157,testing
1,0f062fb3463895fe0d4725f95d8219382f986322ab106f633e28bda196e4591e,158,testing
1,d73976f1f86abc43992f1a3cf98058a9750031479dac3a515dc89ce1330f7b17,159,testing
1,43c764659d9442ed4aebb18167b6398bde1f8ddd8336ade53191b16954ce6a7c,160,testing
1,4f9b03ba8147ce50d55451a234c96b43c78ba47fd64561d2692454e0105894eb,161,testing
1,4a19e8cf15ac57eecac95421f8e7d4a4187a69a6891c419013f81e845c0c332d,162,testing
1,ac7964e99c56c4ffa8ba1553d1fbbf7aa025be1275a7531b647bafced190b8e3,163,testing
1,d52479b5e76fada2c0238c358ca42ab282d26a065b4199630530a10a7376b50b,164,testing
1,7c48e1b0f2f29ec88fa2dcdd064a523d0e459e4cb6f317b1da2e542d78a51ea7,165,testing
1,d946b75902b4fc7a3b368e8e1b68ee95ffc048661bb74b92daa19ae00503d65a,166,testing
1,f2fac6bf844ee93547e74f30c1b937fe9f5ca5ba7d5dad359cd7838d4d07b49c,167,testing
1,ab4943a02415b35eda9fe4d26eee3bf2b8cf7e5c607e01c24dde64b5e79088fb,168,testing
1,977e823b8fb75eb172b5c816021d3e596378fee20f3773fbd9359f35644ea1e9,169,testing
1,46c7ec38d56bee7f51c091bcde84a1625931083af88f62251b5e577319901da0,170,testing
1,73e5a5036331adedfabf569240d649d246fe95137ad02ec521de714f331d4891,171,testing
1,b630a4d2b4e96b2e01e5b1b57bbab544b332d8e8b4ee1e281faed1aaa8b928c3,172,testing
1,fcc48110df500ef4a648ae864cab890402a1b48961436bc9c65e0660198630c5,173,testing
1,263d99e259ca47ae8d93b7e88657cc7cb896cc0112d4fec322ccb01251c084b8,174,testing
1,ae9c5a59b973038cc00dd9dbab45d075a1d0a5d844d1cc8e329f086a2f46fce4,175,testing
1,cfcc8f260728281ad75eb02c69a2dd06ee31aa6e9747fd1a1d8b2fb485b44f7b,176,testing
1,b76dc902b334e825581ef9c5585e92438715cfde288675640b2f8996daf4220c,177,testing
1,e0ad7d39fe4049e440905d9a979504b3ca6dc03d6efb24fc0f1826c4374f341c,178,testing
1,4e956afd57d97da3c1b752be5f7b98a0f27912b4195a3ee7e86a0f8b06181119,179,testing
1,20a6533574d8a1e7b642275e3426a355a6ef2c5059870b1c75873f6cb4eb87bb,180,testing
1,0d981e0d4307dffcfb5bd24b4c7a53ca4b46f1247d36b14ce2798ef15503d726,181,testing
1,25e85facb2afe374a4445528a5d6953c0868ea380a0a29c873a3bfca1ccd303b,182,testing
1,bd1db6ee6a41719d218828830e000e216da83776e56bce94c95d2fb278debd51,183,testing
1,e556b0c738fcea4e7fd09e7e102fe76ea22a17bec2e953fe16fd2e3147290fe9,184,testing
1,fb22ef27413b5726a0f57e0dceab190139ad97a6917d89ec48561b6eebf6be0c,185,testing
1,3ec8d82e917772925cc733de9f2d1c6585c33fa5da1acbd13fb468e31adcf4ca,186,testing
1,0de2d3ba35968bc67a66cb04fb6f0925be63d794452263aa8e1043e82026d17e,187,testing
1,09e480566f5082a26c54f46b504747a1beca087388dda72ce6fd317b3a94696a,188,testing
1,7ac0168e39b6a3e3a1a39691c5eb511bc60124c2bbeec1050118d4493b76323d,189,testing
1,89d9b84d1918e2396dd21fcbd1547334948c6b32ea0c6eb82c9074745efcb59d,190,testing
1,a6fb77718601bd109175d5cbfeac27c98fbb2f905fa93ca418e96993e841690f,191,testing
1,b074f224cb22568d09f0ea03a3773f0581fa512320eaa5760d47991874d4b394,192,testing
1,d4321a5b096470bb49d47967d0b0d383939c417143e32b1c5c1f654314911fde,193,testing
1,0be9e3ff0b1e3e28938c16180af6fcc1ea48884a42e4b065ae4a169814aa552e,194,testing
1,f74bb5e61c05593a3a754b0804a8e7fd2fa725163df1355ae95403480d812d83,195,testing
1,b4dc52b42b8e6e357458f310922802f6d1a2402af4a3bc2965a90ad2a1100e2a,196,testing
1,9474d878d5f1682c4fb9a316c3892eb97c34a8ceb4a35e83ee149d7ca951bd31,197,testing
1,a46422528fa21fc44da9fbc083be52b716fde05fc6bb6eea52a632647b26e254,198,testing
1,55cc134038ff305d5f6e957963621bfa5ef7e10b651ace3db331fbbf48737d85,199,testing
1,adf2bbf19557cd48adde69e2133c94cda48e82b258e259c3154e0e6577b45836,200,testing
1,09bb55bc7aa0c42c826f4156a582b9771c96d76a0251ea0c2500b1ade6c5ab12,201,testing
1,54b89f9159e091383ecd191acf915ad78b7617e04b8a4aec1a72810c8c9ab3b3,202,testing
1,3ad5178789039a1db450198be2f6c89b1a079f6c20c5378383b4398957b5d239,203,testing
1,95ee7c52da7acf71503844fcb3decf93d6b3705848901adb1b475d4b5733ee12,204,testing
1,ebeb1dde3d26c086275c9f7129ab29f970272b203e9234962d76d2e985e22f1a,205,testing
1,47b6ea66564bd027c09cbea163cd518baedfb09b79e1159e5ff47b5f62216364,206,testing
1,9879f3414acd176d3d556942180ba05363dbb47180fcb141c0e0e0adf8e64ed0,207,testing
1,812b6c159022484f97397b1f2ad91bb9e0d075ef8822cb0bbd67be265f662185,208,testing
1,2f3b6a711f4e5b7231c65493a1e1cc1c48716b5166209039a89983a8ced67dff,209,testing
1,e3462dab0c416a0cfef1ec1341c9ff672ce29e9d5013c02bb0df24e69c59fddc,210,testing
1,828809dced50a38f32a5d36ab9829940517b820d16471ad74143e920b6daa324,211,testing
1,24b708e8bd7cb644a0aae3d3772214ea97138b25f40d89832e552a17b6066093,212,testing
1,9a7741349dd0e321bd8ace738e86ff7dd83d02d878d9b3c8ae041f1828c02024,213,testing
1,b7a19febc46c60e3db35c7a4b921f61c8f751c8f9dceff23e554114aed18786b,214,testing
1,7f6c80499e56a2bda9f512e841d4e2b4818840bedf2bd4605a49760a1bf6cac0,215,testing
1,2eca5b43baa1dce459c6bda2b872b5dcca33c69f40f3a1704ef9832a5776d3bd,216,testing
1,affc2b529404d5244002ef6eedd91870aff31024f999fab2e54ffb3627c3ecf0,217,testing
1,cd0f11bd4ce234b2e8a2cd228b3739921a7e0c92449331961710f70ee8004fd3,218,testing
1,000ea7005b5abe9de4e7856bc2daaf52c405ac2d604e4bef96d75356e00fe232,219,testing
1,4297ab788795fe4e742e919c6fd347c3e0fc5d0ad9db10c847f842943df1b4e0,220,testing
1,2cef168d1caddca819b79dbd548afda89bc4f27d365d6e75e7f3635b779a2577,221,testing
1,cf1548dfb96cc6608960c40dafce9ee87777168f0529bdbfa1fd94ea02dff7fe,222,testing
1,6b39016f693669b70e2992863023f64dae1399df619bd26db8e364f66f00151c,223,testing
1,61caab443eea0a51a74ce3b4bf9c5e52d29055f189b303d5d3525a9724d17482,224,testing
1,8d529ee600bd5548366009b0db2dadd80620fc7569b16d3342689f6aceb772fa,225,testing
1,2111db878c5c17e6b26598eff166d1e897ac286b1ec440eca323f6eb3299c241,226,testing
1,378784f892aeca17a6266de1eb9e12f38e0104f44ef96ab209a7445ad3eb9068,227,testing
1,99e402dabf1df6d42cda53fd9a711803dff94f9fd917f965a668e8375db254e9,228,testing
1,561d19514c724d523c020755fe1afc628defc1b7521f7cc1528fd46b99faecbd,229,testing
1,0221d86c81c0cc87569339f27dd655cfe42773643b9ba1a4b2f62a1f475b2b38,230,testing
1,7382b0c4339ebb6a576a0280d3c27781c2d8209520f61b9b50a4d5baeabdd47d,231,testing
1,3e927687677b803fdf1bc3322a1d9ecdd8ba0046de93f32ff02f31c707d1d895,232,testing
1,d6b3b4d3aedbb0f4dfa7dae33bd5bebdeccf7cb504182370b1bf713d26a7cfd4,233,testing
1,ded0b1093a4e2f47461ceb5f30a3fb6419418d5a8f054394c0a223e4af75ab43,234,testing
1,0024c7e1951d2812f686a32c67f52a0bbf7b64bdd8d6a99736cef115e27b076a,235,testing
1,61ed9d5b2948f5380d2fef2801003fd02cad8214a6f3d5936588d3e5f94754b9,236,testing
1,86ffa8a3a9a926f937986df34184523a2f84a1fb29e64c166980d6110011000e,237,testing
1,d046c41d0c467488c30cc1c5404fc3c85b2d586151e9218afdb044b98b5645e6,238,testing
1,5ebb999f753e0ff80ee0558d41652ef799f44b34b9b144ffb4c22b7fe5af2a2b,239,testing
1,76e541fe3049e462bd8d75ee77108bda3747a55b1efa59e0e93f90e50cadaa13,240,testing
1,9c90e8bfc1d750bc2daa09e2d4f65471eb4995cae605d30716c109ab31757256,241,testing
1,054491be0e936db2d7d9c13c43482789997f39109e3a04cd6f0c9a7735a38cd7,242,testing
1,ea7a0261e0b4ff1fd96c3691560780384d6081a9bec3dbe486d4e40c78e9fc33,243,testing
1,7f21297903b768c94503936b351ad2335c81f4cd86a5b7a4e9fafe3384b50e14,244,testing
1,ef6ac71154457c3ccf00cf0c0711b92f2d0b9710e00046c812f95071e4f4b490,245,testing
1,bacec55f8d1cccbd1f87e9e5deb1aba532d7daf1669585cc304f213ed94b756d,246,testing
1,67c20b28bf253f3d59bb34fcb0d1f48d9dc85567b068affee16a407b93680c55,247,testing
1,95e29c9508ad7590e95e4ef4c7a0fddb0f8c60771b601aa758075a7a4583770c,248,testing
1,13529be30afa288802ae5fd1096ccf7a618aaf378159e5a9d33e2d9357bd60dd,249,testing
1,861e460ba2fa2a20611c7d067c58782a0e0e274962155e943fb7675c1a0b71e6,250,testing
1,08e434456510f1de6b5503fd46d95fa1bbb24c9d3facea65af5f0f4a4593d077,251,testing
1,bff8d40723dcecb276b59ead42522717f81862e359a353265f7b025f4a21cb98,252,testing
1,1a2b3d09b14371d5de301da233c126665c08c31849d8bcffcc9f51cda85a5c90,253,testing
1,466bb1f5ea9a689a4ecd6bcf63c4d395beb5f0ae0ba81b2449167f255850b961,254,testing
1,074ecbefb3a71767babfdc9726dc0c579808fdc1281451b94514388713dc3ca5,255,testing
1,2933e14d836e22bd5b567a9b8a8aff7cc3750c19305d1e085729f16f43f8a1d0,256,testing
1,daf400cb7f06216f8a121912fafa924540270d2a42c7f7d941f2f2a0b15ba289,257,testing
1,e11c48be1b505fa9710f33e97d21f26c8c555eaf59bf9ae5379708529c82a78a,258,testing
1,6a18038a21bfa9511535491d6b96759067701fa5f857774259f76421764409f4,259,testing
1,f0a96b642642b1bd0e5fe0fb707135779555bc04d983fd7298a0ba71a29f6645,260,testing
1,504922279be7c2c3f9a9b80894cbf077d8f2f586ca61b215c38c4d32bf59417c,261,testing
1,1897d7c84b73b5f53b22c97d258e8df3645d2c2e8450fbbd938575d0b9cb42b6,262,testing
1,8c2b5a98d4a4f37c6c91942b8f5d6a058f18ce7d4250fe4005ed6705bac99f1f,263,testing
1,f12463015d9ed837fc50c9d3348bcf0aee5260bfe2ed957a535b90bc83702c6d,264,testing
1,a4f5483c8e0941794b719ade008d445268de4b4c54503eff7170830705514af5,265,testing
1,478767d3a27651ec01b466290fe638565c86b3a3e8ff76e9c38387edf68642f6,266,testing
1,689ad38d17659d08fc1241657fd5b83a3ad94c33f76853dc4c1992d58a5438f9,267,testing
1,92b48d64e7f9383c1e5d0ef8b2c1af91e6be5aeb89ee154018487bd2fdd666fb,268,testing
1,83fa14f5724f604ff3e0701e4f729eb9d80db4063c823af03bd848e852720463,269,testing
1,bd981a357cc25f9db27d906ab89f9d3a4e877bdd870bd1d4e3e813e24619c973,270,testing
1,cbc8fa7489437683f58b2ad4163ecebde55e1b717b893b9873c128845ddef38d,271,testing
1,a2eb59a15d3adf6b2f820ac3350b6ff9c29a86c1d363bfb7f483d87cffbe78b6,272,testing
1,a48fb940b8071c2ebc08c025972f46f7d23e9892486ddc5120b19adf37cc44b5,273,testing
1,226fc3f98ccf37e6c97dfbf00da26fa4a3fb944ac78d6e1ed8af5273a0802168,274,testing
1,32999e82c86b95151260b698489c3d44287faaec5a8cae8b5584cc3c35e401d9,275,testing
1,5318f858004aeddad36fd97a2bc1f12b08bcb30a6d07305e29220f1d74d37779,276,testing
1,0b0b7c1d62acc335af18b9f862700ab63378cb62d9ddb45344feed397fa01bd4,277,testing
1,be896d0a9821439b888b8ab5fb3ede4d4349b6e7eb783a011ccfd73b6f5dd381,278,testing
1,e7a40094ecf9dcfb69801f40b98882183ee86374f0a9966896f5a55aef35c284,279,testing
1,830454816e29229e85c1218ff83a9ad155f28c21565bfc440e35261770c6a8e2,280,testing
1,0edbaef29c76df43e62efab1f636413f5f7f19adc547362bdf07b6c6fdf578a3,281,testing
1,f7503288ffda706daeccf7f891dbce2a5f822f01adeafd824601c18a41372f92,282,testing
1,f6c5b4c2adb615459b12e1d81aad3c50fbf3b26a5ed1340729b3302856d2d71f,283,testing
1,f23ba19ec5947d4a45fb9adda3b5b7f797a50d6314d484b19854ab6b91ebece2,284,testing
1,4d2980791d28f35a98fac8e90c1a869b73cfbc0f9603dccf85a1e3c073447add,285,testing
1,27b16b26a2141f8372bdf919c9983d4c12d92d45318c774e6fb3d4eec3e84948,286,testing
1,40197d9a3dd11aa29e0a6055e42b9c486b871d6e4627195b3d9f39950dc87af4,287,testing
1,801542741b3e715257653be7512b4301ac5ad417f0f13bced1a55a8262a86474,288,testing
1,f5620d8fb4f8655faaf9a5c860341c8be8925034dc0f9b9030e775aeded508df,289,testing
1,d800f9cc5e0ae47e58973211dca08b2b564acccd4f3e9cbc2349139300f03819,290,testing
1,db859e9178bc8df114871e672147f36307b11b77ef05676fd6502ff098c0b7ff,291,testing
1,3e6a480bf495a5b9871948fd239169886adf039650918377a60f5823dbad7c40,292,testing
1,cee8779fede2198ebd0826b03c19bed89c8e649b236e9ae7a0d4df176f2e5733,293,testing
1,e50834eb25647675537999fa30db2ebae58930aafcdbd8256d598e3ca06577ab,294,testing
1,0fb4fb8e607e7d4fab5da767d61908423bbe1911f53c6f6bb1f8c43bb15bc2ab,295,testing
1,7ac6266a88e8bc8ab42e27627018ae216e1f68a7806d37c24ac73c0c528f3093,296,testing
1,480d0ca2557842f0544822c7d9aa3f985a328bb5fc07d92095c3a4f4b7b339f2,297,testing
1,c65c4b9cf00d379d2709e62de80dc1d9ac79448874f17ad92bf473d096bd7dca,298,testing
1,bd9e21fc287a0fe0684e324cf9f452fa354ad513e9765f0a9260111304dadf48,299,testing
1,ea806bb2c43accf3f3e9f8348f3a5b96c6551b0cfd0baef506b37d810899566a,300,testing
1,9e5b2787dad37c264856eadf5ac2f3e66ca8d5ebc15cc190f4c2d7dec0928be5,301,testing
1,3967eec08c9111c94c1b6589dd5c07649d7de1fd4e335f04d8be5a5a7ec0cb34,302,testing
1,641a2c9979c9d839a7186f07c9b3a9d40d0aa20b5473147aab36f5a30fe6199d,303,testing
1,7238bf41bfebed6a120522ee108d4486cb7d99a163a8c52ac8eb29259ba2f9e6,304,testing
1,adfdace5735bd5eb5dcffb3cffbe3a0ebcb46047cecd584ec37a6cefb8771068,305,testing
1,529fcda82ca2969ddc3031b2ec5f1d36152684ed2df6196785a78f9fbd208dc6,306,testing
1,5951da8dfde3f6df5f19c5612a2f60f90ddc84b2d9edb1826949b36906e14f6d,307,testing
1,098e142716c7110134d0bd15e8d5b4c617ed5eedbb54c12d293e0de5a64a963d,308,testing
1,661f9c0ae778411a7c8b91c78e3d295c177c950320f0175a41e18e1db324b753,309,testing
1,2e879eb16852cbd8cf743c2ac6aece5ef4ee45858a6c3316d8b1a22c72db78b1,310,testing
1,e5fc12cb3429c9b05d5ac8f5b5274ef9ad905b13898a82ed0496493eef0dbbb9,311,testing
1,4821aad65ebaf228fb363bac23b3fde1b3ed05b12ecfaaf3245fca0687a95c5b,312,testing
1,68338839c54b9ac74504fde15716c5db0b6b82166f813ae3dc1014dfd871fee0,313,testing
1,58ce4e191f8f9051e7847723e8a13b93f7e47bdf9f8fe7cb14749e8e4553cb81,314,testing
1,d11d291cc00527863d7154224c87f438eb5ff007e986e0c2fb4adb6bce29fdcb,315,testing
1,4ee69b6c4288bd4ff3b2dcd5edfc6f61adaaf5d7a4da6246580e01eed53a9c4e,316,testing
1,4dc4d98b555a7ca0e9b0308122b644173040808789a28791ec685c12e51bddfa,317,testing
1,47055e43eaee0a1b216afad78d1d5f2e2cd75ee199610c9c012264672e9265da,318,testing
1,ce4896feaffa5ebb5020e22389539de37f0462b054cedf193bb34abf774ce702,319,testing
1,0e525f45798a9b29eb73fffaf09cfe0f51b451b6f41e1bfd792af16f6be4e016,320,testing
1,9d479feb1b9cf6f977e1dd35cf0fa5e5b3b42412441cfa263c7f439ffffdea3f,321,testing
1,c5eb898cba68bb03bbcf0d8f2e18610b74fe4d3ba4c20a34aa06f3bb1dd44b37,322,testing
1,7940d5a15a3ef2b0c82ffab6c4084ec70bc6a82704b951f8f34aebacda73689c,323,testing
1,1ff83ed5ddd881f0bc1e7a319ed2c3e6ce0364c384fc5cb601c3143cdf386f3a,324,testing
1,b3374154c782060061fcf42e82d7f76b2b29883060544595cb019d6ac79f5d53,325,testing
1,fec3c31e51232db85ee53bc74dfc1c41dd6642824db00b395353d2a2e58d5e80,326,testing
1,b6f85607394ed083932509cefb85cd5c1a698877b47271be45cc25ccd05b5db3,327,testing
1,42b7ef63f205fef01d5cb620116e81a04f766596d319a19f3d73b8c2682a247d,328,testing
1,2e7592f55c785d0fa3e86c04ba2cee0684aad0fd8a447b35a074564dbabf838f,329,testing
1,99607bca654df2dc048a7dcadc30a0a766e3b300b45590f53900888335808294,330,testing
1,67d23e9bfd85bb0ea17402cb0cff8b6714c151ac2d8f644ced75e9750f937d79,331,testing
1,245bd4dc0381db53e47098d394767e6585422f753dcb44c3b1ca357aeb67c6db,332,testing
1,61f8b83ade362ecbc8c520f1376fa6b5c5a56188de3a944ddfe8c7f225fd79e1,333,testing
1,e302569b0f229de71741ebb4523ef7fc753fc183852a00fa4f4047c918497fbe,334,testing
1,aad9b3e196017e23ef1af14d84d14fbbc0f9f5f8fe336b49689d6d9c318c2324,335,testing
1,b2a88b81c78f3840757da7959ddecbd4ddc8f4a0f55f7d125db8954ea92a8ffa,336,testing
1,3ffd975c1d5b0126e02a15b9e44239587920e12e59c1f149780d480e177b3baf,337,testing
1,fa2a32bbe3f06e7d82979d2c59a9b73aa6ccf4fb9ee1b8f1f2e34973d437409f,338,testing
1,96b6b54c92430efe75c193d4a74e8dfd7275e6daa937adf2b31bb3b7e664c0cb,339,testing
1,a7b2d77ef1ac6eed5a26c8b36c48723980e6225d20df5acd67bb3c50108a52a9,340,testing
1,9cd7df9743d5d3894eeb59f3cc414f141adaf911681e2f37a999c6c06d8803f5,341,testing
1,e19532dcd733a25dcece578067d1718b22d826988e680acfbcb6951b873c43ec,342,testing
1,e77f0e059140a74ed647bac84bdc3918869083838772180325248ab36db50932,343,testing
1,fa8ef7529658e5a3eb34427452bd99fc13840112ad4e12d93e0857a109394982,344,testing
1,8bbc30d07418b0b3fd2c7cb7ef715b87f02cb954fe36d232a074616b39d57cda,345,testing
1,95edbbddb1530920fbb12e5ca7cdd8c4792c99be51707f1006ba05bdd0c70e16,346,testing
1,3217d47c35d5e21f1aa8a314e8418a6b4a15c611219f4319526819365dee5850,347,testing
1,26a67747401a390ff0bc70f649d12066fefb2eda57eb7729e0c0e1af5fb560d3,348,testing
1,8fa388223b3af10c4c2d675ebd0e4232d74d1feb0178a9e695f139b05a688f1f,349,testing
1,3ee1d3b9f4c4d2ae0ef095e42c2f914a76b85eaf55c9fcab72f2c1cac3f5471e,350,testing
1,a3c5ee9f1e2573f22b09953a2055000c3676d12210b001ec1adbd217f15f5e7e,351,testing
1,f04ab3c5fdac91cbf768d8926729dbd6a82f8dff589e7fd801a3ccfef51e1d71,352,testing
1,cf61632c269b4fc26f55cce0aaa5987d7bab5c952d2d6d8a8cc46d12cea224c3,353,testing
1,945a4aee26fbcf8a6f01722fba221cbee2b72c49b7f1e74abf2cbba2ff831f6e,354,testing
1,e3bd7603871bf5db415ef5665916ce1d673f406852e54685ee94df63766c13f9,355,testing
1,101aa9c64166fbd4814b8f35a700bf6d6615c6c814438d3a07e2cdf4e491dfa2,356,testing
1,0264d60c19362ea84379696b7483db6741b16bedcc228f357766c9e241bf5e96,357,testing
1,36342f7c2839b6cd37612256d7c2a9a516ac19a0ccbb6eff63f5d3aabba9e37a,358,testing
1,a5fb2dcbaad7d50d89e868e27760f9dbd45ceaac2047f468073555e5e0aeef00,359,testing
1,386c1e3c11f8aadbb2f4eceb881ffe6c204b2eafea45c2e8c43fbfdc1dd4b2be,360,testing
1,3b45b48f2b9aa6fa60fffd38063447b7d16e6a707911d440caf38b60f48ea2e7,361,testing
1,3226a4c79d4bcf3819a988b3a072ee17ceef6b4b8effe1fff4a5d7484883b86b,362,testing
1,bfb4a531897b7c3b49f0297717dcccd073bd9e24076e4bc1d4484dc88206ffed,363,testing
1,0d6068cd77bb7280946a1992bc5d5107ebbc961957101f4ba30c9534c444d045,364,testing
1,6d8fc0db8415c36b016c5bfa82ac692d3a1b4038665476938fa82617e42c08ff,365,testing
1,d34829530bd3d1e556a466570be855a300636cf292bbba55b7788b8c548e3b1a,366,testing
1,4a22849e1d243bd04cbf8d3975b5fd2b2f55fc9c62939f839d9c02069c43826d,367,testing
1,531a9dd51872cc6d0a2b1a04cf7ccc371c2c7b6afc6dc09e37336085c02083db,368,testing
1,820875e806339c21a16b5a5b40b22d581bffa25633b7bef153a0c852c105c497,369,testing
1,35d0b1650906e9a1be7cd134b083b2416dec9cea6eaec03ed8be5434e28574d8,370,testing
1,5137b86fbe4ca9db77c8b8f77b6ffd764afd274b4c87c6031d109ca68c1e4057,371,testing
1,9b9ee2abd426f1116e328a2de4cad4e7f04f6d32600e28f75bd7140d0a1edbfc,372,testing
1,de1c8012a551a0ff7809220667646859fbd24e3d9d42c3e9c35301b6b880f0db,373,testing
1,8c7194d06fe02bbce23dec9679d345dd8a1869dabb60270ed39d5d1e4fc72675,374,testing
1,2e951072da930276f4ecc0ac2ff4723828c2ba8f92d020dc8b8c2ce97ef97492,375,testing
1,d0a12c9fbe932a002f3125260303032c6ee2910daf7d969620d9cf4fccb52f28,376,testing
1,d68ee3eb5582a220b3687f9208c28a08b428558007e257db3a0a1b5965fe27fd,377,testing
1,172787a6858a551326c7f6e5d98945641254922e94a2e71e0a534ac24e12b25c,378,testing
1,6e08075daec403f043d61ec00e51d3eb7c4f3ed1ea8de0dcf9a8f167802b24e5,379,testing
1,1fc6d9717164477b98d4a849fdefce2d4876ab4a86b37151981a98e467ec2db2,380,testing
1,68d9ff9a0f23f5be698ec0f79f6240ebea53be1b9c947ef0984aa0f704bbf936,381,testing
1,6917b24755a7069d470602326e0178dfccf50fcc2b8e3c5b0be33aee981905d6,382,testing
1,a2f824b67376431e56697ecbb2d7cf420df47062d2323ec25bc2bac72debec33,383,testing
1,f96729302c2df7843726fc0a8081ecb6ba40bce48f12fb31b5932ed8ff43a728,384,testing
1,bc6a9a40bc4c2eaf5a0b361dc8fc51c71e97a5482d3a42933bb9b15b36e6f4a4,385,testing
1,a7fbe472d350ba3c59614affc17aa9a512cca9065de334a680020b7e5c878b7e,386,testing
1,9575e1bef3af2198df82932e468a956dbcb6c80d9346eaae1ff7adb887bad1e4,387,testing
1,5a20d9682c8be9cb7a92b4c567299079f776ea48f65fd2b47483f16754293f74,388,testing
1,d2bc6324d1c0983654b234ed0c8cfabfea172edc8e4cbda509d474477bbee73a,389,testing
1,8428d3d2ad0d191a91f7beea812e62e95626a3b58adc9c9f31d0b6de9001ab12,390,testing
1,e575e0f2cef89514675265cdb727360faa960b0535d9c1f072d95e3310da0fc1,391,testing
1,6b7f2dbef7ae37586dd580c1c83dc07d44fe1571d067ca8e10b6c05441e04ccb,392,testing
1,d92f5fc2f9ec17b0f78dfed2b89ef9041ff257deaddce3315f71080c7ec7ff94,393,testing
1,af186553ad06c78186cd8a1a834ed114483dba3ce2eaec008ef7ec496035be1d,394,testing
1,e51ec62dbe880580d1f8267c5a621e2f84f94fe24d092c72927862d38a1ec6e9,395,testing
1,46f934832e3dab21f16afbafc70035ba69917c0d094993490c3cc9a05fa1a1ad,396,testing
1,ddb318d0e69ed3ebc1584ec01b7eaf5c0ca6b044b695820efdbc6e49868e0799,397,testing
1,dc9dc5ed4eb9758975064e015b39dd41d399637cf377e4b780067a9129b28254,398,testing
1,2ec4f4460008b12b7e5b6c4a3e84ff87311be4b11a6d3a952860ba80459aa746,399,testing
1,7017c314f6fda9d26311f726e3953970c869e505c816d95246ced80d287990e9,400,testing
1,6ac96c822e29245f76350784655076b480530ecff74d8825630bfee9d5ccfa7d,401,testing
1,23a87dec8489c226ccec00cb34e34201151c96833c8494d8f00f55f12292d9dc,402,testing
1,50e0035123c1def427b09149baf16cc401d33f5233609810cd0c89bc2fbc50e7,403,testing
1,43acd61c0d302d0476d43935ea50e3b4bf3d68afc742bff646d268b09c9d30d8,404,testing
1,a9320731938a7389058308b72ae1850b320f68ca1dd9607db71fb542fb470626,405,testing
1,af5f243f137c0285a31293c57351c62235ffaa6b24812b64b1f2a9350d22c4e5,406,testing
1,ff58250816012aac1e4abfc5abd6733960b3682fdb4ce6474adb81c7574ba40c,407,testing
1,12cd170cb7df72e7768f49f179b0e0595e050424c37fb5b864a504c82a975ebe,408,testing
1,4fcabc117c29f00a45c4f60f3ff3f4ac57782184cfb77c026aa13253d57c416d,409,testing
1,57c31a347b4e28d3ec571a177cf3e8c133f31c3faf63557e30735c1d36fbbe55,410,testing
1,d02731df7c43faf6f646d9a6e409703076b707cda8b60fcb81e0f7afed3e9719,411,testing
1,4bd0d33d21e8588d3b4a575916f726e40e7e4de065f87e3c91db26adf7e5af1a,412,testing
1,71582b610962d1a454789f869419b32307bd828cd5bf9e77ce9b71ab00b5bb2c,413,testing
1,0e9758629d8fe63a17db4182962505834b9e16bc74116689b3e8287c00427ab7,414,testing
1,7712aa1ebadd43b0fc208f4f35fe14060746d4c667e88c894100fff4822b7e3a,415,testing
1,d8173d272181e188a0cd73a4b0a78d91edb53c0d3279c5f4841a6baa078c548d,416,testing
1,31ca30ed20d66e29f7a5ed4494442a08d9aa366bafe408bbc6cf66d13f99d58b,417,testing
1,e36c4c24ed889f0d165a7fd223c078d2f029031e54418a0f4e5eecd7fa6606a8,418,testing
1,3e2f1f22fe98ace9d248eb12ed1fe8b05923d17eb5c680f06bda745fc17d8aea,419,testing
1,ad1bdcd254feb95236f47d51425e3f13b62d584fc8e13dad6df82f30d1371f08,420,testing
1,00b75a881bcb31a978b0542950edcdee61ab1bc2cb95438a925eea9152e38f6a,421,testing
1,2668fdf8602127d7ed60396759e0f6ce97339690710f3dda8e99ac8ef0c84113,422,testing
1,8d178d3152faf71db07523c585f80c81c1f09353fec8ffa352b0fdaadb02cead,423,testing
1,acf6876b43a9201339a0d4d42b92121dbb39338cef7ddb34c74f22b3a14881e0,424,testing
1,b2e414bceb4d2605c743d6c093f7d7230622f6fdeef2e8352d2d5319d6ef7c77,425,testing
1,3e5010f28b43cb6128f76ce0d705fef157ab49099f2851fb1881253f835931d1,426,testing
1,123480662d3a5636bbd268e028743003a52f4b535d3fde5d9b9a7a30431ca4a7,427,testing
1,514466f320e7f0eb4990c6f920df74bfab223da53e1af86d020bb47137a0d4d8,428,testing
1,1cdf323677d4dd7b87f485c273367d7c2d3236da79121c8d7480e4a446c25cec,429,testing
1,94d21c2ec33b78cae3a6d933cce5daebadd18f2193135eda812f66628456c7a1,430,testing
1,d5fe5616bf9dfccd2aee2880cd344517d51b04c353eb20dcea59427ffc11c76f,431,testing
1,bd40db54095b3337451ac4ee415fb0b8fcceb4a46c81858f29281c56e8defe6d,432,testing
1,44974ab2665c118fbb41606efc8acdf6dfc7b7feff208fc222a0b468cbbe1d9c,433,testing
1,c3a351b3ea6a70e51600a83f18e17322895d8712cfcdbd64bbff672ded560742,434,testing
1,d6488ad58bb4729f075f03e75b1ab32ecef1b7e83f2a0296c89a25669cdcad83,435,testing
1,e02766830b830702bc3b24038836d59bb8ff64cd7f58fc7f5495b826e0c8416c,436,testing
1,f90550a50a72ce471b51e11a277e3bee94feb4e7056cd9706099c1525687c7bb,437,testing
1,db233687c7d2bd86ea5066578fe55e64267f5d01e6fa73923cbe70f3fcaef511,438,testing
1,45831536d7fa8e7d30198070ad16e2f8924ab102a92ae8cfae18074132546cb6,439,testing
1,1518b7946b11db0d9eacab1052229d66a17b268e65def205c280e547d0ad301d,440,testing
1,957240e43e3e9ec4d8520b40fd7ad3bed050ecb8fc643c849012f40667dec36c,441,testing
1,abfb6da4db846b085434f6d197ab7b29799cd4c58b52fb2d542c95def6141ebe,442,testing
1,6bc7c05ecac4e76743faa54b6dc69e068d03a14352c22655b646c4fd72bc8d58,443,testing
1,b4d405f753e96b7f986d4275b835ae8c5288e3d561076def471b94f3db5a24b4,444,testing
1,bcbf5a3c75af537d0faaefd8363b3da18c204d57c81e576130547ff128810d7a,445,testing
1,4a71873102f672cbab9a3b6043783ea23a7a56bca17c2675cef9fe2be768ca26,446,testing
1,fcbeecd16195652796e8810c6c9651b3b6ba8983554be2b5ad30d20f7381ee37,447,testing
1,ae89d52dc6eac7dd95ab8f8132b009989892b74c261a431fb2a3021bde481940,448,testing
1,44a7f56a0547d041d02db26c358056c76b6849870368743d1e0f713248dad500,449,testing
1,43b5025da6ecc6cb3054f9f63a253641892b2d2f87acc51acce49d39fd6d8f56,450,testing
1,d265d8ccbe182b2cd3205ca933c973b4734769a8307fb56567a0ecc1456ad22a,451,testing
1,f1a6a9574f7a5ff250429712ab8d79c922963489839b94a80ec8b4c334ebf030,452,testing
1,3474341d122a9cdf307d6284150e2746ce8bb7f4676a63a143d4b18fbd8879d1,453,testing
1,4fa36ecc046ae7ce137c39e9ab9588a0b76595f2507bda7907f953fb6a528502,454,testing
1,0e07162b4c7246677ce3cb2bc1c9fc66f2a5b307ce7d7aa20c4a5cb25e6b6751,455,testing
1,88e3bdb059effaa4b7953a7a86691bd329fefefd6320383337af6d9668ded4ce,456,testing
1,ef1701bd5029307f7af873a8355e9e9c0e2a0182663668275476fbcf99b5bf13,457,testing
1,dad49def47962e73447fa4898f21a0d24c4d3e28b44a73b33cd36d5fc09c7a23,458,testing
1,8a74fc1d7518813be41f349daa204df693b2abc5fce87f78f654e85cee5634f1,459,testing
1,487464decb8d4aa2f36b716ab5c979e66096ac10006eeb9b6f52bfb5b1244dea,460,testing
1,8870dde5b1c2ba0ffd418b6db28388feef7940ff16f7d585c738683e495d53cd,461,testing
1,23539834eda555149a7283e55b6f6018c07404029e0fd3a42ca88cac46a964c6,462,testing
1,3195dda8fc6f8a461f074cf9f6ad16b5579a416ce5d7f191162a1ca98db3aca4,463,testing
1,8ef959ee5fafc1b9bc76f73fa22733e0c9ede818f1eed814f7fbe76f2946ef0a,464,testing
1,6897f708985814260d025c0b84cd47a49ee2d1b575849e5a67299f2340d0aae4,465,testing
1,503b6545562311bd46344824a1eabc3205c2859fd132341c8ad98ad3a1457211,466,testing
1,01d53abfb8058f74829fc4567c44f8e5ff593410a1946df98b3f158579561d06,467,testing
1,29824d3b72dc795e9090d018cba5ef1125d746847a5787b5b8a5dd7ecc5e3860,468,testing
1,04c46b4fbab3cc25420e03316c1cd6c3c9bff0433f57b69a447cba18b9d7e0cb,469,testing
1,8fbda7efa6035ea5738f8ebcfd1aad5fb43d3283584559ef5513c000ee10f580,470,testing
1,71509e1cd029387e4107896b77c2e52ccfe569582cf2f906906179f211bd1f92,471,testing
1,06ec4ffec17a405a7aa208bb5850754f4d789c5558210a745bb4f3eaab70c6ff,472,testing
1,8c79f103dc9f37ed46ccd171e7b16f1c7291321688714139eb84be5bbfed01e1,473,testing
1,1164c19ae4ba414bacc22b05a9b09d36272ca1859a8b56914c18b32324b07e70,474,testing
1,4b010cff7387861690decb15e9dd72c48d52c22e2c1bd1a4b053ce31c6a178c5,475,testing
1,6b43064394b5a17c2f8e3d4553a2f8a3d4b6b33a4ea88906dad2b1f23f3a964a,476,testing
1,1f1135d49124992dd1ddfa55487a36ff7eb682d0cc87cc554124c946fa42cb55,477,testing
1,7f84213316c1b881dd089a9fe8b37ec53be2a78237a6c55d7537676cafe19366,478,testing
1,78ee02322c5b0fc00091728494ec51e8b82195489b847fd028345e216f18bfae,479,testing
1,4b0563d554483128b935bb807cf32a8b218a35aefc38b2098ae9d356b4fff383,480,testing
1,7dbfa1f26a97efbf58c49ca797fb2be5b9fffeea3d5ed2601bfa92aadaaf2266,481,testing
1,c7d3606ae290938e8cdbce8bc2669bc9867e8302ee3e6eabdd54921a94664330,482,testing
1,0d43b236aa2bf382dad1a68b90dabbb1242f2e759a86bc395734d2ea2f4a1ab1,483,testing
1,c8dbcb7e20fb204a8c45e6a29315165fb9bb364cf255ee08bb1f911f3b728dac,484,testing
1,a48d8946f885697bc24c323f6311523ce92f76f6e059beff1138ebc9aeadd216,485,testing
1,15bfaddcc6e3a63bf411add47054e00624f1714945cbf2c084092ef0f1f6863c,486,testing
1,c7e54f34c943ef29bb7f2f67e562ad8238e29983bd440b19c9cdb26aeb30e278,487,testing
1,64ba0b338d6876dfb57da281bc9d8c5f01dbabcbed852c2cef5a1a1b32691942,488,testing
1,68eb61d2da50154fa0e33f7b902a257194927333bc48af7ca4a31907bdb7b6f5,489,testing
1,7db450a915b0992f165eb2bea63dc9e870da74a18e5a61420bd00c84ad1e61f4,490,testing
1,4659a49a3156cb24e94db90447cd4b169ceb885930bf4e0bc790f6136c249d3d,491,testing
1,e99dc14e6bb9527207cf2d643eb21f3c2a3e34c87943542946e29ce3fc6d446b,492,testing
1,b4dee6f6a97fa86e6a7f3a35e87a9ace1b1926a39bd544fe5638db2c1390b6a5,493,testing
1,c4032f646f587ef7e27cdbbcc70bc3dad0c960aa0a09597f5b36d9da4ccdc1f0,494,testing
1,725077bd05efe5900656b7d16f7a0cedb0a7444ed85894569a9d2ccdc0cbdfee,495,testing
1,ad1b839ffe6dfbe535ff1874375ecaf174bf3314625aeb24ef243e0444561d1f,496,testing
1,dd3f2a600273ae656e196a315fb8caac424b495869e356521b5bae0ef26f15ff,497,testing
1,6a8c466de68c53f3af9fdc3da802beb5e9f20b49362dda4218b18687cd49fda4,498,testing
1,3baf976ba4e2ac49b97312238ce4505cbf73c3d29e7e98f15aa7a77fbfa0d644,499,testing
1,6fb3d5d1c2e73b4a76c75d54f1efa9e3a6ddae8ca7ec5e3c0c9ea78b9d9945d8,500,testing
1,8dc211705396408b89cde8ac546ab61222dd0631163389f7e250c9ce2c1346ab,501,testing
1,2b784e9f508d899cef2d6c25221498a41a5547ee57bfcfdf7256c71823b161dd,502,testing
1,de20ec96dab5823979b5dff48fdcb07900fc8230d75a7c00eca71169bb76f1eb,503,testing
2,d6c01dc70f0bea8fda82c6cad7f20cd6dcc123b70cd431d282841a185bc5fbc2,1,training
2,1cbae7eba0c2e50c86692250f4dc40c4d8a7ef869144895b723d877854262135,2,training
2,55d61d673827b174980c2a950e72fd86772f4cdd8d906904a036fd3642a0840b,3,training
2,dec0900e7aec4bec0048ecc764ed81a251280662367f54e614d7d8e88a355812,4,training
2,b7cec23b6ffb2810df235bba3ca3d74ebb377cdd36bf0a7ff5ef4eca34e61bd4,5,training
2,13f105f37bc9ef8fb71826f3f3273bc67aa89daf42008c7473565f4a758617ed,6,training
2,4b7013d3278b34e30c382032b9ad5f597f6ed3b420224bbd16112c7f07d161a3,7,training
2,0284612dac18c53d22beb203f2e395746f9318310a646cba3f580c82e802e6e7,8,training
2,d1cd2312b91989b9e7e78741198e0264cfc40d1b499d794f07e505c514b3d8ea,9,training
2,55a7b8e1db647e61d671c6153ccf6bd253c440625f112dce2e12fb7b71ea8970,10,training
2,ad71e0097971e693fa31574a3e2cae6717bdb60ff67c26bc63dd82e746122635,11,training
2,9df79e3dd2a706f7a69d7e71fd7472b8f9553bf71bb191830d35261a202c2f2d,12,training
2,fcc5aca741ad346ad4afb8951d94e4afe1ba828788dceb7599f1672930e1b1ed,13,training
2,3cdd680068b32db5fcfbaf7ae106c262eae701d86c274c6112af42fb7c4b06dd,14,training
2,2694151613b27e7ddaf7367e9a20c529d2f996ddeb883f534de71673a1b73741,15,validation
2,1ef9bcf6d1b7d0e45bb3952bd094f176b78eb7076bf14a80a7a190d5d78d489c,16,validation
2,f166619f4f6445972714af69cff431269f63bee1feeaed95f035c9cea28f3c1d,17,training
2,f71275933100dd09c0da1a2feb4b85bb414661a63c9abde97904267dc28f94e8,18,training
2,c05048b293513af934b856a69c15123f0ba34eacde780b966576afe8bbe8bf37,19,validation
2,32f39f4fc0075f72ca49b46357c41eb32f0818b3970ae00eb2373b422f20b958,20,training
2,fede7d68b48a90380002e2906ce0c3660635a22b687acf9d3026dc4a0ac07178,21,training
2,68cbbf71f00907b1b12c11c41088b03231a5fa9a4e6c0af8a6f09906846cfd3c,22,validation
2,d77691ff47a3d9ec4841e43e7f9e4657fc3eb30077375cb4d3063b82ce3d55de,23,training
2,36348e514c8783b664112a6db920839f8e50e67a7982351d138e2d3b2c13446a,24,training
2,ba51478cfb8e95cad71c9514ef508a3e0838aaa5ed148ad25ce60daaa55a6491,25,training
2,2c67f00217c7ec62eb6bfe90b2196f95b0ae786e0f5b278a68816049b82c8009,26,training
2,3e25643c80bd126c65fbef38e60488804d72a91d59faac11f0f3644da50f7604,27,validation
2,60b1a20398d2263efcf18f99ee4eb1542ffe82f5dbde83784164a65da8eb56d6,28,training
2,59d85e1cf1af436a42fd33958d852dabcee089593a325438c46b507a523354c4,29,training
2,ffce5a81694303ca11361547e388dc852ccf86986cf87fbc110d5ba944b133ab,30,validation
2,b857a02d9f0e89b6862a7512671b23c5fd4132a30b23875ec8efd1b40be31048,31,training
2,c041f8bf30bd1b193783ef2b914d07aae69ff3e2df727fe8f8b74bc34cceb08c,32,training
2,dbb4529f7f7ae892f22f4edf63558a6eb3462ea3747c1930345ad4471fe01ee2,33,validation
2,8086d8c73015867acc6e53e04a0c8b1c0a89f09cfad7e1c53cbd43e7d4e0921a,34,validation
2,f4169db671185957f7d9531d17f107c3ed784a5c9eda702686bc6492c6b5ddea,35,training
2,6f7311627d86be94ba3ee5e750e96f27f3f4067abba56672aea476b5278e7d17,36,training
2,13797c6c06be96ef375cb68a270def783e2bc59be12165391283704bfc41fd07,37,training
2,92e1cd0d6327efc3a2966db674d1a738ecaab921fb756f0677029e2fdacd0e7a,38,training
2,246a2385a0ddc82ff83cc943cc01d7089f7851e37c0c0c851d91b9eee151a716,39,training
2,dcca769cd17c6477ccc1eb99205429f6d7044af2c045d756eee7a2ce431ae687,40,training
2,f66ac0b39d1ae587a12cbaebc307c6bbde46bbe3b5e34d6bdbddb35304f300fa,41,training
2,1282c6a69cea06bc7f3c1971f78e102ee92c580e3f511c460058128bc48002df,42,training
2,93c71bc884cfbb0ad54f74a734fb05ff67a8b8bd99166e0ac2e3ab7565b990d8,43,validation
2,dab8e2a077db3e731d9820fae9de2a2b35cc937e925d03046f0c81cbf7319afd,44,training
2,b6ab548f05141a98cab19f37cfaca649d4884d41c2bbea07e2effc903077078d,45,training
2,d90e551388e815e4ea6f01a4d35843b61eca796fff17749f1ba962693fa0b739,46,training
2,679c5a54bd45c6bd68559d33ac5c1dfeeda23f2284055565e34e65f26fda6808,47,training
2,2ac3027998698024b4a4e4dbb38e86573074563cb9f9fc74c469a0de076365ce,48,training
2,0fe09a5d1c73aecea722deec6d26dd336f59a95e7a31025847581e53473c93e0,49,validation
2,0e81b18c113621f42953219712e5e093e88c8db6b43fdf11b6ee17bd9e962b77,50,training
2,43d2078365df65a3a29fb64e868d54adbda5eab7542b57d6f806154cbba96af7,51,validation
2,c0b53c7d2f459defb8ac00b814ec029a0d774e188a8b226ed4e8fe6a9adf0fe2,52,training
2,f04332367dc5829a6d26953cb691d14437a63a9c4531d594a801c93e68691a60,53,training
2,fa5637bb69a116abe0b180efe8a1c7f7505f23ea5e6a91f245e71d43faf06a95,54,validation
2,fc5205c1d759ca1d6ebe97c2b3cd345b91f6a740cfd933562b6b0d13c8da8ed0,55,training
2,7a1c597f021b158880a39aa95d05090cfceb372b976386e059a2392efbd4fe88,56,training
2,e9665b881e64fe40b771243b0eb4a1670039bf49ca2221bd49b73c27cfde2d72,57,training
2,2145daf885e08e207ea334bed2595928222377979f20618e60a505e6aab035c8,58,training
2,7456b41a1d3b6fd44a1ade4df848a5b3ae320b1d09f6a32106391856e83cae7b,59,training
2,d82d0f8a73b9c9637a04e523c6f3582ebe8b4d89df7204a6b4deafe3cf91c726,60,training
2,b81b2ece3a6c9514e0e9c1f69b9c32fce80899040b3898b42b77758499b3fec0,61,training
2,eb64a0876a1f2acc54fb01c0ee98a6b8cb73df871af71a480cee7cca934722bc,62,validation
2,44b312cd263d2bc8b397752882574bb88bd25f67fc9026d41d84df4abad3264f,63,training
2,4f18ce3bf1688732e5320b26452d3150024ad71c3daa0b94935c8230625a6b9f,64,training
2,8826a278c6febfdbc0cd935849b09049938b6ea00ffc70126b2f46ec3453f4f6,65,training
2,b59929a93d827327fe6e13acc9a5acc8c649b92b8b3edaa64ec20d4ef6f0cb9e,66,training
2,a7e0e898266316b3906e2a7180ab0375fd582a584c409b41d162a49872332a75,67,training
2,fe516c9cfc50c9e12ad4f1461f9220dcafba14a805e0b24ef707806a3bb139c9,68,training
2,0efc84886586d2b0abb36ddbacc6fb44a38d95224eb91060491b8d8b277a917b,69,training
2,0b68e994807091cf67fbbe23ab3afc86d30ea53ce4eab495b591c6355a6e32b0,70,training
2,be93c0fb488f85841806c15a47353f8847107ee894f3f6319dd5b2362dd51dae,71,validation
2,8510e6b27c5ad3752d556ff4fb68111b0abccd98be7ac7255a6bdd435efe5884,72,training
2,b3fb07ce4e2b62bc46177ae6cad0a4f28aa75446fb8f0a2eded93cbb0854e927,73,training
2,13d4bce7c0a4f64e3c0b57f4f53e430a222c7963106c2919664875bbad9f5556,74,training
2,1e23b8010a34411084cf675b78f839da8e09805e6c0eba36d49bd545e6712571,75,training
2,1df49edc0aa53cc8d699818903856daef76dac76b4d07b83af620273f643b5e5,76,validation
2,d7c7f09cfab9e07d58ebf85a51224d6ed5f54a3393f5a9f82b8212b6c2420310,77,validation
2,868fd7957b8ea897a6a10d80f8a53554d601acad538c796bbf4bb99197493345,78,training
2,ffa9dcc89464993d2a0fc7d84b400d6b39b320e671d2dec5c19cc6a65e046078,79,training
2,7128e1ab9391db383191d0328f9e758469e2e2547ad4c85c24c29026bcc3021e,80,training
2,9bfcb58ca564f79ae87b8d5a404c7837d5b1d1dfe92e60b362f667b5c399a3fa,81,training
2,c15bd47f9b64543cd3338d0cb684cb40f58b8da7208344656ba788e9e5b5b53f,82,training
2,6658334e8ef69ecfb74ab72c68645dc0fd6db2587fdfc6a13efd5538e7ebe5fd,83,training
2,03a42798d52c55d5a6a0eaa5996c7b12016ade01b5d97bb3e0282ecd793101e4,84,training
2,636adb76d13bc750444039e57c1e9e8a10322422b8e38213f8c7a0b14bba42f7,85,training
2,a628805a9c81e11fe17dea42e9616cca4c600d512ade1b5828ae2030ccb40085,86,training
2,b74a1bf60e6356eb9a1c7db8fe151b5679732c8cd653c892ade484a6a017fd2a,87,training
2,aeff67563e49a5a0be6cd6feb4ea38d034001f4b46dc54b7397f45949a220131,88,validation
2,17cb2a0e0d116d82169b8f4916c0249750378e653674b5d9df80b7abbbec1c18,89,training
2,88f163022d84125e9bbe3d6a3a5a0785cb20ef05aa0a68ca706b4ed8099941b2,90,training
2,3db8f0b55a20a67e26d336e243c1c5c80a065a67724a2501defea11dce5a3499,91,training
2,78e8662a2f860d8464309cf7c2e97d9d27877127520f7e1d70cd4c4744f08ad9,92,training
2,68f61f12266f0495fdcbfce8733c416e398eeedf4e38b6f9339677f35ee7fcb1,93,training
2,0cf98555ca1bbffea2a8761f0ec18d81d7fbd1c356c011f67c002b3299c62193,94,validation
2,78d2d2c8842611c1936e19db6f1f784348708f2e9d621e20861d3339da50ec39,95,validation
2,84063b142c24c515a28136eb4cd407ce75602547be2ea8f144f242955f712605,96,training
2,6b4f358054389d827f7c9c155ebb4aa6ac3b60411a809db22562e560e6b6125f,97,training
2,424d387bada74b88cbe377cd4d92b34c4f09e7677bc8869e8d55b76502a72710,98,training
2,7d2c2ea74bdc77343e3a961d815c9fccaa4b7b15aa141a5f468e5b9ad327b377,99,training
2,5ec5750af0a45d0f91d4482ac61b901d63eeb3dd835a6417f24a4ebdeb66dde0,100,training
2,f977f34d2404564544190fbf2d22d176ec33540c553e26ec31b5f8f63455c82e,101,training
2,041fd7af3f078f112712e9344ae62bd2ecc0651ee0c9873f96b5fbc3a6d17924,102,training
2,59814cea622a633bbe8f7f8a44061f478d3f592da816f804684ce932b0c8d9c4,103,validation
2,bf5abbef53a92bb3d9d8405069345a0d0c2683938359a3609fe41baed5b65328,104,training
2,d49537fcc431e03da0adde1bfdc46812b901abb615591bf087f30c313d60e2f1,105,training
2,a7f38b35bb1ce2b5bacd8f49fb1c5cc574d5bb256d25c9a6dbd3fc9548688a69,106,training
2,91103b274e94a072f58caa3a10b53e36c56b87dcd84517f4aa99bec1047f0d08,107,training
2,ab8d9c73583a654383fc8a7e7178e72255e3583fbebbf9267743efdcf14bb064,108,training
2,f4fd18bf864db98d30eb56c641da2fe50d9e478289d922d7bea733ecef108b69,109,training
2,62e2fc88a968ce3ecd2bcc0a6f59f8505f7f0a2d554515d6aa7a4d0af8ea5205,110,validation
2,aace03a41fa4034532d27d90b7a8d2133b0b7b4ec2cff7528f676e98c559afed,111,training
2,d3bca8e35c9d2750666ba815f654ace8f36b145fde828e578b034c296b30acc3,112,training
2,17cf1ef94dfe0dcefaa4fa5e1aa956f968e639dbfa8a1d9dbf4e75a624b314f0,113,training
2,1df3ec5976db85073346338ba99f65f240a15149febe5fa7a75236dafc1eef6d,114,training
2,1fb26da7a368eb070de5e4f13c97039a425e284faf7d904438e6e9299d4d18cd,115,training
2,3254f14abd22f318bedf6e1565e5ca156f1c5d1df4588cf438b6c646a6f0851e,116,training
2,7295a0a684df1ddc5de12a4c95acb2991d3abf87c26567b5b120a153ba349b17,117,validation
2,4f4a646937255e16244005102f06e3efcfa2366932aa1d70253564db8a976e85,118,training
2,6bcfbb87222b8c57b912e948d681f739c16791c805b8506d7d6951bc45ebe165,119,training
2,eb54ae6dd2ffdb33a04bafa139b3a5ff02f0a68e393d7a5b92e17753b4befb0e,120,training
2,66a61824a9dc4ce7096b27a027c3e4d52d280a4f70a53bda54e5328aa81fe5b3,121,training
2,30e21d7df4e898f45aab7043a5e989231b62431da908a703d2dbb79b400c180a,122,training
2,0d982f4e2968b2751dd55ccb79a5a426ead963c99cde5ebf1449c26d4b882553,123,validation
2,3b4a3273f7865aed879edfdd62e88efa2b0f45c3618f17b73d518cca709717e7,124,training
2,296870fe1414ce83e4ffb45a6ad58bd58e4f2f84ad0baf2ae5e77fc1a6d58082,125,training
2,31b708ee44ab08a83270225685164d027d84fe7beb39ba00dbe83db4d3c6014a,126,training
2,715e7609d18c1ef39dda4316e1e1350cdfefeda818c39f04ffbbb5c5c4cafdf3,127,training
2,b74538c923bcdc3427dea0127fdafb9018a751c59ce7b2163c217447f9923b34,128,validation
2,66b2891b1b9d64beef3f346464e27e980f3c7fe2ebb15076a8c9678f846d5c09,129,validation
2,d8e84315127dc30ea162f00e89546f99596d1018762355af504bd1f73e2e74a0,130,training
2,c53bbbcbe61ccc76a3aa63ef8f44efce5829c23d06f16e368643409961a65a1f,131,training
2,7c7f52f608d070daf13d4dc07affd2acd8de53d10dba7929787d44b3a3837ae3,132,training
2,abffd8cd39cc9a2aec012ace0519a23966c9d8fed70c1857df55a2ebf85dec40,133,validation
2,7c804d283b0cdfeb973bf84066e116992e03ace17e21a3a92e1fd1918a805cd0,134,training
2,8cbccc632d4341cfb035924cb9b8e62916a4bc0fe7eec991a718b23cab530a13,135,training
2,f5d5bdddd4cbe5ddb58c3fd432dcabd01011594877f0f98ed1a8b4b88ecd92cc,136,training
2,9d4c768db809a2222f7c4e26bf7883253af18950f9eaf5935476b3e57a39b620,137,training
2,bec46b0c22f10fb6df2ee5a8033e12bb4e2ff431d3a7579b164c7079539ed5f9,138,training
2,80bdff2af2838983d3b961794dd6736801f82e0390bf39349a52694a217160d6,139,training
2,2c4c66aacb7b4c06b4f382032f850574d7a0fb2a4ff3fed2ff891b475ad255f1,140,training
2,4cfff0b60d4a0f51dcf6e3a719b0ffd1f4761153fb5c6c74fb2276db9bf9aa15,141,training
2,e0839ed350a5a8f850ae9333c81cdccbbd7f350252f9e7323e23d85738650da2,142,validation
2,2a809e7442d6ee9e7a1e130972e5656038c5b477a1de2683d83f504674c74cb1,143,training
2,18848bec251e17bc9a2bc2956c8d1aad921ce893f7066f404155238e969ddcd2,144,training
2,65d846a5bdfa4b9793d6fc435c9dc956697ec582be50e2a25cd3a42f8b58674d,145,training
2,25ca7c90f699f25c79fa2e902797503a7ddd567d3832c3bf8e8015a6aa7b6d1b,146,training
2,d6121c87fc1677fcf6b630c9d60b6736fea9871d2b7df427d27ceea923b35928,147,training
2,a9385e0add9519ebd575577d079a722c2d13075f094afe4210133049471676d0,148,training
2,c4884baa819e9e307a9e4e0f2edc66b551023a55ab0738ade6e9408f14941a6d,149,training
2,1edcbfcdc36260cdfbfb973873078851bb5b3b5ca1e654b2828fd0cefacb0a52,150,training
2,59afd69ac33dd7cf61c3321a4d2e3c9bacd712cac346722eb50d5eaef3d9a80d,151,training
2,8bba6759d28144bf18dd3f3025094c55d12d4c4205d7e028108b706d8872e583,152,training
2,0e8782af6475aaefc0cc785e1f3e9829718cb707e85fd51d58980b39a745d1ba,153,training
2,bafe66d3398e8c82650a1f308b4b8a7e42734c102029f3ae4e6f2d92b8adbe4a,154,training
2,5f3b15e71f68bb5c0b7ca3a48f42aec87ec6721986401874edd21e6fa133e1ca,155,validation
2,f6a7378fc51757626789dd3508009157a9c9b78d8863e6ba386700fc25b48a29,156,training
2,7b8a89c5403c6b683134c293a793715d4c0ebeb312f8f2d82ec2c164f3a6be9c,157,training
2,c532da2a0f38e1358c42b94857dc0c4a50316cf2f34e4e2774fdd96e2ac4427f,158,training
2,104dc2aa912b493785782902a20a3f716618246a4652ae0d5d3303a802e6cc00,159,training
2,e35d8117ddeaccabdf15352d3a761d44b3efff42a2ab6d3c668ab02b371f4c97,160,training
2,dc3d05e30c4ae75da02dd2856f35c34236bfb0f667ad332fc0f410d02f3baf9d,161,training
2,74ce03404be25d810c42f1ab3c40d5793b0c25ffedfa8e40cd1b0f1d95ec0d04,162,training
2,c5d44c4d2304f6764c32c1352be1ebe67492eb4cfde70f9ef4501f30f64c2f64,163,training
2,aa49fd6638cbf5ec6f19865773fa28d55bbd636b3072ecab9e6591d3b17ca52a,164,training
2,5b6b75cb28f9addd5b6690ce438091200f6bd122337e97753c0f55914c9a9670,165,training
2,5fc95e8be80ce7a4c499118ab9fa758ddd2a726f4c568b8f7e7e418f95246f26,166,training
2,2bd059fce786cdbea866bbcf6b626fb0b68d29b97cd1a1685f9df5f7464669d7,167,training
2,53696b5b0baf508ab21d4d98f7fa2f9cc06c71c031882f6abc70555b50052660,168,validation
2,89e88fad945362fc9da010346856aa5e4dbd3cf74dddf6d269d549c385f04b22,169,training
2,cf34288a4b4d1131ebd409fcb8fded70ea57da0c6a6365ae604be0c347a8cf3a,170,training
2,68014f782ebee2cb81bf467d59e33ab68ebb0be4b05a996d25970c52ec347a40,171,training
2,8bc3da2cff3c7e6ce8f7ec948cf35ce70bcf8bb2f5602ba30e0f4b3f0cb9e6cd,172,training
2,3e38ade9e406005775480e70f26172b33cce545081e3f772ff456fda6762b3dd,173,training
2,7ad27da65c741a3ad31ab80626e4067eadf078abcb98b7eb09982ba7374d8dd4,174,training
2,ec182261405a507240ebc058554f47307c70868f15f249bdc5ed638469cc9aba,175,training
2,417d7f47120ebcdf43266458f97ba047586e171953c1292bbfeca037333766e2,176,training
2,a5a6c8d6a6b79932741435715be292d3eeb64a9e38288c087c994daf54a8f42e,177,training
2,5ac76e343b50e6b6d60a9894801b8810061448b0fef1535093f43571046e67aa,178,training
2,0734e6b7c7037288e156c703816a7703f9676ceb5ebd8536b54367b5812fe68b,179,validation
2,e2702455686ea11279f1e269f7ba671c9050833e55b8fc1c0e8211db6f48bec8,180,training
2,dff579014b63f038c65a1c52df16c514d7ba629e2833313ee4d17589e540ee6f,181,training
2,73c8296c11983575850f5435c863826f94b02f72bc969c4b562d31c3cdfafa2a,182,validation
2,3423ad76fd10e6dc4bb5ac1dd32c67ce108fc9f5ce325a75d6dcaf392bb90f90,183,validation
2,0a3546e071b656409a3e610d6937a6e44f5b162aa4207c59ce628af7bbd47c4d,184,training
2,cda96b1c99eb76fbc2d178a3e42188d9a695242ebcfcc33d4163aab88afb5a09,185,training
2,f2845e5e3a4a72bf7f69c099d9ad2acc985811e0746c144c9f20cd6bbd9d540e,186,training
2,4fdead6c273e8c27ecd70a13292ec84a0e5ec3898801a243be9beaf909af590f,187,training
2,a786798a7b141539817faa2be8ef771c556b01f395dc21c23ab8c0e51e820827,188,training
2,e60ad659a64b031af6f60c46f2086f1277f5781c90fcfdecaa7a64bb0cdef7f8,189,training
2,2deecb0c489e1e501603f585546fa0e2b0cd8e234f8663b60487d0e4bd76c54e,190,training
2,736e19b32fca3e528c547b7fee3998442ccb93d4c3938aaf841636d20fe73a11,191,training
2,82b7472fdbc23047684ff0f93f73a9939712a0c6e296a35af2d3b3e3321bd1c7,192,training
2,bb5ef4dd257b2c9b761806aec1524d558cc06fd08a6a01e2cfd48b994a76ba63,193,training
2,e4dd9b22a6d8b40f34bf65fd81cd7d931c1f208514f95f2186d5469b99c16ca2,194,training
2,e01840146c5f0760905afe34b4d49db6d32bfd553ab89540e725cfbeb2669456,195,training
2,0eeed6d9f10a965b81b73ddbbaa905e01461f11154935525de21eb278d6d0ed0,196,validation
2,f446cae606b57f12040607f459b02170f38eb31dfa6cb3f65458a177d1dc1421,197,training
2,13fd23709aaefdeee5fe16c17bf3a190dbe43963f1651d185f02a49b138bcb81,198,training
2,3714af99e60628e1808a4c7971645403b81abd248e0831aa822ef0292237b2a9,199,validation
2,85bdd4721a0f5fc2a2d0bd3b0de23cf74b944118f1aebde006cfb33e8fa6dc0f,200,training
2,296e3f21fc46e1ea5563b596fddca68b0f8a860dc9b0f5cefd139be534b54adc,201,validation
2,4ac678405c81d39cb723af758608da7fb4bf66b0719c803aefa1dbfc9cace165,202,training
2,ca916967dfc4746a75e7105a0e543e23917bc2b4b59556557d992df3db006bb4,203,training
2,ecc46f7c9c8cdc7ea28fa5c66efea0d7158eb30ada2a290a143d01b4aa2168b4,204,training
2,907d16921dec2d4c81c742bf7cedcd0747e1fc90957d3183c4b742bbfcede88f,205,training
2,242daf4391cb223a7b070a3f24e5960f922220dfa6f5e390181834a4d489a249,206,training
2,cc6926a7a961794428f46dd9c4bf82d5766cd011b1eee5fa893c0c50d9076105,207,training
2,2b0eba80478d8ad53c00d771e59f6ab1d183f9a981c0682a0521d6e8d44e782f,208,training
2,3f488c1bd3ee93dd2eb4d94744b9e6ff0eaf730deb58f9ca28636fa5a96f387b,209,validation
2,add556280e6de477124695dff47889ca9f900189da1871dfb8619f329c82f81e,210,training
2,82d0fd34d35e7e369addaaca52c7cd17059cf4925282e3e4fb1206af83af5781,211,training
2,43d2327dcbc48af410332d5651b0ddecbcbdbf2d1f3a7a4ef961761fa34b77be,212,validation
2,93b74fa26a280e66000834821ab52a8a0f9b1ea4b032b7bcf0e9028b7c41933d,213,training
2,824a682bf20906b27a9df211cb1d15f506e077845bdf7c8349d0797397c49675,214,training
2,715a063e8a84c93819cd7932bed1dd73ec898b7a5870254e7eb83e824e31a0c9,215,training
2,e3b2148d2c5f4fdd94c39199dccefbaab7791b05bbe739d82195e7a7c9ecc6b1,216,training
2,64dc2e999054452893227bbb428a1bf9882f44d3074e6d100ca9ac1fd7ba6e6b,217,training
2,2bf5af1ca443f730d6a67ee39b64aa80546555b8679c3a54f4aafc621635570b,218,training
2,37d8b34c2d84cbbce932b47b1dab8f197aeadc0d3f0cb9757d76b87542a3156c,219,validation
2,2a650ee3f5020e5e1ad7239fcaebc6d6122ec6d37de830780ffda7be7a1aa8e9,220,training
2,0560ef88ee32a46c12b27c3dd31c8327934826f6e2ee4c53ad86eb2a1959e280,221,training
2,91a219687932801e045f7e788106cdd594f640d9abf9b005b67533d3ccd0fd37,222,training
2,b630a4d2b4e96b2e01e5b1b57bbab544b332d8e8b4ee1e281faed1aaa8b928c3,223,validation
2,1d908fcfbed394771e5eba70101e2360a65c26117c11415c1024222867b39566,224,training
2,5140b8e4baf7c34b613b774eee5151036999b363d631c489b75c0f34f936d2c0,225,training
2,787769f5767d0d039787a7b50943cfeb831e15258897e673f6460da3725be401,226,validation
2,1436120df5d46f772e28375960df0e6fac6d5c88297f0c0235a61f18c822fad6,227,training
2,c45b2e6ed6d312d49891ad36e7b0c8cbb7472948a6d58e8f8768c87b8ba01128,228,training
2,890f6e4c7f593f5cf1c62e25a1bd1aaba53c0c3634404b291fd07e1a758ffd32,229,training
2,f394b74fc28c19c82cf8c41d5fabb29760057f8677e9604be50abb9a28d34fcc,230,training
2,a5f47dbc474f084aa909b4b8dd1f76eb7119e52fc480049750956473044e1f1e,231,training
2,944e08181bd40c3a04efa5e021988f924d9e6b26fd54b0554bb2bd23badd0911,232,training
2,669d07d8739eee35407225967b33d0ed2bd0d3b1bd8b7a3f0974707dd19a5912,233,validation
2,67466d12f53bea11699e526eaa14eee59c7b420c2850571c6c997f5ac4844f48,234,validation
2,cf2125a6970b969e162dbc4b65c2a7601d37c16a72e4e37f9cc275a9e5266e85,235,training
2,eda19bab98ab0083fbcab654dd51bf124210a4d03eb92341cee966f320cd2747,236,training
2,f3c2bc0d146c97e7306bf2b92ab2770411169e9de87ed1916459e2a998b559f3,237,training
2,cc792688c1737bdb9c05396bbd791474b4042c5fa76853f1c9afcd2b4f692b2b,238,training
2,295fe504e0cf0a1b2d71514f65208a2fa0f6869710c955e1c4a0469a4ff635ca,239,training
2,f11beb99caf610e8a8a4287bedcac0a5f57a55f12fafbaf15456f3c93f972280,240,training
2,244ac82e7f6a13f3c4cb2acb9f79833292616e56e7b788a61ab22088a70eab31,241,validation
2,c7b3ac412309cc33aceb713879071c2009a5b88adef6f48fbae39c309e1cca05,242,training
2,0fe4991f6f738fdb01a67911189707c715cdd99db401e03e86f87ce3ba0ed77d,243,training
2,97a87e4b5ed617019d36c2fde53f5643b364970d6df5ac378ddea1706b750164,244,training
2,4ed018b61c3d72c567cad3b92a1a5af80d7b1b7cee50eb8525ac303002415bd6,245,training
2,5f18aa0571a345e2c8a620182df3a532f41509cb7532d7bd1b576b369e2e5112,246,training
2,7e8548b8a827ed74d1e40123d9b34078dcda36f584542ac28512be2369302b0b,247,training
2,898a61720e912bb8be7595a62cc7781f6d4cb70b5c5cb4867df495f56eb3e114,248,training
2,65d1db6449765813f15c5624587dfb35bbc7bb0d83b26984fc3eb552e2f2d663,249,training
2,348789991e938dc1c05038e8df6c3bfec5eba3cb9eac6d616197bda24fd70733,250,training
2,43959c6febb9adddf3e7ea529508f824dafc4ce1bf596f0d8a22e869e2bf9289,251,training
2,038bea8970c5de2b757fac6409f4bfeab209ed7293083868431449922c951a94,252,training
2,ede068067e63958a2591a86242ae5c6c7fac5f76b305f844378dfbfaffbaf931,253,training
2,e6369e8bc0d07e2c85fa82edcc5239d2e2f90f6985f6682ff22191bf3997177d,254,training
2,69b567977ce24bf74e6152a1877f5743c0ce894cceb11587fccdcec67e569395,255,training
2,dce46bd9f719b11effe91346ba577db8afac77511ee50e0274a472f6c54891a9,256,validation
2,f399eb8f0e327c4484cc176ac320bcafaaa308e80a5a88d10c497bdd8bd1d67f,257,training
2,6b998be7077e5efb88b1e4b10d4f20b24bae1d4dff182f5172ac4410516cfb66,258,training
2,135e0796ed3062e152af354d89bb71e15f78e90a0035a508a7b90dfdcd60e821,259,training
2,16b11643ef6c94777834d4bc73ffc56b3be23cd273e4a91f8406fd656e7b7798,260,training
2,fef70bf566b88965347d221e5f81acd627193c9e3e03ce2a030706c243ecd601,261,validation
2,641cfe95819ffa3982ade6b22ccbe51aee50233b02e73e9a29468f5151bc29d7,262,training
2,3c60866162df5c6c7dab309d31a0fd37d283b597bcc7f9aae4e7421924fc4e17,263,validation
2,15231dad5066a7fe3dda03c4855eeac155eb18ed6121c338ca1fe8efb4991758,264,training
2,0f02c27a9a561c200f93c9ed781d92390cf17b596eb25aeb6de9349a2d87f52c,265,training
2,6f1fb6405202eefe69d914f69cffdfd9ba1d17cf088b050484ceb34bf26f5331,266,training
2,56643baea493e7acc2ee564639980437ce6f7300aa41483d903f6a2c7e46befb,267,training
2,2bbdf9abc3596210dd47abf1722857fe066b42a656470d32c282943ef08f4c28,268,training
2,016afa59b1866fb6cb5a0e1c87d6aded6a85482160b09d2881f634e367655cb1,269,validation
2,57c8bbf8d9a519231b373e80fc35f239e6d9cd4ebc0658e4461f8e3a3e0380d5,270,training
2,66886f0259d4a1c0f1143001ec34390180f0b991af3ebd05cb45f83376be13bc,271,validation
2,64b34689b74b0bc7c05b7e0480b1c4360a3ccff7a1af2411d2b86f83b15a8a10,272,training
2,897b6b275a829f544224f1be07d09a6eb0792118c04c2b563caa3fd787477c4a,273,validation
2,524cf9d2e7fc245e9cd406c5f611f256a584803cfe81d27ea35d932f9430ed24,274,training
2,cab1fc7ea6a4664a1035ee442e0f325874960fc4f9c4cf96cd5aa4994cb8b2ea,275,training
2,f26907795aa7ce72b9b8fadbca29b3d1c552e44c1fe19c49c6a49f52f7b2747e,276,training
2,429ab4951b72bea9264157b474dec154054b8823c682fc84dd10e8e6b8b572a3,277,training
2,5d37f625033cb1ea8e05e1cab4bf31dd7ef91a2bbbb230b3999f49ec15cc0738,278,training
2,44c51060292ce94f22560c696d198232333767de2244ef73df764dc32a2e98a6,279,training
2,c8dbcb7e20fb204a8c45e6a29315165fb9bb364cf255ee08bb1f911f3b728dac,280,training
2,ee14604de351ad315914ce80e34d050967e8c6d37e6217544f92a5187bde6f01,281,training
2,655ce3a2f74378323f4a68eeca37a74cf961dd664069eb44882cef2c860db224,282,validation
2,617d77388a17bcdcee4396c3bbd57a411fd8a5816fda397f7234e0f64b61e9ea,283,training
2,f54896bd258bd7b0249d12cc6c2bdc4f7863782af357ec34e360d8469cc37a7f,284,training
2,2a0444c9df0b72f1b19e1d48f60b54564868fe758a5ec95f084311b2dba28bb1,285,training
2,3fd54e6c8fe193b393c79633d63ca4bdc82683583b27a260a62d603a1559c8d2,286,training
2,a318f15d18b672c96e601818bb74d0f31ea0d209455afcda247646028a5dabfd,287,training
2,55c60fc7f0f9a28053e5b296c44af30c07312eb6f1f46214a7fb82e425b9c6d3,288,training
2,9ea0953eb024913ae4b2a5f01894c5bc24a64cc0d87902e6c5d0f68491d7ef62,289,validation
2,6d32534f6b81c9cc0f77e736db0509e21813d633763541ba06d1d12ef624b8b4,290,training
2,79dc6f5402fdeb11727b8618c60f916a0110b114aa62be084e8012ccda1bb7f3,291,training
2,1a6874842bba62b8c3b77bd60e2196ad4d244fd92690ea2f2647f0346298c248,292,training
2,b57729958d6a581507ecdeabb350f30be37c1b57f2e555fb916cb1160371f353,293,training
2,e026dd098d1cc0fb1caed43ecd798642761b5bad78da7145f30b07a26fcab63d,294,training
2,bc8391d33f596022e1d63078dde10af7732290023f9c05255ff748ba8714111f,295,training
2,a8afcf41d2a917cf13a4e1c1fc61144cfa8fe6a158fc76d959219d6d3fd994c2,296,training
2,5e8fcec75225fcbf3fcabfc5349a6e76ac5c92867c3138331ae47bca207ea490,297,training
2,7b18478bb4f2b671a081e9d19531412a73ec8dc004555075c12a18f84efcbdda,298,validation
2,295f6a27a3259bb71fc0f9be38b606f22f944b1a4d1354981141b602e8937a17,299,training
2,e43b98536169062f1adf5c1cc5b1a48bec0633d646cfc319acc1c2dc9fed6de5,300,training
2,4b3e1dc08209a92878a2a8d20ddcbb63187c8fb7affefefa1d05bd01b932d5a9,301,training
2,d046c41d0c467488c30cc1c5404fc3c85b2d586151e9218afdb044b98b5645e6,302,training
2,5e9cabda81c3ed360af411fe648f1527276700489aa09a2d897968aee790f341,303,training
2,da274c89ae47cc9e5ef3ee5fade5e6cd381fef1c963e66a86d1c06a8534b8893,304,training
2,0264d60c19362ea84379696b7483db6741b16bedcc228f357766c9e241bf5e96,305,training
2,b7d5465434a53358ef540b369064df276894d6ce494c155a483b15cbc2385563,306,training
2,e848e0cca2e475e90c8753e4d5636f55c1daf4764ca64e690fc09b05cc7306e9,307,training
2,662bf205112ad4b17f1f74f41adc845aeda3e5ad0fb37462b1bbf9638aef0b3a,308,training
2,cc7fbce6186fc2d8625a541586a0fc0ae9aceed7beb15619f22393c31367283a,309,training
2,3ec8d82e917772925cc733de9f2d1c6585c33fa5da1acbd13fb468e31adcf4ca,310,training
2,b003af12768dafa115b99ab8dc3840d497f7f6b2e34782f825220a74d9b3dc18,311,training
2,c413f5b39cbc2856a68518143e1f1733e4170dedff32346f05528e85dc607d6f,312,validation
2,62992ea3994aec5d2ec0093239b722e2ade423d9a1bd489c53d6aa3f02ecc4f9,313,training
2,22a35515113ec910f07c978139fa7d5683db4ed96f8b250db43da38913fd93be,314,training
2,732db057f5909262e98c49ecf4682a5bfbf321e5fcf864b09567a9c657350153,315,training
2,f5a83160fd7016e6bd3d9105e51df0db96c92609cedbdf5c000b1192f722e5ad,316,training
2,0e8ee42c90589f1116adada67f2bc875e3dccbae093d5e680c91e0182dec3d2f,317,training
2,da290caf7bbbb463ae3868186202c66d803e1c4d85a5a98a14b9cc384ea20e74,318,training
2,a75cb338e5754dfa593a6935b0e013015c161ce713c8e1938fc73cafb824c82c,319,training
2,92c535f3ac9950ea15d924a15ca11942f8969ea4b98293fcfd197d7e549aee1a,320,validation
2,7926449d4eb00e1bc76d1868dbfc48af23234caaf54b84c0cf88b1c0a3bf3291,321,training
2,bfe5a8386ad060da50e041d6b7259d5238a0080e8ec19fc4b130c58673c81b02,322,training
2,2e4ee8f8a66fc5d5b3e5be65818d502fc3f93acab1ee930db909853c3835b2f7,323,training
2,432fa53868270178d1f04e0e8ce67ffd367568950afb013895c897d0de8604a6,324,training
2,bdb457d1aa15fd78e47a9ba03e0d2bd616dcff1feb2f824af2b49ef175d28568,325,training
2,e6995ffa2146990a60054611f0b32c863adc6c5f7fab6bbea7c337e6b56d3904,326,training
2,b25465a285b59c17bd1ece5ec1ba941ba0b136b015aae3f65dc43f09f6044756,327,training
2,900baeecf2557f970d24b13a60310d35e53ce4b7435882dfc4a88f932fa89c89,328,training
2,f9619a6eb1e553497a5c419584afb6b22bb329f6030b34075e77af374fb30226,329,training
2,46d86abee6ceb6f1632d1b188cacd3aa6adc63d3a3fb1c651c7d94b7bf86219f,330,training
2,b379d6409601b5f58dd3dfbe24a2f27d7e7f958fec05a2231be1cf38733cbbd7,331,training
2,7cc89b272d8a6f3e24766455efc3f84ddbec2d8af7e21de2556d4bdc923bbead,332,training
2,c3a351b3ea6a70e51600a83f18e17322895d8712cfcdbd64bbff672ded560742,333,training
2,1bc982018156b305390800ecb2c54d54b7ba41863b5932f9d54d6f319b741582,334,validation
2,c09f78cfa30cfa131fc0e91c3b0a162d4a7635f9ebe82643aa029b029b2adea0,335,validation
2,f1f14cacdbf6ee9718beee33916d64a8cd6b1d25a6b5b50ac226d41ae636b294,336,training
2,1f6e5c3fbd4a79c139494703ce498b03b41e38f681d81a8d5ef54dbd63d44ec7,337,training
2,dfda5c9bc28e652a107f67e6fbe37aad9c6abc606141789c16ebbb90c66a3df3,338,training
2,10ed8d6d4ae963db8e5d8fb69c6bcd4312563fdc1f93030756179e55e18364a6,339,training
2,839f569fbab7b72b68ec572d547edf04a77ff267a48e300ed9749db7e95c3316,340,validation
2,ced69b63d5000ab1b1ecf7273599445d8677ae4e3afd762ff887ad9a20197a62,341,training
2,6ca3af5b093f391380b2e2ede695ddbb4204dddd1c9072baa0d8b3316c54d8c3,342,training
2,54842c773620580d6b9b9d8f83878a67516fa2c56b7af8fc4da8af4a659e4d9c,343,training
2,1a7fb1038ffb5e4f1562cb01cf905fb16430a07ad44907b37d6fe966675751de,344,training
2,ff5317d09d261afbb0cbc81deffed123b0b84a34b5f5ae2398f7d3155292ceb1,345,training
2,f5dc1b10ffd6d5429383b0501599d4345fec4eace2816d886487b43293b14c82,346,training
2,87a32fc99c69e0644c54f5e4d5beda7c0e3890870a3e4213d1b24591ac44fd49,347,training
2,abcf4ef40692767fd7749f71268de0944bf0a58ddcd1b51163be5832aa728eee,348,training
2,09c9fe246d594578eff3a6fd4997c5b2e828265fe02881babdf75e4946c70d29,349,validation
2,7e2cab2a56f0b55fc21ec4ec23b117c882f5d7d24449b506739015801a51fe0a,350,training
2,4c144cc006d801ea2bb1d4f6ff09d550dfaf3fee28fcb652332f2ace1e95e9ca,351,training
2,1b619df42f707a2de08c6a590f5e2335633e6cb56ee9e233b6d718bb1dad1be9,352,training
2,89b8aa617570da4fa15bd00910582b35e05ca33da2b8124f91d13e60a4e33116,353,training
2,b40c9a512fc2aa8c91b89725039e5aa035f06add5b61f9fbbfc2d3a815333e3c,354,training
2,6f4c9edef48ef28f2015d791e76f8e5793020106d0bd9b5e87a4a15252c3d15b,355,training
2,fcda7671bd352d5def08afe0265a6025fe342920697d4e25d1999eef3c7dace5,356,training
2,8cd4be64e1a72b52a72eec230fc23e3345790671884fa106f2e2f77eb127f47c,357,training
2,dd5df3fc4d24f1d2603529e76e710f0aab5447aaee4f6b5cb8067fefb4d29ac1,358,training
2,2e022b13090724342845b6a6d652144bdd8a1dca90cdcea9b62714169820adf3,359,training
2,be7e75ab95132a65276e9e5550eaefcd378888341130278248cb8b60141860bb,360,training
2,22e2f8d20e6f0d51bc16ed55cc253d0cd1c3b213a695e2e6f6ce6a157e5b1f55,361,training
2,c6314e52f5d87b5b427c772781bb93d9947e94b285f2079d98063a8814d97d73,362,training
2,42ce2114cddca92579d3adfbf76d3d1cce09a1e7255cd2cfee1b7b6a49fb6f9c,363,training
2,37d681dbf30b0e34b49679137a0e042d775c8cef9390f59a61a409e69c1fbe09,364,validation
2,6f0dd57540b452c530e463ab3feb0b9c6727f6a150199c6e688d1da31ae92ef0,365,training
2,6ab97ed3891a05a550da93b5a0ef0fd9b226247db131c6251fc1018ec2d6ce4b,366,training
2,300c685a765ad6e250aa7167a164b47f18f08bfca070dbc977275a3b3c7b7250,367,training
2,c304f53a86a50b153f715d06d9bc75e41a067b1453476b7081e1fb308b726e91,368,training
2,dac2ff16a6e79227f9eef65919a722981a3252b88f7c07d58cc164815a896c03,369,training
2,47055e43eaee0a1b216afad78d1d5f2e2cd75ee199610c9c012264672e9265da,370,training
2,d14ed407472a0b23efbc124c87df35dbc4e8ef72d7debc77e94f0b790edc7257,371,training
2,1402bd716c5d2b7cccb21717f134a3511c188fe488dbd077d0928e024fad87e9,372,training
2,4c0ae1f941bd45fcfd3ed7c8e627f633500fe980ea87e056115249f5351e577d,373,training
2,8a166d44cb2321697e294e89236ec8ff1eb52ca9e845d039abb0447d84aec374,374,training
2,9e8f839248511099cb863e0bf233df5bc15cff2beaedd12ada9b31bf65e70fc9,375,training
2,eaa51fa62fbc266c0f0e242c33fac58e51be95da8e7e5e3bc1e26462b4ab6ef4,376,training
2,c98ab7f8bfdf8504b7d2564524afbf7c10f0873b41707554546697fbda685aeb,377,validation
2,eac4947a5fc32dd020c7160d888b542ab4ee79f022237da72ee1ca67d6d25775,378,training
2,c3d0ff4ccdaa2af1a56f63c6921f28ec8f31cf6f6b5d246f155dcb3f7cb90163,379,training
2,75dc6c56de9cff30360178e902004a1124327ff4c333bf507ac6951839d4ab21,380,training
2,67a3959ee3e99959c087d12e501ae8ea4dcef7a327ba58e383d1224fc636e801,381,training
2,cfaede8fb618f90aea1ced4ed899d1b254d56f89e4cd0d328fcdbef707685afb,382,training
2,c50ffa8a9db09cbe8cbc2ea57dccc35517cd770c026731f388496ada3fcfd545,383,validation
2,02970c5edf81b514e7d8cbc9ef1eecf5df3bc3b819a22a29ca0ab935f1aa8901,384,training
2,e55ad3fb4ec387b7daa648450ccc9d96cec1d9b9232f9035a58079f5991bf711,385,training
2,ba4a7e56ae8858a3ca4a4170b025e1ea8d88ba37c1219709af2ae05e757c5b2f,386,training
2,6bbf3cf5ec0683cf6e51eb78931ae65ecefccae74b252362a1a5e81c743ed940,387,validation
2,6b7cdab7e891921fb34787ef9fb3e220c7c5b7bfbbcda54503d22084e09b5b4e,388,training
2,1164c19ae4ba414bacc22b05a9b09d36272ca1859a8b56914c18b32324b07e70,389,validation
2,8e28d637d0c8a528fbfc4ffd42542a46762a4beec6c519491d9ec5f27a394e47,390,validation
2,c7e67bad60ecc01222733699341f88ea7d8af8efec01b0f3ef0e20c280d39fc3,391,training
2,9ac95851056b749feb9bb2c3b4e94af288dbc178d9d0f6a3a34e7a1f5db29f0c,392,training
2,22989e76d0da5b4faf8d9d2e7c525522feffc35f0b39e2385f407bf099eaca51,393,training
2,32b53eab9c0159321d7cc76089ecebabc13bdd96720b764e4deb823e587fd945,394,training
2,ea797b19c88808576dda4900eadf8326b150b30d51a19d2b946ed71aeff58500,395,training
2,a8b7b18d00b698c767c9b56ebae153caaa517c38b3ff567b1877244431f624e8,396,training
2,8120a63b82d0d5c72ec607f3720b81475c61efbf2241bb52481f116109abf608,397,training
2,c4632180ebe0f8931b3f3ff0d7830581717296c01ed1aebfc4d69ca38241e6f2,398,training
2,31ec8955b88e760ebe7c53965dbeb3618ffbcdf87f2569f4ea1fd99f8d61fd70,399,training
2,a690b70a0636e13ee2b6a7f3fb6c42100516135aef8adb3edb14ef78cb67fef3,400,validation
2,5e8da9c1d2cc64467e018666fe1796fb959f6325e46d869522dee60956719d1c,401,training
2,db9a2b1f4fa0f08567e222ef8ce97cd828cc65d6764d39bbf841a377945cedcf,402,training
2,4b8510a99928c3286d212e80ab136981309a9a8caeec56382ced33c93e0123b8,403,training
2,9d1d6470d23deed4c85b760b4e92fd574656e9b2649e41ad1f551988be0f7d97,404,validation
2,00ddedc5026f2179b60942177022d626cfadf9155af85e28047421586b0b8317,405,validation
2,7f6b92fb9480aa71549829d81bc87868a0102010c9dce01dd8ce1f03c29abedc,406,validation
2,44608950b65f191080f7c62a4f9c812e7eb211bdc59038a0adfab459620d56ff,407,training
2,32a85e7b76b08803b86df05f24dad04e68b295129c4b9de3627cf541d88d2030,408,training
2,fe272e1d21a59885e579c6b2f8cd14db0dc72c1498fff19b4ae5b09944dd473f,409,training
2,7430cb24df736389fba68dc1f6e5d28ac891811e93452b9c18194000042c59c3,410,training
2,e9b0d8cbb1029cc00dbc8763467bd94b5dcfb36dc23b9ecd4a5d332fb5330561,411,training
2,92dc6d03fd9be16d025d60b9f93f082824492cd3f6a77a31b03524e9b3c288ab,412,training
2,7a2949727e382e8b952c3492d33acb0cb0d1093ba32dfee54246f91bddebe76f,413,training
2,6a28df123cdbda9660700c61888f255071fbefe84994f640538d43d205dffc0e,414,training
2,d8c18b8f49a612c86f16bfd41afe895dddcf6780a915ce5324ff03195fbbeaba,415,training
2,9cf4362fce479e6c863fbf382600c2133864d65ef3a125f08854e80320cb3915,416,training
2,ac70b085c973913f7a532523ab9bdc74d8e9a66b0d85256808e0a3f5f64ba1a5,417,validation
2,6b54e260306617b0b2ad7c04f9d39b38cb115d6064d0ff8c5a077a3865b666b4,418,training
2,9caffe2d75dee862f504fa985f2e29b4505636aa7ed351c1e6161c275f94073a,419,training
2,8fa388223b3af10c4c2d675ebd0e4232d74d1feb0178a9e695f139b05a688f1f,420,training
2,00198c2dfef5ecbfd264b5f36332f04cf5975a6eb1033376b956c673eef40445,421,training
2,55b11096d680f919be110a80e479d8ca732447f1547ffa60d313b57a61a701ae,422,training
2,9d60ff0b5c91f0cfdacabf3af551b72960ab6c4dd6e3bfb2b4a4e1f8f93e0d65,423,validation
2,f7b6633ee2227e7f973120cabfb6a3407ea0417fc12f8f8b7af24ff8b4a5c556,424,training
2,76ff2b36acb0c752756b59fec38e6415d6b0142ad8128d41decfaf59ee021d88,425,training
2,315f78fb0d93179ffd0e15e4c7464cef5db7651747bacf088e717ac15a17afb7,426,training
2,8ca27616c230f003ad96b8913df3c07f7c299f2ac7eaeef2a2f9e070cae08a3b,427,training
2,2e7d5848d7c8e0fd7892be0eca5d8970bde6738012e2ee311ed7c838cd802a9f,428,training
2,a4975f26ac404e6509980ef24a74af252ed4793681a16b5b1222ce4b549fd5d3,429,training
2,f577ef358b8ecfecbf2331b56f22b8fd0891cdd42a7bb3e0d9424160cce8cdcf,430,training
2,112233f149c998ac4ff54755df90e200c92046c55adbca9bd4876f62a2cc4f74,431,training
2,339997459df6237a0e71a166dacb54213393e2ba0f6cabbbc01a5983034bc15b,432,training
2,7db450a915b0992f165eb2bea63dc9e870da74a18e5a61420bd00c84ad1e61f4,433,training
2,1fc6d9717164477b98d4a849fdefce2d4876ab4a86b37151981a98e467ec2db2,434,training
2,16564eb8e30fb9442794797440ae0c896ac08d9027db69be6a862385e64e4a60,435,training
2,bacec55f8d1cccbd1f87e9e5deb1aba532d7daf1669585cc304f213ed94b756d,436,training
2,07facdb48901af85411de58458b3886c836d9328a03e646f0c7894b6da30e767,437,training
2,861ac5784ffccbd3a8810ff5dedc7d8ad085388f5c773f72ac204774ea13a512,438,training
2,03f259b8d6c6a7ac1744c421fe5618fcd202c2cf2d1115a5bd46c1758148dac9,439,training
2,25f64f9677af238cefffcb83990e83cb527adf506c1ac93c6a03daab8b5c458f,440,training
2,40c59f8d34467a0dd4608eda81b8a9558ecf601902b6b554dd358f43a4ce98df,441,training
2,69c322dcd3315873728aaed5604274957823966c41081eb2225d92cfb3433aeb,442,training
2,43b3e419104c421d19e86ea049ab3d8a485b74495867ac76f5103a002570779b,443,validation
2,558402e88859e852c2134c2b01050e1784a9777105f0b2958a1a26f0104261a3,444,training
2,ca3ba0c00e77171d54041fb0c31cb8d98eb80a5fbfafb230b61cddf5ffa74c91,445,training
2,b2aa4aaa4fc71be2c6bc8ad697c39b4adc9cbaf0f669bea8c27f4395127fef40,446,training
2,231d8a52d2249940832074f7ecaaf031d51665c6e172851d1e3b5d09eb0b83b9,447,training
2,9081339c50ca5ade99c5ebd42813eec1b87581863532e7fffef85581fa1c0988,448,training
2,51b70caef2a6c9fcf250119069bfb61c5f8fd827b575a3f00d18339706e8589e,449,training
2,a377ba99b9b1cc804049f29b6d177e3ea18c5c5e44a24c40408efb11c2310081,450,training
2,fd35e087ceef8a83e53d1585af919945ecda0706865545e3e2005c7fb9fcc8f4,451,training
2,1064572307b1c4261385f20e33cdfef8b7cbde7a07efea7451ce32672caae4c8,452,training
2,db432422ffe1438ffe83ce0bb163be48ffdca952ff01f7ee95905171767607ad,453,training
2,5941c7c69ccc0fbee914af4e74518794dd7d90a4aa35a2be440df51f7d9cf257,454,training
2,0032a342f45443fe47ad6b26352a7daf1f4f1785639e04f9f2bbbe2eb9e500c2,455,training
2,6e00b1d9756fbfdb1a82e8f0edf86e6936db7907835d2454602573cc38929acb,456,validation
2,ddb22469086c653754f3846cd55c4fe932341cc3bb5582bc32bfa5e65c310538,457,validation
2,a2459e7d4280ba051a322249914ec3c43386d0870b387860152d48fa5c83c9ea,458,training
2,afbe72c13fb7aa4645034ea19eccde803ca358fd1c3db753ffa614c9ad68f893,459,training
2,3f0f72022c3e2cc7285ed018873149dafe0e1d79e888bb2d6cbf1b138834e56a,460,training
2,e0acc843518b9bae1317847eeec752e23ad67c2f34133072cc4efa56132b897f,461,training
2,f8be0f901fe6159186192fdfdad1526b4588e6eecbff52c05fcbf619cc7bd373,462,validation
2,7c52da6d74bb62cd1c2f9e97ef0a5092e247b3c33b0b337c6ec6ed0268271bf7,463,training
2,7ed72d36e0d072e77aa65bc39b5437bdb66ae51cfc665ecd70b7aea39c764a36,464,training
2,6db28801f2542cc80a1b90faa0c7ef372ee0326802b7a87bca1cdc68a94ae5b6,465,training
2,1df33062fceb3651b31b4457608f63d61f4874a60920b5d9ff99f442b4b9c72e,466,training
2,2b4e790110f6812da80993ba05cb3cb8e36db4bb4a11d6bfaa748ebd3710937f,467,training
2,1cca3394b1d98a28a3c567368a40e1eb36ece688600e5c1016743422db3919cb,468,training
2,4e2b5ed7231c02e837a098dac5c0bbb59662b3901f76e4f1e090a53088eb9638,469,training
2,a8692e6baab132720b5be698037173744eb076a54cdd3fdd0fff91b620a8b61a,470,validation
2,bd0b689a4776d6b2d8a104040c71efe24b920b504b486d2b79d7175dc31eac0c,471,training
2,32c32e728158a88e6f28b365ec8de2892a29eb70362408d333dc74fbb7f82337,472,training
2,656c0579e0d82394b2c287cf84dfa90498768329de60579731305ca6b8c760a6,473,validation
2,167dcd54c706ee80053e75caa6d7f6ee80456348e98e2a76d9864cb5fc82beaf,474,validation
2,2d9a6b27609cd351c79c8990ccc6be28ae056e28abd7d84708337bbb6cb26f96,475,training
2,f1043af5062cbab5604808897cf048fa4b41d30cbba3d3f768445b48a3607ca8,476,training
2,72ca5dce23d9ecd19ca637149a2ae3d3ebf017988f25d1eaa81bf78543c0772a,477,training
2,48f77eaa5b0bcdf81eaddf0f3f3ea509dc238ccff8f5d3bbb7709513a93fd03b,478,training
2,593bdafd4e6ed58a5d95a849629857eac8609b810162ec1ff9cd314b52051250,479,training
2,0d6355857cb07bdb046dab238a12c93a77f7a480440abdf46f19925696f9afd7,480,training
2,12e26a294e2be8c055d68c362ab4fd9aa6b2da02737c559494a0dd16c0ca57dc,481,training
2,732f06303c1182bea126b532b55fdb19fb7b1690a7196d41f9b032bae3087e6a,482,training
2,540dd7c82f6a4f1213bbe62babe9bc815f8d19786dee86ab41d45680f3e5e845,483,training
2,e478af5b4811804cc144f396b0c5b268bdb02ee390b298e040186d1bd9423a25,484,training
2,42df734cb59be1978b1c9d44d9ab056b28d5197989f3031fa92c173e7bb71d59,485,training
2,8bed8366852e29aee9d86a371983d091e58538c5dee75060d40af25deb02a881,486,validation
2,cda51d921e4fbdeff94cb5e4d523a9348bfe82cc3aee0e507f3fae71d4e7c169,487,training
2,28cf9487b19f6d70910512f172d400fb09aec1a8893c32877ae31cef513fe42a,488,training
2,8478f88c56472296e037ea9119cccecfa43a2c11ccd0a6672289bd238567b130,489,validation
2,1b996d3d5614491ea2b7bed8730d1fa0c2ebc9c8a67e2287bf990e63fb158ce5,490,validation
2,adfdace5735bd5eb5dcffb3cffbe3a0ebcb46047cecd584ec37a6cefb8771068,491,training
2,b05598012b859b59664f875872ba32c8b0be893f9d827e1b1d481a92fe3b4f1c,492,validation
2,12cd170cb7df72e7768f49f179b0e0595e050424c37fb5b864a504c82a975ebe,493,training
2,b6320af3d1968f08c2e24976c4009c29200ea3d3ce0ac72c97335f4b9a72cbc3,494,training
2,4f9b03ba8147ce50d55451a234c96b43c78ba47fd64561d2692454e0105894eb,495,training
2,15fb3aa2b5e99de102aa8ab90eba05d12746e2ae76e3e234c80d5b28abd65cfb,496,training
2,48699a224ced238dffb4902cfd12615cc3af574456938502228ab64d3e236821,497,validation
2,7667a4d8abff3ed5b6392f47ec6bbee8180c6d63fa738a76f8212af3f4668f40,498,training
2,6b59316f2ce1afd07a1e328cc0ebb049c6ba2dc4f142a994dd8a4f73b189258e,499,training
2,cd4f55b80ac4510d1e90cf4cc7939d0d924d7bfd4b8418b282b89ccc52e712a7,500,training
2,c248f77a36347337c500fcc8976e628ef806249c64b7e03f49f751eca974b155,501,training
2,57a6de764d7b80b4f77a376779d87bd3b3d576a9ac8299ab3ba345d461fbe440,502,validation
2,09e629652ef8b7885f2e5e87826e6d54065a84a80032e4addcc133b3516bc2d0,503,training
2,550e235c900cd4df0f750367f37fcb739936a186becfce1e2f227ec2fa3d0481,504,training
2,a01f6ff60f3d655d6b46c7b032200671bc601795036bb688e2e15e40262b4c84,505,training
2,de0785fc60e63160e6e5c2b00fa7458c01d5eef71e5019bb588638854c7fd19e,506,training
2,a43ec7d98026de0825899899ad3ec23f60bb118095076bef55b422162d9eab99,507,training
2,408bc23f5495720aeea90ec4c43227da03597100e8ca767776503c4ca60fd5dc,508,validation
2,d5f4dbd6ed075870ad29e51a53b424269fc77f379f92353cf92d3c4496b90f75,509,training
2,c0b44267f6482a763eefbd3050e94a3606639693e1566a0744a69c0d22db8cfd,510,training
2,f47d1f9462fab9ebc8decc6bb604dc69078d4e5b00e4566464cc351e9306126b,511,training
2,ac5533fb6f2bb263a13cf16e2735d0a9801bf3b8fb17e366111451e54ceabb59,512,training
2,b2f2f0853468ab998caa7f06e4f980169aab2fd5efc7a9f480bb061d9efffe35,513,training
2,0bf101bbc77d15bf5c8791fe26618c18ee1b619f9f0f8069893e55556a02f76e,514,training
2,b444dfef7e4fd8d4c5af6313712c71a478cd9d9594d8c3394601adf90ed8ddf6,515,validation
2,0b41d944ef1da5d80622b3f1adbbee1da7176536169c549a7f4327842a38a788,516,training
2,39304a8a7d9f33a724b904d9a14429447c1175cb843aa8c9bd086da3e55d7d07,517,training
2,85e8a60db72a7fa2c1d95887e020d8478839b39c6b21fae5eb6a03ccec3cef12,518,training
2,207734e24b913a499325b4398361f78502e1b03399d58c27e8afb200dcc3ee1d,519,training
2,68791636a6f1810caa3d56f44d7e5a8005761dd5fb1417e39f32bdd65c72258f,520,validation
2,fc1bf2b233684c1fed3b23e031651a82b56eb8e3548a7e0f84e7219bd7680776,521,training
2,6390c026ba2d978a9cb57a66532e9f29ad74dc68615842a374a1c16beb72e14d,522,training
2,cb2b5a5879f0e0bed24435963bd81d8c701c1d18f19220747e4c1ee5bb37f5b3,523,training
2,86a01c33d5bfaa317dbd70bdf138c93b37a913c45a239e724191de3fb37b1ab7,524,training
2,e69e84c798382640218232fbe3470806d9d32365b8863459b469da4012cbea72,525,training
2,b6f6b4eb5c90513be1f71fd8e248dba2872b73daf3f751926ca89aa96417ef52,526,training
2,804d182338c8206bfa570c960615a539db9c1e36e7ad09fa9c1517a6280c94b8,527,validation
2,0fe0474e2be1ea2dd566e627071581eeddc3a8349a51460963869adf4d0238aa,528,validation
2,5244740a83f3d10fa5a39cd1d5cb6c87f4f4ad3d7b7497cb3c33b0484cbb20c6,529,training
2,658f5366c31734ec7ca7d45a48b16d63eb1a0f101aa496486b9d5e2e54d06daa,530,training
2,a8e9d2709f1983d4bf660ba16a5a1ed6bf89891c95f26fff7335daf3a2169d5f,531,training
2,253d09348e9402b138662eec8ffc51b45dd393686a6af137788d772b7913bdad,532,training
2,4a22849e1d243bd04cbf8d3975b5fd2b2f55fc9c62939f839d9c02069c43826d,533,validation
2,e8874fd8c53509338d55d382eb0fb08931ced114b9ff55e27523d52faa2d2d9c,534,validation
2,9493dfac02d02a063d59e68d0ef1624bce10f1114460b1ee5e769fd916c44311,535,training
2,02305a90d810a5efe450dfd59bad8963026c0f8a694d1cb240555ea36302beb4,536,training
2,3f9ab188bdf19591257f576e5e72582b05a21ce862064cd61142ff2c5a7f9363,537,training
2,74b4d2f94e45a79fe304f36f8628592cccb8c71b14c242cb9dd218883a6e842f,538,training
2,b3454028cbfd6b74e977a5ecf074a8b9797be61463405820dd910878128fbd75,539,training
2,eefb7ecfc5325613ff5d8b696520d8bd6d6439ea567bacce1af6b8fb06f1a8be,540,training
2,c0db2044693ddc5bc5767a0a6f71b8274786c2419c371cf36c509ecb8eaec19e,541,validation
2,f8ff7be26e481f004bd0065418f0a45a44f817083b7f12d0201ad527e38e618e,542,training
2,c251bd3b548488a77f5256fe2ff79550ad2a1f2817695c6c68cb5d2a6ad8b660,543,training
2,54862033d72a3ffa495771bde62a97b68271efbe50ffcb89e2107287f7ebac90,544,training
2,5a8c6e0dde48ada3e7f37e701c7af7189159633468fef7ffdb701f3ef8cdba03,545,training
2,6c44b0736bb5009123fbe21f469ecc97fe2d350bcc1f64ada0e231a1b4148aff,546,validation
2,99fae670d70e57082e940268b4f840d15d8d11f4167828d190913af2f951dc18,547,training
2,24d08c8432578ac57c6906c27c4f3cda8fb0603dd9ac8d5769f8bbbe82c89d0c,548,validation
2,68d1b82b9f4bbd31ca50523a5886f84d734e5c3e8bda1477f50dacbf1bad0f89,549,validation
2,57d6ecc0ca42ec26308201eb401c652c99a18f54ac088d3421ed51925add8fa2,550,validation
2,4564cebfd580387342f1535488ebd271f995ccc9b972e4cc7b4e96a90dc53179,551,training
2,15ce5e600e93a51b8ff2ce36c4b39a4e961417ae59ed02aaa2f0e17f82c77795,552,training
2,904540924541ffa8c7c906b3184444a1c14e90d5ab97b9f222bc8ac4ff97f0b3,553,training
2,fa2a32bbe3f06e7d82979d2c59a9b73aa6ccf4fb9ee1b8f1f2e34973d437409f,554,training
2,ce46f6633a02c3bb1423cb72ff41d4b5839e25088c7c8fbac566a89b95308c7c,555,training
2,842ec00098bab936a890a66df2fc2b165c49077a19619d51d0275f6f845498ec,556,validation
2,6bf43c2ea055025ccda28b7a3b9a198ce4b3602104011dbcb45941ffd4d05173,557,training
2,5c45281a45bf262b5b226dd47d5a4580f946d7fbbe471ff3462d5aaa154e57f0,558,validation
2,c9cb18730fe6185897c9135f105704446e80d139477d8af522718bc0000f0922,559,training
2,802ea750db75c36b6a727cc34624f46f10426ff14797cdfe02d3bda4229c3f8c,560,validation
2,e7dd1512dbfed3d9f385a897d16cfe760ecfec53c5693e2e324e8914544d69b9,561,training
2,c28d43a4240dad8109b66c7e4bbf80238b40aa2e8e086c7c0163893399aae87a,562,training
2,35e83ee3e923dd6e5a4846706bdd729bc7b08011e7910b98c4cd3a05e7268540,563,training
2,c40e7bbdd7972008c17e80a1dfe7dc1c55f929e47ae6f51894b15dd7a7a359c9,564,training
2,93bc9feb52c86683e76da654958c52f177f16d1f50a4498e4e9f4292b25e04d5,565,training
2,fd516cb394be0b73fcf44770cf3ba75636ea00325611892700fbaea1b616e342,566,validation
2,1472fc1e880cd9e898e91b7fa678680d34f579df820be54584857e65c4a9adc0,567,training
2,eddd8928eb0d7cdbf63d88980540aec9606ca8b1790fa15c5977d4ecaa70d5b1,568,training
2,f82356e6990db15458fdf926542b5bf73d07c01ad09ebcc8ae2915d9aa436cd7,569,training
2,5ebd581a75f2100074e4c63c007a19333252d0069faa7664d5c88833296c8ade,570,training
2,0d6c4e64813daa3f5c8b8833fa3ce3154905526febc4d9d8ffa07b444f0d8fac,571,training
2,774634ac15e60ae85ad4349eb4ae57efe1d4815352869b532836dbedc133db27,572,validation
2,f1e3038507d94046f6fccc77da81d569aa2feacf157e4df6600f2d6026c6404c,573,training
2,35f106b2759af819c18fc5511feb2f77c2b7fbd9f80d73ef1701fdde75fda1e9,574,validation
2,4fa36ecc046ae7ce137c39e9ab9588a0b76595f2507bda7907f953fb6a528502,575,training
2,d909242fafbcac1deaa24fa4b64009cfd5a0c61f7eb5b020ab7a6702eeff73f6,576,training
2,14fdfae0d5c118be8426e2b5d3727c2d6ddfdae057ec3a9ee32e157f2ec205ad,577,training
2,4df094196f72b2bf5f16997741f3e67686a776acc38ef3d74b54361a9a44dc72,578,training
2,2e852e653ec73ca8025b7580da21cc3393318e2cf5e09c2d2e75b1c7c0d4939c,579,validation
2,ca75ba8b79c5c3f34a9b414b431af8df73d68f8e0ac14e310257047e86193e1b,580,validation
2,f8207719571a0c9899751726a22fb39af5459f85f20f4a5f564f015e1a1c519c,581,training
2,4b782cf7862b12966c373d7abba50ad96718c1d37ade7941e440a171630f9ec3,582,training
2,b835e2e0acbee7720dda46e5d2e26d36425df164987db21f074a67fd5313f828,583,validation
2,26e81a870dbd97a0bf92401ab0273b912a95cba8b86f49fbdb4ff4f921c1918f,584,training
2,de92b8b59e86a0a56e2911f905c127073e875c705ecfa0a45a7d215c5cff8ce7,585,validation
2,1cf26f492d62373020d3762694aaa0bccf5d546bd8ae4c590c22d5b2cc1df29e,586,training
2,0f2b72421ea0cad04f5fcb74d4e1aa9e83ac89ea0945b4b59fc63e3c853fcefa,587,validation
2,e51ec62dbe880580d1f8267c5a621e2f84f94fe24d092c72927862d38a1ec6e9,588,training
2,bc6a9a40bc4c2eaf5a0b361dc8fc51c71e97a5482d3a42933bb9b15b36e6f4a4,589,training
2,0832a3b7564eb3c9d5ed9c0da8558e90bdbffb1fa3d9ba1d9e92d59d845528d7,590,training
2,e70471ad45360c16d02e089026fee742b5ca05cf607700957facb1c2db9debe0,591,training
2,72fcd8e2fcc9ac3491a0d587cc1e686523e8515ce55eebb0c684b979150680f1,592,training
2,91489dbbabd31755aaf259a7184b185923f208064a63fca7b5d7b0cfde2044b2,593,training
2,c3aaa4c07db1eb142ca8a1ce97f1af75b868a36dec7d20aeb304cccca1ceffde,594,training
2,021fbce1c6c086d245703c9ec32b654a51d5e129a73a4b988f600ba2c8ca8943,595,training
2,a07ccf6812a4408129e6e0c7152a68ae1161505803af6cf3b59f1a93f34ae027,596,training
2,9b7b9798b4f306f56be3388462a76eece1e4c084fcf9197bd4828c71cfa2cf74,597,training
2,933c9103e141ca131a70de37a95551746909495affbebe21c87520f10f0a0fc4,598,validation
2,814cb3ff729c648f5b37dc74c2d711335c7e4f83a7755e057b33e87efb03ac22,599,training
2,089b6e545dcf606e4d0576c40cdf33f224a1bd5cbc678a39e69d998114421a58,600,validation
2,90f9fc108973fc25209fccfedf1553e4c3deb05093fb5af368d957599237e8ac,601,training
2,25095f0322589e32ab1d2f8f527c5fa65fb83de24c3bf7d47e973ecec94a7c93,602,training
2,9627dfdad3cfc3adebf64ae04f99a2b3a3f1c23c0912f980e4747f68541ccb78,603,training
2,b746d135e75984336017d1cabd3768a9dd43ef1e922acc6658349714f0443b20,604,training
2,74e4bda5ab646f454769a959f8809b949f59237abbc9d8f94780bbf9d4bca10d,605,training
2,43b5025da6ecc6cb3054f9f63a253641892b2d2f87acc51acce49d39fd6d8f56,606,training
2,7465f92489f418ccdfa70cdaf213dfcf6be74c422828295ca8813f5ce35fcdad,607,training
2,240cccc76c79103035311eacaa9503cb4b35a67332f558f5090603281aa3530a,608,training
2,d86f56665e8f3c829a3736f2c0055b443484bdc78336b0a8d2afb995854417f5,609,training
2,81aa70db2ab65cd55cd5e34cd750db55876c56a1c4ab9f5e08330e90bddc96b6,610,training
2,13060d204b06c96a91adebadaaac85e4bfd63d75b14e946de0afe83bc7872b50,611,validation
2,8c0798234f77b3047e084c87e459975e5c2c0954859129161656a827187f7189,612,training
2,ade7916ea3a27dac85b34fd3d39ff69258d4cb2032ac3cecbb39584933916e0f,613,validation
2,18751b19e855c773e9b46c34396b799799de59fc0f7afbe0ee1fabd8c8d90f81,614,training
2,b10938dbee82111c68aca302ef820ccd354eead797821dd88998d715fe75ba7f,615,training
2,b9a8dad517572da5cf57389f1b0547d7a3b4d7ea26eb7f3b8991491c62a5faf3,616,training
2,3ec0ccff26133d7ebd78a6b6d0b569252a08839db8fc4541e0f76938a69c4525,617,training
2,b1a1a7782046da9c67ecccca831fdb2b305fefcc2a303f1d399577cf3434f7da,618,training
2,1a54444084185ce3dea56ef1e084bbc8f1de365b1161d9a9cf7797a5b104f5ae,619,training
2,a27e3610f1df24cee2dfe6b819b4338cec19082b0538e72357592c9787f6082d,620,training
2,1e1bb83a89ba668124dc9205360aa00e5f1344bee7e4cb9ce7776a9d883cc443,621,training
2,14771f6f60f30192cdae35b75323186f9d630418a052ae94bc8427dee2792bab,622,training
2,81c75da1e30fece1a3786bc8aaa6e98d63247c8482885f7275cae81dbc7f3a68,623,training
2,7ffeccdfc79325d2d82497c7b1771559c75a31b9b478b6e11b2358aa5bd21d60,624,training
2,00fcc31207abae55cd744dbf7622afefeaeb88b401295875dd7217a23916dd6c,625,validation
2,47dd959aafc2e864d218cb70f5daa9bafc0f65ebf01e7d04102f726616c0125f,626,validation
2,40bd8e37bb2661069ff79fce8532039d6e646d2ce58b9909758dc781d6ebbc2f,627,training
2,4b72bf4b6108cd6290c52b2e76bcd576aeaea80a770448865c554edcada8bfb2,628,training
2,fe7055986f28c9f9fdc06305b740a6370ef9673c825a39d99720228ca6ade0ea,629,training
2,8d7b519ae6d5445e3bcc8c48ed60a8893c11f55855d618d2e8a814fd401c0f91,630,validation
2,63577e3a7e3cf53396556468f189291919a41b571fced467cee3b1597d8d74e8,631,training
2,e5e7a54c1037cb3b36c0dc0e32a45b7b3155db9aece4147db4eb5627a839ef48,632,validation
2,704e42771cb4d35a37b82134320b204dcf17bb214333f9162ca5caf72d9dee71,633,training
2,8a0671af47b9edd31805bb93511889292e2179070ca965a2cb8479a07eaee23f,634,training
2,3c03792a173a851f444f9517440876095a92e8d63bf1a9f0b99c47aba9719b8f,635,training
2,fc32214b8ae7fd0cca812aeb48ae5b37689cfbf4a27f23f996b93dad4fe21d65,636,training
2,279c8a38c2283497d979e858279218591d5a1a348378ba898892e5343900f076,637,training
2,8284e278b2ca41d109d53b06f321df98fdcd13c1a9a16b6667109683d5c2dae5,638,training
2,ffe7337f3b44501bcda17d25e46315f9e5c7f682a1d09954f725effce87848e5,639,training
2,3c920616b69072c6a25839ec99a00733d38d6021961a3dcfb3328d382fac283b,640,training
2,7b7e544d89e9503aea08485263aab86bb747bd1aed5f8e4bc0c755bae210a45d,641,training
2,72d2c4eaf46ff7aa0a2bf1175190d1e67bf46bf1087797384a4064fbfda70d2f,642,training
2,5d43e9808864630c22e9f895ce24e45df6b4d92a8b083184740098f17cfa5c8a,643,training
2,a7be1d69ffe139d06e2d7d66f0e10459d4960105e93f1386301c85eef4e9730c,644,validation
2,b4dee6f6a97fa86e6a7f3a35e87a9ace1b1926a39bd544fe5638db2c1390b6a5,645,training
2,fa50240d205678607058c4b24932177e89d1e0ee7a057868cdcda153ecfd03c7,646,training
2,b9c266e3b138bdb1ecf87974413d95d3699d417d06b0821c768adb8842f5dc3f,647,validation
2,78ad2923696de4439944294cc6e40257a8aff6c92c6fdc52cec7be1b3aff8796,648,training
2,3330174cb962bf9e041b6f5b79b6101d4bb8701868ea8f5d58e9b48fa8f8b1ed,649,validation
2,9f2ab5bf50ffad167ed32151befc2fcfa32cba77772d80b514cb9e6c280189d8,650,training
2,5951da8dfde3f6df5f19c5612a2f60f90ddc84b2d9edb1826949b36906e14f6d,651,training
2,7d793a29bf856f0a757025cda0b498257242408808dea82b0eb6b57a199a3a9e,652,training
2,e77f0e059140a74ed647bac84bdc3918869083838772180325248ab36db50932,653,training
2,c7e54f34c943ef29bb7f2f67e562ad8238e29983bd440b19c9cdb26aeb30e278,654,training
2,ee561c5580d3c5f0b533e713c217540a0fa61e02804cecf2b90c56c1f031b09e,655,training
2,072adaf44a459ccb9332f358efd696f8e5febb61c3eafc4b2ba3933568fc871a,656,training
2,6b48856be164e3fa668082ba0a776e1efefa8532e03c047108d75ec069305192,657,training
2,c203bbaa1a2adf87ceef714ccc2df0510045f05ffad2d18a19d5a6f1ba743fdb,658,training
2,7b5371323d72eeb48030ea009ef1fc32428c4dd89818011d824248f3667533c3,659,training
2,6d944320696c4451a87ef37e53e9d92e6d77599775027545ab0c59bea87e5ae2,660,training
2,f24292de5bd0ec36bc191ce0c65ecfb9862268f42e551835d929a379ba3ede5b,661,validation
2,d1c75373b03d0ad0e529ae57e87bef61cf0fc4b25b9aa8a68a98f341e572076e,662,training
2,84a66bb5839b260acafdd4f7c0ad0855470d034c770cba189420d91e12dd8ac8,663,training
2,8b8fb9b7633d5527b9069d8f109a1794c740925d340b00e84c2a44b88889ea08,664,training
2,d6e2cf90f0ead15e76b1806826ff7b354ce61b5d3b596124467813b9d4349c18,665,validation
2,e4daef8672e7c44acd5f4abea2f14c35ad0646a1f90dd6ec9685683ead096573,666,training
2,b64033f62d82cff3b43df445aad3e179a6a7f30fec8e881ed53469103632833a,667,training
2,ec19fdd492e2455fca003f66565b0f413efba6d69e6b08aee0d3d326b6d09196,668,training
2,9613a5afb9d5a9a5635befba6986878ade2840b3679305b16406f386334b27f8,669,training
2,05e667af29ec382ab9128cd42267491a1a3c47568d7d525d83489fd2d6d20c23,670,training
2,e7a40094ecf9dcfb69801f40b98882183ee86374f0a9966896f5a55aef35c284,671,training
2,8ab801361be37da71533f5041ac9d90a1152f0c2e0faffa806f0e36fd67c0baa,672,training
2,d1af1541c726bbf26358c80993e6c87973b6f748cf50dbd9558b9c691389f59f,673,training
2,9b052460b785647333f728c6a3856d084f90c7a94403dda067c24168662a5bac,674,training
2,97397a1880c4b6de33b0354b0c37bfaf51bc52fdb9ee1f4e7c6da9217119d3ee,675,training
2,331af34ab6f66277836bfce055c46c3c095dc11594fc8b6fd87d67cc63ab2be5,676,validation
2,e1e8134a76adb0e95d311ddf1a1b81d8e6b7e2088129c3140d75bf5607f251e4,677,validation
2,86e468ff3c401d8303174d68999866da7bdebe77f36bb6ba7220bfde8ed184e6,678,training
2,b68a2b9618c9761011b2e304e3b15dc138711628b5026f20b186f913559e7de8,679,training
2,7a49b794f009ceaba8ec6f6ea11eb90d0aebed5ee3af0c3e3f1789fd04f82289,680,training
2,f0c1fd9db27965c0e37be8ede0c3b4b712eea010f654642d451d3696f7f08465,681,training
2,74a4b70053c5d63abc4a99072fb9e938c9172c241e52037eedbfb00d46c37aa8,682,training
2,d9e914162d45f60ee93423a675353c2bddb5e0089e52cb87695cd66244e0af94,683,training
2,4a71873102f672cbab9a3b6043783ea23a7a56bca17c2675cef9fe2be768ca26,684,training
2,a277bc181a490c1d3f36fca1bc4883403be72515f9619c0028e5974738972855,685,validation
2,e95e2bd6a3abc1d864114fadd577de605b9b7c529e7381a7957ebb60b2054df8,686,training
2,b652a26bff774f9b8c986e5c03ffbb441bbe7be485c5b0f7662c80c78ce589c2,687,training
2,18665516c0fbec5c5af1da48c972fc28fa9ed39d27077d36625399bc50185dbf,688,training
2,1dae7d4b7cf5f6a70df072e393ed988068430bcf48f358d9e8f3fd49e4280dae,689,training
2,1a4035eacc4d51b561d1bcfd5226fd04e3239c738609168954b6f041bd78587d,690,training
2,255504e310f3e61a48346175b469bc6fedaf2e596da5563ed48aba0ffa40ba19,691,training
2,891187439b1cd428d33b59a7b1ac32febd5113c70646a2642582e6b92b39690f,692,training
2,0a1acc5c1d1368bdf3557742c7755e9c6f44f9b1dc24948957a707718d1ebf52,693,training
2,6dffc4a9b585930eb84b57ac099d512e7dd7235f4712ccdfa3b64e40a9eab6c6,694,validation
2,8eb123d161945d3fd8e7276e28d6aef96efcec88f1fa48496713992b5883ef1c,695,validation
2,6df2c9af614dec485d9537f85e238c068a5532f568bdbbeda8cf2d048af37c90,696,training
2,e9e1182304916096106fc8261fa5093a6579eda1bb995350aaded1b92ddd3896,697,validation
2,03aaa3b6d92176fb6a4de628d79235c0664b70d095bdff8731df246cac3ea392,698,training
2,945a4aee26fbcf8a6f01722fba221cbee2b72c49b7f1e74abf2cbba2ff831f6e,699,validation
2,b5ab2517af22ee14be3377848179e771161ce3dfcfc3aba39df87a8d42ea9c16,700,training
2,1104d9362c90318c5e7cd3b7753e4afdb1e0fb2d8e0a9761fdaa3cf2c29e52b5,701,validation
2,6917b24755a7069d470602326e0178dfccf50fcc2b8e3c5b0be33aee981905d6,702,training
2,2e3f73e5b390ca01a286e348de88d00c78cdc7654c2c040e89d15c59dce0cfe2,703,training
2,e861157e318cb82fac797cca9b94be4ce36f825c5e6ecfb1a5cc12416b3d6e0a,704,training
2,bcbe80995cacadb3c4aa32bb41d432a944ba16b22df8e32aa3994f87aa06e3b7,705,training
2,ba261635657dc2f7961f8e6e9ef25e3ba65bf82a187099be537934b79d9f797d,706,training
2,9e178f52c1ee2bd3382b265698429bc99a9bebcce725cd3a9f16228f946f635c,707,validation
2,201ad6e88ac807d8333eba47c8144890ca9f72ec10e153e78ab5af37449dc403,708,training
2,5de7868d3a50c983a9796f45e29c7a922add62e8bca68b44a4c81e65531a2828,709,training
2,11e66b0017131eea9c8d37d7a5bdfcc6e980f02852e03c6300bef404dde9f340,710,training
2,f16df8e44c27deeccfe8bda31459aaeeb06316c317e3ac225b17cb691a18e3c0,711,training
2,6d792ef715d5e50430b5e937d8a501a2f018ef1affb01276bce19db88ea6220f,712,training
2,e6cdbb3d82107b1300bab50e07e6c4e6f12e13ef0fee00d2dd00fe89b1635d0c,713,validation
2,ef64b5e8f76505734de7e81774ef7adc575cb40f822875238c543487e51a3467,714,validation
2,06d60e59a4af0c9ec6e2459fe594cb86b0c276d4e27004f2fe5960bf7f4d3784,715,validation
2,6db72fb17b12b1354d1a48eed71241bad83a9b7f2bc3dd194730d73ca35e2830,716,training
2,328cadf5d7bcb9290c10f60a70db3e4b077ccebd901401f97753c0ad55ca440b,717,training
2,c8246da1dc2b7868dd3806133de13578e07a235cfb4603c6386dededdd0e2afb,718,validation
2,85c15ee453113da2071ccef5e284754dcdb0d3e2f1f76f3ead3915fa090f475b,719,training
2,a7fc8452092e510738964ba8da96d90941c17398c2e6ed5d40e0f48486e252b3,720,validation
2,f05ef1b5ebadc3a7f7e78676d6b4809e911bc80fbd050c2716855d0c580ae11b,721,training
2,61f49f93c65c6533e28d0b1768237235ebd54c8333d41f7b9fbd03b94f2b8955,722,training
2,1f387ff19d1bdbb286a13f66150f1ff2b63cd5df79004fc603301e8f83b707b6,723,validation
2,272ee1d894f5b3ed90eb761cd75612e49ff6c164fda48629cd30bdcd73ba92fb,724,training
2,91cd543d6a15b66bbd23fc9ff9be4bface0e649c5aeec7bae14711e572374e1e,725,training
2,a3dfee4bf57143abb05f363842c93ca0f596d5f4cf0cb62377b15e562e11dd79,726,training
2,461c950fa2a1c2b6622324da8390cf6b53cdfef15c305775be5e4e413b904f3c,727,validation
2,1d688013615d1512a303d32741866346ca518aa170d75d374e1d17debbd99c32,728,training
2,6ac82118ddd86343ee4bd420a87be2ef865b02184ef63ceda2295e42195ff698,729,training
2,6e35dccba4b17067e39a0df32ea4fbcec33607cac201980c767d30188f87e419,730,training
2,60c28241370347d4308df8ddf9458d18de0bb97a951d41a9ef0e06bb4e839d7d,731,training
2,be896d0a9821439b888b8ab5fb3ede4d4349b6e7eb783a011ccfd73b6f5dd381,732,validation
2,b3075442ff1d3b0ef76ae5f20a86e9ecc2687b41005b7ba4506bd13dfeedd457,733,validation
2,cad3f6b33138ed14bf27cd9f53c36e4640344e4ac1a340d94ea3e2a532496bc5,734,training
2,5994df2c8a0cdf050f0e659c5ee7bac19774edc4e6b037f6357c0831ac1a2251,735,training
2,2e0af5608f2c0979d0da8968f3f3ef73c40d112f7cf5ee7d5b17d0947df19fce,736,validation
2,db57bc830547efa62fe6c25c52a829964139c67252f1f322b2730236c61ef69e,737,training
2,b04617963be52421027303a6c11244d1476fcd78d5509cd391095703587d252d,738,training
2,1a35eee87c0f071ae3d6aba1dbd0af9683deea8b70d6dfb1f72a654486e133ea,739,training
2,def9303fc14e88940cc503a385696a3878cc58aba327632ea218a81d54902bb7,740,training
2,74be7034c457d5fe9aaf4e29efa8d2b87cebf4a9c1e131ad6323a54094268e33,741,training
2,4157bbd3116cf6fef2363efd539d5df4e578f40f3b11670beecba847ad717e35,742,training
2,5b6cfeaa10c6558d2b41f7cdf3b789783ea9bc3e676b145b7f2086aac91ee348,743,training
2,050c40faddef009501b7a9510b1b8195ad3a7f4f37ce09bfe1b4b8ea4851788e,744,training
2,0e525f45798a9b29eb73fffaf09cfe0f51b451b6f41e1bfd792af16f6be4e016,745,training
2,6f2ba62b8ad198df8ed1cae45d4b33d913232df8c67237ac315fb2901fca53dd,746,training
2,fdf15153a593a4c9fb27264e341fbad407ee49fd4fe2368439d2a765528f9100,747,training
2,37bbddbc8076a92b4bbe320e3b0b7f8b9a717188846f308522d583bdfc0b1833,748,training
2,da20c070e6f8f51e8850a942d1930743bfb02d2a902bb16d6ae4bb9ebe7a65da,749,training
2,906feac37ce60eaa919436b4f3064ae666920f10f8e38d7ada05262a00b137dc,750,training
2,3120128106ffc3022b50a42a0b696568e758d95c7389d792ceb13445273f8ffb,751,validation
2,8e002982d598a136c9ebb8d18abee98d91845808c3fc82b76face6adcbabd55b,752,training
2,188c2aca86ff85d234b7f920a9f2ceb8c61d8cd72e5895a93ce9a0dfd897c790,753,training
2,f6cccefbade5f2a826fb2f41d1a06982e8b873b49e97a371819b7f966723886f,754,training
2,497ae20f61d0be332eac3718444eb725665f1153538aa948175212f3f99c57a3,755,training
2,38e4568f82bac9b0b20a4c4bb6c03081af1223e719680e00308c9c10ce4e542d,756,training
2,813b98aa4e11dfaea22cb6f530c7bc1bc65f5d0c5aa3d98ae69d0c13d64bdff8,757,training
2,5daa942aac85f8521cba4af54042d282f2c5f784f6d0b9da68dfccdb289d0e9a,758,validation
2,0eb5842ffa5d99de1ae1d68be0c852169334c4e0e61788c776704097313ad4d1,759,training
2,9abee9b1c318dab0206036fa213740696cd00352d27f38c690cfa4f63938f148,760,training
2,f5b08705a38c406ef3508d239934aae0b0ece0d143b404ebc8af00b1c828c8b8,761,training
2,5aaa217c2317d485f2f902a0ff0b542b7a66f08986d683f6da4b39e30687fc33,762,training
2,27d65c4b9e9df3492a7ebf29990e7888115685c3d3e56095e4a5297eda3b3c00,763,validation
2,050a8718e5883f9e005707e838da8fb8669d9133fe0dfe84fbcadbf31d4ecc42,764,training
2,eab51313bb8e566da36adf5d178141451a63167e84c2f18190b3691fcf930a7b,765,training
2,c1ebddead8d9364da8443df163399335297326b08b2267067c1b591b50aff482,766,training
2,f5bc995a466fbc0088675ebe488cc55261af2f9889a19713711d9f522910800e,767,training
2,8b43948cf7858ae48fef2a77e36e335a8416d483dc384ce2c5cfa8440a2316f3,768,validation
2,50fad801d3591f420fbaea130aaf249acceef239c774813a4dc6b76942e3c1bc,769,validation
2,3c035fc53e38cfd22930c14d559f8cbc92c1f1a21fc687029b34adef8c70054c,770,validation
2,56dea67709c9ef0a1faf11116c6ed7d7f38f8cca253fe07b898901496d85854e,771,validation
2,89222acb2565954fee184f3c4be315ef9599704ab37d01dfea2cb91bca87b351,772,training
2,659bd41bfa15704c119919948bfdce088ca65e5078d6240a8036e4d80216edf1,773,training
2,a1b727f5c427f5c7b2facc5ec42ce3741d663fd04211957203140796927dad2b,774,validation
2,897dec5063a220ea8d6d3dd572988900774db7f817f15c42036c327d96976b9b,775,training
2,172787a6858a551326c7f6e5d98945641254922e94a2e71e0a534ac24e12b25c,776,training
2,1e1b5d811b3b9c76f7f41e214c070c377950ba95a113e7b57621ef58dd82aa55,777,training
2,9ac317dde6a83dbce04eb2ce36b6f39b753939c3fc8256a3c35f3feb61868b7f,778,training
2,0f063d00d371d3053f0c385897c44af75b6a70263525ef9b175574bd5fbfe36c,779,training
2,4cc3642cb8ca8ea460731bd28e558b759bee5486cc630d00e1577e49f61e1809,780,training
2,a7edae1997ff05a9a029272a4690ad52fabcfdfb62314e366201d56a8625635e,781,training
2,f4d6844ad9b5b28fa5f7b773f9afeeaf9f0f4ed287cd1b94e454591e36c5e5dc,782,validation
2,32a066694726e9d4e2ae4d4939f647c3c138513d1f2e4d2224acaa9acf60b8cd,783,training
2,e29f47654bd8bf3279c5565aa7623a55ca8ea7818939165a92f4cd2860d8bdd8,784,validation
2,dc44da0b93ac26415988bb69711bfecfe2822628b12661cde695955db1c08f29,785,training
2,e7981bdca78a68fd673b7ccf5e77e03390e9f4fcdb1c5511e4e304df5c34d717,786,training
2,55e1bbb84def2bae2053858181223197edca760275b34501804bacb03d811988,787,training
2,4e956afd57d97da3c1b752be5f7b98a0f27912b4195a3ee7e86a0f8b06181119,788,training
2,cc48db7d6510b5c75fea17904649782af0f69551e8cb959c946c6c47029a8f5c,789,training
2,10d30f9d0711286fdd2b514f05705b90db490658d602a8f339580f8d2dbad141,790,training
2,d2d799fb65cc6cac761b83cf4fe15b3bb9b0649a71f92c5be3f57d680c888f79,791,validation
2,039e1471077ccdfa56d8a3d8595ccefdfcc13dd573a6176ef7b416e2d8bc85f1,792,training
2,2b9cf66e217a40b1527164baa2c615a42a2a234e43221de6069bc998a82a81fb,793,training
2,81e021325468f991cad246c0155b1426b510ab532d254c1a2eaa340aca696df9,794,validation
2,a96b54c911627f3ace5193e3feb653c8bbf04ec2b193ac0e20a10a6ce5a52f33,795,training
2,06d8a5d5172f9426483d23c4100e30e71f327a277796403670f21ae9ee3eda9f,796,training
2,50295af4ba5f8776218fcaeba75a9f72678e606d82508a6bf09e5189757ab879,797,training
2,944f655cd1a6a9c87c857aca078b7a94bf750890ac5fecbc734427d555eb6ce0,798,training
2,6ae44c8abcd60f5b1fae14a1773eda069c28ad830201326503188f6ba905ee6f,799,training
2,ce6b511213f018db771b3a6b5f93576a8f9d42dc978ccb0fa0f41f75f0a01995,800,training
2,4741661d991fed4ef4d621204905150122fa4fad1410a823343bbebb84503541,801,validation
2,a96d94e52f43d16c56df66b06d51ffffa1a9b098d1454d38513020b1537127b1,802,training
2,ce9d6d1c12a7ffd3b3fef5d4b8a0a2b61246ccf868ca111926529f0904f99de8,803,validation
2,8a119ae35fbfb8aa3cf0143fdfc79c5d6ab5de46c7eecd32de91441a0d5c46bd,804,training
2,1d0825166b55267132dd036819aee25f71e75b25d484803a6b8ee0db8e19dc65,805,validation
2,39d514dc5eb6ecebcede1fb1f0c284a532fac12ff3425abe7fdcc1af2684661e,806,training
2,7596dd2b05a0f8aa4cedd4837629b9ef0f3c5e4bc8d6eb254504be4fe0b7e1d9,807,training
2,57d01afde6a93de72025f0666f7e11ee5b9b2c1029ee0088ffadb4b4b955edf2,808,training
2,a6df8b57ed7bbf96fa96fbaaf6a5310ed3cff8bdc4acb90c9e94b18b9bb6be82,809,training
2,b12574f12f6c9bd691bb99a3ca4bd93350627c09354694e897fa2a2d9ec12c25,810,training
2,cd720c1ce92fcf2bc245c1875178edac4584bdb4a62a78e41ea6f7bd6e32149f,811,validation
2,994b5e22860fd00ec43d93105e7cc40584452c0ddbe0de37330cc65334f5f7da,812,training
2,e0aedbaf712bb82a28afecee2538e0acf0a335937c131ec8917c79621b76caea,813,training
2,ef1701bd5029307f7af873a8355e9e9c0e2a0182663668275476fbcf99b5bf13,814,training
2,af8336d5221659d817f3fd5cfdcdb66c5cbd40761f3dc3f33dd90ddefffbbf96,815,validation
2,fa9563f2866c0c39e65818cea69aff1e56e8ab1dc4a949f012a984f0661e3fc0,816,training
2,93da1a391036bb80a25730a58ae036ce97b6f696b8f619b7d1b355f60bdee08a,817,training
2,c87af0693b2b1ba619257c547e71556c34d766ea9b21df092d332008a950096a,818,validation
2,cf3664ff1cbadd4b52d941d2a60161dcda50d2ee004e2f61014b607746a75277,819,training
2,f5fbf054033d820a5ac59f65faf438618a8d14c44c08e14c48fe9082609f18b4,820,training
2,3e13cc1b18480d93267ffa4a9661b4f02299176d2fe1c047def54cb3d60ee789,821,training
2,c69f4fb305a7ed83964872e81f6369fd899eb009f84661a1a192f75dd784ad4a,822,training
2,15079ee750f6e0725d832e8fd841716bb712ff7125ca3500d74a710709d4104a,823,training
2,98cd681412cd08f2ac0446c36da1cbea2ea76ceaa771c14fa681b57a5d10010c,824,training
2,f7afd54f30033344678dcabf258bd6113d7dfdcedf2a40a5120171e5c96bbba2,825,training
2,4032d5d9761311772cac2a084e0cedd05c3fd047c79705a84fd2b5a7748f0b8e,826,training
2,c9bcf42c43db930675188003dedfe07a7cfab3ad61abda2b2de240070fd8f5c4,827,validation
2,2aaea126e33476a4b64f1b957d9be049dbfb6dac170c83460713b17d0526109f,828,training
2,4f6d15f6a7a97ad7d24c7d771da180a83c8f0291f5cb77c4ea4389740da3b169,829,training
2,24315b2d64e5b7a103c3a03eb68f42eb827887428db1f8e0ad0d7cccff083b47,830,training
2,986f7a761ca54a6062b4cefcb99b4a9ee59b73b4ace4b8125fe0a931a6b9ce4d,831,training
2,fca5c937a0a4f2bcbd27bd0ce26dd62c05fa9901a0ab386fe3fb98e82ca04f1b,832,validation
2,4be4011b7643a2d28c9444c46070fae915875f37a5f8a53aa5e2f32545d2b2bf,833,training
2,75cbffc8fe2506f17c3a2dade236be4c3dd689cf119f18172ee96d440f2c863e,834,training
2,a264a8e59b8fd30cb3af2bfe8a6821ff9ad8d4d3899bec67ce3570656218d692,835,training
2,849bb5c60a3e00e3d65990cf58ed10fd23fcf35074e5676430ec5edc20cb7ac3,836,training
2,beee187c679e2bdb488fbb098067fffd7830fb476c43ef5cfa5e97717841aa0f,837,training
2,05009a1fcd60871014eaa810fbc84f979e8d06d2e870d449846f2dc109acc037,838,training
2,aef23c2366e159644fee829b18b320decee920f7d1fea04036c3ef14570351ef,839,validation
2,58795db20fa669374d97f95bef84cf267323960215e58a199f0df967a397adf2,840,training
2,a321452363d262e4e9291be1cec92f1c02e073a868b26f7130bd048ef73fdf32,841,training
2,0c3133dad94009014163b307ff3560bab3c27d52e01715272904b22e247d7962,842,training
2,68ca7f9a126f589cddbb586d204aa6a4fad0aa4c5587e8d56c5d76a27db121c6,843,training
2,2d3be723e51adffb33acdf497be2af9feb16b5ddd4ff1035ba46043bcf20cf5e,844,training
2,b71b4983153b5ee73f45f1d76e3b44aae7c9bd4da81da02c9a171312657a9c1c,845,training
2,3f794b6e04a06be00567ce74f05202d96484a41d09d50fef9d0fb4ae08aa0c03,846,training
2,e5475c279565028e2fe6636922f12836e2d09e0e9b164f0ec9532512b3df5e12,847,training
2,fd46585aeeca6e290a2576ad3c67088704ea07b261713bbd31342331e9ef9dc1,848,training
2,56d603a62b281b38e935e316b35c0a9f4da77a38eeb1d7cfc61ddbbf5398b7bc,849,training
2,03e7a7ac7b59a123248bd62ae6ad7d78371b499fb48b1de652e30369a332f002,850,training
2,8f522e497ad9cb57f2c534e1061e9aefcf21a8ded5f9c9d6214aa25df36f7d40,851,training
2,fa0f02fa1b0dca850113510bb9cc2334e806d6f76fa196bee758b88f903bfac3,852,training
2,4d980ceb145861802b17b831d34dcff8cdf3f59a005edc6578db7aaab4dcdcb6,853,training
2,7bc5cdde8ce78d61ec008058c765ba77ef935e239c6b8b71214b32aa8bc364df,854,training
2,be80ad39ea45600ab2b14ddb477f832829651dae8200af441087fd6aca2a14e4,855,training
2,f816bc64a9c9d5dda56b07c5cce161f7aa1308f2feae0240c1945779ee648fed,856,training
2,af9420a30fe353194b0369da6bd89f6704decbe491593f4611ecb7265fa4276b,857,training
2,233275fae556aa3b9b9adb9f7930c69989146071f16964aa3b395edd0d706f53,858,training
2,666ed2fcb7f44ff2647e67cbef1d98bf1b45a22fff76df4a8d1dbe6bb527d662,859,training
2,37fc1b9f47a181d39aba39853eaae62909a20a631948ff9f62ab4dda6f94e4c1,860,training
2,bc46f1a630b5d533e601abb405d708e37d50b24a9d53bb5e2e992c23c841fb7e,861,training
2,6a683436cb655ecaef7727a12b74ef6991b6bffb07af876c7911be0b2b4f47f0,862,training
2,78e47e31d48aefdba3ec1006a6b36212a4748a163eaa5b471462b5a27ecc4f84,863,training
2,b1998d70c410344e1da2b1c6547d9c1276374e075398033bf188c65892d5f1aa,864,training
2,24e38c486ba4c86f930f9cbdb62af9ab982d062429522a4a37a4b8720cf7f94c,865,training
2,a506c13a57537280137e40268b24230aaad1c0c0a8262b6a1eeca496da8cfe7b,866,training
2,176d8b34f92d06747a84ab4308f1ba207009be29c3b50fa4103382d8c78255b9,867,training
2,be0a818aa4b5216eafed0b9d903fb58e2c2843431a8ff0c1e133fc1df3fa0bca,868,training
2,bddf0d62b5fdd60007b87ea5eef3d0b4c24b1b0a88c3f83bccd385581f301c9f,869,training
2,762c34f82ef93a95fb2f00b4e12351136133610995960c8c9dc408f27293ef8d,870,training
2,13056fe8dc75f5e0cf540568fcfc00b886ec6bf97dc90fab206ee392a2247ad1,871,validation
2,249cb92bd2e4402db72d38913bf7fcb5a5827146bc23da00ba51425374e68a4a,872,training
2,e15334ee71a44c1d78765afe0e6045f88d35e5919d7414d3f4fcad29a32dc6c0,873,training
2,60209da6f122a7910d1bee939b4b6605673cd17d47233e1c8f3f04d906a22de1,874,training
2,5cfb3e76473956fa26b41cba749bf233193babce85f71dcc311278b15e45e80c,875,training
2,1225ad9c319bc2ddf8831a2571fc8623d6f412fe9f56f9c017746cc55d811659,876,training
2,fcc655210b260fc40e16bb46d03c313250def377cea2eb4eb340235b605fa742,877,training
2,fe6f72423f54473ce4c229dd3acb91b84b601971d2eace7c614e880fe38a7a85,878,training
2,99166b2bbde2c245874474d3dd67738a137de0a5ce62a86f7b27554c73a55c31,879,training
2,d14531da8d7327a83243a62540fe0855ca707d368e639381c6370a20abbcfb3e,880,training
2,b97e0e38eff8b416b61e85b4e9e5d55f6de460bcb47d7c24a666158039d8ea49,881,training
2,3583d3f1246f01fe037ac3e632eeeff07dc0f25b12bb580017a1f64903f894e6,882,training
2,a5c770e665b464ac028cafd666ec8202129f0ed802b575e9e08d890a3366b740,883,training
2,c7366f859358005a53bfd9231b2679ed6fc64990c891fca8df679892c91587a0,884,training
2,628884190d9e64958eda3cc609ea5c1df0e6c781e6ef241345d19ca0b8faed9e,885,training
2,b76dc902b334e825581ef9c5585e92438715cfde288675640b2f8996daf4220c,886,training
2,d969e30efc70bf7aec464f1db39dd942b8ae8ad1ff2964184cf632073c27d863,887,validation
2,ae452b1ef9bb358e4a228616f5484ea8f8bb9501fd824fd413b0e618e03839af,888,validation
2,a0183912058fa8c62238dd6851e7d495a52547407e3ad86b2a782703d8a182a6,889,validation
2,9d5d234d9e990cc520c55876c3c9b612b2453854dc4420743a0092e347c6f39c,890,training
2,7de17a094c8ea36e7faba100a9da0a2ff02ea0dc31717e4f083a7b0f99dc864f,891,training
2,10f61cb4c362c408886b5c26f759196f57940fef8a6bdac506e88f4349f0df97,892,training
2,fa51768e5586d99be8006244b13f228ce898523aa1655ad3a05c9b85342c108c,893,validation
2,413a2526b1134ad9b68f41f26d3d7c04135fc52593a38225501f6ff201c69a07,894,training
2,6c45ebd9928a0333e05a99f067469f4f78c93c17f6fbe3ea33dc27ec0617dbd2,895,validation
2,de246e99b210e3f36a71f6f16d03ff7670d4226a5f0b6e7f2b49a7b05643f237,896,validation
2,165c37c6edf3f1bea7e90e92b18d8f7103d5e849927eeef4c93c0773ecec1879,897,training
2,bf2687046c2039f50e5d1feab6f83b46f3719c9d203a6cf9fbc33db3f391e601,898,training
2,7604b39034475dcfb204adfce788d375e390d581caf7f63d63661c5abadfc173,899,validation
2,cf7cbe32e788f6cab6c97a178727d277c2ca2f81215d3f1c1d0780a6352b3321,900,training
2,d19bbbec18da61316dcb351a188b80a33fcea577ff2290aee9700b8089037e8f,901,training
2,32d809bbc0271860ce1255c6c236363a49d91c5cdb853e9fda6f7b7db9b465ba,902,training
2,a9afa9ac6d83dab43ae44c8383f37c8297d669863c6ea6c05f82b416ed9c30fa,903,training
2,1f382c0b1bb0d2445dc932ca6961ba27746a83ae7443d9288ff0ddb9bf43dc70,904,training
2,1e80e1b9649d2ed8680403247d3c32d0579fbeec43d7a3e885b14e25288557f4,905,training
2,b3877712b809382d16dc6889dfe6bf32265bd6a909db51e20e524609e0e1cc67,906,training
2,4a2574c19c048be91aa87e8be2883d81225d809476d378f46e060600e9c1efc9,907,training
2,52a038a90442bafffbcc7d0526f0dacd7e90cb36f20a2c615c2eab7a4013fcab,908,training
2,12ed09f006e7a8de7801b7d9210189f62835c34817900fbcba837f20276b3e5a,909,validation
2,71509e1cd029387e4107896b77c2e52ccfe569582cf2f906906179f211bd1f92,910,training
2,0734c0143fdb41969931f321588bf36751a041e6e23f75fdbfc82dee04ba86c2,911,training
2,677ab712a3e6a05112c09d2ce8417fc9ad4a15a1ad16aa9412433cb322db73ce,912,training
2,24c9475eb37df6f2b83e3a926c3b39b65ea5643b82bae47fe6769dc92dda2689,913,validation
2,4fbbf65ed43b7dd124728b226f9e8df7046a807af2fdd8e0f4fa42a3850d4129,914,training
2,c64257cc545325877a35026e51184d42d26516ce8e3a19b5511ddbd5d27bc32b,915,training
2,3f99571f4b08b3bd6d439ca8863b824e49b23cb357754da9109b0c521bd4b497,916,training
2,c9c455da6fcbd4f5a7356595a29d99de5aeecf11487e5535675006b0355fd869,917,training
2,dbdbb1bdd39b5c0753bac8872024ae7d20f94f2b0cae7d1c03afac8eb573dadd,918,training
2,5b2305aec38de74f03a8ef495edc25087e26f7c0c22c406aed991e7a1979fd57,919,training
2,bcf47b59300484d01db5dec21b7f1b662ecbebb96d5f1e7452216b55aedb07f9,920,training
2,60f2bcbf3251be66c89e57b6e6403a6633cf63e7ba433ef64d9ac185b645cf9c,921,training
2,bf6d228055c180f61fd47fdd4401d8926da0852eab1da63aadb5adea364c3e6e,922,validation
2,7bfe086addcc9955744d989cc69a9500c6ef83ec26f68d422afd2ec770a78445,923,training
2,c8c40ec3ec1da284e73b904fa8ff5223427125e8d775f55ed9346ac046eceafd,924,training
2,b444e414531ba4c8c1f939b95cb0f59012cfe13017c682153248e835ab3cad31,925,training
2,ffc16f6dee750a3aea8e072717fbc05432a6091e7ee4d3479cb3c4c71f35c2d7,926,training
2,b3374154c782060061fcf42e82d7f76b2b29883060544595cb019d6ac79f5d53,927,training
2,b439a32b49d8192f58b777d275ed9c25367f64052449a646a8865120f1469120,928,training
2,bbf0e35d02362f19ea9c2b340a1f5c187348e60be21ea8db83e174c12cf9f99e,929,training
2,485ed246bc74570eb9b473ebfc8ae3b9eba2849015ca0c681fb0fa3b339ab32f,930,training
2,6763c5cff632abbcdc5f5218284c3efaa5208967fcc16ab9bcfe4e19ecf311f2,931,training
2,3da6951a60a2627306e12cbb2a262cc35a77c99e179326c93bdf7fda2b6e031f,932,training
2,a1418aea3e22c911a06cf827bf5691abacf73e9db1eeda22bb0283a01b0563a9,933,training
2,19001c398040ffbc8339757f2b1b9e9b206585480067ebf29695de7d9f592942,934,training
2,5cd7481ac71c651819dc3cd74ff6d408a41e963da722909217deeb5c767eb8d2,935,training
2,70e3e4f7fc75fc74ca6f70b7adcd55f13eb60bca406bff41603948579333f8a1,936,training
2,a3a57dc5221d7faec667771326781ad485b608eceb45227742ff8961a104da8f,937,training
2,4647e9919594ff1f579beb25b10441977c31e1232e4807a7f1a2f2a2b6a0f373,938,training
2,022d1afbe73b370e0ab63344e5683c11cf8bccea0897612a62d5224df7f51979,939,validation
2,c610e4308511c5e518d75ea47c6fb1387fdade65cc2ca3c355550de6901554a1,940,training
2,875323fb78065731f7be366e8e030743fee38c8a479fbd57719a0840035dffc2,941,training
2,f7e4e82a0e66cc5508b42b0f2c695d93f2ba2eedbe57f6c9644d29c546af98c3,942,training
2,812eafc8bb70f91809f07af3850725ac3617c69320137203ed93d7936414a88d,943,training
2,48270cc0693dd3939ad5f31b882da95e313c24c8651d5896decba2be13e3dbed,944,training
2,ca227933fc46d5c0caa59700efa9679dfe32eebb6e8b0e4468966b96bdbf91b1,945,training
2,80cb1152189071149c9e05864ab50d264ae287b77a62081c055cdd9230a80156,946,validation
2,5ab69d813669037d5fd618da5c26fda6c61fb593377b0ea339e391ecee0e77cf,947,validation
2,8ee02f8ffda6eb197e608aaa514045b7cae79b736755bcb47bc04e39e28ee69c,948,training
2,7e70e96b3df699a316954b11ba74e20bc8fe68379b5a1c2efd9ce5c1ed4631bd,949,training
2,f04ab3c5fdac91cbf768d8926729dbd6a82f8dff589e7fd801a3ccfef51e1d71,950,training
2,ae3e163f773b0c136af3ba928b5cca91c316b804d27a29d3a9b41ccdc39e2972,951,training
2,63d888c1abc46acfe6c2d182bbcd3be3fddbee83f4e6023a305aff2079687506,952,training
2,76cf875d3bdcd3a6f9bf9714438c7dd1912c0b085e3f432e2881a1e70100f3a7,953,training
2,28d05f67af3f7cebe3cbeef7b1a5d11f9ad9266a13c269b361bc7c1858d3e944,954,training
2,d98900253714069cc752645423b5b08f29236df9d2b5985b95d1add557c21d30,955,training
2,8d3da0804b14e5ac9834533181410cd1f21e888f38e4a1f8446b8754a0bcb5e7,956,training
2,d37248a6ed7d9b40b79e17f28a42596ed6263c29c2b0bb5a7e2b60ea700e46d4,957,training
2,f623cee27a0efdd51d339ae0173c7abc52f47f60bb0c4426dad17543d987e6c4,958,training
2,50e0035123c1def427b09149baf16cc401d33f5233609810cd0c89bc2fbc50e7,959,training
2,6e5f57010c4f31839214816a48039509445639939cf941a09df79194ae6ffd55,960,training
2,67c7271611c4cc60165df6702fdb5f993b452c31ed400695d3781f86f23d1a15,961,validation
2,efd672b60029688ae57c349b35604bf7f769e6e4a92891377fd966cd27049b60,962,training
2,b487fe78366943c126293567c93f1d647b3bc1f1f869b53829d71a94e6d28b0e,963,training
2,b31e29f2d9d55f309774f0a0280a3b22239887b68d2b05904b4dd4c9f376f80d,964,training
2,09079e2c80cb66249b5284e4fffa76abebdf9fa41de5af01def2a75ff2e025a0,965,training
2,da5961b2d85c0c647c8bba93092b1f5357d4bf0348bf9c82668bb2f42be85c68,966,training
2,82bfc45cfdf7cbc6bfaa58b903ad6a65cbf9233f44f8cca4d6f184ee688d3610,967,validation
2,a7c2e42cf897d0122adce871da0a5da74f5575f900bf48c77a47d41d40d46a73,968,training
2,17e22fb172c7d531109d27fcdc28fcb954d5704978a2c63c544f16ac4668057f,969,training
2,fa6fabb2d416265fdcdfef72e74c88034565a99fd8918e3b61c09d365a9bc746,970,training
2,9ce1f9bbb0ea22f61db77ecdf18972636b42920b5ddc6951bf0ba10ee70a89d9,971,training
2,f5c542e2ac7d1f7943f174b327c40049afc3813f4d72ada1039843a6d8873019,972,training
2,35b3e5c920761bec76704598368d21edd6b568378bc0afe69cff2438018a363b,973,training
2,4b65ea7756d66e4f387cdbe04c7564f308504924c9f2133bad0b050deace9108,974,training
2,75cdee5e6cd1f2540f885f5b6ae61b825e4a9637c08609636d1c01923fa134e4,975,training
2,0097c00326702e8ada25f5758fc5bb586cda2b61c5349cdf9055f19cf456fa98,976,training
2,831e3d37f1f7c5183255b4e2074afbdcf4cbd6dd4eeb252c2d3aac1667b72414,977,validation
2,03188bd7c9f364a48be58b6bafbcbab58741e499d84dbf33304546dc42b64642,978,training
2,e6656a5d2abd4ec4409603a5111d290ae3eddca40e3ecb2c44858f8eaeba452f,979,validation
2,6076224554085184f98d3baf9ea99fb522d3715dae54bd1a661ea22a63c1b4fb,980,training
2,25f58a87e9b68dfb25a98fadab84973ed94ab0c74c9c2feda283dcd819801291,981,training
2,1b528c5b615ee64ca09c7b85f266e60d00dc4e00aaa851933153e7fe92b0d66f,982,training
2,85ddf6db6464895b76f17c478ea0834ca5500ddec430f6a16101a1e98afdf0ed,983,training
2,7dcd45674c074798beafcec2d45aacf7ac511be76b858d79bc6391fe4bda9c58,984,training
2,c3827f0a154ebca7c3df528014540262c2d5b65b1faa991eefe75a9118f888fb,985,training
2,8f5c8470b6a56de5fc30c33c54e7adf223ba9d5ffb564eb7b3ba38c05171c965,986,training
2,4c0513f0d89240e061131c437517836816c7d395336b5b1d463566a18522f741,987,training
2,8fc7b06b312a916d2096d49f44020c19ef0c33a8199a60310007e39c270305c5,988,validation
2,c777983d0af669952f6d4a143bc886310c20a79432243ba0ede8aab70a196b8f,989,training
2,5b7be80cd129bce05807935c864935e2f0cb1b718c6cbeabfe33ecc6d2cb5284,990,training
2,d5fe5616bf9dfccd2aee2880cd344517d51b04c353eb20dcea59427ffc11c76f,991,training
2,3a7e99957b8560f0441b1dd56def5b813f07988c8512b74e62550cd6063156a0,992,training
2,4897c918d22f2e6dcd623967c2693d041459ef676d8adff5036ffe9b55ab3c25,993,training
2,058bfaf069616ea80cee6ced88f1323bb63ff085f2a108086a5e81f41285e827,994,training
2,e3600e6f4894b7facfb1fe0f8cf56ed8c0fde94ceae68e39ff49d9bc6857b874,995,validation
2,f3ce30e7688950e718224a3f21b0947ca7ba6a6e487a18665e2f9cfd3b3b5042,996,validation
2,4dcdee4d70e27f3e8c42885e1d24c53186a3f2b65ff38908595fcef25635766f,997,training
2,7ea135ec18048c9c4a815dda941e9f046d13036328b647c1a653787e1e9c1c7d,998,training
2,0284760677d8451728821a90b18480211ffa32adc26f1fc7e12541833533068b,999,training
2,67d5f91d1cf92dfd0d7cd88b8b8ab5f96f55a227ac170364e671f7ac0b15c79b,1000,training
2,355bb1cec5482f605a70b79ad0f628eeecd287182c6f0eb842cc6d52ffbd95e3,1001,training
2,2fe0aae5b0c4cfac0d7a87cfefd2f1ae17a1d5e1baa6bb16f16b0b768d9ab11b,1002,training
2,5aecbc062df767814bfc236cb0a9445b14e9927548ca57ccb1ae577feadea95d,1003,training
2,192f3a3bb5279dab9c45d8fde3c49ee7a79f744da892f3e7d2a6599dc76c08fe,1004,training
2,713484e78559f3873b94468aeb4e50c643e13fc5e5c91e5972c3dfd4773fe3ce,1005,training
2,922ffe51c8e4ffa1685593afba338137e20fe957a3ba02b4a1690026d1faca7e,1006,training
2,18685c1c8e60ee755382b0bf5900c0545b185ccdb969e5003ebc942a232cd248,1007,training
2,3adb0d7eefa0d90deae3e35f922eb8a7c066e13cfc70820d943c3b169bbd3369,1008,training
2,9ef5c14b42b3c23fa3cb01fe692366e2b6f783a50832abe6ebcbe9bbbefe03d0,1009,training
2,c895ec084097859ccb11fc1f6e10bafb2de24b414aabf822326b3c70fdf8e3e6,1010,training
2,346e51ea3d92c690edb3c4ef53c05abad500a558aaf600ceaccd1cfb2e1ecc2a,1011,validation
2,0b72ac123503d87d2ea1193f13cb6a639fd6374d8cf14b2038a4f3d273d5cb8f,1012,training
2,08e30abcd28086288895539539d42951f12814d803e2bccbd802e7830d1034b1,1013,training
2,410ef2d95f7cb0f24096c212541a24ca2403919ab0146ef6ed6b9c30c52b1fb9,1014,training
2,23dd7a6277f190a76eb627aa124c269d5593ab9d8b671ed6f76157fcb5ce547a,1015,validation
2,e6e2160c0906bae0859c5574daee39af2c3c8e9b4cdbaf00dd67a548c3ffc455,1016,validation
2,9748d782e162bee56e51038ba16ad70184f4df93c0e662a914b20fab198c8821,1017,training
2,36a57e42a80816152358db140bb465b1be4a2d3fef5a1c162f1d6417327620d3,1018,training
2,8b7255ef173ec81b1c194c30e552136315b08f188edcd52f5e6da7f97bcc53e9,1019,training
2,ad8001c24e8bcf14a858bdc0ce37f349551150068f6f4cf083d64b22ba60c510,1020,training
2,f182be60c6ee52a80699d551f3e1ff78485fa2f9e6804efbdd1c4326efc9a828,1021,training
2,3c0717f5c1f8cbeb4ebb3822a1acceb2152456c829e7993d767b3238b521bf20,1022,training
2,990f655aa4bd87f97a4758e9deb885541ec3d19b52e6b43d3a11a862435c8cc7,1023,training
2,879e16e5945df2c77d49df485483c7623a40b9cb86faad02a365c349f8d03b9e,1024,training
2,342b975c724e4cedac6bccac41d6a612f59145c3f8e80c315121357979aebf05,1025,training
2,81267a653bcdfe5b71d2cf5a56e25e8ab927743f70cf2ef9d121830d08a57f58,1026,training
2,d0a036d0fae2a78bab2c50357e317cd180310f9cce16b094bda485987af193e2,1027,training
2,d7e62fc1bdc88ea1915678acd0f0a3118e4a45b854eab0750a9548cad1080d1c,1028,training
2,bf2cafc4141f54953ac2dab4b2babfe5b78c3d2c2e79936247935d3aa5e00445,1029,training
2,19d83672af8b48af57ce08124b623ccbd192ef378625b60f5ee48753cafd3b68,1030,validation
2,7b4b395cd11d4a75c80884fe98d1e044ec11b60651033d1bfe8d3a50a24add67,1031,training
2,8c556a04750079d3d48ff3654692864aa28cb48571d9019e2b20904c44105586,1032,training
2,86dd4a7419086224976eecd2cf1838ac0b225a1b5576b11ab7057ed5e31ee29d,1033,training
2,de46f3c5f7966702720b668e785ebebae9122ae9eade13ef6de87a819c357deb,1034,validation
2,2849118c6b220189d1912b504af12f791029cd74d95ce41f128284556c76cc37,1035,validation
2,245218d78c2a87aa0c6cadc4b060fb21a2a2f36e3575c9c5fb2033dc1abb01dc,1036,training
2,33ea148d1d0ec50cd4f26eb738acb8dffaf4349a8aea3b5697d0fdb3676e5c18,1037,training
2,3fa3113ec01283533b52bd7a11fd572dcb1957c271b8737108463d2a23978889,1038,training
2,86fb2c26404fd88bc9df51bb8600645e49f000951c0f280f704e91830dd24d9a,1039,training
2,31f169c4f3b1810af365a6c65409ba494399a22e2036e964eac27daf818ac1f1,1040,training
2,2581d8ac8684118e109e04b6b38619afcb01fad56e9cd1452c72f1c1b5bd9ed6,1041,training
2,09ee02331fec99c82a6615412a25f802fd406bd45b6aa7e75ac689d6738af401,1042,training
2,32290b49acf472dac6bc9f973fe1a07916f62df9971dc5ccd13cc90adda4d55a,1043,training
2,91323c0d21dbd98b06e25676148d8a9e804f4a6abe9f31cfc7be9f93f67cece7,1044,training
2,957240e43e3e9ec4d8520b40fd7ad3bed050ecb8fc643c849012f40667dec36c,1045,training
2,511136029b5a689642aa3f400dc67f6e76a334046456b89130fa11c6d08045bf,1046,training
2,c2bbb361805dfd0ed1c821a2240545944f8cc9774df819b79bf257d751d34692,1047,validation
2,39dffae66ef7a186248a3b1c405841066c12212332300a89b24c2dcf2b8682dd,1048,training
2,aedf933691864686aba1d47a485fda2ffba5d6e63b05233aebb12bfdefee07cf,1049,training
2,b58e36ae709a85fa56a5c811195ac658f9df613e6938ba0c54f0b0c52a30a76b,1050,training
2,c979593816a15e36c9a1f12be59dd814437ae1d55b2e72d2c592f80b62ef4993,1051,training
2,5cb72a19f9226963a951588e729e47fa1ddb540022ebed4cef7bc25d3ad1825e,1052,validation
2,b15f6fd915636f4f84d379cf60bb568da9cbf98bbfaa77d3c9ef2f0825574eed,1053,training
2,37e796d3b5d988b1ff7769ac7b44f402c07b09ab1bd6e62e480dd16341288eff,1054,training
2,8fe9dceb64b632789a02e606f6c8cd0a4884299070f699c3c17816d7fcc7f9f9,1055,training
2,26dff453c8de53ba05fd1301fe237ac41837fe41f6c8fe2321f5aaf1ca52028e,1056,training
2,ea5df098c82d333f730c040845e5c15ebf9410d4658f28f5e5c0fc5235ad5504,1057,training
2,1f95510ef5a2b6daf1b512fc75831b8f6df20910cc1bf72707ec3b158905f6d5,1058,training
2,de5cc78ab105056268372556ae206cae4281df4d71de00979b6f73b494608a40,1059,training
2,add3ffbd84bdb81e6682e1c86670d071bec78f0bcf52cfcdeddf4b5151cdbc92,1060,training
2,60ecfc9397dda33d99a8a2aa05b83b470f18c8ed2862a356e68aaf6cbd547744,1061,training
2,c6db78ef41b073927f191b715b97aab324efcee7591987e7517ec3d3b1439e86,1062,validation
2,47caa9b921bf5b4c2888d1c4d77dddcf6fb75007117ea845fa84425c112c784a,1063,training
2,a06a3965164866eeac89a48f706e9d973d8b596aace1c5a0e020f4b31c9de775,1064,training
2,20e9b7060337b710f8eca02bc4a375a6484e8c8f8facc8ef9474a372825e4db4,1065,training
2,1a907b10ba240436f01e6494c271f5762e4529532c01b9efd2cd7d6e226dbbdb,1066,training
2,8d8e1fded3de8d72919bf46140cb3806bfabf7f118ace5e1794b63eefa28198e,1067,training
2,c1010157a5cfbd573b3c570004a48f8a89bcec2ff344570095d854838001da34,1068,training
2,abfb6da4db846b085434f6d197ab7b29799cd4c58b52fb2d542c95def6141ebe,1069,validation
2,f0b99f840f27a45133a3659edc8b9750a90481e89190d96023f225221fe960db,1070,training
2,5d48aeeb2c39b35c474d9f8af3be27ce7c29854a3252ecb4651df570848f8a1c,1071,training
2,019e735bbdae9ffb731363e29ab02467098330cf1892a5b6930f0310651b8306,1072,training
2,97f3b88529a20cec1f98f6d52362ef458cdd2858cee841389eeb07d0b4055baf,1073,training
2,4d8ff6b3c15b954d0dc519863a134b9abb04d122c82f0616da3306847dbb5a50,1074,training
2,f58534bf26fe787441bf6e91aec3985824b24191d5b1fe20bff8649a3cbca349,1075,training
2,04940527509f0e9dd881f7c2f0fada76c04d7e83b30566258dcb0a5570ae8ea7,1076,training
2,baf5b53a6d57265d26ec9a3b6200f0d5632899079548409fd7126a7f9d20200f,1077,training
2,b51026f885aa8eb567b0129249c91aae247572c4cf2b77f169ea4cab7e016206,1078,training
2,1a006335d0de62f0db8a0a743fd6e747a5cdd8a1c1dc207e5b3d835e6dd77de5,1079,training
2,2f0f5cae9ccceeb233628bb60b9f1ebddb8a792dcfc9a79934f3804b8d09d41c,1080,training
2,43cc76af2b29ada189e31ca5c6b67e7770006aa0fb3ac2dcb10d09aa32ff1d49,1081,training
2,7d7b796a828c7a1f902388468c1557494aa42ce6ddde6646690c67f925a1fe13,1082,training
2,4b8e8058eff97cf33ab2850b9b45f62a4d9a37adf99ae8727cb1a1e844c133d7,1083,validation
2,2d04afcaba7328991bf8ff79483e5af1966cadd000161fcbe177b5002b99211c,1084,training
2,fd1364493a95943b124281a1e2d73257ced52439622a812b4b4117fae3515af3,1085,training
2,23968cc224073f5602c52b15e4a100f8b3364dddeabd1d64ed9ced7db5764bf6,1086,training
2,5fc316c69bb3a3e6f9b9347a7591368240e627f029c63d4bafa2b2a91448b811,1087,training
2,45859388ea43df102b53040c71d5d0732cf85ad6b00cb58b5c02571646b9dbeb,1088,validation
2,1da03d0521e97f4803e2fb5a6503dc3b17fc331016ad9ddfd604920d1dba2550,1089,training
2,549fb466cb3f175b7442cc692710274bdc524ef24743ef30a335b72403dc36b8,1090,training
2,4bd9b7e62d684c5f7bf029a93a3ca3ffde4109fc62f9d8a51efd109aa8a0d6ad,1091,training
2,a3f628b9c2fdb0043927352fd80fc9c941f77efbd7a34c1539f22c331633ee16,1092,training
2,2c586c2cdd8566d2f603f5f580a8edb0171081a776d8cdb48f215915db68df48,1093,training
2,74b93d0432aa0d9968bfae4c69fa85d99e3d7c69963e0fd8ce63eeea422cfd6b,1094,training
2,db306140aa015ee7149f70c20b09a850faebe2a7fcdbebdd673a44b5e76b74c5,1095,training
2,d0f7dab194f10a978675736b923e2555d7a2038591f6cf10e8cb7908505cc74c,1096,training
2,4c990e5167736d9522aea470c441d26fd55ecab3274543db7f8c89ef84b21bb8,1097,validation
2,cba4216338ca637bde6a8c6cffce044db272c816616f645002f511d3fbc0ee8e,1098,training
2,8f2a6115efdc459f7a4a69ce5539984bddb39e6b6d88bcae6c45fbe4443b05ce,1099,training
2,cd00965e11c10f596f2ac8908f774ce2a75266577d81c11ff74efb1984458731,1100,validation
2,2e5914666a30048a4e7d02ebb848ad043336bfde7543f50275e207cec7e74e97,1101,validation
2,0b8bed68de6684964ad008d1769edb721de8f8683dbc94ed21dc2b029be72538,1102,validation
2,f46c336b1d48cc6c0b8583be9f3b8824da94713e882af3b5c97e7b6a0b466e32,1103,validation
2,bbca7a2fd0664a97bc6fca150cc2a4367dcff87238896d406eab05e152be7121,1104,training
2,b64fe04560060dce7f28b7fe31ecdedc98b90bf0174139ee62558cfe32d584bb,1105,training
2,e67a8dba2affab8f42d20aacc93130d5d0f64a455ff9036b162a47aef1e9fbd5,1106,training
2,3fa30d4ba341916281fc6f8c855e3581da4a3eb80446b3fd315828d3c83b9372,1107,training
2,3403227183c0e80d149bb920ecd7f3abb96127c24512cb030282685e7d4a6312,1108,training
2,95164fa1a154a598abeb19fa1d8d0ed4cd5bf6ac89a24960dceca2422bacaf2d,1109,training
2,8c79f103dc9f37ed46ccd171e7b16f1c7291321688714139eb84be5bbfed01e1,1110,training
2,c42bc50dd3807644bcbb333dff54fac24e796b6bf2880c325cb97d2c6f829609,1111,training
2,977e823b8fb75eb172b5c816021d3e596378fee20f3773fbd9359f35644ea1e9,1112,training
2,f4208c625e6abbe7f082b286ef21845b0f9229f1396ff51eab34ac5ecbc0f39f,1113,training
2,d578b772991dc1be48f1292a989ec79341dea501461d5d5cee01490e62bf30c9,1114,validation
2,657e3a6809363002b4d49a568a82bd8f1db46aa7b148d819851b306f6661b962,1115,training
2,92de59b8ae2eb0ccc585410cf438364eda0fe8a0f6a5073b1dfb3983d7b83e9d,1116,training
2,86408b962c042848b7e2d9cfc8414ee78a50282f12f1c241c6193409c363a68c,1117,training
2,5af081b386aca40d0daa2f2eb319a27e38156470275bdb797d9458f40dbe8e0f,1118,validation
2,48834a436388f8937a8818db1a1471414ec24b1d179bedcf0a25a2b11e6bdd46,1119,training
2,efc97eade39027b54775f6a0b1bc0e811797bed732bd65d9822905c602667279,1120,training
2,74e15f770a00d4ea51987d905e2634fd60e8eaa9c9b200a2efb031a894307084,1121,training
2,79d2960db2fb3479d2fe1bba04d4bb9de2fd6057fff4ff2ad10a9a10e5a2b631,1122,training
2,86573165cf7d369fe4a3a62e63ac08326fa349f2eef2f9e3f1c21dc09329faae,1123,validation
2,02de5eb16e47876eab50ed3fc88a41960c4c8c2d8118e111b70cd7622859b275,1124,training
2,16745acd3dfbe6c059b50011e11c8111286145a443af7ec41f4c37b0329ad69a,1125,training
2,a01120b2ca5525f2e54de096a26ee7f3247ec0f01c17be9dbac873a5a7ac3708,1126,training
2,c4c31a30674ae8dcff07b71832afefbb2c790589bc920e1b7bbd7caed193ad5e,1127,validation
2,98a21c2b8480db35ff3c235e6821d6a193143c609021bff3191ce05531db3a08,1128,validation
2,2d084f2baa4be7f9805dfb22cd58dd8dd5e4ad5ab4da896a62b1101ed336f264,1129,training
2,0633f5f8fdcdb45ea778ddaaa521a87a156a2f8277d79c5eea8cd46cd7d25cb5,1130,training
2,dfbd3e0e7dc109edae8078a480c2e2813a54a1aab3b330f484988bf10d5f856f,1131,training
2,ced09278e618a9ddbc2210fe569345c4b9f2e23e110f0bab4687e8e492f5c7c6,1132,training
2,7b6003d37ebac0bfaceae402334e8128a1964a80dbec47c549cd48a8a8d22eb8,1133,training
2,7b71a839e60714acae9a3d9a363c7fedfb6bbfb0ab2d5f28010335a69a0a6c2d,1134,validation
2,5612386aa80b5576b61b9a64accc0ead1620e8a0fba626e446a304cb4875df33,1135,training
2,01e5da5aa33a75842e490004710070f2a79bb768a9a9d1dec55481c0f14fbf11,1136,training
2,a29e3e2e612947d7ace78cc7ec66f57d8f964e719b9e9a89fa5dc15746f387d1,1137,training
2,13b25a01140dc2af273ea3ca5b8d27a30500ad252e999b3defdfb6a2293bacec,1138,training
2,11e0a92068c2100023783e6a69bc306eb7db1e08f6c814ddc24669c2caee9a9c,1139,validation
2,8f86d4f75d56fdd85069835110d39efd3e4839a7dffb4ebecc8b8b5dd7d6a1e0,1140,training
2,7728b63b99f8fbca628b391a4cc79e8a8335e8fd3cf5bdd997df53fbc46350e6,1141,training
2,cf39256ea389d7f440ace46fc3bb7b236f8abc03000db90184c8cba8f111e8fc,1142,training
2,93be6149edf2b61ce8c0aa99663c7d95e8c8b888f5e4462680f7c7de49866d7f,1143,training
2,6f6b77a0a6bf14f8fd41ba9a0537dce954ee6f2d70a75abbcbd1e35b9b35ea44,1144,training
2,900e2c4bad7aa2c27c28339a3ef5e8ea85b7341368d7ef881596d457dadb33c9,1145,training
2,d0bee3c2752e7843aa080c56a08dbbd58dbec03fc2552017643ed020e0bc1f37,1146,training
2,f13bbdd075a47e5fa14e6f5129cb9252d69d66000a87e7d3cbb5bc7f919bce42,1147,training
2,d14205261871eb2946f8dde13a0a0e727e7ec3bdc280babdfb269c16ddfcc6e6,1148,training
2,ece270b30acb5f3a2ffdb8d44f4238f374bbf3f978bcc9ca1382478390e8df0e,1149,training
2,9753ebe032f0d8559126d96b3d661c14d9b66ad79e726a11e7bc6ddb5d7cf5b7,1150,training
2,d13ac55b9bc72395f8c96b054ec656e72fd8392b79e2acac3bb2683279edeedf,1151,training
2,eec91028f2c4eb0ef4a996d455f69fd67e2f66f632f0b478d6cacb94753391d7,1152,training
2,fe983b92993ee991f599c3a56d6165a97f7c311c4edb825f4069d91eb3bfae31,1153,training
2,bd9e21fc287a0fe0684e324cf9f452fa354ad513e9765f0a9260111304dadf48,1154,training
2,7b622bdea94d614802a84314d3eccb0b0569a7b7999b0225407265cbb76900bd,1155,training
2,c63ba005b954e14e66c82ac16dc400f4fb8a272a29be11d68cc67241058371fd,1156,training
2,a6abd6db977e3eb0a2d8cf622d3527d2d7971c5c7ce9d81d1fc259379862d434,1157,training
2,90baab30e34d4bd4827fef7c3cb2337d5bc324f1da9f028a793f6cfff394b66b,1158,training
2,1b762ccaa8ee544fd50946c1e79cc299729369c7c1631ca4dc4c4a34c09ad643,1159,training
2,9163762e6c8a3d5410f9f0e5487b3c4e1b1ce621ca9ab968be14684dccc594a3,1160,training
2,85c389a155218a965c0bcc41d35dcb158acdce5b21d8e377ac03592500e6631c,1161,training
2,da3ab4f1a6f7954435dbfc18ff31c5ee03a82cc3a7cf3e4d8ac7c90a2f3a58bb,1162,training
2,82276ff761420e89f8af7ebda9a3f1c848b4578f3de16d31452dff26e74a1bf1,1163,training
2,e266c2659cd235dd9b0c6adfce840d4e8ff9bb615fd76eb2e72cf6ef451a9c18,1164,training
2,9feb34a8933c82fe74930c3572660de041211a990010631c272c43c56173320a,1165,training
2,f4a0ef93829f4d9babe6485f12a3c49fa4f8adeb91be4be8546f7ee6c3c66e21,1166,validation
2,fb0fcab8cd4368c6735c5e421747de59c4bbc66309758a2cf6e544435850872f,1167,training
2,1603a60e9aa18f33cd8069795e2b1d331324949354d1dcbed5c1b7220ddbb7ef,1168,training
2,8ecd1d73846c61ba0939f215c3bedb1ca868db2a573d9c95fa5673925f998846,1169,training
2,0e7bf525d70f06fb3430afdf71679d4a29c67557b2fcb8be7569b4d8b6e3f43a,1170,training
2,d70ac17df9ad838274edb9b2e780ee038494f523c461bff66c6caad87f3ee2c0,1171,validation
2,77898bbeb3b77f175ff3760f551ff2ff91ed080d8b8264a25aae2adc58dbaf33,1172,training
2,c5fe4bed27c97da47299c94cb775db1f90ec7c312d440979ce71998f5b1fe47d,1173,training
2,21e3a00b8bdebf026bbff9dd689f89c91ac6b5e5c33589b48b8a1f11b058e79b,1174,training
2,05dd802a94bec989f43aea1b6bc1023c12c4c82da3be11ece0d49ed67d77fe90,1175,training
2,cf47acad7650dd3692f326bf4d128d287516ab551427117f081fc1edba987548,1176,training
2,768159406879c0eb57c31869b8a2b0df27f26035c3c036150908e17243cfacdf,1177,training
2,37f56ff5ac31b83870e0a3ec430e1c229e87aea930cc6936da8f1437703e85d3,1178,training
2,1a75da0fb7fc230577196ced0c336278a769aec69f41114a8ed52e21a314ba5a,1179,training
2,151a5d6c6a14e56196479eca56963229a11aaae61a63e0de19aae8ecee25c914,1180,validation
2,731204b3b99a2ac4153895412134aa3def8596c50da67a5684868aa6089c10a8,1181,training
2,11f0d4a9c385142aafeca0c7578f826391c2cdc7714fa4fd37889dd40f00ddad,1182,training
2,645d014eb0b84522bd62e6935fd6b772497fba8bcc64237713c683161d3ebaed,1183,training
2,0875983fd3a29ab503616fd200ef249470a6ba50bb26fd032e9efe062f53fadf,1184,training
2,2eca5b43baa1dce459c6bda2b872b5dcca33c69f40f3a1704ef9832a5776d3bd,1185,validation
2,710ba95249497b31d58b6c28f925d4ea0d722b72958c4c404954f583f84cc083,1186,validation
2,5849b954bec96ed299bb3a3ad7df98f28bb9494877ba0f3a422387c97c0d0638,1187,validation
2,2111db878c5c17e6b26598eff166d1e897ac286b1ec440eca323f6eb3299c241,1188,validation
2,3989363254f9f377bb48079299c66e0719f968dad41acf355aa14d80ab163c65,1189,training
2,f722e6428acf053b885a7691926e4adf722d652f491722e348903d40ce5c434e,1190,training
2,5f56135d11a3000bafbfdf63aa47f14362ebc3e8cdac728d22ed8f58c02c6df3,1191,validation
2,a8f59bf9cf16af356e3b0d3bab2760e5cef9b38979f320b318447f0140905d80,1192,training
2,1066fb18e7d2f71d774a89aa3bdccb5fff6e7bab71e87e6d56ccf62d119f9a71,1193,validation
2,2b4ff32893ddd6c714f8aa8175988b8756dc0d0cec3908a681cf61c9b8cda2fa,1194,training
2,a432f8e2094fb0092677ea8cdcfc91c7d38692e04ce0cd57074f12541b6d1014,1195,training
2,61f8b83ade362ecbc8c520f1376fa6b5c5a56188de3a944ddfe8c7f225fd79e1,1196,training
2,d728ca0c73ebe5e05be988bcb0327cbc6424d629a6a189995519b68269edf577,1197,training
2,e8bf813e4be1060cab80a0fc456a86978a29ed915d429641bedb435919b36df6,1198,training
2,b72a0025b571a62c142ed82580d249848fcfbac86db671930f91427d792bab37,1199,training
2,4ae33effd2cc2c9d81a667396c3e6f63e2c78572bc531c157207b70e903d7399,1200,training
2,9879f3414acd176d3d556942180ba05363dbb47180fcb141c0e0e0adf8e64ed0,1201,validation
2,c98fb9d3baef0db065628cfdf8d3f45324717863f33533e6455a15150caaded4,1202,training
2,f5bbca68000acea0b5012fbafec13e22a4cc8ed63ec6a356cf68af0035a40aa2,1203,training
2,c14c2f102d588e8e54edfc8840fbb715b77be97605ab1698e905ca6c42897031,1204,validation
2,465b49cc6cda93d89d4b2d3b21fe757542626001d62e4d03e4674753920ca258,1205,training
2,f4dad0f3662f8ae1f92da4411d50bf2e167d94fc11e83e3078716f519b97d562,1206,training
2,cdacf20e2f1f933cea3313cd389e7a5a35dbf514b0a74857f2228db98adb6077,1207,training
2,5bb394646332348c3913caa32b5d2fe09cd05a9a83a5f72fcc86f6617d15b319,1208,training
2,8ccab3651cbbad8fb12ab6e9e2d9fc9828a71973c6aab59248b6afe06b8f682f,1209,validation
2,0384375885996c4487a9e4763a0981f3c487fe83c78da470f3a29a7490f5cbea,1210,training
2,58720cf3941a8a9470b7e720c8da9a4b5286f502f1868359efd35d1677615f54,1211,training
2,a53dd2ff9de63a7590c6bd2e47f256e14377916662667bf3333ee27b802ea579,1212,training
2,3535a2d2bc66340d638159f221e5e1761e61878c8129602218e46b70063e3389,1213,training
2,adf2bbf19557cd48adde69e2133c94cda48e82b258e259c3154e0e6577b45836,1214,training
2,6da435fe3106fadd525c90f2cdec0bf21a7847163e23f2df7311a4788144028e,1215,training
2,eb42a93d96aa3a5d8060109d9c75f87d9377b776f69b9fd4a12ae7f270eaa288,1216,training
2,4750aeeda69bceb4a7ba9b963d0959892294a27df3c303ffdef9b7e8ec7934b1,1217,training
2,8e4bc2f87cf34185077fc2039083bb3fc31f2a07d6f2f6d26654b56d99e6dc56,1218,training
2,94f989f88724d98a5f51c56033778b4321c272ceabbb644eaf4b49e2cb515f46,1219,validation
2,a4f469321c4e142331f95936b217125b88034f9e2263b3f2c2d0f2678a1feaec,1220,training
2,e6632540618672a83cb6b6db169d84188595ade638a22864963662866d07e4d8,1221,training
2,88a8c612842e8e46a38f653d1ce4799aad6da5f9f7f036e0ac05be540f59f9ff,1222,training
2,3abed33e411419ad2cacfbd1177b7b2d40e27a798474635b8482e60fecdeb032,1223,training
2,5dcf0a5fd5c8c2a1eac0b475689323afd09b93ff18fc867e1a4712253a183482,1224,training
2,308dc1ab5f2f1e835d31f27b0f041a13d3f5b0d5e6d22f375127843268a5f6e8,1225,training
2,0d66ac8b3f8f3a4bcf07de112d9ce48992f90573117b82d87e1468c9d8674a60,1226,training
2,f8ce1c424904ac2822d99d66bfd515237382513cac8788b79ac1d1f48750b97f,1227,training
2,0a46a23fc282f1151db667edb1f62d1ce8c7ab2f0d4819280df9c4edcc8e7f0e,1228,training
2,042f09e812007a6a70075dbd20affd41c56890e37c5f8e46eb677a35da514a65,1229,validation
2,2ef068b35c6f1c04d2d4ab07c8f2996824c3be2de21c3e93647a29bac6deedf7,1230,training
2,13cb6efdb27c1eaeecc7229500e2fc42faa91e114086c5a3e933aa57b25056a1,1231,training
2,c65361b53038d5cb87a62e1411033102dbc280551377830e0e5039d3d8c47d33,1232,training
2,d652bb55dc06c9283ba7b888f402b7ee1eafe41fa96e93f288eb7953aaa4bee4,1233,training
2,2e5e04cc54511bd5f9a3cd66e9ae7c27b0a6ee7dbc9e47fe7c54d67586d83768,1234,training
2,aed7a6cd5069510a617302dad839f83afbad3b5148a316fa74f3d4f4d2632d36,1235,validation
2,bd768035cddeaf43c0aea37a876ad1d44288bb7fa2fba430d5e250b6f70bfa34,1236,training
2,52c2e2d80e5ce1f15f15c02ff09e991dd717e3ff65dc89d2eeb0b0f2fe662d6c,1237,training
2,24a7451323a32c66ae6859874e1c4fa0880bace7bb48a6d342960acca843c504,1238,training
2,2e447c78a2cd983cad4ac165d66234a3fffa35fab6794301b75d0c660f49ae94,1239,training
2,c961dc905769eff7ea9c8a2f400140a8157327a5f33de9e23fcadbd848d9cba2,1240,training
2,a1a42e2b1120c11207199f5fc30085f2682900669e09fb30b87e98adfa1ae701,1241,training
2,6b2d4639d153b0fbcf12003f0f58ef437bf938a57067e8ad0391733afae9cda3,1242,training
2,8b0af25dd3c7af37884e309b4190bd4b53696ab9083c19f6e8ec468ed6929d87,1243,validation
2,f410d6190595fe46640de57bc508fdef3203fdcea6a147895f3e417eef593332,1244,training
2,a7d04b75d6fa2350a5787d4c4a7d9289474362f1bbe6df11b61e87e51dc1636b,1245,training
2,bc2dbab668532843ae4f17050290ab2cf97f7657a15a67541d15f39f9460a8d6,1246,validation
2,de83fd977dc820f388943f3317498c15e416b64e3b6fca7475eee36fe171bcfe,1247,training
2,aab1a78c6d21cc78712c3ec2f6e07909ac4e65d89dac59137ca474c336763845,1248,training
2,ad1b839ffe6dfbe535ff1874375ecaf174bf3314625aeb24ef243e0444561d1f,1249,validation
2,9dc7a44db9142a9f49fcbad76b5cc1aaf333cc991da06e05745eadac3278635b,1250,validation
2,9df665832935887df98ad9120e2d9359ecaa07895ca40d4038d3f4962c0ede92,1,testing
2,5a8c888eb945ee2a9c475001b6604b0da04bca1d29d2fe15dbd488308bddd31b,2,testing
2,0322254aa309299e0555ad4f9b8c053aa56cdd63c3217e943c63d2db577fa4bb,3,testing
2,70ef0fbd68c924653eaaeab80aa2822429e05960be69c13423b9cb03d056b79a,4,testing
2,13290b8fbc3bf6f294daf62b301ddda3a95f63fb4afa49f0d19302b418079c23,5,testing
2,24bc221a51a09209f8815e04987dc4afe98a5e9cad306c324bc36de7b1475586,6,testing
2,749bb655f9cce4be5424111f98293b3171d825900443825b60d008bf5f79e422,7,testing
2,c075f794acf69aa58f1ed3d2c752e3ecf028e5e15288714325a095cffc28c8f5,8,testing
2,fe290e912d50906e002eb1985f71bef567352546947725937afff262dd9f69d0,9,testing
2,1bcec4b130f1f29d73393acbeebe747116dad284ff5640a03048f40b3a07a9ff,10,testing
2,168565df83bbfc46953ebbc776ac77319d361db11e5eefdefe9843f8de6a038e,11,testing
2,302494aea44c00c66db02caa661624c343f6ec2c51f4badb172a132c61fa4870,12,testing
2,5eeaa01b9e71ee53286f9f1dc67f53458f2f87e88a6ca36ecbaf6113389355c0,13,testing
2,6c846e973f4628534fe1de29f846411ea2d2bf993a713e77504b388c658a4881,14,testing
2,56c7f2885e922cdb3eccf7fdfa04945222bf1d6314f0e75f7696d4c2145d3732,15,testing
2,790242b6b866cafebd5ed35db77034d31f6030bfe8469f0b5b215c8711931ffb,16,testing
2,0e9758629d8fe63a17db4182962505834b9e16bc74116689b3e8287c00427ab7,17,testing
2,b3b2f964da60aa75f2e1dbd467e7c953bbff6ef826a559eacbeeb557b73dbbf4,18,testing
2,96ecdb5393d2b8796a212bfc2def91b168bb256aa5ae6587f9a1429d111e8fcc,19,testing
2,63e12c47db2d54141cc7c4870b30d2d416b19f01bc0098b449d9d9505ebc1962,20,testing
2,13edf2112a9e48c5b8d3df4f1632e811890e10f1b7f9ae35467721bd782b37a1,21,testing
2,0dcef767cd65c6fdb2e5aa07bad09f0ecc804165be3b3ccae3cbe3d42c1e6000,22,testing
2,4fedc28b38af8ae9efcaf638abb929b0abd3ffd110981ade8325bdf721dae2f8,23,testing
2,7589982c0e927fc7da6396eb674447581a7b4461f56849db0f0dd5bd36ebe141,24,testing
2,f49d73257533a108f3f86c1b03abfa7373f40fa357ab97d689dec96e1bc16c85,25,testing
2,f133a62eb5375558bbf1ca2b0a5b677da8b5d4719c314c26f167db647dec411f,26,testing
2,a5971c25fbdecdcfd156e81c124ace56e7c31267e549614ebd5633a9ffa14c65,27,testing
2,9c3fd31a7219343a22ca8fb526819e14f5b369cb99391950574a26866f012953,28,testing
2,8c0f43eb84ccf668154721ce9be7c2e2609d19018f4dda50c89e8242b8b8d1f2,29,testing
2,69c095afb50826878857a2a304526312fe59e0ea065623f77c7335601e80e6ee,30,testing
2,171aff6ff3d9df168244aa0542f853ea59043adba5262541c2612e6d68dc8250,31,testing
2,5df7f5fcd8b49d15304302927b6b2a679faadb015a41eb000210c7ab5930d073,32,testing
2,76a2e000f3949a9a5c2abeb1f7a082145ddf6220e2f99a1c3bcdeddcf35e10ee,33,testing
2,3c418066a08a2b9d25ed4b1653441edf9c6c65a9170e836493c695cbd229136e,34,testing
2,3ded75bba57f467c457c2807f918bb494a95ef9b12731d1a0fec3bd9bb53998e,35,testing
2,9cea331378d4db0682e388ee6b4c11ee41326dc9bfe7b1e2305b0181b6df791c,36,testing
2,ac82d4fee9707fcd4dbe4d7ce745398549fe54e6f198ccc133977212110ceca4,37,testing
2,e02c300b776e45155af58449db0f2aecdf4f1cb02a5ee337f89f129680b2fc50,38,testing
2,1f3265bea7b6699e4d5a04a33c2b08709be7cf6bbd34e6de424fac455b605c5f,39,testing
2,ff685246c77c4e25f9875ad411a1e4ab02d79c82ceacb4a6574e6fada8882d32,40,testing
2,7c7bb2baf27581d1ee335e8d9f06ecc794b9770f55ce8509f412f192b47fc1ea,41,testing
2,3f2986fd767ff2bab257c45f4f9599f97997f74b5eee13b8072b6edcecf059c2,42,testing
2,1b3bf8c96ce818e5bd273b98c0c873a98ce850daa7e2682690f26f7745c462df,43,testing
2,f01e458e0d4aaea2d398801011816b923ef65da0528acf96f7cf30b49f036f1d,44,testing
2,88bc32ab5890eba331901560800f90f47b9ad6922da5186b576e807628e3af9c,45,testing
2,55f11e01a8180ed9da0e5cfae0fec3da4ade14fec2605dd72e811817f48b0f03,46,testing
2,45c2a78ed285266d144634f9ce73d7daf105f9240120f39565415616a947c4e4,47,testing
2,7f6b91544dfe9a1eaf11a33f7ae0d397145b219e83313dc5d32ecc6f3f6cd23f,48,testing
2,358d0ff0ccd0aed8f55af40d6c3daa26ca40334408b46224e23668f3dc81d723,49,testing
2,3589f0452474460569d4960876d5d7eb223cbbf47e3d24df2d9468141c0b537d,50,testing
2,3efa61d7ad547978d6ee7a6f2dee99efedd07d82d340bbe249594ec315bd3221,51,testing
2,6738a9319e679aee801dff0da4e5e1d1c50e22b36e9ac7c73e22316ddded0566,52,testing
2,361600bc12e9aedc1e6e6006e12d52d8a2524ffbe3af973481f386c797d859e9,53,testing
2,df6fe9b190fd7899e9fa16c6b83578bc72583d73f8267830249e278083689ff9,54,testing
2,3193f38a9152fe31e7db9dbc5730b38f2332d7cc05e94613f0fff6b5dd524ac3,55,testing
2,b1d70c9eec747eeae22f20a8f771aa16ecfaa46fd972133e3b36b0eaf886fe51,56,testing
2,6c70bfdf2e26071ca869ed2160028bb492daea12043a4ec4ad91a2f8508e98c1,57,testing
2,136d49c2642f40c517c48e45f8c1416c71f4d4afb8d02086c92eac1327492167,58,testing
2,6215b564580948832bc2dffff58c5c3ec811f95889b5964bca2c0cca0700c092,59,testing
2,f90cfd080183320428ef43d0fee6e07bab8542d1e29afc0886005ce96fbc0f6f,60,testing
2,5c17b7cc9f65424fdc2001e0ce2e7fe24a8125ad0e712d4d84863dcebec4466e,61,testing
2,280de21d03655d25fabf9402c57c56d8c99bdb5b1d5e985b960d14178b779504,62,testing
2,01249dabb6f71310eb048f3e97f693ca186671ec9c3f3637809b58ed50b52176,63,testing
2,aaf329169d1ac5e6d34bdf1a9c8ac2ecc1d4d1eeab944594c529a019cfc9f53b,64,testing
2,790d0a94da20c49419766550efa59831f49e13675725992a6fd0dd8d3d1d9e78,65,testing
2,d0b408c25e2ed29ad78b8121f527809e10195a7f652479e03a4aeb00896862d8,66,testing
2,a63146c3d1d14d8858c62761615664d8c856bf5b84b3bfdf464bbe0f5fc608c3,67,testing
2,1254997442f471ac7f28ae185fe591e2839811c26de76804324df00dd241409e,68,testing
2,572df223131aaa2cc347351bde98a66a10b523d10964ca118d9729f2b6e4be23,69,testing
2,860c0df3aba44390cc3d10eb43bc496c3fc646065afda28274ef3b441789ab20,70,testing
2,3b8563e779e2a1fd96fe99fddd355246873077cf21885a431b391a98d9f23f22,71,testing
2,f50d45fb7d397513e5532fdd2f42ab220b2d559cba8a70d4762ab54494bccb71,72,testing
2,62969a82c75183b4fb2f73fe534bb15ce3e4d5481ba94d4fb8abff864730b3a0,73,testing
2,13deb96811d1d038bfc0097f7a71a2c9fd39abc5a71de4e4242733b5cd1889c2,74,testing
2,cc544219b284ea1accae076edd2c116443edfdd8c4a67773bc706d56042e345d,75,testing
2,ec86c34e3900a303ad4eea82d5758a046992bcf146e3f5cece249cc033e5720e,76,testing
2,4509fa2c1ae3997f9851bea9efd41164d670e63102024e13c70d6950205fd735,77,testing
2,f55be744d94eee7027aa1392420d14394f290d474d2e3f9a95e3fdfd676024e1,78,testing
2,4ecb15ee6c9f516989346e9c711f4db8079ea447b6f722425bd4271cc1dfcdb1,79,testing
2,dba0590a7ed794f7c0be6a461459de01c0752d2ccbc15f717820984ece858011,80,testing
2,ce2f8e01fed7c4e83e07453647a7a90235d72c8a1c6221af7e1469daaa3ac21e,81,testing
2,6d15b34136b14e005477b7dba22e38965b30e6f2271a8b0fde1dfd8a27f6a68c,82,testing
2,fb8cb9f233bd84d1319545109262e37e1fa8e8621bc9a7bb8be1934e05d1a722,83,testing
2,5884cd506aa84c0829c6000076d5ce938dfc88ea1286e652e1d1b514efcd558e,84,testing
2,3659ed50b99c4adb1685bd8399641e196ac7a29d2c61a4635d225645ce05b5c5,85,testing
2,6cf44a5b1abe2a982289a5bce23d17307ebe60119d87e0206febb0a06ebf8bce,86,testing
2,70d4d48f55beb52cd6d7272511e7a6279312ee2880bda8634a99019ed2229cdd,87,testing
2,c5deb31ff6c21c9e3e98a053a6d68535dc140b4d6b450dfdcab82bdcccd35ca6,88,testing
2,7b8973963a9736a8d4796b4f1d2ba772114aab8cebff070ad9af3e68cdd1fb5b,89,testing
2,000ea7005b5abe9de4e7856bc2daaf52c405ac2d604e4bef96d75356e00fe232,90,testing
2,3b22a44e4918c512e8282ce8ad380ceeb05dc4feea265ed5be98f46e1bc43671,91,testing
2,41b7ccb61e375e509eb5fb436c93a1a60ceb0b04190dee98156f752c49309c19,92,testing
2,ed992d2ccf17f3322373da4b1e27fa0e44adc97f179973daed5ec564308bee16,93,testing
2,1c92aa7685985e32ea458fc65cac82a3bded63a6c145c9fa82591c3e8ab32b89,94,testing
2,59c2b48e952cb7ad463551bf8c66884fa878bbd8ee9524d4223412d44a1fd2dd,95,testing
2,85c52094f85f44e8dc815c1845cf117ba0e0ebd47ecdfeeff745d4a97a771baa,96,testing
2,21c9e120cab38f9b3af5cb3149a28eaed3c18c2219de68ce9714f7d028e8714a,97,testing
2,fbe671aa88d3d4d3fd374e551189d4983bccd2249454e8d9b122ff113e730358,98,testing
2,7aa3948cfd9931b9fe7c4ca5b0a544ad9f80d59c3c1bada57c572a041b69d90b,99,testing
2,eb377b1d20dc876e91430f64a70e1525681e9fec9aadd7e68ebae23a84667c5e,100,testing
2,5a76528129c2b257b70af9e8e3d61dd35301c79b7178aca77d1a680a16e49395,101,testing
2,3af4b3ecc79bf5aa551940ed7df01bd4bc5c88be020fdef6764fa17bbd416a63,102,testing
2,f1e49d6504e715403fb0860780e224fd59e8c1aa7fc255e51ae7fb9a8e810ca3,103,testing
2,6abdbbc6374fe442539ba987ae9a9b4debb0f7914b64b6831b0f87c98dc737fe,104,testing
2,cb8b9eac569bbc7cd3af8a1b5b2aa4e40e3d2a4c6c70c2061b7bbd97dd8aeb8d,105,testing
2,d6678402425a72ee2830be278a82c4ec7449b0eb5fb4162cc8a96f38fd4a892b,106,testing
2,ca3dcb83829c4c9cc700545125d535c20aa813536ce6c375af56dbce5cedd3ed,107,testing
2,e8eeff58ac59f5bc81a0e270e587f52a9efe14a4a7a1fe49e3dac0465d46f531,108,testing
2,ab4749ae138d677ef7c19eec57580431791179973b2e73c9571eef706e776c68,109,testing
2,3402b2aa3867ad144a7189a0d2501123efbeb33d408fe438a700ec8420b8cf17,110,testing
2,db3247dbd7523f5db69288eecbde99a1ec51519d472ce30fddabf11d8a446240,111,testing
2,a2dcff0c4a00c57d8813f3528b33de0edc21850ebc0e60a3413e86bfd4985fa8,112,testing
2,9f5a6a02b9e404a4e5e5f5c161d3b46c2ce24e6861799355bb4299434852ee07,113,testing
2,ea2180274dac0b60c6145cf62bd996064d233c3d94d92669f08dd464ab96e4c7,114,testing
2,70036bb07835ed92f2cd2e8a77bc5c0a44794d686de9df3ac5039574dc36c124,115,testing
2,9aa21cd798b08bd557d2c061c22acd11e356759da09368e718f7d84e4642202a,116,testing
2,91b1dca5ac601797fdbe55000623b88af819bc2e824ac3e172189d4bc49f3d37,117,testing
2,866376e4cfc71a3b0919ba3fbaffa860f6880a12f04e19715b9e155767a0bb1c,118,testing
2,4a29c6dd85148cf3412a5a9b3b1270a73b42488544ee1ff3bc884266b7aa7f91,119,testing
2,a4c2026eaa4e6b16dcd50fd160c63fce005e0cef60c00a877158ff3f82b96f56,120,testing
2,da62ffd8c44d811ecd81c058db48880051ee1445cff023a9e11fb17b64a26ab8,121,testing
2,dc331a711752fe2c873195baac23928bb6404b3d47eedb8702907e36920951e0,122,testing
2,3cc4ddc3e94149201f019bb934e8377a40b69322929d35ac0d508a5e2f4e7bfa,123,testing
2,01baad5329470083da86fbb74653826e648ece9b44aa417b0f4671cb89078779,124,testing
2,0cacbfe3184bcbb5b4669ad2e992ab96aff4a59346017c9595ab57789506ad3e,125,testing
2,39a246fdc3f0df037e2399477532e9ae19a7ad8f87914e67f9f02c0067ca5e5f,126,testing
2,8f497e1af76ed6bc66c64940c1e3add3f8842bfb9ba7e936493498e3b99979e6,127,testing
2,2d811f0826b93b4483366be79314404d7027896440efe860ce2dff099e402a90,128,testing
2,2758d003be17aa0b95563ef8a9fb4a9c108cfd469e9d64d8f78a047aea59cefb,129,testing
2,1c9e3287f04625a101126d6476a8c740f3f157d3f9614eeebe68478b61f20bfb,130,testing
2,999023e67ca9c074cc16ba50dd8a3f115ac9e6bb9fe49bc1af725f7f72e8dc67,131,testing
2,64da4ea16add6ab617764335d70e3e08625d9c01a6c6fa6837289705d58e1ca7,132,testing
2,637c8966e15a1a1d6a526f938849d890f710bb17d6f8bae844bd8550ac6ecf3c,133,testing
2,3598537929224027f4ff960475da8566a4ce7f365f75b04efc85d6b78a6a04f0,134,testing
2,e6459966cfdeb550fcb033588e1105ad102eef0e3188523d5477986b6a5dae18,135,testing
2,07c35452b7190730187d519d6b347b11ec1fb1f481743dd4dbac6f4ebf1aff6e,136,testing
2,8a71486cea7bc2bd3045070480f9eae16a0f1dea353d0c8edf3844a10f1584a8,137,testing
2,7756b3c2a882ffacf0b3e44818f1fbe6a8fb9a2e3e9cb90903b3a7f11090a56d,138,testing
2,f953322c4d525431cab348b29340727c0c84a476629be220a1356a6e37b1e03d,139,testing
2,1bd74aff52733755a8b14a2938f02432f921a5db4d2b82bd2c0aa45d2e2d3835,140,testing
2,88fa4aeecd79759b5ec0da0260155c07311ee4aee5d6fb64df0d93a4a6d5ebec,141,testing
2,20f2ebb3017cb3abd68474fe0ce1196898d9916082f3dc66cb4ce9600c813d69,142,testing
2,9b73fd8077f873b2d3e90eb045f2f138e1beef6a7e9f4d492f96a4e97b782d33,143,testing
2,7cb0b84faaae80e8c48937040b13353776793f89e62112c4d13a77c9fb0d1021,144,testing
2,33823d21536846dc84bea6d0302ba7bbe950594855505a02ded9e40b3b4b2e2f,145,testing
2,8d9b0c90c14127ff619cd870f6ef128c7f358b78fbcb5caee4bfd0c589bfce7c,146,testing
2,fdb5ec3160d3bd40ccb89ad03407ded5f55d6e262bef4cdc8533ffc51649f2e4,147,testing
2,c568d225b2a9451740c01a3c078a00ce24cb2ee3a013234dd806f7add2787f57,148,testing
2,bd78c585691b1aed47e6102a354fd4f1f7deb2b05f40982c11bf56a2006fd1c1,149,testing
2,041d629f9686ed6dc498d2369de44b9aab62e45aa4f1fe0b72908ac3e3103f02,150,testing
2,9279a3ad811bfe9ae44ed5a9250ac65b380e49694e8e469815bef417d65293c7,151,testing
2,40197d9a3dd11aa29e0a6055e42b9c486b871d6e4627195b3d9f39950dc87af4,152,testing
2,9b1905947a42bc65df78dc50af7e5497bb42b434bf7ed13b66a0991e8a8142ff,153,testing
2,57c1043c3ed74ab048bfb59fc6f12e2e7fe5424eca80a4e7e9966ca9ffb9ded7,154,testing
2,618527434ae29aaa474117b5f35e0564750f25e6868effea8853d38da32f3d18,155,testing
2,96b6b54c92430efe75c193d4a74e8dfd7275e6daa937adf2b31bb3b7e664c0cb,156,testing
2,5d85a02696b81c000b25dbbbbed1b584693736fb4ee8d39f47ffdf6d83681ba4,157,testing
2,9f601b6627cb59a79a5294c27e28472a3fd355621f0ec194afc273e31254aff8,158,testing
2,e9c1d383eef16844132c8e935a593657caceb8c7da0e76c0546012f3ccdfc194,159,testing
2,3ecf365ddb4186252894f66a134ae7a1f49156cd2fdd3cf6e795d543ea24138c,160,testing
2,94c41c4bd8fb5d067676c9ac4e17e0c07db9c506ccd1956be5da39b0327c00b2,161,testing
2,5f526bad4ac7214df85eea2204e4bb1eb665f30f3be09aa9c835b8608569b729,162,testing
2,afb40b0644e587f500ef2b022b8ddd1d793b0d3beffa568c8371d62d7556f1de,163,testing
2,e96df3182ee437777c80ccabcb65bd0c10c81c6503accffbc3910df29dbddcad,164,testing
2,fe542bc4727cd07424c8ec86a5db068979a13e47eb50b3efa0c8a9c39f60604e,165,testing
2,33d52111f5cd779a032f51094359d67b73cce7fdd3f6a0d084219abb4fbb3a27,166,testing
2,a49957776055694ff72ccba4f6fbce8694fc911ebaa3ece255854ac1dcd4cb61,167,testing
2,48e9ec2704adc2f51afde65f2b929dc26a86c26b495493beffb522fb459bd67c,168,testing
2,4d82788119fd06bd2ee8df7bd61a16bc98f25aeb07302bb780664855610e6f8a,169,testing
2,52e70755d4308acf665cdda8baf5848df17b71f1be8001a87d2fb5dfcd8895bf,170,testing
2,9760cd53c69745a7ef9adc8dd3b01b5e9f3489e7fc54b17bced502f558632ce4,171,testing
2,896d70d87c2093960c5e084b5cee33a077b8b5fee46f520369e77f0bce2b005d,172,testing
2,cc1743f7c3d1e6bc3d8ac7a80c28d273c8d525a7016df50e99f3e34a4bfe789d,173,testing
2,b73a64fec1a0a67a997e8b2771d111411810b631a884e5b59eb5fda4f47c8173,174,testing
2,9f0c52fcbbddc34d094463f51bd0774cd828157f7913e58c69cc7a27c4cfeb55,175,testing
2,e9d253c4a4a3765f9b4a5d7930f5f2ffbb184a9532f70de80fb0cdd4d6ab7f8e,176,testing
2,bb8964d5eb3e0fe0317feb8a691a186118243678772a67fce12cfc16fa42fdab,177,testing
2,564ea11c09237cba6a27b395e89ab248a351b6bda10b889f8299af9034717db2,178,testing
2,f7efe7251ac436bd805e7c17a583e56fa938e4b0bf49286fd638ef9ec37603fc,179,testing
2,cbbc672e5e4652edfb2ae6d2183626f10bed7a792051de01a5e5dfd7bfa6ff40,180,testing
2,2762f587e5e6549ba78908230c38d53dbb306fd958aaffab1a50ac5b2974df69,181,testing
2,21750af74531bc2dc88d78ff4aeff37546d46cf506907821d36458116fc0f83e,182,testing
2,91f5ca10611c485e8648e01deb476037f7b16db6b5d49ab22d25ac5a3327e3a5,183,testing
2,d2db62c497b614f1a4040ba6665b764d9bca34c7fbb4844dcd310b667026d4d2,184,testing
2,561d19514c724d523c020755fe1afc628defc1b7521f7cc1528fd46b99faecbd,185,testing
2,20b28436c4f87fa025782210d6c65c04b109411497b660c05263053212bc4c41,186,testing
2,d31bc966ad855e467fbe47f75701964c2ae92c5a87e68acdc635988621637e13,187,testing
2,465582a2c9c37b065c7328cb212f37f50abd1f945551e2067ba3459b71aa9166,188,testing
2,8d93028ef3b92c97f07cbd69b5e528e3769f4922985c6ca0a57abfc97e019e7f,189,testing
2,9989ec90f35b7e940ad71c13b8f7e501e9ad52d4f25693199a15ffe4cfeb9f2e,190,testing
2,299fda2fe3984844148db43ebdbfd43720dc1075c2989f58993a8f9d78554cde,191,testing
2,cd5a46c24ba708833916207dd7e8fe125ead63ab586a142c9cb517d1fb3f618b,192,testing
2,41241d2afbd65228cc7662a135b61d03d66a19ff234a58c57250e12b231ec523,193,testing
2,a5e782f908632ead62ac37db8386bce140a118c46ef1b6a618a553d95f3eec80,194,testing
2,e1fdd25b0250aa7124a6a062538d233677fd2ae0464809cdae14c60ab42915f5,195,testing
2,98f3db0a1babd40bb03b91512d2f544e59f80d5265fbc94d6b74b5895f521c0a,196,testing
2,f68ddbf8155dc298d218491938d6c72b8a619a8d978301f00465eec052188819,197,testing
2,d9e44cb891b0fa4614e67357bf5bc55133cc5c0d0ab1a17644d3363a5e4a1db7,198,testing
2,0db80cf853f8a204bade8be3466a66cc4b91fb67093d54b27be04f71aeabbad8,199,testing
2,0b9737a82589b0686feb9e58a23391c349055da5b5c4df258490d7f95fe1fd74,200,testing
2,f6ae7592bb5a2127f8bff58c25a9d7c426eb7bf5479593f93e19f18d694db1b1,201,testing
2,74c49b692f42913e366a63b17a81781c0d09e34b05ff1b2bd424d5bca53b4d3c,202,testing
2,9089358cf1bc7ff12f6cfec7ee438b51494d30c82e9360847097c8e67314f7ed,203,testing
2,5b658e4670ea5652213446dc733390a5210ca9c6ba5137447a04ed5ab39db295,204,testing
2,97d0627cbeffa6f7d0b64a060ff74e838928dd4787c7236aa60b6340848ccd7a,205,testing
2,37ebed68f84e385fa39a5ccba838320ec9682aa59e64d965f47c51f124aa519a,206,testing
2,81522fbdba167e2ee78c3aa576c3d90904cc407502fa85df30712affdd51b6fe,207,testing
2,3c18d2b50ff9be2393e2d7bab7a96f11518c428cf2add7b703f13004b0ebd27c,208,testing
2,037e9739f515dc66349a69bde80481f1f1009a4444ab0f72250902f120cb6644,209,testing
2,82ec7931dae0f361de054bab684f30c64b4741c04296c737a132b75b5f235bae,210,testing
2,d02731df7c43faf6f646d9a6e409703076b707cda8b60fcb81e0f7afed3e9719,211,testing
2,d59062b8cea01db16e5434dc9a0cb3c15012a5a3d8240088908501f7b157f946,212,testing
2,b85307102ae94baf13939f2d6784253df8b5a4fc95ee6dba607213f91926ac46,213,testing
2,5a7e0a9f1f19df47fb0cd01cd7fabc1f757dd78a6a584850015fedc030975dc6,214,testing
2,0c3f2b196666f92948339ce115d1e1f3915b49727c65574519e6197ce85430d5,215,testing
2,9fc3aa0489b3b007e0dff409ae02e02bc959eb0217a20e0d7ec1fb5a3770c2a3,216,testing
2,d5cbb429659af174778151c57bdb408b8f3d4076b3d7f2ada9faddec8cff527f,217,testing
2,e12731a2ae4a9579a5a7babcb317698d63d68e9c250ee555d06adacf47b3b4f3,218,testing
2,f3f5ae7413c272660d0738ae19492753fd08daff969debc5f8dcc822414eb447,219,testing
2,44fdc8ccfbbb2c6513e6f55feed1e2c923064259afaa8478d71620b888ef9620,220,testing
2,042125c7e495cdc0f8aad240a3fe542eebe66f9b197598950077c298e7c5b142,221,testing
2,6d457c8d550223d288bbeab7df0edd4646b22fe83fbfa7ac38229663e1d655d3,222,testing
2,0ff6b0537be0df631007afa078bb5e6280cd61670b8cb3726a4b5cdd0c71cf1f,223,testing
2,c11e56775554cd245ffe276ea55f5f7201858044052c90296df5ea46790ab9ea,224,testing
2,b740a2518e2736818314240931764e8ec3ff0729db78e64aca0f1606dec2b04e,225,testing
2,323cef11512a6b8e6329bb5d8ed35081b50f18445c5800873865153b40a0712a,226,testing
2,269fb8395037212d60ce560769e35ce4575e22ec365c7e9cf29249c61566893d,227,testing
2,3a243450e271363f5b62b8962e0435fdb2b3cf051bc367c51b2dfa68fec2456a,228,testing
2,d4321a5b096470bb49d47967d0b0d383939c417143e32b1c5c1f654314911fde,229,testing
2,da79ce3829c50e6b409922e3b4f2af24099cf2649e8925584adf06c8e54f1334,230,testing
2,24d886f85c27b8ac4287746d34aa4b72360ba2bbb9271cac905a014431b12f80,231,testing
2,feabf8ef1de82a2e840081b3002e2ded98eedd1eb9f8d2145b735336dbe99502,232,testing
2,ca804ffb40c26973175c6126bdc1fa406b812309428587933f9eca9e6691c503,233,testing
2,d53a178d9f63bf86f71b9e8d4cc0e948fd21bcff006fee8e139db33fa2b3eac4,234,testing
2,8b396436f60fe3936a9d76e48fc330174f967466c9f750817a104a92db549a67,235,testing
2,c7c43df6c25ed12807c982e94e4cf8bbf2c661461193ea428ee83fc436236b05,236,testing
2,b8c48f118e6adfa5e749e062ee7bc79492ea2c7495921b5f1042c552069c3b7a,237,testing
2,afcb7619c80bdfd737aa75bf126b4e8858d3495673edebf454c856152d5966c1,238,testing
2,d67577bf1b194ecdb81e1ef893390fb31cfcb888699b13871370df23f52f5bbe,239,testing
2,3dfb707d2c19487459e8722e389adad72f12603303c62acf98acc9fc28e0978c,240,testing
2,310df3736b9668516b5f983cd685046ec67f41b1b5c75d09264a6643938dca83,241,testing
2,89098662c170d99ad97372fba95360875925018158c270eaf80a39466fb112b9,242,testing
2,d58d73c76a208e35c6772fa1ffbd57b82c318042584aaf0667f2edb480b722d8,243,testing
2,ec839595982e7fac27e08ea25134049467b498c5c349d05688c99f5901fd4705,244,testing
2,0e1923246e0c8bd8734f142b881a6b13148cb43e98f208eeb93639631243fc6f,245,testing
2,36b6a4122b9a1949996a9de5c87326b09208e9fd5df5120b77f3a2b42f6770e8,246,testing
2,83bc3f366b621aa98e9cab8c0a5bac745d0f8774dd99dc27d137fd8a2938e21c,247,testing
2,2e49d73feb7cb2384a6298b087de8197a9d8349586fde0597b9fc2ff136a795d,248,testing
2,3444e7666b1ac6a44c448a228cfcc652f70e7990062243fd774b7580cd6e2808,249,testing
2,32518dafb95deabe3f96659ed3f9f46c2ea90273106d86274ed5b5d5d79313bf,250,testing
2,6537333a24f47a4645d985731761ab35773d8e7a22e90b6db81c3f2808649054,251,testing
2,d40039778da1133a4474674fb0952dfb3ac6f23dc78549e3166f443d489ed651,252,testing
2,542fa4e08d9d3bfdc8a0a012e5c39019d0dddd724a2bbcd83e9d4fcf463b06ad,253,testing
2,2663b866d268b0a740bf53cdf29ed95a2662475a8bf3d6cb048eac265856b470,254,testing
2,17ec46ef933395b5a9e6e913d24daf6328cd1b3e35f4437693b7207f31ae50e0,255,testing
2,16487623aa7152a9f0115e37084722665438c00b417d368a93c0b73c83499dbb,256,testing
2,1f30b6b4f326e652dc3d1c22447a1821f823fb6a0d8737a13ac2e04916ea44ee,257,testing
2,77a6f50822b7d0c53d77aaedc8e1545ea7b76c50ece38a78d412f66243c21499,258,testing
2,b074f224cb22568d09f0ea03a3773f0581fa512320eaa5760d47991874d4b394,259,testing
2,e9e0dc251e466e7b50cc0ab2e89cd087c19a74dc3f165d4fa1f651b28bcd1c70,260,testing
2,5006b1c4cea1657f8760daf4e8347973b7b3478eb4fa9b04af036c44cb54aee0,261,testing
2,298326cddc9e5ad15bcf42299282c9e46ebfe95b483297de0806e4fd08a6bf3c,262,testing
2,30611b7e7ba2b6601fc0f3be59c78576636b6b44954d3f2658f10866c40f32b8,263,testing
2,458694c993b4fbf633385b54f3bba8f7832306e7fb8ac92cef1b26415e9bf738,264,testing
2,21801dfc6c3270431d8ec7b949fcec974342071f8a4c4d4674f6a10ef9838f2b,265,testing
2,b6ace57cd952f2b185f21b9b372696e906316ebf640d042973d42e4f6300e1c2,266,testing
2,78aa91194d8ab88be8d557b7ccf280743c4ef10f16b1db9987e985cae4eb075d,267,testing
2,e1e100235a94e45c7ffd05f7ec8df77a37cee2000b36571be961a999ddc32848,268,testing
2,4b263914c9b75df0294e94c3e57d45ddf47594bb082852d7a33a2f5e92793b99,269,testing
2,1b898351c4fde1ca2e3d62b83fa0ecfd2ff025f951fda40773feaa6a3638a22b,270,testing
2,f25066d9eb3fde55bdf3afbf4239e45e748c1551ea855db8867fd4ad7df75d3a,271,testing
2,a683928a76b68c2d34b9b100770a3d23530c6353c96a71c9daa2e88911a68346,272,testing
2,f813dd1839b5b92da7331c0a183b88e3cb22b64243b525f72af08156e8b30e67,273,testing
2,59d7f82b8441d06ec6fd0a6a7ff32b4d2d220792076b1cad9bf6929a6be82740,274,testing
2,f4bb8faba55e9e08604a434ab3e5db0b416d8fbcb290a9c309e34eade92bab7e,275,testing
2,2979f826a87c2e50336cdb3f71b97712c8b6209cc35eb1a729208aaaaded2158,276,testing
2,245f2c14bf30c8fe722e832e10311ee68e27453b0ccf3d3e6e67bef03586d0c5,277,testing
2,e67c77f1edad647633ff9af1eae5620efe3eeecd12e5096458bbfd923dc5da19,278,testing
2,889cacacb9f11fb93b9711f77f927329450cc0a20daf889656582f721c3f3f08,279,testing
2,9269872a851d5a3c392ddfd08771c3d99ca5b4118ee2796c8b56e1d9eb5ba6d2,280,testing
2,725d91af5594ff6a564757bf9b49881e19ab06a6bc23f8013204d18134da2057,281,testing
2,03a2233869971ef619e2e16eda26f87055dc0b68119ceeb0e27dbd3b7da2ccf9,282,testing
2,9996e2a9f5953339bb3ccc813eeefe1a720aaca3bae6a86f9e7c614a79d9bf3d,283,testing
2,fff9edd78af851c33855f449200f5effb7dbc78253697ac7685e1c60d0284d53,284,testing
2,468e5e93c9f11a487655244a52cc32e8af775be930a4297a50d1befba11924c0,285,testing
2,4412c2e13d805f00132a02906300b96e4e894c4153e4dd03138f705219b0aa5e,286,testing
2,af837abc57b81fdb13542ce1507dbb2944de8576bf44f66df08aa32ba6e55226,287,testing
2,7d21b61d529625fc69ac4068d900883e1ddc266bf7b1eb38ac3fd8f752037936,288,testing
2,97e524270839be99b7d7f49208947cb426c5899bea396382b356e8e85e72ac4e,289,testing
2,e8bbf8eef4379dcebdc94b921fe46edd7674eb407bb243ead4479675e48d193e,290,testing
2,6dbe1268e54bf1cca5c14ecd7d8ae0590f9075a70aa9eb008d6961c09379ce60,291,testing
2,356bf5e62f3fb4c8ba6d95292bf33612c4823b2bd0b3766efc4c96e8057bf7cc,292,testing
2,615dd2f4997049ccfa0ac3ebd518483162ecc541a3ff89067e8a28f111f89d02,293,testing
2,d98862b0e337145aa87a2c390517096ba7104b0e3e86b2986fecbb48a9bec3c8,294,testing
2,e128ecc06bf1f5d5974a860e70af616f4cfb93167e344a93c3eac89d741db163,295,testing
2,d8ab8ef23177b26a13b106d53cbd8214783c4d21bc4662d0007e05651219516f,296,testing
2,4fb60188ae826d241aa8316c458c03ddb4feb19ee262337c21f035a6374ad98d,297,testing
2,7901245202a10a4883f340ef43d0e49a36fd2c6ad76dc6ddd3328c8da9cbe7a8,298,testing
2,dd90f8d8e32883f6c4926c21ff57701bf9e677bdd34483c619308c9d8496e9f6,299,testing
2,6d1814f772ff906a68b706c080436d4ce5abd234d800a7366696ac34aaa2c9ab,300,testing
2,7b7456b9617a86543d1e2d7be1eed18e0f9cefa60412371c405d195232f439a4,301,testing
2,226fc3f98ccf37e6c97dfbf00da26fa4a3fb944ac78d6e1ed8af5273a0802168,302,testing
2,535419e62956973fdfacbe25579ae5c4e7d4337e3345913bc9e3c4a3364aa1da,303,testing
2,16d19aa5524689cb037b90d17d24c0f533bcc84633f1c038f11f1c959eae0dd2,304,testing
2,7d04ba2f3a5a7d8f636bc52da4905934f6be02d7b5d1b2ad2821924705a1f561,305,testing
2,2c53f3edff54f91a6c5e7c2442ecffd36f681038c687e77e9c38e44371d5ba5b,306,testing
2,5787aae93dc5e847342ad0c4aaf3a20aed39eccc1e86c3baf272f854773c1d56,307,testing
2,581576735bc5fc1e0a86e9cb8736d7247e16bf0596eccb8e07548d6e1b8a800d,308,testing
2,4bb26b4b125c8abccbdba3acb3a3bbaed5e86167ba571cf9d48e2472bdc4c4b9,309,testing
2,890023bb99a3874d701cd24e91752965b9fe157dd181bc1745aebb0c13ce8cd8,310,testing
2,d93a2b3f2757b8fec8fbe184e4fc2d53be03702b393ddbc37e49359acc5b2617,311,testing
2,95edbbddb1530920fbb12e5ca7cdd8c4792c99be51707f1006ba05bdd0c70e16,312,testing
2,84f04ae2eff52928c0fc7467147f0624a3ff227a76153ba298d21137262d2530,313,testing
2,120d26717ee7328b1ab393b4ed883fd2aa41e4f995881f1efa876a5fba4af4ed,314,testing
2,34148e76e48e26ff2bbb16859ad8ae9ee90537ee70926a9ef21c0767afc024c3,315,testing
2,1dc1603c6bd92182be30b54e17cdb95c28108dbf23b1615b3506636beb7bedcd,316,testing
2,bc09d441e699d23f199b065d3e69f497631cce24933480a7de2ae630476ce8eb,317,testing
2,e3eb462bbeccab6ca84618441698146c70d86e75cb5761654498c47ecf2d3d4d,318,testing
2,9e8f4a6d7f86cfea92a314b8faa7eaeb6b1094a757ab9c499399682f5cbf2094,319,testing
2,c915d5bdc4509686fd6bc8d077855f6d152ad676a488910df83b3db59349b47f,320,testing
2,0d447e33c5cc41c2bad3e1422015ab2dde2ffe252c3f67e0ece8735e0d4b883b,321,testing
2,c56ab9071124d4cfac3d6e89b375f205bd3cc78ecd9a6d15eebb150668c6bdc1,322,testing
2,806630f6a128be1fdf7f9a2c32b132d0aad1f98013851ef40b9c0234e21fd402,323,testing
2,b4dcb541097d833f2f049a3d41226d64ca9c512fb715b0307f957afb1b8dab60,324,testing
2,5fc851bd4ed3a9329dbd1d825e0e55b40a64fa879ce8366ca4adb5460fdca650,325,testing
2,aac1ffd49eb21385927e938cc19fdaeb917125e1d39c7a64559e4acda5267fea,326,testing
2,a420d0a6cbf730c64f194239f215295b3846f07c64a7c478b006d19acbeb9875,327,testing
2,abb4e9ce205d7aac6c814c4971b617d5dfa35d469612f836fcb81ef6a19d6115,328,testing
2,462ab8fb832c5931cc92020dbc5ea5e8eda578a4351fe7a829f5cbb998e908ad,329,testing
2,ed9ee2782655503c9b4f54d571aeb4fbc2d77e926054c489cafba53232e8a51f,330,testing
2,1bde7104af0c542f536e08b89b7b86df71b6b95f777a5207b6d30dcbc84b2b62,331,testing
2,53a46ddbeb9d9a52e941ce8777d874403d0a2366156b3045e26a6f9169316d66,332,testing
2,1335ef48d18735fcf3422613e8c9c8d363ed2678fb030fa45c856c69d8b5ca05,333,testing
2,b412b6634313553a0ac262f358b0314642d3a95d0c4112d2a2e7ddd2b76055ad,334,testing
2,2a25515e4c70778f29cd258ef0f4f7fd10feb6cf2a98929aa834a7d684e7989e,335,testing
2,a9e9ec148e7f6d62bcbc38d3fa57ee6c2a21b5f238e797ddf0d1e846f2050192,336,testing
2,30d42fe8784b8894807fc97de5601354e70e5088e752e84acea333fb8c258b07,337,testing
2,8f682dd19d261d7401b16639a10f9778692b60b2cc3779cba75c0b23ad3eed65,338,testing
2,a80d3ba4ef7af3154b6109dbe5021726265288139026fb984f4931c5c1cabecd,339,testing
2,cb3b723540d7146fd62e8b67df5bf1beb5eb0726e3a1fc15e3cf028a5653a091,340,testing
2,616143bf1c0704ae4598d16bb377a6309de2c10e1f326c21afe8da2a6205b386,341,testing
2,876822ee3dc1030134e4156fc2ca51033b179beda5f026a9f39c84f6a1064754,342,testing
2,81cfd59f9f9227d329f4231317f64ab256808817e09d3934d6e400bd9f881f9d,343,testing
2,4a322844062123d4e6e8f2695bc5d5a4d6f0cda33c5d72d5ddf8c6dec1e50673,344,testing
2,8285e487889d0cb625de8f8e2d8f7622842013961ca02619c154bcdb8e0e870b,345,testing
2,638d06bb47bc6f6d85c27c1b9ab60c28d7ab763a3aa9cfae4da164a0c6c9327b,346,testing
2,8fa35e26dc860eb74af155c8d6fc4d82081111aa38cdc75b760e8098596ed501,347,testing
2,bb7d8b68eb53aafc8628eb7ac27f23e6f71aa64a0491a5c55376205f55877d45,348,testing
2,05a8cd4231b6dbd406092482c8423bb3ca2751ec66105f16ee3c304f3fc19128,349,testing
2,d1caf9e2f331856121c16a6d7b60971e83570b014bfd11b46ab41e83e1911119,350,testing
2,55a6e5e82bbc03722a7eee1928771af2744479fb8ad70082254a7e02bc95c9cc,351,testing
2,95dc6db0f9347c00d847b0185330f7e9abe5a10afc66150a51c1b1882d1ed28e,352,testing
2,063da597c5c28ad1499112b3eabea5a6a518a3460e04f66d967e5d0369f3b2aa,353,testing
2,5646d2973034b1c4fbe10f30eb44552b10fc8b91074f8ffa6a83315fcbd4cda1,354,testing
2,5330a13897878d99b9684a26148d48aed180b1925336df69c37761f8a33dc437,355,testing
2,a10f7b95e9f16cd7f4551fffb591e638b10f22821646f706f520d0bc1d61a8f6,356,testing
2,254fdbb3cf371057a625eec249a51548a0373ee817bb0c8307a777c64109a9b6,357,testing
2,5151083ada9441a3e29e39b0995aa1ea4de36d002738993feaf544dc55884564,358,testing
2,28fc190cbf6f01b90c615180252ffc74d99c8b7db5adc9e195dc1ef3191ef026,359,testing
2,94596ea6ab0614eb9242a258e38c5579910b934686f533d827f2cc68305ac933,360,testing
2,f3c41e6ee1b785d25d7aa63252c995e0fb0d194130db0d7a570eff43a6cf854b,361,testing
2,b6edaa56e5d2a860336cb6ae9bfa29b9aae7a395b754e19363db446fa21ebebb,362,testing
2,fb10b19ebe130708b869924d4ebabbb8f6cd2ec3841abe71d61d6da3238a2cbb,363,testing
2,e8f4cf6f40adde8c2d0df6d41f8912c35da8ba6996ecd2cbcba436c8113eecef,364,testing
2,01338016f4070fe3c2ba240dc9716b78e27c1a9133c0c2a4c61690cacfafdde4,365,testing
2,c43d7bc66e5c62d6a3a17a21ab49ef79fbfc07ec1a7e7c460bfe6aee65ba6fc8,366,testing
2,125a8a6b760c265a88aa1f2694d6c692e72c5bc2160014f16295286aa17b2d8b,367,testing
2,375e0bcad1b2f8fa8ae148ab96ec6f673841e711f4c065518acda0aaca2c416c,368,testing
2,800974a7751380915a0db7a917e3b623477f08d7ee051aa7919ddd4338c0eb32,369,testing
2,01bd21c62394de620f0bee95b8837f3df566d531c91c48a8d130bbd3f709e9cf,370,testing
2,6be1ae4775b518f1ceff174a7d9a76452c080b57c6e9c40a0e0b38f557dd06d7,371,testing
2,b8cc215a5f01c0a81ee6de65060c7bb296ee7d862d69ab1b569522eac0ec31da,372,testing
2,3d6cf66452dfdec7289b9c68d0f4b6772c486cbd3c731e11c0b642a58e6de4e9,373,testing
2,da90ee1fcca592cbc21e31b103f9ee96e1d39dd5118c378bb0dc79ea5d245024,374,testing
2,532aaace2f5f5a3e8c59d732f8217bba090c460ba2a2aa3254f349db13e9283a,375,testing
2,a3dfd0600c77460b2a99716d5c2cce5fa755102a8a20e5485c698bf704533336,376,testing
2,d43edb97bf2e279ceb8fffc9045f916c888b18bce74c6413b7f1749c55390f6b,377,testing
2,e5551ed436812b19ef5a95d3870e515168e7f665f9229aeee1fd6b5c9a6df2fd,378,testing
2,20472ff226e852f758146fce0206f5fcbb281adc8d0f56fad618265b824306bf,379,testing
2,60a55053956470b4e9cfbfab742bdde499eb17ce6707a377b0bd1f043dbc98f7,380,testing
2,748d1c64cdbb55fb1a3bb0cfa6d26f8721bc7b70920705dcbcd415b599a54292,381,testing
2,42bacfd425851a3b3bd29338f11929c5709776bca791243dfe48142cfbe8e2bf,382,testing
2,310baa52c3b1f5c1ecf033e564c3bab5b88d1777a20712809eabe3506d3a8e50,383,testing
2,a5d179950cabc44545bdbdb1c2c3d6bf61f7d7ca0e6497fe168e46d80f6d197b,384,testing
2,3d68d7a363593b208d73b860670ed2b5f2d875d62dfd34741a7512b8239d61a0,385,testing
2,cb8830062a6601ab7c4a5be4e42476b33f0f27e4f44567a565a19050e3c6088b,386,testing
2,8a79323f3509e2f0bb2d5444500a943003f1c9c82e4018d590fd59d1efc23fe1,387,testing
2,22b17fa345bf0a3954d5d94d3f360c35cacef21e1076f4d15e202bb5fcf02b43,388,testing
2,cc96d9701883cfc01e6677c095e4cdc4efdf7ae8f5402f5d749d2bb1d41cf40c,389,testing
2,15bfaddcc6e3a63bf411add47054e00624f1714945cbf2c084092ef0f1f6863c,390,testing
2,e4c8e761a25677cb137592e272737f9f84d3a403f9e5e1c6eac7f920309815b3,391,testing
2,d9498729716c9e6b34b7f1592c0d74cfec9d8f4ed2f3dbf8d32b5f5285f6a833,392,testing
2,27b00f9a67dd2cf058e55498577304489a12bb3d8c978c53b95d301c76f9b585,393,testing
2,adbfbf918b616f311f3c6c7255669d064d3d28c3970cead4aa132ff494017d90,394,testing
2,49ef200da6b62aa312085e457f57cd8e0785b917678c3cff2b4fd608f0f87deb,395,testing
2,30f400735c0880c547c2c867a4251dc10cc0b2bceed2989dd9475aa65d4fc094,396,testing
2,18203acb5183c47b3e3b938fa0c0d4324015c0a727c67be1a089b91132687f41,397,testing
2,b5a0c11d2f83780594246405ef1b74a201f491f25d7c3a44cbcf6527e5e53c20,398,testing
2,73417bb2fe67036a39188af6ebf82df88c6d9160a12709e1bda3bb2fce0ffd7e,399,testing
2,b453b3590bc2ea9aea34a3a061105c3c2ae4cfc1efd658cec7e97a57076c8742,400,testing
2,7908e0eb49a4dd55b965c593780772559abee2202c9c81a54bba593de2468c39,401,testing
2,e906359529376f6b8eb3720f4abdee4f28e4e71c09e9cee601843860555a2a0c,402,testing
2,7954d2cf148da5337eaf7fada884a76ab8280f45ec824b606d7cb45034d9371c,403,testing
2,039bba373944d62083fbfea0376f99131fe6511594f392d1ad83cd635f75a1c8,404,testing
2,f380bae584380a77b575ed65bc0632684f5eda12671e3f4fa46ce96e1a42a3e3,405,testing
2,970979d5b8d1ac9245897c374c6ca036e4046cb6ffb0dc49df937757b07e2320,406,testing
2,1a3276d86487a8cda28731e6f51d130cb6ed33d2b3a13730dcf94dbd265f1d6c,407,testing
2,97842905c6ac6caf0c2735c0373ba70062ed4df8d43e00572b9802be2dd9e2fb,408,testing
2,fcf294471590ae118c2c55e68f6839756b35fc992f6ea001ec1cb5e48d5bf193,409,testing
2,a57c48b0c80be48505285ff61f4a8ecdc1de19fc342590cc73c6b3dba875cde2,410,testing
2,a12906e5d219c801f9742cc7422ec4a5389353e9992df13ebdebfd0953aa9c71,411,testing
2,904669d2ebf5d5722a6a60521200c05131481317b1e68013526d5e9649b57b8e,412,testing
2,6b43064394b5a17c2f8e3d4553a2f8a3d4b6b33a4ea88906dad2b1f23f3a964a,413,testing
2,e2baf34c44d5a4e4610b2392211c8b9c048f8639645c1c9110cc81f54b505132,414,testing
2,eb20f186c216026651a0c5686042ed236342c6d8c69af52e73251d3bd2733c01,415,testing
2,f9b01df6a0e856ee7821427ac0c1b029da993e4a26124657512004721f3a52be,416,testing
2,167c7d8a68ab650b37213e1e8efa057963b8161d158a4cc7120f5e2d7021d90b,417,testing
2,2d57acea9d3bbb27ab70dc5f4da6ae192fec6c82137661cd3ee1b5cd82a91174,418,testing
2,2190d97f937c058a83e81da6dbd2ebc0f5f784116c0c41a5fda8bd1bdd4ec14c,419,testing
2,0e1feec57ce0b82dd95e0a0fa6bf7b655dcea390a92b8124060a86cd3c19ec1f,420,testing
2,ae9b7a06672d80521a0c3a4140756a209049998999ca3779698d4bb0e545c0a0,421,testing
2,7400f488cb91ed7214d983367f14e1b9ec99ee0563e687f03ffe6ca3a5230d89,422,testing
2,c79783cca4eefe88cc92f5f10dacd44d498460511a6283baffabb6f6d7504440,423,testing
2,466f65ea80cc1730c8bcf72781e1584f4fafa2bd436a61d0ac5b0dcfa00322f9,424,testing
2,342eafd6f86c3b1da5f886901841295439c821b70e5495874065d53e0fcb939d,425,testing
2,811e8102b1bc9a8a400efd4000b49fbcf3190582605be08b2dd2378ff0de60f6,426,testing
2,6e90193a2975fcabdba4e8f0c404f032e9d46a348bef0fef36497b8e56dce68c,427,testing
2,c74f3c79509fa4ed7a04ffb4977f4b7f3c60d3e11496436ee3aa92c63492548c,428,testing
2,c2d8aadbcfa41a855f8e7118a85b57b93865505234cef9537a4ada5e1558e246,429,testing
2,181ea7e953f24775b66bafb12ac6d3adb722a08896f14894560d977e583c231e,430,testing
2,f37e6d800cad8976e01e20ae105e03e7d66dfa0cbf0301f39c466174f44b0541,431,testing
2,710cf63cdceb3408358fb361d7393e60898419f960930fa7729086a8dcb1c901,432,testing
2,73b7294ce93054064ca1044f953542f1b7723130aa8b5881d7ac4628d4047619,433,testing
2,28b89256efeff426b2e1009e7081a67378f5c4d52781c1ed1b2af360876aefa0,434,testing
2,b741471a0d6556de6e8acd7607e14b317c7b7bf14d969d0f84f4e890925cf6f2,435,testing
2,4e9499c67f8cbc512b03b35deaaba4db4aaa393b78a0772774410ae6c7c0f40d,436,testing
2,aa3cb985a9614823560ed95830e48005d20f9072036af83cdf4c80b3577cd1f1,437,testing
2,45975c17eca194ff3ba189095f2f6832d11d98dbc6aca2f8502ba9b452f88e44,438,testing
2,dc52f81f0aa73a5bb179d2b14793d3b012aae81a36fa854c857cdb2e3eee8e66,439,testing
2,202a4897376ecb1b27e50ab1dada1c1f2e10477dcb3762b872a99f111c08e41e,440,testing
2,b72a8f98addb40a705cf5bdf40648c283256bf8f6c019c7618a454403d09576f,441,testing
2,a1234819ec3be4ac07fa7ad88e42fc6840b3063732ac2b536232accd13c622c7,442,testing
2,0d413e386012b612e422fb4d90a53f02ed24dc8afb7eca4b1a2e8642514950cf,443,testing
2,0c0edf064f219d0c9d60c4fd9b96cf7248adf6bc6312d18d305f968b6752d313,444,testing
2,e9c15e7b985884b7694b20534b8625b0c7b96da29544a4781f7cb3f0089155e0,445,testing
2,645dc7687d9f80ae3c15e550e892ba503f9d795af3b035bab169ca96f0b280e7,446,testing
2,d80787ec8b8f82294ce403f34c32d2ed55f6f815a26ddd81d563fdc106a3b662,447,testing
2,32598552875a71f4e6d874cf724fd6bacfb734f95bb351dc7457e26dc66d9c64,448,testing
2,1e87033f538ba795b4d0d314ef8690fa58d8bd12474bfa25fc9659cf092010e8,449,testing
2,65f1f07bd09d7ab3643b8820bcc99b6f8cfade5e1360fc1af617e96810211105,450,testing
2,0f312bf78d56674a489b4309f04208d1379121d1c65d19e50e75f4449eb6f5f7,451,testing
2,fb6a72566978b0985941515807e761b037dbf87235aa86ce89ee019ecc6e5786,452,testing
2,147602e965062610c6800899602bd386dbba318a5220635c441d82003c2af09c,453,testing
2,1095721e8b083a612ff0a32b3d046e4cf6b0e0a605bca1004cb7b54581b3e1a7,454,testing
2,84db697a1961f3dcd4597a9ef4be2a592a289f031ef59129ea253ebf48b21480,455,testing
2,8847417b0f65fa45c1916c1eb503cdb3ea471c87b1744089c1ce15fbccd2dacd,456,testing
2,bbf15d33add8b6ee9f15736690dda5b46b6bd734075256dd95f31175832e918d,457,testing
2,649fdb4e702275e9fee59c6c02029f3ae9795fbfbb07980fadf408b7d8bbbfb3,458,testing
2,244a8c473a309fd42a001e070c6db26306115ba5859241d11d151d609baedee1,459,testing
2,3943a11bd12142b23c12d1a5fca68349c9c3b112d8d0a51baaa24bea53e8e4ed,460,testing
2,3ebe159823872e4512a1b00e0b2acc0a42f112b20644bbd8a9819fd94e79fe31,461,testing
2,c6febc90bf6f12b334b7941de17771986dc467e2ab7cebbf2ac54dbfbb50691d,462,testing
2,5d29d2057a5db3df310f87eba705ed41b9fe94d065a3f8dffc84c8327bbbea8e,463,testing
2,6eb099e3d599baf671524fdaaf64a71df734ae0e80a1d6708a0c00134aa7f749,464,testing
2,478dfda76914ddfc7329d737dba605af14643d3c5277410f2a86c2eaeb6686ff,465,testing
2,b6abf821b0f8ee505b978450e2122d0bbd75cabf0b8b111e96cf7fe53e452397,466,testing
2,3015bbd9b32f42e85fd6634c0e4d4e73dee7931cd04c77ba372d28b58d88da3d,467,testing
2,9b8e086504e322e35ad57b8fee0dbecc2208598faa2a025e4307e9fd18d616eb,468,testing
2,6b7f2dbef7ae37586dd580c1c83dc07d44fe1571d067ca8e10b6c05441e04ccb,469,testing
2,c2ce676aac85d794c3a7f7d9f37fda76e7a3ec21123d6857b952c6aec6f45018,470,testing
2,70449c9b2a4eaf4eeef2839f1bbe73ae59b0185cb5215fe6558084157fe78afa,471,testing
2,c53b5930672aa9e6c40283bd0c72f5695b1223824acdcc9e8ab63af174ddb537,472,testing
2,fab2713ce21decdfd7cd20b1170db57aedad849e48c28a3e7e0a8fd617fced19,473,testing
2,dd97cd69e2edf2bbad4f83284de64227a2ded4424021e3ea5de13593394861d9,474,testing
2,b1b693e815b48c4f49faa946c27b476dd45ea0421c4c97b99d0fb320790f8edb,475,testing
2,365622b81ad200f349c90fd889db0ac61ed2505daf290d4dcfbb21712ee8e7a8,476,testing
2,85578e1c4087b272c6731d20f3d5bc66422824760c2c750cb78b2a41ede8e63a,477,testing
2,3ee1d3b9f4c4d2ae0ef095e42c2f914a76b85eaf55c9fcab72f2c1cac3f5471e,478,testing
2,4e4b617accb5fc5e103fcfd52c47bd90e125b25bdd5088e6160690a461321e2f,479,testing
2,ffa0906fde7797a94c8e156394a22bcc6385dfe93f4bac6ff24be0c0f1d0edbc,480,testing
2,44a890e78ec1badf17ad0c210ea87309d056d092cf604c61ac3dbde0ba6c333a,481,testing
2,b1f4e411f606e766e3b903c2b4f325de6d72a32edae8ef426ed3b82ee6836a2b,482,testing
2,3b76db2073561c4bc7d8da6193c1192bb67bf0e4f12dd4cdeb0a99fd5fa872cf,483,testing
2,8cf5dfa0d8fbf40efdb752b309c9a8294ef741a6dc407e3cf4815869afb07cfa,484,testing
2,5f06bbfe7bd42c48b09f012907cb8e92fc40ed4ff27e0c298a25ff41593faf53,485,testing
2,58a3dcfbb014c7870ca7bc935c5d6417f8f794de67a5b88fcb0c8349764f7a75,486,testing
2,c48784e8992b4e588dbdef29c9df35d108257e1413204b81adb0da6b00122acf,487,testing
2,e99dc14e6bb9527207cf2d643eb21f3c2a3e34c87943542946e29ce3fc6d446b,488,testing
2,29a1ccce0aad566ca85a2d2e14a3011bf6774b08b3ca5b3fa09496401c3211fb,489,testing
2,9a7741349dd0e321bd8ace738e86ff7dd83d02d878d9b3c8ae041f1828c02024,490,testing
2,e00ec6d4c362ec0f977596f9d7b2a44f672af08afbc6241e20d8dc2d1ba24cae,491,testing
2,ee6e2edb50292befc0f487e5e9dded30afaa6cc81cd9f1931d60cc92c9c0f755,492,testing
2,6baa1926941a7ed33ca5437190acd7e0263a30177ddc4e36c5f869a40645385f,493,testing
2,ea2c92375a6a6ce428cacafbca4b9378f413f131278cd693b3e3ff6507867a81,494,testing
2,c7b6c19abefb4ac90bd05ca2b62a65c9613e99eb64b7b242fd28d02683736ccf,495,testing
2,9d257083ae317781c6204e7dc7d73c0f49fb24b1c4d95c8bb4b8b29c51ecdaf6,496,testing
2,02dafc04624dcc1cceaced665f4ac4ec362bc494bc7b1a95782a85cd127553cf,497,testing
2,fee555d253c915dacfa93c7d2595877745c60497ae65a54d229e2d55e0bfb078,498,testing
2,3e1afc456ffd62e46a14b569e3621fbec06320805adf7bee70ac8c33d1b156ca,499,testing
2,fdc951d3dd9798016be07e9adb756cac889b91a724c04b4e50276b162f256ce6,500,testing
2,4af54593ac29cff5d5a5d8fff0473eb22f8ce88e6ca3bedf291c1dcdd90008f2,501,testing
2,8d7aa8d1ef23cb3c768666e0249021dfb608bd701fdf3b5f0c1d14811aa1e11b,502,testing
2,6a68e6c7355d43f51fd5a52f48f8998586a48d9bf89770f5cf4615675ba04a35,503,testing
3,722baef3912c95fa53666a86e1566275cdc08bbc6feadd76826953902d7df7de,1,training
3,5922aa3cd045759cbd9d1897a660f7caa48213b57ba76e5628bea40b7bae1be2,2,training
3,a939245ae002e4bef92e66c37ba617213923891123c5ab79d12ae1e3f8fd2e9a,3,training
3,9eccabbc9bc8f5534e2a99c0715c490599df72d995d881bfafce377ca218a8d2,4,training
3,ac23062bca5d3571847058dae97f477876bf1ae8f9c517eefff72ccf144f6db1,5,training
3,90f548a054c3cfc7b68ea00eaea420090cca50e1a857c027efd2a337aa354e57,6,training
3,797c3fd3e87dccd8c6875318b13123a1a3eb45ac42ac273f09a2383b511edf9f,7,training
3,63e6e9160633233a99c0aad9c62001c4de600e9cd316ec5efe7558e59b561bd6,8,training
3,9645c301eca5297a3f7d015b976700bce8430548e05cf40443bae6da9db46c82,9,training
3,f913f6e054e9f741d13b4733832b31cfa4d3a62fb4190bc34bff05883827720f,10,training
3,eb412595f60ce36791d45d85ecb4ebe880147db3c8817de81a73188daf588830,11,training
3,b983640fc18d4d47fb4228db1546df68cfa5ff115be4644cdfa521898aa686ea,12,validation
3,f5917527828bc27f104444584db2a5e9a0b5c5e19d86f7d0926cb407963335f8,13,training
3,4944fd49f4a1913501febeb2f305ceb024e3e2167e322c7ce86e8e1f323bf4e4,14,validation
3,7e2e55e29375fa6ad556089bf9be1df7a349c61243bc8a5d06896f36efaf5fd1,15,training
3,15e6286de44ca8345370219c1ca624505a87bab7d01a7a7b215e55cddc1b192f,16,training
3,49caa3d8c4f2932c6cd496e35aa219d55ee49dc52d5f9220d39fbf919c72a28d,17,validation
3,3b8b94d5b89eb799e382bd1f7e6d79da76e2740e1890cd7d8b4c85126b1529f4,18,training
3,c4bbb5a23aa28aaf7559a0cbd476aa8191e09847560e04a080f0027387863bdb,19,training
3,43482656d4674a3321cab545fac06ea912f284fb3cb20c425a79843b3f268d26,20,training
3,ca83d42821eaf00a6215431ff1939b9695a2eddb86d0efaa95ad54d7ac0c6356,21,training
3,89e47c12e6a0c8021ac6237a20c68a1d6ec2b42ade4507f285196409c2a078b1,22,training
3,4add56110d57d824b7456ab5d48a9f19238d03b844738393d4e10a29daafead7,23,validation
3,54f4e69de6281d5757c5fff3547679639fba10675c9f2324a46f51cbcfc737b5,24,validation
3,30dc41381aa6f8ec4a05a53ec41882527911c7d17bb70d9a0358359e3abd45ac,25,training
3,f37a7b7b5094af00e9612573244354a7d7065fd868f5b3ddd06cf51a06875441,26,training
3,710f120086099bd2e0d91663c280b4fc8945ae906ecb2449c67d56a976e5846e,27,training
3,30767d1080f05bed70c965a5f4c95470fb45ec63be5373f9aacff423723dc0e2,28,training
3,70247d613f13ff6bec6471e6764ae2f845fb4c83d107f2833acbf13d637f39d2,29,validation
3,70617cb2c77bbee0086ba75a9ba373f491285df396190d712871abef429d399a,30,training
3,e470408d0d43cd76d0601c1e655cc20382b8cb6e8daac89c67ac87fefac58a60,31,training
3,6e685b8afccdaa1292c7f197678f52c415fe130193badc8ab9898fd0438c1dce,32,training
3,a58ab0df3568951ed26fde2631f076ee19146daa0d9027532abf0206167ce488,33,validation
3,0a7f8910ac2510d31edaa08c6b1cd809ab4ebd7219c57fc49822f6c0e1a11769,34,training
3,f61e7c1ea737c85b7563f14fbe1a2e3ba19f86f3bbb4c85ccd696d4a95198a4c,35,validation
3,b420ddb8a3dfb06779ea6eda80cda9113d4642a3cab0a5da09c438d1ed248adc,36,training
3,b96a2f270ae637a89dbc1c8d26a8d36465c0f8d48c513762f0f4682e9e50ac56,37,training
3,8c552c90f23b5e6dcf692df086895dcc0139dd8b2a33543ca29a4479e585482b,38,validation
3,b76938a3c332eff266a071622ede76b49e9e7b9c706a1c1b32cf09f679102c4f,39,training
3,14cc8ed9bda1a22361b721054ce63531bd835e3f1d6dca1926b7ebce2b7cd1b8,40,training
3,f18609d0f245d5afc4d78a7d8c7048c9856e58cfc0cea245d16c99d3a9263d84,41,validation
3,e90b875ed1197b0c30390de0a7967c9d36950a8332be75db8f31eab078d3d50e,42,training
3,1a5429f1af01d68f23689c5daa0e06b7422d2ae509b2d0a904bd11732c6d2144,43,training
3,32708bba5e6f405860d153ab3b6350859a015c52a27cdd5c21a4d41ebd42257f,44,training
3,7df05098b13340dfb0954227834ef05dee2df0cf0fe921dbe590dd1dc8164fa8,45,validation
3,75888892b37fa5dc91a02cd255854202ca0913ffba02fb3220f67653895d6ef0,46,training
3,7e5dcf34581579b7a4c193cd9662cbbd85ee282a3d87f336f19161cb8cc3783a,47,training
3,c07915d641947e012f5efec3fb0b1591769718f7c58ef98354320227caf601d3,48,training
3,59fea775c840211faa9e7ed6da1454df391058146039a3c66a886a27630c4aae,49,training
3,8d690508897d970a4a88fb80fd4855e5b41f63020e7362ab7356ab3a83eb6ce0,50,training
3,9ee289240c7bc8dfa021f1dd10ab5d13d844a33d25742a9d9f4cd106ffdeb5c4,51,training
3,e7c0430b495e694f270496125dbd73995a090395e2e3fdfb27226c1d2d90f4a2,52,training
3,7a17e4070bc9091abfdda4fbd786cb8a01207b2e0cf9bad6ffb98dc41fa78e37,53,validation
3,0d182729abfdb0147768aa811efd7dbab5995bd03e18cede0cd05cb6ba8a9356,54,training
3,db7514c18270ad4cb5626842d2a4a2b1bc81a3e18023b519da778653c5e582e1,55,validation
3,e5935c1f6513115467eb57a611d5a75366ba20c3ad0c6d652252fc7588165a0f,56,training
3,22649d920393bb03735605e6b732e24ab55ec1328c45841d3e362ed4cd33a10b,57,training
3,86ea51b45974c40d63d8bb2bedc874c33e98e6f3cb6f818559de30f68e93e115,58,training
3,e5305f7527798792908f09ec1ce81abab92f1f7ccbb00e19f0479257b47e7e82,59,training
3,317d5c40f63d1708901a408f6bfe96905afaa5102c01f782b29a070d0968541b,60,validation
3,faa0018067c51201746645c08fce157d9e8f89ea1f24c1ced089c19a7096fee0,61,training
3,8133319c56b2a069ab1c37116b39bd3194f295976d7a87991cfd73225a0c5dee,62,training
3,41545bb4ba7f2efb78275a1a509dd15bc3ab3366685b46ee1d88529a9c581736,63,training
3,32b6492e43ae978b241ed77ec685f54d501660ff95468d4757aefccd3a143a2a,64,training
3,1f7d8316e558fee55a008db44ec6ca425b4bc2765a28b69ac3ce3e8e2db5ef64,65,training
3,dedcd29cde79fa431d41e57c5c43ad2101c38aa0860e3f4dd2e4aee5a2088074,66,training
3,6c1c0aa58bfaa08d0026c907af421c755d3fb88f4fceddddfe569b7c79b36a7e,67,validation
3,83924a34af9f5fa66007fd973b461da86e69f532dbb65fefff8b79f22f03eb18,68,training
3,85e8eb919dabc5893f32bbd85a5154c690859258b11870ab857983f1226d9c82,69,validation
3,9af132cb8f7b2e42491e7e0be5ffdb3697d3487feaa9711a4b5becf5ed2ccc39,70,training
3,782d0d880420d5b9005eb47d16065410d0e98c39a6a8541a1f8c7b16738ede46,71,training
3,75d355f038eed79acfb75dd3d203a8ead737d8beb4825684b42a95652f5d1b2e,72,training
3,431442b3796f16d066f82a78095d88ff2f5c5c152aac3f57195e022dbed827cb,73,training
3,e1b9540c7f5dfab3284147440d707220a3a5c2b7359508d1a7f2bff4ffd7538f,74,training
3,1d81897ed401b1076bc70c9d8806df3305da902f3ef8801f345c26c48709ffbc,75,training
3,1534514a92a5c256857b7597fed6acfb9273300d97c74941bc44b8bbd81d187f,76,training
3,48a3588e2b1678f5c611512fb1a69d81c0078cbc0de99a1cd511fffae73f4241,77,training
3,2c52363b74c0d0fd2431660197ef15ed2fc31561c673876d05357020827fbaa1,78,training
3,8308c28f7c2c51ca182520e69356aca903b3ad005a669c917ce095c2beb19e03,79,training
3,49f68289dcb6fbd8e2fc908c2de04ea16de7cf6854de77d448804f728ab41170,80,training
3,500c3a6e15478516509b4e0fc738c611beb4348748314c3a34144af40c9bf969,81,training
3,af08333130291eb0b3a94d1cb8b757dc3a0f799e11263f9c76bd04f1e8954a84,82,training
3,a6b493356a0494fa4e095833f2c07c74968903ed2cbec2ef1173c7c94f2f4647,83,validation
3,7fe4d8e28b445304ebd50dce364f6aae34bf7e73efb29029c8f8207d324982b7,84,training
3,c743ab13939314da8e069da6d76d25f4042b7dfd88b540485be343fd67cb0f07,85,training
3,e1f5909d5537e4b6e4d836b197a763ebabec7bf0b810ce1223b3bc0f7004a0cf,86,training
3,28619e3afe34273fc1d17aa45bd2034a73f6a67c9d6a6fc5b6cc39a527f643fb,87,training
3,8770bf41cc22102e1758ee73d676116e292050fc37720165b2b3983d04082898,88,training
3,d827b162614bb78d21875606bbb4ba1ebf649e694505a88496f3996f2aa63501,89,training
3,b6399a3f6b578128c25845542669d9917039cab73024bae985304ba38be510d3,90,training
3,c6b570dd51e70474930a7aa18cd1a2f9eae6307391579a42bf262be32ba64ab8,91,training
3,99b376ec58b49116887c09e4f8bb1570c5aec6fba858fec011df16bfc634c3bc,92,validation
3,b88e36c0fd8f9ea6877a84c029548332c38e7a171b5839f70510649ff7f8d0fc,93,training
3,c97ed1bdbe50e2779adb3e1a7333005d61a90ea758fcd98d461d67fa0f3fead0,94,training
3,2950f5d6a92b3290df288550ee3696f0b65e552911b8bf0408293e291df22562,95,validation
3,c88fcef1e42695dc22628de001dfe0d29a8d7c2c7db46578e4fa8c07d373911f,96,training
3,25497bc900095a79317b79e5957e4830e12ffa3159e37ce6a343a6ac11c43f5d,97,validation
3,6e9053ff4de38723f4d4fcc710b33d4490a57ac8532d34b4862fd90a44532b24,98,training
3,a6e22661b526f9869a718d43f5838b2ddf542c4fc019c8100ba830a90d6956e4,99,training
3,71a2cc4e57116798c3b0a00ceb652ca4f42bb47e3351e38fc1aeb44af8a11693,100,training
3,dc6344849755253e4f0fd5bce870d50accc266af5c6496d5569481794b1e63e6,101,training
3,21e4a506b4b49f5aa9ff67eb99a2bc3e93b54e48a028789afb08b24f06fefc0e,102,training
3,ddf67a44e5e27a873741bb511d403ce96ed9f8358f6d9887407fc60622e88b05,103,training
3,cdb241d422fb194237ffd18c4d21399534b4d9b880159bb23641c89725ca8080,104,training
3,b1824366e29cb6c83099cd71c1d4b488d61225a2cf4ffc6d1a50ccc0b43b2b6d,105,training
3,da761f9f46beaf9479db5fb0828daa36729daa31a3d829143cc46f23636a5f4d,106,training
3,0691c0898398e28d0740f8be1c18de2f925f9b78b23e3ede614febc648ea0c8a,107,training
3,d3992bf57b25bbe0a8ba068d5f63cedb6f9c6cf38cc82f9cf782a7899917878b,108,training
3,f89aec1b77b556bcfffa3859c015dd74bea3987ab861f2a6b64625c959ac3f1d,109,training
3,f4015739766626ceae3b76b6aa3ae6c936c559d2059143d40ba3d704f8d9e229,110,training
3,8a03d9f2b69c6f450071cc4f1454df6562442c87123f1992b06ef1b420b22a0a,111,validation
3,284e32b6a5c238860094a6ddde2178886cbe958ca1b21f2bcf9fc022aaa6dcc0,112,training
3,ba0abf7faf9fb568b4b441f747b176e61fb927b9b3bb09fadc20b2012d12c5e2,113,training
3,cf48c49273365972d47be15d1f51e2eeb8a1aaf53235452244523a30036e58ed,114,validation
3,369a7a131a4bfcca0ab0d6bb7f96b81f7ebd7a19e483671d6ee92864c7f9a5bf,115,training
3,6c55e68fc88bbd403256c7a6a8472dde51a59bf4a8704f11747931b846ecc6f9,116,training
3,62f612dcbd059e9ba7806ed988fa1cb782f16683e05ca6da746ae2026c981521,117,training
3,9eb10086ca46896188fbf38318608f61b802cef8ab9be1073a0aafbb22ca782e,118,training
3,8cb2cf3697959fe8151c1f6af9fcdfaed03a1d9448f571dbc8492d8bdb3d2bf6,119,training
3,0cf29b0181a4b82ee017f9ff24fc741b4d9e79f4c89aa05468d706ec3874209c,120,training
3,d38c19a1fac299f27c245e0d2fca2cb5a9dc070c3d401b899b62df97104094a9,121,training
3,e6286df5b3bcf72f57343e5302219832af0c0eff3eb4c856946918be5dcc1ff8,122,validation
3,c78918b91094fe48aa49e396a1cbaea1cec92ec447679c217d3d2f9849f0d4f9,123,training
3,90e7e1618470def7249e8d402a22709926be465df847fab0c8b4f6981f8cc646,124,validation
3,12cd5ccf0bdcdabde71777eadabf2b46ca72158117d2ef183a134a9396c258d4,125,validation
3,736cc548fba5822f0e062edf80cd6b655f6718805d2d75a62609facb0051a878,126,training
3,822af5e2fe78e1a3344c8bd56fa28b5461d9d404ad4d5a4c36fc409e44f68e49,127,training
3,f8b7338ace4ca6a3e5e162fe0944ecad1bfadcb3a297917ef039ed8870664b9d,128,training
3,d756430cf432f55479f1362950becee72d29ee7fc618b842f60a2e2f0c3e93b4,129,validation
3,67b423daa310ed148776da8f3e29e64e6024b26759461d70dc982e333b1ec2b5,130,validation
3,11a2cfd3b8cff37bd51dd3282df7483bb66d32329294180179ade3347841f24b,131,training
3,57f861c759347cd1bfdea6459bbe05d0fb1ecba9c37e1c3242f1767a282153d2,132,training
3,674f9396ed90dd2647340d85fdbeb738caf6027e674d7c82426679d41bd461ac,133,training
3,9f6583d4ed00badf15f69011b0f7efed33c3e647dd77b6a19fd8fc5a2015b90b,134,training
3,6310ab6eebe8f3607c1fd1fb7a71a5b05ce1a649f579e7595426f5ef3ddc42f4,135,validation
3,abb7fa3c8c4fc60b84559291afd9c73d18e9369082af23c279f0b0d68c36729c,136,training
3,25f24db37e2fee9c25429128b765bf5c368e85b4b5bb89e8b73ddd4737c25923,137,training
3,6654ddd1979b317c49dee82227a99d11e68b41d217f6c41eaba67e3dda8b9aa7,138,validation
3,8a4d3dd04ae5a760a5c3f3405b65dfcb43670115243eeb74a7d85a92af179ba2,139,training
3,d26118522497258ea21cfdf01891a2a68a718830cb61035bff57029028d6f05a,140,training
3,ec606fed40ee9cdb85913ba9ca256eb0743b4c26298d7abe5f2248c484226af9,141,training
3,1b167a6e47176cc58e90e08de4b38897dd4b1821158d831816c1cf7fae955063,142,validation
3,64a783d721f6fa5f4b06bebd0d018604da97091595a42a92d19f124bfbf06d71,143,training
3,6a0da05c98408d9e080c407b84e371f0ce4cf022d9dfcb2b549db9448fb0b750,144,training
3,9e4748ce01a381fe9b38cb764bdae4ee91e3cfbd0bc62c9dc8f7d0138ef25b67,145,training
3,740a3c7e767098d14a9ab56fadd61f8ab42f6f428db248f4460e9973694d5792,146,validation
3,fa8fc65163e7fb9ef7511879149e1949e7f148eab867aeaf8345124747832660,147,validation
3,846aeeb07c45ce365095753f60eb0595fa18ec6da64e897deb906fac1008df62,148,training
3,5232b782a313be63c31e9603c5b796dfa96fa71907a8a8e14821d4825af8ad04,149,training
3,b6d302bce0d6e7c2f7375f8f7e00d4ce146ad9f0e0b9ab59c38df0094fab4b47,150,validation
3,9a13abecb718537845e8ed56f7f7d3b8b80103154d0ef0eb69203f0c91b22b5e,151,training
3,d04403e59dc7ac59ca7af2129bae46bd8591030a80cbc5fd989437b41b757e10,152,training
3,dda98972a51c32011abfbf0e2cec793e4170cd424994b3a160a6d909b6a18b0c,153,training
3,0487649c39e4ff25192e7e4732a5634e01388fd02408f11a12c44bf04c9a024b,154,training
3,2024574c75bafe810b18361ca64647da6ffd32b70d09ff033d23303c8d8c0b2d,155,validation
3,61d13940d2838396a8970d438e371af1d7ca621c87533af8e5f06b0272f283f2,156,training
3,416628e143dd16dbb13923ece04c1dcd6e99547d5e8d21d5ff4d4c6ca6b91dca,157,validation
3,3e0f18e77ed25207334a56f2264eb9122026529c95293ed2e00a31ff36c513a5,158,training
3,22e14286d3ef004a400f49ca851afb8f3144ddbe77f9e22d46f491c83046ceef,159,training
3,9ae5bde47501e7d29c5265ba39a23e1ebf3ead26574d954d753f42c28de7f763,160,training
3,ec2c233ef4b603657cb2c48d3659739e5c7df97276b78263b7d682028a694ea4,161,validation
3,f4ffd3ca0dc622b0fed67aee9b6492979be58debd641d9443e364fb57c0b768a,162,validation
3,f2079bb875a2393f5c3422321b64b0a595f90725507a310255bf7a8049ff501a,163,training
3,639024feaf1f3f44c58706c64a9aa91e7941c3bfbcc1aff7e3050bf80c76afb3,164,training
3,47b5f34b1df5b95f9eb0c62dcbe9f3a12aab885b9f91bd3bdb67f36ef7a4d9ee,165,training
3,5ae16d24ed79e74e71db7e9981b14c70ccd07cc59963f8f3381765e8af958d4e,166,training
3,b39bd2b2bf44612f87ae1797a1274a9e7c0bf83110f1394455c6227da0be77f3,167,training
3,b3a004d27da4766e5c8c1e7e62d56f3d52287c1330c99dcdc6cb5d6a65e18bbc,168,training
3,9357f809ff0ff01e8bf84c306d60fa64956a249f59c8e94fd043b003751a882c,169,training
3,2c6c41940db448e2b58e0eecfd42d0ad19021001736873a1c50aedb308fdebc7,170,training
3,66785951db98725d8b60cdc98de169efa6a39497a840c825c8b53f876a7560e9,171,training
3,a2246830ebf7be70acb5494e812ed8ebad74761bb887247a21466f90c6bc0bfa,172,training
3,65a27641bcf567ee1011e6c4faf13397e6f13d806bee848ab76df86bd07f7cff,173,training
3,0858bb900296e1b701209abcca82596e060f6958eb0653d8cf52e72a609f8bb9,174,validation
3,1b8a1e6706f127c1aba9089ddd6c39aaa13a5a7ad7546fb882f1d5d6a29895b9,175,training
3,18af399aa455d97a78c6c73eb57c6124e2f541c880da7eceec592ea05c04066c,176,training
3,a44a695579d491735e4a5f5bb5b85d4e084bf254b0f8d9b057dbda45be49b2e4,177,training
3,0fe51aadae0e06de567e3efe8bd48de2ff06de76d23b6c24613c32c052d05ee7,178,training
3,c8c62257b887021e16e30cc93f929ba9bd3f58553dcfd25b67d61d06acb02c19,179,validation
3,a61a47322e919d56a6770898a3bb8413deaee4731b7ae2582e0ae915663801be,180,validation
3,42b3e31071c68c11da8ef225274a6f6bb95f0e3f4f950fe6567251510c9b41e9,181,validation
3,c71defe88def7bb6117cce0e61fb2daab45149b6286a6127e955e2c6a8e42f30,182,training
3,5f48a4ce8a99d47b5289e4e936d9f5173e4ffb39ac3cbdb5b36a3eaec4954bfd,183,training
3,d771e66f587d7a9bca470e933112f703798697405043cddf0a61e7c3e8d1e546,184,training
3,3c1c525337e22c638374334ab7d0f22ab163e26090dac72446a376895a3b9cdf,185,training
3,bf98ef0e32012ad38ac8479906c05beea0d7c0691c32bdc9539f9ec816dc0c2e,186,validation
3,c3b846c4b93a924b5ad991c6a68011ff6cc152d8f3a790af008735e9bb458fa3,187,validation
3,a4ddda972ccc75661385b1f9dbc87293c006a5f459e7b844ed3492666a3f98e5,188,training
3,2ddfbf7f36234dd6db05cbb19de8d04d4edb30b23297e90de6c0673510fc8522,189,validation
3,e0cdd899ff33642b7f503bff05ff4ff3c2a61f69a6f524c846bc23b5d42c7f00,190,training
3,7c3bf1e32ef869304f0ff219a6b5531dd84de28670a1121bbdeac8fb5ca628bc,191,training
3,ccc1a97f17f96506b104ef2e3aaf8c8bb9f4ce7338446b3a17fd2c169140070f,192,training
3,4e424a7a3c5b2eb97895c0cbb1c6ae954fe425e1f2dfee841e64fb1ce9ce051c,193,training
3,56c84526c965099ff4a904c742719ae13d17ce71499980db966cc785b55c649c,194,training
3,5f9f5cbff4527bddc1c059facf62f43d79ad6fb3c0c65156596b46719c908ee7,195,training
3,f347c6376e10345a0afc0afb17f06bbe50caaf7b308394b7d5eee21b30dc7253,196,validation
3,818025fdfc4159ba1c963c0ea32622e4c7d30adb3bfbc57aa01302df359cdad5,197,validation
3,0876e325f7c4341736776abe995b9473279d32d273b73342f8ac71b748a25593,198,training
3,10cb56c54f248df1bef33d449d91689794ca88ffe15f58167391e5f60183bd0b,199,training
3,f4a9e6cad5a74255f2d28a9bf618c8930a5f60ce814f81dced8d3743a336779e,200,training
3,61c7aa869755e542dd835b40b84605fd8436eabbd36b96fa6e4177154d9eb458,201,validation
3,a2e403cc67c10aea402c7b7152cb3916d025605c93102634144c23534abd229e,202,training
3,abc1ab7187dd052a67a0868bd53a6612720505bbfe709d996b2efb64bf0bba0b,203,training
3,e10a610de7aaa080c322e4ab8a6f76a135711884bb80f3fbafbefe7187e56c35,204,training
3,4ec2248782d8de54a75eea19e5b05b480831b5ea18aca3aebb7d6269cdbdd388,205,validation
3,ea7d0329c3d9931d960dac242ee94c31eb15ff5f42dfca344ddde5aff83a309c,206,training
3,ee4f504dd37dbca8bf4ff949927fe13b2cca94e9bba1b737485f141cfa2f45a0,207,training
3,df40ba5bc16b89b29ce0b777e71b7cdf62cf55c505c3c536ada63c98511eeed0,208,validation
3,34fd049406553cdb46f489429ecb42c237b169347a78199f3d23f20a91a9d872,209,training
3,1e9f4bd173c1c8b468df742afb82828716722d9a5cd0b4718b50654068ff40e8,210,training
3,34fea94e007320e6116dac63a317222c4e0068739f7b235e788b6861bfd37f95,211,validation
3,7d080d4c16e1aa48fa9c00af58e57b98248138cd5d898d70996cf4c311a0bdbd,212,training
3,f24e8605bcaeabc025e2429ac7c39ddfefcf30fece636406b7cdd5b84f9ccc22,213,training
3,bd8ff8b721691cc443c414f66e032dc5a9de2d6dc752d84a928b8756490ac553,214,training
3,35c449d8df6c48c5e7538a9ec55b1357f4568c7a1bec02a6332b6e389a2b5f3f,215,training
3,f3114fd7f5dc413e8cf75f29090e35185be0ea348baa78f56a9bdd8b68bb1290,216,training
3,32cb8f33c5dd436139fc4721aa4fa2483358cfd164c63f06d234cc69018c9ed2,217,training
3,2d45b499eb3b51f6cacc9052baa9b6aa3886b827ff9f3f1118c854e1c843f637,218,training
3,3b6e5d74204fc03d1e3b179c1257a513353ca5b64b3e7fccda0b732e3298f75c,219,training
3,5e37d22ed47a079016a2a9b753776a224405b59b36ca62bcb81b8a64a053c4a7,220,training
3,6aa60863c6a5a78c01744a2c554b5a528cb2c5cb4388fb28c100656068252469,221,training
3,e0638eeeb98a50ee5a102ef430b7c29a5a6841118b6c7224a86fc6405f2f124c,222,validation
3,917834504f3a2b338ccd349f7abaa52ca0caad8683cf6fca0e8d4ff6df9f0e2c,223,validation
3,4f36da0fc262735e8309e75b986d6a1a02fa6d26b037f96746c46090b52d0dd8,224,validation
3,5ca57decb527963b9d76f6df4b77e28c4bda6f62341fce85944dfed058adfdf0,225,training
3,94b0c764f13e0d69a4c4f4d2ba2f18cd6f88de8c095bd4438ad46682afde7370,226,training
3,9a90a173b72de3ccbd767bc1f029bc42e7c79c0215e02ad9ae98595d6e14865f,227,training
3,2d0ac85caa15720ee187489a834ddef35add6305a30e51c912aded02095b7cb5,228,training
3,6f3a343652ee51d87ca045e7a5956d8bd939fdac4c7d980a260bdd6a2aebb262,229,training
3,031020ad8723040bcabc70ade6aeb9e28ff99ab8189a98a99c8e25bd316d4313,230,training
3,0c9ef22cd1473fe75425db57681a9479fdda1ec86333998348250b64ba35a122,231,training
3,c1bc9facb00a701140f5428d3bf9ceefd513a1c5f514c13b7a1bfd80df8d30cf,232,training
3,bc377ee9b773f39fbb9b01f557456fae8282706eb6d24088d82c3b2c884c933e,233,training
3,9495e401ef1a0d8be1a335d24def090a3fe06337586141634bd9f59b373248a8,234,validation
3,64f31b5223796831ce31ba5ea2984598059ae18003a9d9b5a68cc86217c55c63,235,training
3,bc34dc54d5dfb149eb17785f3e957971bd1d5183709bd43565f316039a7da37e,236,validation
3,c83349f1242c5bd39626fc040426221f467918964e5e9d265a634b168ccbe192,237,training
3,161fce96396280ddf9cd7db81dd4eafeb2b8e5b6c9a5aba4d73a7094be9efe31,238,training
3,d0ad63f379612c20539e9aa55f982e836c0ac318d576b3d2279249ae9465f919,239,training
3,8c7121eb3ed39becbe233f7ce3d8ad993c2c49453bde514a6ddee4a6123817e1,240,training
3,3be68020cb4274d0247bcc03f83a17399667a4b21ccf723d422baa59d8db902f,241,training
3,8232a84804b858c892b093f055b55362d3516f04f5361df00a738967a9fb01d0,242,training
3,3ae81418c0a9dcb643390c7555a785594f6c8b9e17a8f3e27e8f5baf22eb6a08,243,training
3,47c14d998f03b34cd0aeca702a6e9b44f706ae9985cbeb2b7631305642211f69,244,training
3,cbccdd9121d0d2cbe7a830007fd2f4bb44e434bcebb9351780bb2a4a0374ffb3,245,training
3,9d407ddbe1a1954536a09df8bfd170ff71fe7d9d0f59aff1b9c3834e4b3ccff5,246,training
3,34d0648419e8955a26c0f4119221f3066c91e56989fd08116b495b92378b0849,247,validation
3,0020ad951b3bf48aa2fddc588638e0ccd57f33d9ba36433c108c7985f18c3750,248,training
3,20e2cb4892bd4a216b662ed792e515307b727b5eeb1eeecdeb9d987bb672a59d,249,validation
3,864541f23a341b0f8abf2cdb587e600809d218f3ed807b12fb769bda290fce08,250,validation
3,454927b7839c6189b1d58fd2108a6452a3f4728bbfdecdfb4dbfd4410021005a,251,training
3,923a423cc732d0cf70944870991399314097dff1c2047764d5b9d96be5529653,252,validation
3,547bfc5abd386d2653726f4291cff0c250a0a0ce408d3ba15920a19c4226c9fe,253,validation
3,25fbb2d008b83d78eb757e0a7092422afe10e0a21091d0c16b6755c1d3514362,254,training
3,d6e2c8b5e3e8ee5f31dbb7f4051c17b3b0e8daa9943d68741058e6a393359132,255,training
3,b6514cc47105d06ba5154ca4edc7582b7143c95bdad8c118f51f91b580dbb6aa,256,training
3,d1d8b79c19886b2353236a5751dc9c95aa769f49bbff85af8f26c0834789e79c,257,training
3,4f8bbba90c663cbc26118d864961e8598e46634bc21042c9eec87e70a6d67515,258,training
3,a77f193ac048b9b6f2e208585a9df59d9cf4fc1f80f67d35e511bd7fa51403ec,259,training
3,f865f006936af4180ddc4febbeb5c02c003050e77620b35c4575f4021fd7e5f3,260,validation
3,3474556fb9fd39d22806c5d918e7a8be09df51fc846fa4c21f11c5d24f33a94d,261,training
3,23e096f4e335096a85e26f1805dc7de1ff3db71be1149d2144620a477bda4a50,262,training
3,fa896784b50b35e7e888f4ee5bae23fea3703811733c4456e1ffc9e4e0cfac81,263,training
3,3933e5610399e4c88ac44f6d7ae81b952bc55d66dafcb4e76e530855314eda0b,264,validation
3,604155472c49739ef2c1e33a945fbd7f1356cb6ece7a34b2ce0d7f959b069cf7,265,training
3,2afc4bc6f23f7c9af8fee6d42505ff0a8e27e2478253edd1ae478683b99ec0fb,266,training
3,55e27828cc8f207f2f1a1101edafbbe786bab5d6ab80050197bf75a4536a04b4,267,training
3,206c59450ac41e43a0f15431ad124ecc2f08b37bdb4323efbb4279e51d2c814f,268,training
3,7b2701d39311613264183360cbbc056d7002dd002f43afb580b26ba582998da3,269,training
3,aaf02f5cc5679daec8f175d5a70cee20b02be1835e83f246d0f4f5cf811707f4,270,validation
3,cc56d4637230a27baf8545db8e3354c5f481a5eb36f158ea584f1c594b4c18db,271,validation
3,d33f6c94a9ead1aeaa55e7b11e920068700f89a8486ee9b128c7355c8cf2f82b,272,training
3,ab9b9a62c79db0f3dd864827b8c435cae1b0cc07e5bd498e3685a37e11be00d9,273,training
3,8a9ef6186a05ba357ee0c754067c23654e25f21fe03f4ae3b4450701847c068a,274,training
3,907f88c457892fbe22f27b77ecb664bd23a55a1bb3e47418353f80720bc29d62,275,validation
3,4da455f5b9116eb861623a159350123b643ee2023e2015fe785948377b67eeee,276,validation
3,90ecbd26461c3a31f77274243ee864e551e11ce6b781116b5dccbe54c46c1776,277,training
3,463acdc2afd75f4aa6dd200d4e119cb78b9cdfa82b306515e8c11a24f2382f62,278,training
3,33412e3c4e9b8a4e38d20da9856a23f85135902797c73ae1b83ad814e6006c75,279,training
3,de250d250282cbfb7ffb184bb006fa5f3bcb71b5214bbacbbd830657eb4bcbbb,280,training
3,fd06d03509096c7487c35f3e570e05f2cdb4f4560f74193966f96e0b7c8316a8,281,training
3,db05f9f936e5576562d6f082af0694ba530a506eca098c6bcbd486ca348d67a0,282,training
3,f99497aaf3804e75188cb42182121f67d4bc8e4e737090f9ae20f923b59c36b6,283,training
3,94d2025685da838273437cd3e7164d6ac9de798028f9d13da5fcdb252b11452e,284,validation
3,da375c9d50aab3ff9fca86f9092c85cb47bbb0fbc103235bc6446e4f1b1c2fd6,285,training
3,3776927cdf0ae6098095db2f9e332cd3de55b331019962a45cf572208b55ff88,286,training
3,a3d67b802d26e7ea05397e8e31d78004561236c765edb0f1d1023cff56b40855,287,training
3,8ec80ea314588f14d64dcb7cc1024dae5d95586ece1ee6ca1f908642010db254,288,validation
3,6275435397fff5ad715329ea43fce94258ced7929d59fe4ac57234c6feb38b19,289,training
3,87d79467c2c47d6a735d09db77fa2ea086057b11d93a07a80bd757f5bb46f663,290,validation
3,7b4bcf0a73031a34f972dce3421bb718c00fb26a3fda8f1d46d6ca19f39b538c,291,training
3,c5d8f13f211813bd2b7db49e8a93328950bf22c1e1eaeb1f92571d81fafd1e60,292,training
3,6a6833d0933629b3318439386387489ddfd6e4a73a4fcd91d505774ceee26e10,293,training
3,f263c71f03555fe500e811beb4fec68d3c8fe14606f30c397200bbd1dada0370,294,training
3,0a981a4c3d47febf0ade5a3f0760967e61c300453c01c822cb28ff1e67cc325a,295,training
3,fe29b96abbedf07d6dfa5daaadfd5f1f1418fc05322662ef0c64055ea4189a78,296,training
3,d325a80818a1fcf18ca9446131e9113627c7e246b224f0ad35fa989923eac5c8,297,validation
3,2cbcde80077d3cc4b1c943c2beae670e6d0c464951868dde285bac527ef0bbc8,298,validation
3,6365fd8ce058b48c4956c7e01610a902b1e1421b2a495250ff8949eb59acb4c5,299,training
3,116003b40af4d585e76922dd1088798ff7af484223b309ecac15d96dcc6b861d,300,validation
3,f946edf8c8f6128f8dc3ac43f1518f9bd80b4a929f84c42ac4eacd552665c115,301,training
3,b870ab22b81851fbd0afe50d5d705de299352b05d19fce60ad23275b7f649e8d,302,training
3,e2c128cf9fb76bb18e1b337c1b87a69dd89a3baa0a67e26ea93f362943c0ad6f,303,training
3,bb95b2287daf856773771e40ca98174cf51b35fadbb971f3eef205012ef599e0,304,validation
3,8c46cd296831225a3ca14687ae76f858dd78c4e85b195a914e6b9503d4466513,305,training
3,f12b862972e023bd591926bb41eceb47b5f50eff5b55f1b71fbac81b66807fad,306,training
3,a52196fede1231277ed52486ce39e6b990ee291f50ea6d7da230d1d7bd6660af,307,training
3,e330da8df3365ad46a3867f6fd796ecd9fa63947af757e77e515e4e4a6285858,308,training
3,61961930c05967046adafb0371f3ee589628826e771e5d9463ff4209d4576fda,309,training
3,140511714f8d104a29a05fb05351b26bb3a9f31d5120171080d7cb747f6de4de,310,training
3,a2928c766fe1561eecb20ccfd59860164e5a04534a4b6b1d28a403fed28ba519,311,validation
3,bd91c4512c1648eca4396cbeab48d8b3424949fb17e3492aad610a0916535a73,312,validation
3,883d25079d424aead1bc85fccc8fbced1128a0726a94a0bf4c1428b66662a19f,313,training
3,342563253462bf23f12dd0f141c1565c35623510b5b6a0b8dc410ec1c73a1dc4,314,validation
3,372fa204e6448bd25f9fba9da09206a7fb0058683147021bd2ad4cf2633e5e4b,315,validation
3,2260bf5ed9be70c26fe837a742c4179689ea12f98e8bcc56ac4fcdc5779d77db,316,training
3,286c25634a01b44b78fa0bfc82ec8fcf98df1797549a3dd6daa367f05b0b36d0,317,training
3,c07b40a2b4b56654e55827dbb0994c5ffe25fb9ed6c0ca313336e2d5257c4377,318,training
3,3c92d88f1d088a843a92a340f3eb3bc666234badb5e52be840ebc8f1718f08e4,319,validation
3,56ccc2054950794e12df628504eefeb4235d39563aa4a9ad90a43b8fd83b5bb3,320,training
3,10530cb384f287a2727ff6d1a1db8376b9fe554b5821b5015d53defd401cf6ad,321,training
3,998b6a07fab977798397c57618e0efa1352f43a850427f39803e24b8ffb8394a,322,training
3,4de77a48398f68f59b1f65f71eb19b4b200ce75953f6714a0eddf6f91b1262a3,323,validation
3,226c70a9f5bae067b05914f11808516592bc26c935da3d37666f5155d8980385,324,training
3,93abbca510bb94c3be5c055a02ef9e4739e55d276c416123d75b65aec609ef3e,325,validation
3,c4fa1088e8045372e457fdc23a4e7bbea61f475c183de83ba764f66356d99661,326,validation
3,449b22e984932bcbddcdebe8b2eb6965062c8897e1166f054c531b920a911194,327,training
3,00d6eafb6cb621a852eadea877bac2d55972616d38671ad7c1ff27e0d4518caa,328,training
3,b8d6333dab0e88963589d8b48dca6b966fab39d4bf212e5d89a12d1b85d2ab99,329,training
3,227c97f70eddbfab82575a33883f2ec456f1a80f44a3798ce0b4b80f18354f3d,330,validation
3,5f43125c0fb19a6d8f65c338d3b389495c52457f90fa238474e554707a15c09b,331,training
3,0f79a8e9636358f6a14fbf4aa86e4513d975aa254fcb859a82492dbe1c113aae,332,validation
3,45b04a7536dcff9c3162004be9c8c83b5c0c06c0fb09d0d17b3a7ef27540f106,333,training
3,dec36b3b4ca075a044d8f86ad2d84821f8cfb38bf8ff1a01f0b840d27f6a9986,334,validation
3,229c52390850fddcb39e5ccbbba5114207fa839df3cdbb68179ff71993a3c82c,335,training
3,426942ce8cb9de59c2f31491db8a27ef81b8c29a94ea02b12d245154c68cca1b,336,training
3,0d24a1e28479ec2234a474b4d059991479915cbabf989fa0bb8d690c1c3687e4,337,training
3,b452c6ebdd938685f89e4219b379c5016f4514f33fe394df631ea0c902d59bf6,338,training
3,4245dedb89f4a8c24ea42056610028792e6ecfccb2d1d3093251e4dcb27f82d1,339,training
3,7d05e387aed56a10cc668c946076a963ee74167d2baba1a0de4529269e912432,340,training
3,9e18a74f33776d11603a978514f5eba2a19c52c310ffc0e41f564ee6848dc8dd,341,training
3,b375926544f86a769615a4b3debb5cfa7f94bd43e10734b91c908c1f278d457f,342,validation
3,7efc4c42ceac1c5f0e5b1ead88db14510046a3736c8defc6813f171513667a68,343,training
3,798ea92de42f4499d37d20a72b8a90df16ae418129b79e7ac056638a1e5d5a1b,344,training
3,a67c232a11fe3afbf4c956dce4d2d60c553c06a10a083eab171fbc397963f6c3,345,validation
3,6bcff42f1b3c3ffa8745616b201e762d71c932a355a225c2773dec0b16b56ffd,346,validation
3,425f44a2052395f85170246f7346526b7b6b8686cbfef06ac0f2ec0b3903d14c,347,training
3,7ea1f5ca7cf992215263d824d4fc914a7ad6aa910040407691f327d67e2e0318,348,training
3,dfc1cd81e6b8d699afa170b667baf969dc2db9603c847b3473748c9cc1ab4796,349,validation
3,54fd41962b079b643cdf69e0cbeef351b892ca6056160cd3d9e8d83359d4f7aa,350,training
3,f5a19fc5fe1ce180befd740842301b6e42619c8df128762247f37201298486ea,351,training
3,b394e61057cabf8345100d1208b6dd767d3f9cb4c4673c080ae335f301e86998,352,validation
3,c5cbe0205ac1a285374868354a680714a8f0ad82f0f1eaf54ecb6d11beddb824,353,validation
3,9792e870c91d8a1ffdd1dba29cc4474d924c0c3c8c23c5e002e3139f6628d8a2,354,training
3,878292c032e259da26ebe33b50dd14ff1765fbaffaf455d531434df1603bee44,355,validation
3,9f5b26ca2ae5149d3f0b6de7a2711fbbfc9dc294de3e94287facff132167c127,356,training
3,a9f23b6ae2ffb9f9074a1697881c2b88cbf93a15c9ff812c42831ca068da00bb,357,validation
3,ef027846c105e4a751fd6f8234db74a697e56cef55f119be2dd86eb67269e526,358,training
3,2fd3c284910f52018f095aac849ce6886736ca54021d07161fe8d5da4cd0c67c,359,validation
3,1c9287cc10ce2fe5f67250929fe8e4b0c16f1abc5b0f2faf2129e2a0cac9165e,360,training
3,bc66a11a011b00cc6329842544a2095f523843e6053995556968aa49f5f9d7c4,361,training
3,5a399a7c6b1fe743142bdef9dcdff13c1a81f48603973b087108832fad5f3626,362,validation
3,cbfd5412510d3068763c7c309780d3dde54047d6d91c9c55b029ebdd99585c8f,363,training
3,d80cb28538a3ec574edf10c7656e70e5fb99529aab3d364c2306350d7e2e6163,364,validation
3,a6747d4afb3e08511f212049795ffb499f155b315486fe2a132f7ac7b8e51f79,365,training
3,fd149909eb798bd4d2c59342f67d8e5863273cd7c3d05df63c46419a055102f9,366,training
3,ef8a432fdc2ba3346d66ea82110c6d83cd278f3ecb2df1d933d80b69212a5803,367,training
3,9af7f782e98b44b8261cb804ce9bf1972621d682196cc8af29d59cb0fd772563,368,training
3,ca6120da4724b548b0b7078e6693c5b6e43b0bb86fdcbef945b2a7e4c9459d18,369,validation
3,28e0c4730d9c702c09574932d100f90fad2ce7fafa34f66fe8d34d31cc3cced8,370,training
3,ea75174825c43a29b55cf58181f745ec34aba438478625247902fb7cd73ac01b,371,validation
3,de4accc99948a9986471e743c833dc107642bed14d4cdba76fcc4fb0e968e725,372,training
3,6df650d48d299555bc1946c3acd9066fe36bfdb864a40699881d1356a7b9722a,373,training
3,c66e6ae2e11e93b81517ff452c3db2577b9eb43ef7e96d38dd28819d8be3ec59,374,training
3,98231f9a8fefcdc468a54368dd155f450112e730f7cb44aba2754688ef8453c1,375,validation
3,e99ad026972a1aa6f11072873cbb65b56ee31b367dc61f281a720398cdeae7aa,376,training
3,d4046a733afb9a385c689ff0e7a114147ee4c21c0530d6ee93d1ab768446d3b7,377,training
3,5ec3a40191616b1716113d67b79dd301d129f5147ea1dec56efaf6b20d7e0a7f,378,training
3,98ec035c1678a8997636a75e2ea750638ae4d3fbdee7d0bd2527292e60929f12,379,validation
3,e2e2fd444f319223154e84d18469789e6b5fba9dca3776ac804b1ab28037d1b6,380,training
3,a4f553e534cdb8789fe25b047fe4d940fb1eff709b67a8aa94f560c61e2d7110,381,training
3,9a013efeec584d864b5643306f06ed9faccdc186b8d59af039f772deb12c3141,382,training
3,c62880b513be8b519d0bf8631579f039dfd0d7b0bf6e81cb5fc27909b53e32fc,383,training
3,e1814c7172f1d02c407cd693d7dae43f86cec959e92d421ab2aaa027c14a7b15,384,training
3,25be206db5798723f887a3da32e6f9fe04fad0b6d50c5fcfc99d8e403376caa1,385,training
3,9a5cbb146ed1d1f1cbce462216e24b5178327cbf5c5ad7c4307f3e84a304fceb,386,training
3,dc0ec62a66a42e0d9a8915ad1d00a30de08053fb550dba082d7614e4f6c229b5,387,training
3,3569bf054d5b7d8f396acedde91ad61d2fa9036af615c3d5bf71ddd12c2314a7,388,training
3,6f3f4dac3d44ae40174a77e8169ba7a557487e7ab8b06af26a14c8bd351b6fd3,389,training
3,fc879c0d2a14ba784ccdfc6ef21676f72221df53cdfb4ba362729d24b58a3f7e,390,validation
3,2c79e6c9a579ee92dffd818a2133972dbe656924f230529d43001eafe5dc4dc0,391,training
3,08b896057d538aef832d5411d9bf8d1b8d2cc2b845d93629811989888b37c65f,392,training
3,f325c7612c23837902ccfd7d936db3644bf05c8cdb7884f46714c18172ef57b2,393,training
3,c2b3bd62e2d6895e9a5f3000852c19705d05494758ce739a4281ae80245a7771,394,training
3,21b07f7d8adc503d0f4e1a2e48966764b902f12d049f9fae7b9a68fedc1fc9bd,395,training
3,6a6de2c3c002f63a9cfcd5965774133a170796d6788831499ab4a7ccd1f69370,396,training
3,d87e02cce2ffc4258f9c4f85bed455230d6d41f70c5304af3d77ae7a484b79a0,397,validation
3,0fdfd963790824e520695e3f3a94b1ce0ed81626060851dc3c364a73eefe58af,398,validation
3,cd9af03c79c61f4cfa4f1b2e115c92eba05f9149d41822bb3aa1dc2a96251c93,399,training
3,84ded279dd77d9dbc527bc31202475462cbbd440c107abc9dd3ef2d29b75f239,400,training
3,615cfd92fa7af245e1582aa614a73fdc65e5d837eef80dc7f7aa25893ff77694,401,training
3,f4acc46fee6cfac36960d3e764a772ea7adc9d0264709541535d7761837716b3,402,validation
3,c087966855a768b722ef203e5c71eaf3b7d1424624ef8b9c058693276ad58e87,403,training
3,f67ef04989c98077049a55f8e82f5197c7cf9acd610f4fd7bb96ed99380cf758,404,training
3,ba6037b0e5ab89cde340cd3e454abca6cf2c34ef2c2b3ef81423df8389b7cdc6,405,training
3,07e7a4de06ad0f02a9c416eac2e18f88878ea715a63d54e1b334c4e0b0af30cb,406,training
3,dfd5031485af46f97c4ce8c5aae230bb733a69fb90fd4e52d4cc7bf2c9144d90,407,validation
3,747a166364e2bf436c75df9453062a82a98a94a8a9f15401e42d03a901530df2,408,training
3,d1893623707e13dbf596b6a5b1bf387cd16f7e91f55015b2c05de1c8f863d218,409,training
3,2d3dd3226df2dbeaa90f5109332a7d71387d3a88e5883e13944d783cec48cb39,410,training
3,076c1442255991d652e493f9b9b22e87dffab7cde3aa7df56573fffd3aa9c216,411,training
3,a270890507effbcb59afbb4ba798fc5b03eb380b8803bfc872030e662a668b70,412,training
3,ee9f449c14100f9f3445aa7229e8c222f812c5716701d2e9df309350119c78fb,413,training
3,6704967908da0c7226b32dfbe5e05e32fb87bc521f9696a44e7141a42f8cfc46,414,training
3,cee14680ab0f81efd802f386f1b15febad952dffb42f260dc4455dece6cdc0d1,415,training
3,f66df84fdbeb68f0881547219645b9df29ab5d0ef10efba852f9d43d5774e06b,416,training
3,7aad848ef5b4a742ed7b8e501288708c22c94580119e6c892dd0b96b59f11cc1,417,training
3,0265e162d119f0f0d4e397da6f12a3cfbd373ba2bda659298befa8e976bf563f,418,training
3,6b52e9beb067db17a7e257f5bfd8260d27ac44459831a50d5286a8ce911c206d,419,training
3,db430d5026dded591527b9b487ad3e2d4e74221509604a8dd3cd5fbff2efe3da,420,training
3,df1231f627a3832d412aa772a126b867d447dd34933a6adcddf70c7631550a8b,421,training
3,8091df2865cc8d817eff64d454109e0a3c3adf655d56621ee38da874fec08b94,422,training
3,9b8f6baab2d39223bf504d5ebe43801af4837c30a652aebe591d3f9e0b6ac00a,423,training
3,12d1efd2763634d22cba580c4bf591fd97a21c50f24ede2681e12a557fa12f8f,424,validation
3,b74043669ddb4bdded145759838603f5eaf409ad4e134ed3dc7e07f4e5e38f1f,425,training
3,9c4ae333ef23285af0f9f38ca8484b03f167639db2cd15fdc7dbd5545ebd2798,426,training
3,ff544bc7ee10a14eef4bca8ba3679e04c9987a147dc3f6c90b4917f5d68def2e,427,validation
3,10155c1016b90afdc2b7f6d554f3a24b3ee73e2d6bbe18cd4ef2518478977f71,428,training
3,d923d188ebbf13967374ed5f039b80ec4a1476eced8e92305be7c1bc881ba420,429,validation
3,5f7adddd7227b776fbb5ff013da09339bbce692706c9cdb7f54052904556b42d,430,validation
3,bf1ebff8d718c824cc1eb4102c569fe95aed26fc2ba7ce163bb6dd779bcc3b4a,431,training
3,b958bb89e41b409743c9d743f63c3d4528562bf580d311f31cfe075b44226c23,432,training
3,271daa6aed96ef45fbf2eccea62fb063ebf38e26a2dbf808ee0e76ed65ba2052,433,training
3,28bcec1dad7e1f4b4f1a6ee668b81505e932dc745580ad637a31c3a2c4eeb930,434,training
3,b31e4025fd02924f69edd82acfd6c6be9ed14e2e5b3beabe7481a774dfe1e3f2,435,training
3,b07ac643eb330e13bb70aabe44f333e9c740b3216547d0b15ea3e91e24f18b11,436,training
3,26c7dd2be0951abb48b2b2d5c5dcbebb87e22795c1301c1e93277193c7c785dc,437,training
3,db0ebd66c60cd64972f22d282b3bb06def604f65096a809d34925755cc6f2e93,438,validation
3,82cdf1be74ff381ddd20dbdd68df8682e7bd0302b914fe1bb46837e2e7e8c2e9,439,training
3,3c6c93dc1a0781ca48eeb2e9d1e1b971beabe77815851170adce1241cdc870d9,440,validation
3,104d81fc0ec401d450654562b321a1a1c038cacb9858407d8747f3df165b1c23,441,training
3,e987f4abad42435262c1e467dd087ebeec617c39242bc0a30e0858944b4acf72,442,training
3,58a5394d31c2012477e7030b632faec7aec3630dca8876cb5a33938b6e5110a2,443,training
3,a2b44b18fde58667504795219c82dc57e8785c88ebed2f14734fc0c33487fc0f,444,training
3,b14e48f1ef7023cf95a5aff12e78799459b8b8af9026442f4646ac6db8baaa83,445,training
3,372874a1bf0201c3deebd94088ada5930afdd790ace206cb13af8d089c35174b,446,training
3,3f4fc93d56d64b9c9de691dac71206ef765bea02fe6d43af831e0557ffdd872f,447,training
3,c6664d76b5153ecb93d424e1112fed240b26be52d39c9944122f3ee2cf05907e,448,training
3,5460ee3c6a8c1e53693d7d8b3e3865a797c6a87b9dcad9f907c0387013ee1bdd,449,training
3,10731bbd19123d124de57e487894d30578cb833280cb823465336b59770fd358,450,training
3,758bc5e26ebea5b39b4e18220fa9403dda470939c5f0fec50df24d2e209d83e5,451,training
3,86816a1751b945ee8c14331cbd33af6fca0c0cded4632a3125bd1b8a954cefc1,452,training
3,c857ae169a4ad6f89eb89b70a662c7eda98a74713c29e75005ee7302749dd03a,453,training
3,a673529a24b3a218668d0c2c1a2ca33038582035258792ce3221eb6fd6ae4f92,454,training
3,2cf2a6885e091dee7dd3bb751744793698f4729fbb64cfe6804d19ebb1e73c74,455,validation
3,677745210383c0bf364161dd53677289f495706f04862b4adf116c8959333bc3,456,validation
3,54a62742a00f9a04df7739919291cc3893db3f7c6f62bb147916939134e48157,457,training
3,abc3e1033356b9ec543d3112524619b5aade544a07aee3b7d9a698a1c58177a2,458,training
3,4104d33d5d2331ffa7429200e14a45545d9b9d9b902f8c226aff6e22a810d335,459,validation
3,f92600d0162b074a31a7f49489b42bf31d757e5b5b0bb079afdd7182138cd62d,460,training
3,68d9d100be82504eef758678189cd6ea860b4decf235bd3e4f3b1f50529e3fb8,461,training
3,ec98bab6ef48b26da656ae6b93ff84dbe5e478f4ca7d4bbbfba2769aa75bd2cb,462,validation
3,4c9259897e30e99bb4d493569a5ad3492ea6ef446155db029118eb6d56372dc0,463,training
3,6c6b4e34bc14da1237e46ba99eb204a2f18ee6b32ed6f31ffa2ff354f4252c85,464,training
3,799f6079c197050a654850c1185868b52ffa5717db4abfa084f1b695afe95bd6,465,training
3,5c900d31a3b6a32a015927eb73aa1cb0418699d9773588a9f36a3879c6321085,466,training
3,45dc076e55086ba631739ec1e9248ca2f854558688fb0b68a7a2f7e38ee13940,467,training
3,3ecf90fbfb61960cbea7ef12ef7e7382d7ba4a3d3d33953c4ebf459708638670,468,training
3,790a11d3575f2c76c686d442905d9ea075b12b68b381fe3d739a24cea842085b,469,validation
3,66f910038777b1b2208d012b0f8380fd24590b30efb42a760e6198a396addcad,470,training
3,59bad4ff9a8dfc5cea4c51840b0e64b94f550fc724aebfc7e1824c40aae1f6c6,471,training
3,54a8a6a1245da8af6a609d4b14e8825790602260a8aad0bf3608fec4ed060565,472,validation
3,6b0080cfc589168b263637c157ee736c2c980c7c003b2d7847904f9285ce4444,473,training
3,30b452015eef154aaa9a12e1f336586e512a36f0df8c7f3a6a912e56fb51ce0b,474,validation
3,2c3eba98c66cd802f98c8d19fc645e7d8ea8298be0fe81971e3013f7fd2aa923,475,training
3,8817ef141fe001beb12013b2a17a986c6bdbd70c86eeee909e84f3d701eb1db0,476,validation
3,de82746efd7ccd7c49072bcc606f93abf835f2652ec8811c7fa0d3de94bca998,477,training
3,4350a9df745670f1422a545bb31d6aa069bf27826e2c9b6eb1e3092d8be39e95,478,validation
3,335913fdccc04502070e5b142c198710bb76dfa7cc946883d435c54df7b92e4c,479,training
3,760f3e2ccf7f2c024ad853500d9722f0b900509ed28559cca359864b3d1bcacf,480,training
3,590b899ca0fb8bc8296b730a5028fb759ac9132aa1f16ddeff175045adc865f7,481,training
3,85c795fd8bfec49cd319b5e85157a323bd36cb6b7c152a1035af2ebdd4120568,482,training
3,da48c89490e3f0a50559d2283973efcbed3ac7173d8d8d3b3210a53bb940a8a0,483,training
3,939ddadfe2dd40ba3dab2e997daab1842b7fa94472030d8d739dcc3b13c870a7,484,validation
3,5ed801f845e2b35f0b329394dbea477cc4476ab5c95ff531f697806b8595fd07,485,training
3,259949fe6cc1ad95eb803b5e9d240c22f78094eea3801cddf44942e5ba3788b2,486,training
3,bef3565b538a4fbe048acb59c820f8fcd51e2780b604461cc46c948aa834d291,487,training
3,7d3be8d862c024061c898d1053a5c5c26d787d51eb52a09215a1fd6f66d110e0,488,training
3,bcc3a1eca8926ff71eeddf14a1175b44d2b704e027d812f818140d8561bc3078,489,training
3,19655a13268fc7ec4718b65d18c10ecae1e42cd38937d8b9767e51c51f2dad28,490,training
3,c5f790ae815073a91751684fb869d8d2f22d47532d77e2c2ab3e2a312a222827,491,training
3,ee7d2c7f725322917153eeeb94c0410bc1858cec6854610c392200f129dad10e,492,training
3,12cd668cb4432ed956fa6f83377d568a19bf643c197ac474a14015b9d722cf79,493,training
3,3414938a2d3e78828d2e8ee1d01ce2d41d7df4ffb5094f797a92a553f4c246dd,494,training
3,0b741f511c672d39d23ac2b0941667f37852bac98d7d049b72a3ec193a35c65b,495,training
3,c0fbb222aff54fa1c9ee6047a8429b5a4e62a0ed039f35a212594f1c3bc8e35f,496,training
3,b674c5e7d95dbfbff811a4d1a04ea3a6e1fdc412849267143a668a5c73a7e81f,497,validation
3,ff87b4ce61931cc94d25e3c8d95d13dab331ce07f3f1453ab31f5d354cab871f,498,training
3,82c4d5e6121be10120e7d9467988bead5e50c8170eaa750e112979d7120fbdfc,499,training
3,24338c82f7689de5772083acedf5c408e5ae66fd2d0573d26ea8f06d2a6cae64,500,training
3,7015520ffd3f160c0eacaea1b3826fa32815796e91ce36069ba2f348f3f99aba,501,training
3,bea069a089e77b17622aacbe6b97f64199c1b2b9268b8183df811b6ece11033d,502,training
3,a34d0c5525dc7d0c82ab27f02c503dd58e9d3bcf8ecbcdcb228ff596fba44144,503,training
3,531eca8a6cd9930fde8ffaa32d4a1cfbfb2ed9f5908d82d8074b1157312ff4bb,504,validation
3,a3a05209845fe748f34502ca636dfd5317c42289f0d2fa485ad727544269618e,505,validation
3,fbef9be15e0dfa1cf2224570194876adaeea9c99e47f9e22cfd6aadd4cb66c3d,506,training
3,bec5bba6735dfb5da2c5cbefcb9c3efb86e55a9ac56fd7d70967097ef3cc9b4a,507,training
3,e44fcc021da005f9ec8bf7a510060fbaacae1c4d794737635567ba1e5bb81f70,508,validation
3,bfc3b678071e9dc304bffae14c9502fc6f03600d1442d26be7025881012af068,509,validation
3,4e7b47eb9de57f6d16a5df558adc83ecabf17a092d3f0f030a35bb8650d5f3e3,510,training
3,ac9cef89291107f9e2d7f5fcd769abc83a51a9c43fa56b843a8cefefc36912c8,511,training
3,a8ffb1b4e72b9a88d2db47a11f06d5eabd92ce97a1d48ce5999c1668c071b497,512,training
3,0687d022d951abd874a751acf9c64dc6c529f6cde29bf30dcf194b34d4a6acc4,513,training
3,dbb1361fc40e19e672a744148c1a5fba70fdfed1d0acb76c04ad991e8d382c40,514,training
3,675024267efa9338b54d18ba3296ef31b216fd7acac6c014cd8942183a74db33,515,validation
3,cb14879555a69e37136e5f25823da42b0e8e9505004cf87f3cfd0cadb895fa8d,516,validation
3,018314d00c88bf0f79a10ee580b5c41abddf359bae7d71a9c482108c808c98e2,517,training
3,4df66c908bfa3fd899cdf18ab92d545b746389e3830c534ce79c0ee2fb1ca7d1,518,training
3,8cc420eea066e464f174f70bfa4027e7d9e9ca7a050c1016d73c78d2598d5be2,519,training
3,91c71e12fe1228ed5b7a38a7f87ae9a1adbf479bc97b5032185776467d609c82,520,training
3,567e9f1b4c77ccfd2860e8b9d1bd70cd989f23649c4a81e3bd0b8fe6d466b3d5,521,training
3,269eb066753f313d07b2dc213a6c373929aa83b0a718921f90c0b889971733ee,522,validation
3,ad5336261861e4aebfa04f77c1b4b9e1e91ce34df3f826269679e4ae5867c481,523,validation
3,3a62b65528c6c065c459d3b5f60a615768c276c68964c63d373daf3aa8ca44e7,524,training
3,d1232f2662c738165ea2a924c2c244555d68cba4847d86dce2b8809c9b164f88,525,training
3,e8312387310dedf892cc28b40342dea9cbf75cdbe5b9f3033482fc1abed43be0,526,training
3,eb60f04c0db93b67cca04d47c687657a1e6c355ff928fe7b893146491acaf7d5,527,training
3,3a584d242f4eaf29d5d298e10b6332e8b3e2376440e554da68d6e194c003efb0,528,training
3,868c2479edd8514b0c2591888493732406782c8d263435635b754de37e5eadcf,529,training
3,ee731c4594f8f5ab7d1787b2a221409d28a5e62171bc6d53db3c2c18733cd252,530,validation
3,e0b4c69e68dfc3b57e7e2c32a561804d1cf11c73387eb6c4d2022785c88c760e,531,validation
3,ee29485dddeb24564717021e48b53561e1856e88f6e116867673a4b201b60264,532,training
3,a10d3ec22be9404cd0d60981772b51366ce0f9ddf6287b87b518c576d43bf74d,533,training
3,297623f03fd41bc1f79e58a1feb18e12e0fcb737d41f88b3ef65c7acac0f380a,534,training
3,8726998f045dde604aeaddebd6259e3e37126d6c0b984b5a8227bdee86091751,535,training
3,50e2e8167db80ff01f9dbe4fb3660285315af978e0f9ef2ff4e0ac4d2d7cd642,536,training
3,8bdcf9a3252ce963b21de163f55222aba307c3b7547d788db03415a91c71dcbf,537,training
3,59860fc5d38f90c78d18cd073ab834a237dc18d3c328ecbb91163e302d161d18,538,training
3,fdcd9ea73beb8418121d48b42176b14dd6f118d84efb430fa64978e340a3dc6d,539,training
3,2c4364749badb756bedfc357e478807756a6bef9cc3d1144abde88755cc53d6a,540,training
3,8e53f868c2d925ae912d1dbfd5ce0d526bc3d67aa1cb49db8f207ad10c49a8c1,541,training
3,61c88c5f0194e431e3fc9c103f8dd6d5cb1bc678c40944807d0cfc27af0e24cc,542,training
3,e1e20eb62a90cca8681f0c5f630056bf86e27cacbdb145c787ffe301b01859ec,543,training
3,090e5fc0ca3ec5d522e88cd5816bbed429c655778bf553e67221187ff9386d35,544,training
3,30b486cdd9c7198573360370c8ce2647a4ed8aa2d57acf83c63d3587c0fd06fd,545,validation
3,df8fb62f5caa8474079cab58d614319c5bf488b427cfd5e5d10a8c42aa269fec,546,training
3,e4204470944a25ed9fc5dda86e17080de6134d8cdfab76f397f66655fd5301db,547,training
3,c0c8bd523dbffdbd8ed117ef9654fe6f705f4d29ab67b30b326a3c6b2190df1c,548,training
3,84fcebedc33c25c432c939684a23c95e0b4f0f99b7cbb54ab8d8e6d0b2bcba68,549,training
3,44d6bbb655ae1887cc9256bbb5d75cee45379cc5b34d5a5f288e1526bf7bf599,550,training
3,95c5033dc6262079cd7744f7c73577ec6e63b23e52a6cf18e93029fe78f2b947,551,training
3,de2dd4d1a379003572de462cb571b4ef53c3d2bcc0ef2f51bd21be99419fa696,552,training
3,d372f2263a6a9129c9b4ff71812ec7000465d51189d8d46e01fd5fffb2007d55,553,training
3,5aeae28b826056334d6bc20e3141086f36d063341ced1ff2a67d9699d26a925c,554,validation
3,c97d06c62709e1f3b0c29747faed482284a227f1b27e33b917f3c9e9208ca9ca,555,training
3,8062cea51237adacfae004b64689fc8602ab8e931e7c9cdd420dfffc7dd59f1f,556,training
3,7b6a086b52c7045a5f98b285bfb355fc70583d770ef26d7af9cb222ac333c122,557,training
3,8d3151f446433402d6cee0f5279fb088cb83760769ebf644b901a799f1394bd0,558,training
3,04644b204db94451ad20d5dd807e04480aea9de831d412d08c19fd09b0814141,559,validation
3,c110cc302ab6651eb19233d445946ce9e14e07f7e0f7de950a55e58835414b44,560,training
3,efcb4e468c476d95cf375338f896c5b161d06c0983d537c357a127d234d51d8a,561,training
3,75ef332e0924f85fdf7b72af30a1dbde8ed7336b4d23928ab1deb8054f6a548c,562,training
3,42f1fe56d8c41d63b9c0d7fed230307b778c04e700b734d1f2358caa9adced26,563,training
3,0aa77aa37378a3e8d57b99027bad317d41e25e04c0fcde4c339a6b6568955886,564,training
3,dc86ef0072c44194dcb51066a05a766d232c2b101bb84f1fdd12dbdec74a668b,565,validation
3,3d9ec088170e9bae13361ef574cd5107610f09eeb8c77626243b4eb214292210,566,training
3,fa3491a325469dee61fd09a2cb2e152292376e8881aef87e20b5ad22303a19b2,567,training
3,a3560511d52e35381115aa169f894bdd332d9c402d42639c3bd894033d956258,568,training
3,8e06f5bde04f015fc3408ea1d368e96d0152ae5420bbd0a2afe350f348952621,569,training
3,829ca52a2d81a814bdfd0ae781875ae63706231d2a6bda4198049d710034a06c,570,training
3,b84cf014874e0ccfb223ab349740772217c61295fd4d268bf5718952edab94d4,571,training
3,0c8da281a83e37fbc89c30d66eb1d788430236ff64ef39d0be02aa40d31c991e,572,validation
3,dbfc9e42918c7362dca2eed904437524ed64577b770814f33b6e75aa88768383,573,training
3,f2ac08ccf0294129191dc0c811e6655bb92a94fa6c3e18a0f45ca38e59f6b222,574,training
3,8868e434cc0e5f1ece11430c1f3e781b71c4a7575afc4698c08a41f50e847cc2,575,validation
3,888bb8da2ddee1c369bf2eb10be1aa7fcce1b0b0562db28187364117072e1be2,576,training
3,2fcba9360ba646bd383b3f7366fd59b880d5caa3cc775396ae812cbfbf1b0b96,577,training
3,5c9bb787e4e1929e47d3ef42a4d035c6c806cf9f07f0a7a1b5c710573c3fce93,578,training
3,9fd9d670d7eb8f82efd119e00bfb84223f24dbcab6bdd4d647bd85573ceca75d,579,validation
3,82478b9dc379a391173f54f5d1ef77099994bdb72a11860d4ecbbe985a836dd9,580,validation
3,8c787046b14e8e869c0f8d25ab483cfe082df80cd9e96d04b5c74f462e4c1931,581,training
3,6144f4149edf981ed6f4fd7a002c907b045527661eeeb452299948e3cf30ef17,582,training
3,695bb18ea89cf9e0316b0543976dfbb61687ae7cd68a76f10a759816b8b4be66,583,validation
3,77407330e1f45766fd4cf1392f3aa1871e40c9e965ea687321f232b609db28fe,584,training
3,9c15647cc010d0587548d0c828fd6d8d96b2a4a935545ca71afdf113260b3bac,585,validation
3,79163d5b24cbb5a66b62a0bf8a8b91a54968efec5005da3e7094231739e0c7bb,586,training
3,06d7447722dbf38eff536606ed203025565334ebcf4f85c4979b890eae6885ca,587,training
3,ce3259e295ec28f5425904f4106ca403a6ee0d1b2ba531c6910b36bb8d7bd135,588,training
3,58e525baac6eb148f472383c4b3b18ecb025d0f8c2e3a8418bf97c7280e8a1f9,589,training
3,847fc2812f29714cb812bb3e76e48b827a2db3c89a9cd73dcfc5684af76c08d2,590,training
3,706dbf76ffecbca48d0080d3fcd5959226279c9897efb6f649894e28bd88c72e,591,validation
3,52ed6d4d818d28965d6a5f30462fa728d67a98185ef0bdebfc09d06cd9f2df04,592,training
3,87405add382dda005bee9bc2def0b955a6326ca36191bd06721c4e2344329a1c,593,training
3,e0a4de1d23c0496d523f1662c8ddc28ee1cdf5e8f792ca7c42e6ac9fa56975db,594,training
3,7ce2872d17fe608c4d859beed9420233890d551fb069e474ee789c6ee2427f20,595,training
3,bb9739e7f221b80c82ba80ba4451c3e722be3bbd56f8557887ce0bfdb8b23355,596,training
3,25a002a2cf1dc1ead3c173dd62d3033cb341cdcb2c02254e35fefa4e95d07404,597,training
3,d985447fed0851385965c97814229a1b8b8604d0ad9c5746e59a4af49f0ef18f,598,validation
3,765619b51cc1eef40c1de9d47cf9c8606e9caf10c53167d8951fb48d8ccde782,599,training
3,cbf53910a25420a18e5b41b9c41cab63f4fc75b7cf3a3e11e4640792330e8296,600,validation
3,8e78370489301caacc6a0fd81be4aa2d5a1c2f3ea5befa5567c81c69bef3afd9,601,training
3,46c91601a47978ad5c0f1e827cf2658556ba066a9251d60360a7f982228bcd1b,602,training
3,0768a63fd203a8883eb0d6af18014349aeff35db70f838dbb6279938797320f4,603,validation
3,d00fd73c44b2d0005370436db9bf5649fa197b6ee6b4dfc248cf5ae0bdc2b41d,604,training
3,7ce8644f1a9a038de38fdcf2e4596cc4cf2437d7ce46eb3413321a975bb0a436,605,training
3,960470dfefdbb580de91a5737cbdc070f18f650590fc2504656258a40035d5a6,606,validation
3,f49fd79c3f41c314bafab5e9eaa8ffa31707ef71afc7dee22d0821064e675de1,607,validation
3,261bda86852a4a95d8dd119dc94e53c4807386eb535c632170a74ee957561fea,608,training
3,04b825c8e51db989f77a809162a04175aefa5d9ad8719f69c7803ef2c36feb63,609,training
3,07e1d403420afa4835b9dfc83537bc677b4dcb4316bd118b538b6a378c685ad7,610,training
3,b1227433498d151cb946bc48fec52368be4b93e93a0bafdf1f142d7fb3948024,611,training
3,908ecfb98742d9bc1cf3e077e292e37230b55318a59c41979d14205d48d74c3b,612,validation
3,05bd6e47f1614e118d0581524e3489e304423bc6f03bc09774d579435d6c9a12,613,validation
3,56e8766ff6da90e4d827125e5a8938d18cf6446e1888522df474de0f55ee1a9c,614,training
3,0b847b6c279d5f3cbd998f9e0a73fb5d3a315f1fda62fc87adb7d3a5246cfa9b,615,training
3,01624c4a607ea4bf96728c1044d3a803f5f5ccd4b10822166550ea921da2b5ca,616,training
3,76197f22cb21b4d25c1c99b96cf327d7ce19310db2893856cc622ac34f18e5ae,617,training
3,cd4c790757392d3d696aaf9328344e4cd808a79bfe6734de2446019cd0113f3f,618,training
3,71ab97bcffb93cf8f31c9f4f65b64e998d747b13197e31140303f8882aca434a,619,training
3,bb491ed3b74ea85bcf7302898eeb8a2a12f29b1ea7635acab63bebd6e34422e4,620,training
3,f36a67ea692ecdc7874a6f3c0e604641c02ac3d878e17cfaa54d97ff90bab28a,621,training
3,588dab8d0acc0f83cf5720f7b06f31b0fa94c068e454c1d6bc5c0c10a4cde3ec,622,training
3,31d527025a368f0c84d8fa634a4189c12f4112b5f5cc39db94ed0becdb9d2a98,623,training
3,a57828fe3dc3d7b8cceddbb7fd610fa0848bfde52fba301b68e0a522bd84be98,624,training
3,72fb8033777e7efea8867b9bd1739fa382765210a237d9488862f4b21a015ef6,625,training
3,63f12c0a708cf5720b80b0dbd74c0707fb327aa20738be2161f10e0d928c8dd7,626,training
3,aefb0a36ca1ced9a620c000f315891981612f34cc73c23b3db93141f31636ed2,627,validation
3,919fbe82b7fa9cdaa7b76467f8366cbb7b5c3512c5101b67be59085956e6d787,628,training
3,afd03a1f8904c11a0eb41dcf4ee14c161192b63660880fac9ca3a46a6dc303aa,629,training
3,bf12cfcc2c059eea463424edab2d5407eb14daab67a1c78361093ec62e9b583c,630,training
3,0fa3c18a244100d3fb7d572ff7934c9a6803b7c8df2bdf23be5ede650dd50167,631,training
3,e9888fbbc495a93a55055cc430ff8c45c7e54e36e2801ef3e0c2675b45830a65,632,training
3,ac9452d3a248b7c40378f83f117173411c0b0eb2a8e13a65004fc1767775ab0d,633,training
3,90b923123d0e6c73c87dd279b42b956799606d6eb8d56b83ef6287e459f2472a,634,training
3,57a585aa289f49065481edaa73741c03e6f871c1d3034db85a8f8a80365f2566,635,training
3,a862ed3eee04e3654c240b49eb8c30f2803b702bfad7b441be14f5c0fc072336,636,training
3,eb2a67e7078a2fc01921611d113bf62560cdbf26f936e40d8fb84f45015d4473,637,training
3,0621776772645b9d1cfa8f6a8d56aff690897ae9dde28f88247d17bb428917b9,638,validation
3,fb15dceed19dfc769ec84d605ba0007358f375f9208eba6549119814208ff08a,639,training
3,296bc7fdd86e47f910ce3366d8b2e21121d4edc1b54dcbd9f644047a69f4216e,640,validation
3,5dc9c5eee421d1f241a6ee49d32e400022b8203b31e9da3d5e3ebd9ed816ade2,641,training
3,04d3ce15dad91e13ec47b22e7a8e53252bda594eedef2f12ce249053319b523c,642,validation
3,aad79f327cc64ca1a1bf0f0f85ac040de9b2fdb1396d7072e379f93771dc93d1,643,training
3,3623d2541d8f3b4439cfa026c601058f46ad47fcd1a12a216698586a9063f194,644,training
3,9d3f3daa6125351badae2d992c0442ac054b30ff3b83bd0a662c07c8165db4a4,645,training
3,61c01c0baf139436183e9a87af0a2a6ca0908ca951b83aae4949b65290a404a1,646,validation
3,426d9b84f34355e75983dd89a028517e569509de43f7a9a79103ab59f3d4c875,647,training
3,44a2159f39176c9b2a4cbfe9a9d3d70fe082c4c747d163658f4897c002fae261,648,training
3,1fc1e97a83e14c96ac360d4624e9753bef5e890d009abf73127744e72fc45af8,649,training
3,7b4a74524fdb97dc267a35d0073d33f158afbdbd1ccf80a499c696416c700992,650,training
3,cee44e59d7e956169a7ecb4126a6cf16bfa20cfb3bb2c30ba7f2432bd8fe1d6f,651,training
3,fda3371493d331267194bcfaf0c8d58e5d2c36e18889d3d1a2d98dbf23bf029f,652,training
3,5fae2033b1b746cca4d7dfa6df200e33b51ad6d85c8a84727b73358b5b292c30,653,training
3,99e9cab4101898593248953fa6f7f9164244a2f2a8ac2a33ea69a4e6863436a4,654,validation
3,95b60f8ab918a9b077652e10fd0e20b922965561857258f17b0a689e10b71900,655,training
3,08dde86b78a02843b557fdba413d35bc34973f20580f3e52ed4d6cf15fc6e485,656,training
3,96b2ba4ace1349ba45570fae29466ee872bd21f2beb801b8ce02f4392d75ce87,657,training
3,b8e915648c6a044a4d188bb87bc19ce54714f61a196487f892d73325f3fd8d29,658,training
3,e2099363d2b6e1055e6f2344fc718cae694f9134078ebb68ae5a5ed4de784182,659,training
3,64096a706f248594cbba3221d96a84236dfd330b95a831467ef1b6ce51e00c24,660,training
3,1e18a8706ac27f9f3195076e4c49eda7c162ffc52e617edc25e8f096f2ca1684,661,training
3,123c094abb32eebda303c824b64a972a7ad0f0468946a128211d85ab74470178,662,training
3,15144d5d49cc39949906c99fb0ccf476b809717dd5daaffb2eb250d868141ff5,663,training
3,01a98ea6c38d0f46aeaf58fa04248160fe7f094c54d7d32079ca656d34ea4fa8,664,training
3,4dfdfefd9f26fa273fe89f5b934ccf6ce83dbba933ec687f7514c64927c58d34,665,training
3,4b823c0019d2fb1e2d3af4a9263c863d029c4f221c5ab1a8f205f805e2e04f69,666,training
3,6c8583cfeea281a10070eddb59aa6c2bbe58ce08c8132aeee40b4a8a1590ee3b,667,training
3,20bf598066e6fbc9d31d992270c07f60ee8d34b421da156b768cde6f5c45d0b2,668,validation
3,e127a72546da9c165a5528c155dbd8ac95eb1fb9659a5db7c6d35eebb87bf897,669,training
3,a7958096aecc8c2bfb6d9038666f1258c3309e75f1d1718e5f99ca2c8c5e54e8,670,training
3,187501a241de206817c3140bf1037c1f42895e9e99831c1fbe3bb895409a5326,671,training
3,5f8703b4fa87e984964be29fb34e8da0e75d5a4331cf94c4baa79660e94b0ad9,672,training
3,46e4bdd1f4a973b3a42ddd378ce8c731280b9897fe9c5ef604b870280635fc2c,673,validation
3,ce535abefda86d5a601f08b014404f7a2a9a9987bc7517c1d2871e53fcc2e185,674,training
3,925c239843a72f976faca29f12dcce8fbda6fc6a0e1952410c099555763d3487,675,training
3,3fa32725ac10184bfaad2815bf3a267c3bc15b0738e46b50f0e03207c9aa7407,676,training
3,3db20049bba8a14a057d2de5caa4955a25b81aa22689e6ebba03a791d9d541e2,677,training
3,cfdceedfbe0591ab4d43bc1ed0207102bc6ceef7bc391f6ae6ace5cc151fbb24,678,training
3,10bf18373e9013c458184ebdcf267d414d0f91ddd8253645163e546ecbed161e,679,training
3,8f167c5136252bea94bf5fdf5eb8ce20d7908bc1c7a1321763926639182e1ed1,680,training
3,4c13f3564205d5f6e722ca872ab47c3a8e326aa1ee5629926c531563bb06e6d9,681,training
3,cdaf774f68cb65557faca8898f6176c690929c0b72d33e5784ac2fa0f62e08dc,682,validation
3,4b0229aa8e529f668c50f32fda50c32c0ab0f4834724676046ba352f2d5c0f88,683,training
3,6a6a5dddc88a9af7d46d7d726146175606e92c04608c524ee2ac83b15f737dbd,684,training
3,0943d83b801d4f839b63b78852d6704a69ac2556d7827fb9abc41ae4e193c398,685,training
3,6ab187e0dbfd270bee06e1f82ef12991e4ffa2842783c00d6d375e67285dcdfd,686,training
3,62e8d3ac64a7e226c2b103362e0aeee018ba0556ac1abf06ea9359c9d02fff37,687,training
3,6c9841bcc814bcc1ac6f1c23445f1718f7753a56bd55a523d7cc662274997993,688,validation
3,ef7b1b08129aa4904f1c9afa406ba58390074b20c7c9cf81ce50b017bb232522,689,training
3,2746f2405a67ed9fdf8152c0809d370f31975937408f72b0422ff61e5d18e222,690,training
3,642334f2ee320019747d60fcd0e391d5437b9adda5fc09672b7f288ac76d90af,691,training
3,b387cd8b90dd8ef51c81c003082f12233cb3027d333fa7877c6ababd82089f39,692,training
3,14edc1cad8e95112f336f28e6c608c56e361af45a3fc810de99aad683bd029b8,693,training
3,ce38f2db6ed0dd878874305ff393b955d026398d28fb473acbe450f2724877a9,694,training
3,3b66c0931b2235e693da4f2b41573d81efe677bbbe146874c16a5781b6c586c8,695,training
3,3f54b9bf358d778658d183733467491439ad2c898f4cdc71d3d5050cb9e16735,696,training
3,b93461531e9035602e0ef3e2041b68e55300bf5214aea55b0a73dc69b293e3fb,697,training
3,fe3b0f2c8a640fa51682a339f1b9dea08b4483e3d342ce296821e82d278fcf38,698,validation
3,6157e9e3c898aa2300160edf317939646c42e475e5dd85cab136265b0d42e9ca,699,training
3,a81c6be4a93248ecab5aac59d5201398db7c6699104ce7a186dcfb331ea9a92a,700,training
3,b19c33a46cce9e29802c5ce8e5c1af2f191a87d1c5e210e1d7323d3555edd3cb,701,training
3,ef04f8e0884c0052335616988d83266204a6b770b63ea11154674759c9364afe,702,training
3,bc631f271d3514898510929602d07540665b11b6920abfde6d05e979a9b6d6b7,703,validation
3,7aa3378645792417a49a02a05334d8504ab6f8642586cda593d7845f5333ace4,704,validation
3,b1c1e40dcfeb553ef96323b6afefbcfee849c43bdfe37b58be31375147eaf337,705,training
3,ae06509cc0aabc93a67cdb908b166f2412b136dfe61534bf1ebe460f8836dc3c,706,training
3,4e3af8ff90b46302438dead1e3f773bc1c980b93c8cb8ef05f0b94a4663486a7,707,validation
3,d79138c493e94a4975505c7726b2c9d9f066159d597b0f94d34d3b2ae7b327a8,708,validation
3,4f604c93685384011c6a8890a85c71c47767c6dac03fb612a353f36067fb59ee,709,training
3,1080a11a9b62c75fde0e1f2d6a1d90ffaf190bd01e1819dabc49f02e9013659c,710,training
3,38c02ffb166970c521ce7d33082facf48891a8fb62d6cdf8f1fbd346e1f2df94,711,training
3,1cebabb7251dc619779833c73bebe5bf89c9313182d8781b04f1c4a47c7ea3a6,712,training
3,77496987a00a82d72991c177b42816a5198c51b6b41f239b2cde498cbf8c94ae,713,training
3,8c75dc60040e03dad225462da883d63ae159d2aeafbe456032d254fd81bac894,714,training
3,2295f032fc40bc2141d8fdeafb914808ea67679c69a8dcdfe0ed4e569fb922d5,715,training
3,6361ae31ece1dcfe928625674894bcad13d8cc35ea6579814b60db3fc458625e,716,training
3,3ef40d3e6bd7a2d0566b461a0cfe206da638b21a9bef97517768994c947bbbf8,717,training
3,74367c48f372cbacb38951adfd6731bb76ecb60d28e5a97da40b0b0f4999c2a7,718,training
3,6e92af7f9cd67ac2bc58f3098057da2ac02ecaca8f61b8d734cbc7b919895345,719,training
3,49e92939b763d325ffbba87fff5478ca22f32e813f9114f259fab69fe0f81320,720,training
3,8286cd7083a53116309f6deb9c798ae448a6c6434ec0c6c6fa16ef7961b25adb,721,training
3,bfa739011ab714a3682554050013dd7c265b444ae6069379ba863223e140c55e,722,training
3,5e1030bfcd4948cdc65e17a9d7ece6ba1529d9ad74660c24aa1745f27cf0c613,723,validation
3,1cdba258456954758cc894bab7f5fcd429a3dd66a5b7ea42620337c085f124ee,724,validation
3,60e58e7deb0c158007d8ba9470a449e604cc3bba04a060a3422c38027bcbe284,725,training
3,c32caf889871cee387ac67696a0a058feb4889dad64c9eef3663b48b7ee1304b,726,training
3,e073c38feacd86a4117577129dc131790b8d1c66d30419a06848ae2b34c6fa07,727,training
3,837d6b85f7f1ca096cf5da8c2aa177b9bb8ce1e4ec985f82896ca1300a0bc5a4,728,validation
3,aae807b9cb65a2dee0401b8e502332ea87afe5663c38f3735009d956d7d3cd5f,729,training
3,fdad72d0e0f9b682fa08d7b93b0aadb013c673031d2d31417e8b9e58d41bb431,730,validation
3,f9107f1fbf0b48f269702a853d7d794113152311f1e91526f6d06e3036223278,731,training
3,be074f46c34e3112ecc05811ea62410b3927686a86c215ad837e14476f833f5b,732,training
3,156d06bc6a5c9bec6db66460033ecc9393df3b454abacffa709581a12716893a,733,training
3,dd579d9400663ad1ddcbf07418201fd1bdcf309609b13d2022063df10c784311,734,validation
3,b8c5d64eeaed84bcf95847d9d2b4976f916699184a2d9c8de91bb8d26adfc51a,735,training
3,83456ed0045c76cdd20f6ceeb6f592f6d1886976a7e6579905916ada137cb5f7,736,training
3,03013b45a3c1e8e9e238881f471e90fc6f52d6d8c4608bac977ce06d4495b662,737,training
3,028dc92d9f5945a85b6e74e4c7b0e681a9f52c91603279d932034700f16ec2b0,738,training
3,dee1eb0aba1702a9f7fb5a39c2f5758e2b13acf9bf33837c9c57440b0fb01a9c,739,training
3,8792236861316d60e6e7ec90570c5e886f0bd766330f236770c6284e82c068ca,740,training
3,fc5921e491681b8fe2bfd142c92328ecbdc16e0c34758962cdb4a87b9dbb63d9,741,training
3,eff9161ba631092a86cbdcd7b4ea122f09ad6a97cd9bb580458d5a9a39c266ff,742,training
3,6583a0a5ee063ebdc6415954881c9940183a2b1987042ac8c30d2d74b28f2fee,743,training
3,3ed38180679db8c1cd20ea79900d83123ecc04e344907153d67d058bda8a2263,744,validation
3,adae435bbf60a2010c9a6d3105043b4b8b12c1c357c377dda5133eb091b1f8e2,745,training
3,26c0cb99dbe290191e6aebedc0abf242637f6d37edf809c38c80ec7abc4f8d94,746,training
3,360b837e7d8e158a574f7fd178d571b4bbc1ea6982ca09261d6487a5b2517764,747,training
3,1c5c967b52821fede96d389a56beb3ed6461caf95d78932f96b50f42d339ad37,748,training
3,bf8e10a4c8666233fcf49166f67ce22df86b43cc14d2af1a5c46b3e6a6c635ea,749,validation
3,ca4b14ef2db097e6923b2cf0109128bd17a52a6d809e549204fdc7f6435409d9,750,training
3,c2cbaf6798338d14ed0e93aa3223607b87d7d31322727e72855b2742d4400b27,751,validation
3,576d1f58569f352dff50792b32088845eeb1018d0e684e84bd63030f5adec037,752,training
3,b7f4dfd95a2c50a6b04eba51b3301002e8a96b9545b7ce4bafae752e1ea83e76,753,training
3,04b19297071c7db17c88a281dfc483ab6fe06340ae8230048aae8a969fa59732,754,training
3,fdf3bbaec25d54cfe26501d6ecbe23e7937fd38e8112e158bd9f3d2aeddd8695,755,training
3,0dd87c503b9c09003eb6724d936b1219dcf662ecf57a36ed0740ba23e83ffe03,756,validation
3,bafc5fe314fb9ff13d0a4a2fa33a254253c14617297ea1474c7c8dcb6d61f173,757,validation
3,4334af3344dd9a47af00764605e281e52ea62fef42e6df3571a473ddf3703023,758,training
3,b2cb82031f220870e24fea32a034e382c7debc9094f411fca81fcc2ee60466b7,759,training
3,f26d8c583dd94460eb9e2cf17cbf4214f4cdc06ebdda28adc3464bfb7661c032,760,training
3,b0ae82c035706d7f67098b8c35a9f115e5adb0d7f52ef0685d4544b180dbe4b0,761,training
3,1b1fe89283a46d03d899fc0fa5a9699feee50863353feffc051dbc555dd6d9b4,762,training
3,ece239f816b34865368e4e6edca6ce392f415c2ec08e1dbded811f371187da43,763,training
3,ca150667e6382dd4320303bf493dda7373f26eb3e3fdd0e54dac35556f8abd9a,764,validation
3,ee18ba644c17dd288486cdc6a6463f6a6ebe71a0729162521e73d53d03cc3755,765,training
3,7816637274c56a84809897032db2bb98630898e3793cad16998b22f7414cf749,766,training
3,5d1f8a602dcea9a0c010ec99d0988430cbbd75c55e2fb54c48371a6552390321,767,validation
3,57039598314b913ab51459ab9ea891ccbf0f4ff1b0ca390410ed392100882229,768,validation
3,8e645794250ae59d89294f97f6d8981eafe385fb7be9ca25c2c526bb00046ea1,769,validation
3,67b9a8fc08316524277808d560e28bea83439c3196523290ea39171ea3fc15b4,770,training
3,a93030514477d2850ce6486acc4f6bf26d9583804336b9481af8ca0dac616d85,771,training
3,52a0ff551070544f9d29d3baceef1bf70eeefd4cdd8c87dd01910bb169335c9a,772,validation
3,92d4647bcbcb7402b8b7c5967131321e2ed06435561a14fbc567ae9b6d4710a1,773,training
3,f128e7c51d46416ef0cd1933b03b18d20379c91bf6d628efef95893d03933e4a,774,training
3,7d6c80a56c30c21dd94a0066dc12dc6d0039086d1e4c40e00c157fb83aff017c,775,training
3,bbf924cbd3510e5fcc80035510a694678d7dc0c1c55800e7a35f6f6f457d7ad9,776,training
3,b789f1419b2c1f9dffb45f43bcf4205d5773c2ad149d73f7a586016d1c0cddad,777,validation
3,5ff88c280bacda10d96a99edfdf1f4aede6e58bae2f16fa66ad80a024a1806bf,778,training
3,1aa83518a0c0f097baceb2490dafb2c647ff8ed50e152d1cb47a9a449e23d358,779,validation
3,589cf6cc9da1148245d482609bd87cdfa27e74c896a0089acb069197e38f19b8,780,training
3,3e9cbc23f5deefa36e08e3733d6a56498e76f674e303b2e96c2a864ce294ca22,781,training
3,d00c093f6d08105cbee59b19c455ae8bb78186797cae915c0a858fa4fb26a21c,782,validation
3,d728dba5b7cd28a98398274ef43b49ea5dc41b711314347be7fe2ba0a9866482,783,training
3,e5a5e00341799cc6559971fdce5e16e8fb2e4c059fb77478f57fc3909f8b33c0,784,validation
3,36e87fca57149b234ab87a39ee489d81971fd33225a6d80e389679588a8979b4,785,validation
3,2b733783d2b30ad1875a56406fb8b03d3f7f8e36d84df0d599a1ac0e650096de,786,training
3,ec33b5b80012a1dcf37911a53e7990e2aa91f299d949334a64802b64f67b32a3,787,validation
3,cf2d8c3eef4624fd8165b931078553bb443660609cfc150862fda567e9f1775f,788,training
3,7ce87823ab887c8bed7c04519bd85d457916ff067684b5eebec76684b697f766,789,training
3,bc01de57a574373d60bde2e2ac06e587591216c345430d7b3983bdc54d561fdb,790,training
3,ce5e6b25d60483a82efd99f58c6a15ce5312cd65a0a9b42b27083d097978c8ce,791,training
3,ebbe88d9d67dd44556f367cf072702015583f7906d5b793b13575d9462e6b151,792,training
3,ef044f53093c8575afd80ef287b01ea651276e3f15056112907d730104b7aeab,793,validation
3,415fa97c5452d260574149623530ece548cab63731417ae02066c7e2524b2f00,794,validation
3,4be3843d741de86cc7c86be202b2407e594716b7c4729866b38b9f59e020e862,795,training
3,82965c65cfb855a82f9423c21665686ddd902a2127c3046511370b1639afb51f,796,validation
3,feb8e5beb106fd7e395eeefa8af3656a59146d9aaad8b0b7d64f19ea94b5bfeb,797,training
3,7b3cf15ce38f4502b65ce54594731a04dc30471728e51004c0d42154ed86c7b8,798,training
3,68188878562ca7b32bf238dd54caa63d24c29cbf05e236d089810b2cdfc1cde3,799,training
3,f114def5bbcc22d2b099a4a932d18c0b6e00a308da3c848546c8d56dfbaffed9,800,training
3,b2c42221521e1ccc4a7cb1d69687fa2f764805eb44b5ef1ee88fc3e151638a0c,801,training
3,518862d2c80f8e48fb5756cc662367489f169bca45d074e37d80ae11ec600ecb,802,training
3,649aa30bc559cb00fd101096bee45fdca224824a4ee89726ec3feb0b4f9bcbb8,803,training
3,d5014b990b31fa32ebcef195b69440eab1ecc8cbddff1509309e74464ce9fe80,804,training
3,79a57ee723d6f77f2649f6f489ea53023b9a64552d14800abdbe899e41ea6201,805,training
3,79865d3ad3d55a8a4563e559cb96866925eae856dc137349931b920968b9aae8,806,validation
3,aae7466845276c95788126b11a9efd278303dda7ecaf4946a8b9ca883befeb86,807,training
3,cc44d344bc21d7682d4ac9b7a6305cb37fdcefe1297e61142cb56ee80d80b81c,808,training
3,d1f08b6455ebeabcb866a81a5588428741cce638b424910869a8c4594cf8fdec,809,training
3,6e8f96fc87ee48e5e77fe3195d41dc75e10ef87e16ead44146aa477b3deba9be,810,training
3,3c7c03961b85cd2f21daa7210c10792038b0387caec92841d2677b1c79f6b9b4,811,training
3,bfdea744ed267cac183b4d61cd51406340a90f070f85b7090651d7d49533db36,812,validation
3,e8aaf6379ecfe0ef35fea79e33730c8da8292b39af07b057bc7d68d30511e6bd,813,training
3,9a066689e2137b9289df30ab5f54d3bfc96e2fd0f5ed4cbff18ceca2ddef6db5,814,validation
3,1ac4751f4149470c7d46c1c531dbdf5e014ccc4442f077eb9abd3b05c0a5833d,815,training
3,1d59b74289a6f7fb9ea74c55bfe9abad35f6fa184e5d7647cfa51d16be6aa1df,816,validation
3,ce00c11d048004e69955e64deb35b7c3821a64ec56862fce489fe0096edfd9de,817,training
3,5cc9a0253767aaa3e6f8dc2ed32d41a6888966722d8a7a4d23d84de7d0b20939,818,training
3,113c5bcf6d37b5b9a15c0aab112f6d78e0b1fc4657198a122bd4f53909b52cfc,819,validation
3,f7d0e9176b42a58e22b34d209389268d04879e8f9127c318aaed4ad26fb2fe4a,820,training
3,73324dfae94ade5d56f491ce1ab771adcc77c78ddd9670b735ed727a066793bf,821,training
3,da37f8dc273c8db2fee197be71ab5163954e2402bc2224e5faa85dc1cde52de3,822,training
3,9453fe0a3d5611462c6f76ddf03945582183527e598e8d3d535c1d72d011a27f,823,validation
3,c92de16b9cc07a5f5149021b179dd44f989404a96d23372f013bfe636444215a,824,training
3,30645c9ba2197509c513ba54e6599070750061671f83f54dac7dc1b2e6bc4d28,825,training
3,fa6bc8aa067bf1ee153f86df6aabb8a50b9e26ec8479b808cf23840d99af52f1,826,validation
3,8fb52882beed1cc08fe66f9fb168e5cf3d3054e43a107a3be8367771aab59a1a,827,training
3,1962375a6458a8c3cc22e4686b6fabce9291369ce3e2dc3ca435e5f1fa946c88,828,training
3,5a496c5156ac6c8e2cce3d159b2b43eab34f87f4f92a33f75b20fe653d92d430,829,training
3,315eda052232451c336bf2e8158dea562cd9a686f1571cedb185149292e0a306,830,training
3,5afadea76839d10462aae2226b0c7fb05f0fc7f96b8f571aa490233a761e987f,831,training
3,7589831c11f4debdc86c23eb52739426d864fbf83360fbfadbf087029ad161f8,832,validation
3,69821bfd02b3ca480aaf6d2fa085e922782d46e0ad3d39b33d5f9b219b37394d,833,training
3,2fcb4e9ebf951d8fca93543b5a9116b0a2895c41e81a032a3c10bc973295bb65,834,training
3,0797796edd4d307caf9e8eb70c1c7a0e5654afca440cf1b214b0e81015c7c595,835,training
3,c010f667083f1e425809a5ca90b897bbd5f0aeec11b127e6754e8802f9c543ca,836,training
3,df559a0333286eed877e9bb5c82dadc4d732b5d8106dd7db9ba7f45d8a30d6c4,837,validation
3,b7cdea5141f6c5016d4879f53f6431021f4b8c69ea3451d747fff96440d90f5a,838,training
3,e2c8de3550b2ff950652709dc42d88e9f2263b19f9a20dcb17d96a2b67302be4,839,training
3,dd9c3032c94e84b304fad3919625ed179e9f20b1b8cb3b72778950f376097c1a,840,training
3,abff0f2fa61ce3d57e1c2e12087e3500d7c619a9f07e4b62c062d9d3b212edf2,841,training
3,9e8a7a966501b7cf70593582539dfa0a087e6ce0a1a7dac8ca8cf07eb6fc0c90,842,training
3,ec5b4264cec0f595820755272d7e7d4f95afd456668d9b73ad10707f0406cfe9,843,validation
3,04ef8f8d6cbea50642e71f7619c039be325f4913f15cf3a70e844c3cb86d3612,844,training
3,c9ff0a7787eef662d7d88b55c109f674b06c766ac81b4b485e13d1000669768b,845,training
3,fc9d9b37ab2aa75d7f7b5b3a14a906f7c5fb0540a8f5e59c2c181721f36f65a9,846,validation
3,7363cde55a2521a912adcec776a1738eefd44efa087e73fd9c5a3e410280197b,847,training
3,962fd12053b500e482c1aa09b6120f3ccb15192f42515a1f43a34adc3057eda6,848,training
3,a2bccc3245b11e366da067b8355404215d8f0e123a23ba5838cd4f7a41240f00,849,training
3,fab3e19eb13307a471753396bd22b0ae082216904fe1c76bb70ec192f9e3a4e2,850,validation
3,7c899170a20d879e77d02f1fb78a39a492f41a32f0d6e01ba240877a66272e31,851,validation
3,68436ec804b6895576a348dd252ed748bb6b0297a4a88cf521d4b054b14ae599,852,training
3,76e227cab23a998d49bf961c562d09aa3c4159bf16ba47c594f3c46255b68169,853,training
3,cb64bf7b1c85dec869429dd5f27e3521fbd73ff84221b9ce78bb028c629155d5,854,training
3,c65efa273b93576bc08dd5687c32712134c39f752dba5368389e5c895d52eeb5,855,validation
3,dab52e2c94a11a6a8d6a5bd0fa371c3ea516aa08b9d49b4b614f9a034113c2f5,856,training
3,846c4816e8d22ebab46111590fc58d0d042ef04bfdbf5803bb1e1041bd33b2b4,857,training
3,5de4edbbdc015f42042321e1b2261410132d9d9d2a9be813963ce789aac663dd,858,validation
3,7ec26b3abf156f294b700285233e899dc244da8c3bc4b134439dcc5dbc9252cf,859,training
3,45240292ff0c3efbdafe86bd278d505b6c6465775366f05e41fd7ea994e38f96,860,training
3,ccab9a5e5335db0845f606a4af31c905f8388cf3319e2218762c3849f96e6c53,861,training
3,a5386e2c105997c5a0f7ec3d6a53aab76a55335246ca9f4f2a219aea0acb4731,862,training
3,01f73d27943ed6e41905c57d1ca9368f56d468462213221a6addac107dce4f19,863,validation
3,cd4d483eeae95c9873e95d8f8f98e619619d33670648ccbfc96fa24c24cdd8c0,864,validation
3,b913df6044c0a46368612045977b6ce4112d62b0c15cce02b71740eb3bb5f852,865,training
3,df0aac740b94004c0ecb9593e3de3819856643b1b7894b2e27f6f63a9ff16b3f,866,training
3,539cdf4df4a5593d215dbc50727651162a1542d19ab8d0e9b9f56d4dd9ae7411,867,validation
3,bf342bfafc1652293d7d3ad29a292dc93c070257c603f1d4243162e8254bfd0a,868,training
3,5ae97a42618fdce03468faedf941609a15b1756bcdbab0e488735cdea8823e9d,869,validation
3,8a541cc96079bf0e34f732ac4f6ec686991baa74363aedbe709e139bdb2766cd,870,validation
3,54e7749b1b1cce98093abf56b16f96f4bd5685e33d263d2f4b359d01050dc696,871,training
3,5bdec41d34ccb67ce0fd533d6a4811b9078201fd03e1032274459c4b65b8d282,872,training
3,9e247269bdcf984b4f45cbd9fd81e61d14409389662b96a768250f4867e01038,873,validation
3,b3daae9d9064e67351d668a80a31dd5feaf0e043c62e9a83d0ef0a82786e60b8,874,training
3,9eac570d60b84195da9ade94b0f673d07f95e856e494e2e7ac2d7517695dcfb6,875,training
3,5cc5a3af62025c5f4fc1f1c44d5df11c16c8efa9c5791e9ad8bb156f5722d70f,876,training
3,23b7ee0970fb74d9b27902451cd864c567bc5d4f6fd62f00a8a2d9ed7f79ae4f,877,training
3,aafac42533ec70c3d09e29c977bb39400a7fda92080b8faabfff5c3ecc2de6a9,878,training
3,852a32b7dc1e61b0663afe85152c15e6b14d55b8ba2ef6233cd3c1220c858e52,879,validation
3,ac98283bcaf3596db8d2592be88d15aa5dd89e5c212ea55360415cb5ed4f4b0c,880,training
3,b7530650915975845b3adf2e96859807a788bfd1e0c18603e14f958378d44491,881,training
3,99c321325983af8d0ca8365107b616428274347ebff344af22f443a28b85f052,882,training
3,9580d3d65906c3fc945b937495217b02665f4930003c203eed0bddbf6157865e,883,training
3,5a4a03bac426ffe6ef28da82905284c33221138a77acc6237b792c564cdff433,884,training
3,4417a57325a83693820cfa08e53fa87358bd4499212eec6c7be7d705c32a094c,885,validation
3,51e1d386616f5e39c69d145b4c2252de5348af2d9242f2e1efde079a0209c626,886,training
3,62d33b363922c186af317250e7dc2f625391d385bce1123bc9332e34a54a159d,887,validation
3,99854f8cdc6c427bab49afafe86c22d3fbacc08c0f6b261476bb50f4a128bb94,888,training
3,955d7e66467c442a2d9a1560a68d723e174bbd27d05326ebbd39a102bb7a5dc4,889,training
3,07b57d68663cf7d9c828fb47ee650088f229ec24aaacfcef29ffad3fd00c81c9,890,validation
3,de5d0acc57a47c8f344b80e3044799c62ffac2bd2c1a9ee6d451a65dba1e8300,891,validation
3,f7a75f794913a0ce94fa59be8737ada6f492e6c1be95c08325d6cafd18cb70cb,892,training
3,07ebf72d642e13175c0dbaeb66deac3c45d7f61ae20cba190591d22ae44583b8,893,training
3,b67af86f5fba5593407336cacd2dd32ce7859387ac76e4a25832f34ddda5a442,894,training
3,0791391b990412bdd16d22cac83d35e1b8a57f1498dfbd7a0910e80ec32c1bf6,895,training
3,863ca4eb92f6974e4e5414cc8b565ba8ddc82d1f77f68c41ad04c470db8d6edb,896,validation
3,314a9842cc5281246602f1b6382382227e268db1a6a19ce51c6c003314c227c1,897,training
3,7063eac76e36618a1a1baf384913e9b31fc44ed4828b442feb88440bc81fbc04,898,training
3,b18f61d0cfe02df03d18466bee95d812e0320ac35d75aa43ecc7ae1452b404c5,899,training
3,4d79d9824500c90a8fd5c6473ea02e4692b1e3dba06bdeca4450f543f5d7236b,900,training
3,02359c487838b81a3c9483c66aabb068dff161d4bf407ccb55e6ce59ae6a1113,901,validation
3,dc724369f841bf139d42228e528bca44b2336e5d65df6d3a66aa37b84adb24eb,902,training
3,010c62cbbf109e4fca4639833623b9fe22d946d8856bba81ae2ad97dea78015b,903,validation
3,8f00c77b7470ad10e5af0e11fd98513eba1b69ade953f40aef44e2b74914a07a,904,training
3,8d7ecce34d0f39a1952d0fc755a912113a4d14be494045e9d895efb446dfa544,905,validation
3,13d9658e46c0946b938d0d54724b4bd5c378b0c3ea5badbb7e35a314414081df,906,training
3,7b8c85b6391bf9925a708223f0d1ff60ca10ec3d72a5283cc24bbc2639309a69,907,training
3,9a7c32177a15d3b1b54896307e7ea049dd613a855e6959fbe99c0a63da4e2e03,908,training
3,652cf2249a485444c892e2f7eb411eaeeba99fcc62f0f73fec3e3197257f1773,909,training
3,eddd2d5ea7c17a91c7752ee1c293b059f617cafc53ad3126851f8437dbfda43c,910,training
3,d87f24b425a6d3cb78b913738781cb6e5ef182c57235e93c92d772618952efb3,911,training
3,1fed945ad46bbad6d25778b4b2903634b633581a08eebbe059dd2b711614eff6,912,training
3,073e045e8f71cdc025c47c6765253e79e408ed64a07543daea71f3295f56fcf6,913,validation
3,3a4a69f2ac9e606a219c243995ffa6f0e6417ffb985202135ca31391a26023b2,914,training
3,05a56ef89cc794077ff4d75a0560534693a05de3dee2c480304b3e026381974b,915,training
3,af74600a1f53f37fc1c49f95409bb08afb3c242fb81e629de89ccd0c1c4e0966,916,training
3,7f9b5803773d881a3f3895b51885e94d19d69c3ca2ffd2047bc3efe215a212b2,917,training
3,a7c60daf7277666a27f898aedaeaf460a04c2291046e371ed9c3aa1e69847323,918,training
3,e73fcb62ddbd010358b259b9ed91150f725fd3a055de87462f4fcf5e9d5198fa,919,training
3,f80c6259ae2cc8081f4fbfabcca09ac5e562c042aa5573e56c428f928d611beb,920,training
3,88bb7f12341b6fac59da8b9399e18c97e643abfef5cfb9fb4be0b4f5bf3f8979,921,validation
3,4eaf59c3e7d361718f086647133543a3a9d9a3ad136936ea703bfaf5568f2c82,922,training
3,abaeb2443ffea9b7cd4300a37434c7e64d1fbcd4f3ce04d6430b14a56277d27d,923,training
3,a7aaacfe8482d0902863dc705af22a3d49ed65667e6e5ab11ce7b866331ddd40,924,training
3,aaf5bfef207ae920e3d6ff34770afb28f57e992c322631b3b29359006403ef7a,925,training
3,3b74229132d5a738f6141aa2646759b484129ffb08318aa0bb3f0197434335da,926,training
3,08541187dc4214379992e7644d5330ccd015cf2b0fcab7d750d822265cabd10b,927,validation
3,ce37434a6a1a4b0346dc1cf29196db6d7064dbd6179e286224c5e5b1c4fe4624,928,training
3,69aeb09935fd19865066a28f164d53cd21ef3b9644e1b027c6135a50b61520e5,929,training
3,0b5c797682e864ca58d845a3ff93e3cbbea9ace0bdbf9df5a94b0f7f166c931b,930,validation
3,c894f11bf535167f9a2780f97b81473bbe83a7ef20b9bb2ab8fe5c55577d3317,931,validation
3,d2efba4bcf2b4334217b007c8a926f18c76ee1a4a4d1e9cf459d7f9c7a4bf7b7,932,training
3,b17bf0861e70ab4d9142c4b8a4b23e73b34c0580baa0bda87d1ef9ffdcdc94e2,933,training
3,41d9a4c48ca756b5397085707639af4fbd197e84e8ca8f118728612142028b26,934,training
3,36c8d456ea6c160a47c1fa26797851b8e4ff80c8118c669448183f5909c4a999,935,validation
3,e6b5c14437f6dac2079624bd322aecd328da405d24ad4e9e69c9cabcc9feda1c,936,training
3,119188f3cd62ac40b4cb4a9d917c79da825844dab866a235592012fa11649a92,937,training
3,08b83db93309a763d2179488f1f3e873add32c6a31c4bb6b17303e80d30b6bdd,938,training
3,850c1c263b1b42c89ac8876aa5f020d8dfaf76161eadcea62828cce3ea99655b,939,validation
3,6a3e612bce2cd6e9d13c72678b32e69e816ea581fffb75e7ed9a050fa54ceb2b,940,training
3,b2f348dbfbc7854383f3eda58d7b10cd4a88bc764c31703d34d18a0da1b7e027,941,training
3,99dc6365662b64fe95dc55baa121be804cca8790878077054e9f4e86e22ebbca,942,validation
3,4011593b42ba539c536fecf7aea847ef2de2eaa542e3660d6a96e50c6d5b78d5,943,training
3,4843ac3f83764ca0f47f5676e4c33c3b45d96ac42049371b85e61679f688da0f,944,training
3,4629e4bad9ef1f7c11e78d4d6fbd10ddc661665c58a6e73c2ac24172e9593b01,945,training
3,6d0de338e942d48dbaa966325c72285e588c70e2eaa3b3c03abee6056e14714b,946,validation
3,0dd201ca76dee81f2a5bceedbc05dc57aa897a2aa807123b9b35e694bdfc9312,947,training
3,7b77ca65bffa554a7601d3f91408f535fc117df7649acaceb28d303bda4400b0,948,training
3,7dddbf5bbefe9c9436418639d1f04f154ebec80dbbed5fa308961d662be8113c,949,training
3,d9a7c1c4dd9759dbf9531812f7d0faf7272439518bd4dae999ee8c0feed8e293,950,validation
3,7aa858c0149885a958dcf809b3d531c5b550411199565cb9507e71d97a3a5ebc,951,training
3,b7a3473b17f932fe7d0d5a15e951bb9fa26f01d0a6c52be49cdadbf8dd46563a,952,training
3,c5f7f515b3ae004767a6b026066bec7de983ef069efe71bd8f6afe9bb9b5dfe2,953,training
3,bab0272bde2d9ee823627468895a21a5995358aacc585353ff15310004868ba3,954,training
3,c80aafef72fe4c7c8f070dfb67e80566f21da74e552ed6b9640973cfe51dee49,955,training
3,c4a4d44dc7b300a13aec61826e5560d64618f1901b21d923d26c05603e5e4eb7,956,training
3,402df79618e44ad97f3d381bb42b4c142161050a485537bb448f14bde7239a49,957,training
3,f47a498f5f6390e4ac8437a356660add8b5c431b967dbae9124383180dee952b,958,validation
3,25236f63b83e5de1c29f22d99bd2f092225a48f2c1894f72865c3ecf7c81c8bd,959,training
3,acc62df768ab3866494788a3fa1f832f8b3d3cc5221069bc2219378ccc53a48b,960,training
3,223f81a801559c3611bc30520a2975bf7393c5ab4a2597603ebfe6b7a99250a6,961,training
3,05293d29a62b5dea0e84029c26704d08ed48333f25d926700028da7256ee3107,962,training
3,93a8150e4476170382b21101d5ed2d56da097d2274e93b18bec35c13fba314f8,963,training
3,f8153688c1970e44cc5d7c84e1494f0bb14632863451d5e210355aaa85ee2ce9,964,validation
3,797069a317b4a2d5452ccf6b1a412f1b1a7e257db630127276a2e65178ed4cb4,965,validation
3,f8da87b5bf680ee63dafaabf12b84571b4f09cafa28603c6c9e3f2d7dad553ab,966,training
3,b2dc7414afd95f1027659b942ae5279a9d1d9d25114efd013d390224494b8604,967,training
3,61a1d75bd10b5d45b3c88775258cacaa4149a97a16c5a4aec7b6a4b5facb510f,968,training
3,174c3242b75ccc3f9f8c56ad5d34bfdc2911f881b57b8b8f4e890b2920052a9a,969,training
3,7762b6a9be5eb20add8932b662be31e1cd61db44a10a8c6966513245c374e3ac,970,training
3,ed179b0cdb33d973c841c09024fbf7f01b4ad9f786c25e6d226c12852c807cb3,971,validation
3,c124b70138f28aaf968486ef24f2165b7caf98119623eb00541723dfd3c2afeb,972,training
3,03e704b3be35f9a1d71f5b84542a270cdffcba174f0c132151058e242db7732c,973,training
3,eb4b052ba4bf4113b32de19cf282af1c2ffee2ccf6731431bba282aefce28188,974,training
3,4cfa400ce54e276f34dc7625b4a519c3696683ed1ab8c2a9fb377c469f2e1954,975,training
3,8a5fdf6cec3cd50fbbc13eb29da6f45862c2ed8f688b80a787a12882eabb35f7,976,training
3,f73dd2681b12d350613f9b0e24a39a4ee6cc4b722e4667ec2217747e9a1c4ea4,977,training
3,68b22d2c1ebe11a8d5d5cca511f6b6c66186b338ee658a0bbcb0751d8bf81dc5,978,validation
3,be6bf98b9e081c335b6507ad22a4ff2d1de5aeaf5de150dd02d096098238dc62,979,training
3,b6bdf2ba96ee4946f0cb3c683ee5378bb06ad19296da290933cdde1411305dc3,980,training
3,5f600459eb19523de0082edcb69002d32cef48b3e923943f7d06e48a5e262b67,981,training
3,60ca29989c8946ebe11d1ef365ba809222892bbce71b799b02824203c7cc3724,982,validation
3,a6bb6577021ea4da2d9fb1f3bc150cf6998523240174c67a08845e8fcf1d214a,983,training
3,51e6a347bd7dd95b15b409dd4e1aed7f93b90a69bbd1f73b9dc812858370dc2e,984,training
3,ae5e0df0ae24647f48d38d6f054cbd21ad3c245691849db20fad041589c2832c,985,training
3,92acecda43c8775aebea8b6a6ad2260343a553c6aaf60d5f1703f57359d5449d,986,training
3,a25d7f6558006cba79b20a826ae6086a0a764009a3d4fd0b97e5a3a3abe76719,987,validation
3,b998238fffd4965cabf21124d3878d494e9d28b9d34b64fb502027b8efa04909,988,training
3,de8223648703f1fac4c31e51cf8096969667dc84f8cc81d24f2a89029cdc9ea9,989,training
3,703aa00f5f1b95d1f38f25430316a5fa959c43c5f0d79769aa49aab5b9338930,990,training
3,a6e169b5dac73fe4c029314d35c7b246c8aa06c4561779bf9b95d0b7f3200d1a,991,training
3,9305a8d3580b2b9a21032f2b4ed54e640675595a52b1d8c13b8d92c86f34c546,992,training
3,c6aac49225e7c8c7c114cae2b007313cb35952d1aaa3278ea8fc38a9a33d891b,993,training
3,b8bb8ffb5a832249e80297ca336f27a88d23c19caa48ed01fd683b54b74e8f39,994,training
3,e9c65a0f911a19012c67338813e34595b9e14f5602b0420303779d4609ef1b57,995,training
3,d96af70725a6e248ec48dc59099869d60bb145c164380ec55d7440051e06d9d3,996,training
3,e810fd35f7791094cc1aa176d2a8ad237a22b27875ac9d14b6c6e72f2f396a21,997,training
3,36594fd56cbea4ad457e344745fe544143817025687aa0ba865a98e3159ed42d,998,training
3,ddea933b5e0a4545d99e711c515bd642344d04aa5dc69cc978b3056d4f261c6b,999,training
3,d781b634e4b88d49506044f4a96c1c82c9dd7fcb94c160434f9882d08f7f008a,1000,training
3,5821927df39241ad47a094441b9d6eaa19948c0dfce6c64425132ddc750ea5f2,1001,training
3,da38a00be905dd6eb81620b83bc233bbc906d6a84b3c76423c2f939f99593aa3,1002,training
3,05cb40b9326d069d48172d9142916e729d32557433f5de6a9c935a1e6bd170b6,1003,training
3,fa003d22ffba077d2a1ea5445b6740f0b3abeafa32968954822561008e3c5a09,1004,validation
3,bfdfdac7e832f5de9bae031426f28cc5236a4cd8091403efcfb11a63e7242ca3,1005,training
3,3e957b334261c15410b3cb57015d12b397e11e64cb9a4d61358cffe0c75557be,1006,validation
3,598d1e0362d9ec61998633b20700ae613075601897ae07216d391675ce2bb7bd,1007,training
3,fcf59af3e6fb43734b70bdbe0b8072737b4658b9e0b62e404caa0619f12f2d88,1008,validation
3,304fd554fcc254ebff1ce9e7f20f1e43075c17ed24481eb9c13d55eeb2c2011a,1009,training
3,d22d9131e1732523dc3e44054959a6d9fe983c8a4ba29c087f1a81df487ff9df,1010,validation
3,f3e41dc6a7f930c00a19a68271766764b9589dd00c2dd529f2634377247a8022,1011,training
3,943412b9f1c98613c9dfbee7c1fec1d3f4166797f3426318fa16b8661ee67a4d,1012,training
3,c12af687252d8333c94788f5aab296f345cb5deeed9d2bb1b5c29f4e1185e48b,1013,training
3,6c215a846fb0b2e00d7e7eba6888eabad129812b6763b3082bdd47c67e5eba82,1014,training
3,aa5ffb8ed67ac5ad46d625aeba2cc558b91c88ce00eb25ebde6aba1ad95fe195,1015,training
3,ddc571a9c35944f112ccab43d6647b5c0b0b4f98f2f817e1793247f365ca6859,1016,training
3,caf8a7514fa6bdb7f2760f7b53e1b2f2b6641d763d6a1ed1c917f9279079ddee,1017,training
3,fbb8331f0e4bd4f4f6a35c4fe84e29e717d11ad8a64a76eb617369ddaf4af1a0,1018,validation
3,d4d20c7440afb4053ba2249d266f1cda3ea74f57a92a8be12297b7181ec9fd77,1019,validation
3,6bc48b9372cbd61ed2f86618d8b1283d72f57115cca266fedb92b10c1284d322,1020,training
3,979db19b59c5125fccb4e1d71b56bce16e8753cb5e98b19358cd8d414a7bc88c,1021,validation
3,b72aaa08b153deb32bdee70d6e126e117c94493f0443b3cd3c51d532d55c112d,1022,training
3,82a4a312e266d4b672c10fa9ddc412153d59d76aead8bb667208f8dbdd6185a9,1023,training
3,e31f6e2863296dd429c29a15ea733a5d50388cc33875cb902a4945d0d79bf052,1024,training
3,57d190a8570204e7507e980564e543705635a8f03733ec47c073c32187ad2c70,1025,training
3,40d71a501b98dad2246761c4ee2e91fbbd60385f2ad638bc7a068dc7ead0711f,1026,training
3,7e17e39e1730d9f149f24051be24b59fca4d2ee6ff3379c37647bc1042403e46,1027,training
3,21c2c11b6e464245e27fe1cbf7c014b244e1500bc32e18892a59c333aadca38f,1028,training
3,1a2fca83c11e5738a883824c40b7b21f507a9373586ffd7f0e797110c47eac3e,1029,training
3,5319f16669aa87777a5f84ba9c1225e0be25283ecd52016865ce4c11ba1c6275,1030,training
3,512e463e6a3503862bb6e608239251cf8325701f44caa57bd71775a7eaf971e8,1031,validation
3,005f53059ec5ffe340a9c06ed7618679549b8b2251d271b39bca582f0341dea7,1032,training
3,5d614d391f1cd080bd5f17c310fd747740acc2f40612361ffca9e29fe9cde85e,1033,training
3,8d924c940b9c60d850021f2d6e4bd57a38c85954615ff2395ef12da628f987d2,1034,training
3,addecf39ed08f2a8540d558d8a48dfc5dde0463724c90430f61f51991bbd9ba5,1035,validation
3,3d16541d922f9c29740ccd7d6bf3efc06b99f4abd3bf875d612996e5725d7a80,1036,validation
3,5d199647a3c4ff25ab76aca521acc913500f4b28b502212b2ac5a0d1c20e494b,1037,training
3,855ecf8253305c2fc1f9f699e89b1266717aff7d7c1391ac9a2775c635c50b62,1038,training
3,9df4cbe4eaddb17da55f9b046f3c0d12c89aad11c7c1ecb7cf25d3c2bc685c0d,1039,training
3,51b7ee14d0436760d511d1d5839185065157588644800ebaa30ff77675cfca62,1040,training
3,653fee3f49bf74bc2b3c44492aad799be08724ae09fda740dd95083556ed021e,1041,training
3,086686814cacb8d285d3fae9647ca36695befe2ad2a2630ee69149a360cef0bd,1042,validation
3,af1071781440e31e2079e5616f9663273ba02ec8fc7e36fffb67b492c240e1dd,1043,validation
3,07a016e14b80b5f50ad1b5402db00cf9b0829a90e800d17e1b509e7e5af3a001,1044,validation
3,f59936458b4abed302525f930873abb3cf0c5967b9e53da0309d81971ea23ca8,1045,training
3,a1ba4fb16b7d1db43de4da72dd49b755af9d2b2a57a411cf65c367141c1bf207,1046,training
3,a7aada8431fdbdf23f71cd26d485b3b6bd33ac774e8b0e26f0a1bb3281c65ad7,1047,training
3,baf2179ab57f8aee2e81ab06ec2a1bfca6a2747603446babfe40518d8508f32b,1048,training
3,3d7ffd48bb7ffaae575ec41f691c938ee536ac39c14afbe92ece7fc70af13cda,1049,training
3,e5b9773c6a8db0645c9f68f1ba87142e33b344488f809e7cf6f4967a34317f02,1050,training
3,6739a817087447ac57a8c921286185d6ea72ebb3c2c3f4cbd23bc2e05427c4ad,1051,validation
3,a7bb65b55863270a541cdcf37af40d590ee5bc9e9b7730cac4f23fff9184eabc,1052,training
3,a8e2ce8e8475ade4f0bb4f407feb331abf6afc03b999d30159eff6ef21adac93,1053,training
3,6abff1b9eb6c1d6db9afaed94df422f9e427e91cfce752e5e9398ed71b3406bc,1054,training
3,1eab6047482a41461b5f237cdb187531c6199b3073b1711bfb9c7f9b19b47979,1055,training
3,c05005e89f2e18be7add6c814ccd9d050f3c32d113195258f110bf5bc7124b35,1056,training
3,2053d57bfbd20c302c943790b4bbb257d9e7dff1e459b25dcd13f103a056eacd,1057,validation
3,0d7dad86f55a975318abcff2ea038e1392cc4dfc980efbdc07c7ff61e33af826,1058,training
3,6984cefaf9a9a7f8b98a7746104d0cd8a2ac95b8febde85c5c915808adbc3c30,1059,training
3,0bc4a7864089cf61cd4d41dc83c32be2443b4f460044cdbbcdda994b9faf1c7b,1060,training
3,923ac27278477c6d2336b8cff085d5efd491007335b54efe0705d6b215ffe863,1061,training
3,f88b83bc5608d4b451c9a25c0d746d2019463f6015f29a03baaa0761cfda92c3,1062,training
3,77ce6f580d60b05f7d9b8a31061034f8f6c7bd4cbfa467c86815106e639ccd51,1063,training
3,5361685809ad766cd7737ef3236b137e7d8a2fb431818af81d91dc8baab6689b,1064,training
3,98282db493df19df78509d90affe781c63553a7479483cfa06c9611687dfdc53,1065,training
3,dbe90062cc71cd2ef0e0109de0614506c816d23d5b76764ef6416e0b45bfa1c3,1066,training
3,aeb18019e9edc1ca4f77144a267a8847aa451bffb4ce5d32136595bfae2b98d8,1067,validation
3,9a2990e2c42624775b925701c392a8266a2e4136b8b9f0e6bccbce266c16b6a0,1068,validation
3,92c48589500c90ecf76b2d4bb57fc7825d94f38a4c4ba08ff8a290dbae8e4f44,1069,validation
3,2147b7c305384645387b616ca72c1863aed888c86957c052cf78f8131adc593f,1070,training
3,8fe21c4ca77d34ab5434811117b00b0e2ef32fbdfcc68d89efc0f29031f7ecf0,1071,training
3,9893f6aaffc0972d83e429cdc2fed068ddd5bc1854d1294c623587ff44cf9293,1072,training
3,71b532ccd0ed76ad90a6b612b7f9a8481328a09f2c739b2d346743fbd8b4b758,1073,validation
3,26d6ab749c3d7f2ab00c39649ac40b0041513bdfda7bf4a52dfd10586efd1f1a,1074,training
3,05c99c78338e128a2c367c2d552040efad5f88411c7a1d8c170f470ecf3e23aa,1075,validation
3,f66a788d2e233569f2d82395dce8b133b33173cec676b66b10ec9b450adbe8d7,1076,training
3,c964f694faee60df804c823a1eb5fa4fa8c4e54dbefa0db8d4c24f7057be4b4b,1077,training
3,a0eb584df32b619d3dc8d809358946e79aeae813ab92d1e26a6282d4deeb8fc5,1078,training
3,f7577fdc3885f855c250d616d4f4469397785f6bad753d3376420c4c58e22dfe,1079,training
3,32a83e91e06b1a3c7fe7d6e4842bd08a582a3fac349a45740fe312c46b6de301,1080,training
3,965825ae66039f27e8d61e5ef2b8a864d307a85e55726349834176ec4a308ecf,1081,training
3,528d20bad0bfb1bcb37b04760a268bf99fad9a05fd701f2eb439b42504b7fa3b,1082,training
3,631c65a733f37f1112044594838d7e31537368a729200166ee5424965795dc56,1083,training
3,75591d871f767583e225474e9c45f31507080ee771eff4a55342699d04ea8744,1084,training
3,f856d0b415a29e29380a48769584c4873780b3ae55cd2a916eb257249350760d,1085,training
3,20c83d670f7eab64017dd61b2dca5cd915618253343287ec4acaa3ccc20f54f8,1086,training
3,cb5d113ba1e6e3c65f31ea4ec002c2d597baae8429f4639be9d4a68dfa6a5d44,1087,training
3,7a41d03f1b1c92a615b2ef9a5b0e8d819a0bb3ab7fbfbb350c8881db254a310c,1088,training
3,9533e588ef9ffbc3f80cd3fc251e750d44d96320dd5dee6c07b729ef82567b88,1089,validation
3,38714719f025effc7ea9f1b48c07263bf9ee2a47bf1ae9cf71d2468449fbdf9b,1090,training
3,f6af2adaa589fc701b789a284b257bec43e1c7a279b06340d4882435cbb45fe8,1091,training
3,5d10e1c4331fa613b983a3c5b7cf71f47d59e1e34cee3c49c6f3a2b6b93dfc01,1092,validation
3,69cb6036b284892d82a4f5c2ad5c22126d7d8850297679debfb80dec79ec780d,1093,training
3,5147324636e19bbca0aad853e4868d8a4d48feebe8e7558930aeb4ce6a36307a,1094,training
3,056b4d3c01b3e6bfd68b4e1f7037cf73629ed59ed9e41cdb83beeef22a17e759,1095,training
3,0c8c4efff7d46964217f031683694409342d0cc2213973dfe5ac68d6cb557135,1096,training
3,7f9e8d89f54f6ed1e0467ffc5b729657c9760f9ccef97a96052e0dbc8adb9efc,1097,validation
3,19d598798f27d88dec8eceaba76209d9dcd6b769d4779ffe24aa2d3468ecddb9,1098,training
3,4185cdb308b40f59f1b3ed1c8c55077f61e36a34408839c123aa4838d2362ae5,1099,training
3,e265d17e9ca6e79309e8c5afb765c55add112186fb724038660948e90f685246,1100,training
3,062835e4b511134cb04a087981b1ff30affb6ef218cabfa13d90f96b5b78d060,1101,training
3,478f6fadf13ea5011f8430495dfb01ad578b9c64cb8a882b3238cea88ffba0fc,1102,training
3,1c5d9b0f143fb2e5500970166cc4d5cd60f5ddb99b69ffd6b21716e2d6329ef1,1103,validation
3,845dbb662de11ea09a993a7cd34044fa41e4b29f756da3a47d35468de5bfc7bd,1104,validation
3,a934055783fd2dcb4d10c774c18554c8399a07b7045fbf780acc4457e6944071,1105,training
3,c0fd9222a9258b47be908f4be9ac9208355ea31b0f0f25267c5466a8cdcfd4ac,1106,training
3,5609a3b306ec6b008f336ed722e95c921cc40bc85176b2dfd6eb31d230a98415,1107,training
3,dd74b594f420a7d5d3d4bc3ad60088471a61f6f5038755f367f974bcf66a4a0c,1108,training
3,65e0ae58e86ea6d256941c9ec21cf7204b29a58365c665acb5c6399b0d2cf0da,1109,training
3,403ddcedfdede435710a668fe304b9dfd1aeba3c7c0dbb6bb4464eacd49e261f,1110,training
3,a83afcf5be09eea52398a22b4572fb41d5c58c1ee378852495aebef94aad62c6,1111,training
3,96c51f7be5b852c65013f131b263cb95411bab9c5e23fffe89ebff4ff7c7b873,1112,training
3,1a0646b7b749a1d770a1ba4a4e5b4e104ed4d7abdffec150be89ac01a7445142,1113,training
3,5742f7350e009c3bfd24e72d8fb19707c7ed6b17b30eab5d7ecd4c9f5cb3f944,1114,training
3,a74e82f76ab08a6dae5b95abe97b0fefa41a6b2cb052ddc5303d7cdfd7fff815,1115,validation
3,05c3aed04df6cb6bc9e0ecc6e58b091588075362aa9c5d42195d9a2a5a6a319d,1116,training
3,e32f7073e36d37dca7972306388e0b6bad099fcc01e4d271731f1912fe64eaea,1117,training
3,92d8758789eb4ed635030702d699c03169b1bd0453a5a5f845def11b6f5faf5d,1118,training
3,b0d09ad896a80c040320492ead2699f0c1c1f63b97446441f503a26a447b899e,1119,training
3,c49ea0f7ca95121d5c3a450b3c5a0d49399172cefae89572a2b297bac29a6590,1120,validation
3,5477f11f133259a6dd20de28a6d60d7d5dd47b49998c74e46b6f5006d98fbf32,1121,training
3,967238c5777d3e33f3fefe8bdd5c1b475e06bfdec558c298347637c003905360,1122,training
3,ce1835acafc56d001ef95f2a2d237b5f2b51c1709fe1123463befe853e0aa88e,1123,training
3,ce048823536b1a32b9abb4c00e1cfd5cbf48e4279cc2f5336ff27d9c2d5ad415,1124,validation
3,8eca70cab308498c87bc8e6c0f1f9de8eba0d60dbe493bddafcbf217620b6358,1125,training
3,491266b642cb1813ac5f221fd0ba68456de013c3aaa83dc6af3cc2b6966d9789,1126,training
3,5cb47bd58d6fd907052a3af9aaa9bf9c9419be6369b10284cdf88bb8e195872f,1127,training
3,e46c0dce820c7fb8bb187f369438231eb91bf33ff791353ed97fe04cdf3b47c5,1128,training
3,b7e209cb410847dd07753c025da99519159ac85f31b64eb685fa0e13456ae2d3,1129,training
3,8fdc541f3abb18444d664ecc2af53490a9b475ec35c4fcac1fe7cbb4793ca70c,1130,training
3,c213831b1bb50f39c82cc6119edf88a5cb970581148b88516d59976ddbb9ffd7,1131,training
3,84562bbf398d061601a739c9016069377e866d6f71cd04312695a29bc3b86b07,1132,training
3,0e24cbb255ea9a80802fab119966e08d0f15c846abe900606a60fe597ce1fdf2,1133,training
3,76101fd6c982bce341b386867ebcd727ec3b9125ac7f205564917a8d52edc235,1134,validation
3,5b66d5294554a843179a99a39e7d96f5bad04c4d0e64eba06a65458b19e184a5,1135,training
3,298079233072896b4017d3963034cb850f6225893899029897ce993e928db46a,1136,validation
3,55e00d71a337cb2b00e837727e878f93c5343ecc385b30021795bf9656851f7a,1137,training
3,e8b208da3478f0b7fab9859b4d6164280e63f0968aa6712f378381eab75b6f12,1138,training
3,f3f43e15b8e9dc47ad2bc20b72e71e3c6ad6dd22082b5cf862055464f68e5344,1139,training
3,982c4c2a176bcbf88e685b918ee0bc2f3b653486bf6f81fb35082c22499aa961,1140,validation
3,1bb327435561f8384728da60f85790a1a90847e5b872adb0af43ef87866af369,1141,training
3,b147fbe1be2b2ccb02b164f42b1f72aa2dbfa43b8b667d1c3e740902e64e0262,1142,training
3,78c373b9c971bcd6aa28a65956c01e1f0b85dfe90358a7399e73ebbfad3a9fad,1143,training
3,4093cbd44cf16b69a7d1af1f93dd285ea0a3b7336eeca679da0c59e43f34e396,1144,training
3,f3bc6c6dd0003da3e4e5d9d7e2cc2a77a8236651af5f2e171d5d00b048534b76,1145,training
3,7f5b76a013044b0e5a8c44bcad3e92a6bc10225dd3df266a7cc9fa6f59fd0737,1146,validation
3,caa046111651899e2f45d0067d0401999e966f92833b25e73e93ed0c391f2f82,1147,validation
3,eadaf4fc52f068cfafcce5b83c48864a7c6ba198b09b55c48019c9961a1b9b8a,1148,training
3,22abe191c2040f3dd9652bc920fcc9f6f0dd2810314669b084bb8ae1f50f3594,1149,training
3,6d521b9320abc1b2ff55a5342530f19fafb46c7cc29645d5175cc160479eeb56,1150,training
3,41710abe211727fb45c11b685524753487ead3ca8b17ac9e0e483863969074e4,1151,training
3,586ccbbdcafa8fec9d1fd892f461a6f2d136bf00d8fa45dcdc333970b7bfd440,1152,training
3,7882649fca8d4f10081a92e3f88d9415901c913bee5de839c061556dea6689ca,1153,training
3,dc463983bb50d4415833ce731b7122824b788a90b3fd90da9d14e4466663684e,1154,training
3,5f591b33363feffa4f0870c1082090c89fca75e51016a8260cb8cc15e921fa2b,1155,training
3,7181cc9280e219908e1b48d2c9e51e7f397493c383013dbb08c0874846d95a7b,1156,training
3,9d4b14884b3adb37cdcb037a8d9e031033424084b5172d4bec4493d7a7dd440e,1157,training
3,d534727920dc2b79300b198ed0d9e05c33e663d4cef433897b9939c0355c5af7,1158,validation
3,56050a8334ea1b33dc59b4d643fe651c8d7d1922e9dadf23ef220b10d0c79828,1159,training
3,793f550c3703d53b0fe243af6dffe514b841408db1e42c268b6ba09fc8587b4d,1160,training
3,2c6b694398eb975563bba8ecb7faaaee5b98f2ad017cf09a82fcb4b0613f55f4,1161,training
3,755ed57be7f9d96e53377dadb9ce1e523d6d99c637d91087546065c546b6ac91,1162,training
3,12242e973d9e1a92af13b6844ce2aee4c642451f41b94798fe00e990d2773435,1163,training
3,e22f6f9dd765f83db454ac1029dee912e264ff829e04c592c43e258472f81d98,1164,training
3,cb13dd6a4b196b3d2e0a49bf6c5f7e8717a4e9622b276aff113e06a7c6714155,1165,validation
3,a2d82f0956d4f5006bdb3e75572d275a3d148d6f3a93149f248c1808f362cad2,1166,training
3,ed83dda1bd1415ce109c346cbd55b57ad0f792aded6a30c9af2515d6229f52c4,1167,training
3,25a60ffcb6ffebcd870761c772bea3e2e629b7e27072b71263ee8836b34aad16,1168,validation
3,dfd84ccdbaf22264f34a4471483f16c4e575c68a634fe0bae4955aeb90167cc2,1169,training
3,abba9824f1f2e72839d021a70e70adfc2cf936fe8e7125e66e8b0c9fb2c321f2,1170,training
3,05910f9e45ea54c2b75d201b3db4b267c22aab95f3aaf2abdabb7373eda9ab0e,1171,training
3,3b817b1d5966440f18af846b545107a8d247c3983644f314f003883b9ee532cf,1172,training
3,ac468eddebe61bc88c4e6d2db5e874385c71239ac75cd826a99014bb87276522,1173,training
3,7c37d3a0ab6ca138b6d238ab1e7262f221fb2a62c6be640e4500bf921fccce77,1174,training
3,2b31997d098ecdfbc9f1e5761e162ad9ac1cf4f2489f6d3a64e27576c8baef48,1175,training
3,333b791df2c0e544f468127dff50e52c63dd843416826bc27221e05b42199e76,1176,training
3,db049af30016b943e0e3a65c09eb6e1203cc6315ad0fe1188b4627db9cf07cb6,1177,training
3,3713ae948e01eab9c0e754a667b74c9c575c818ef77899f5a7a35aa31302ba19,1178,training
3,54e73ceef3fd2de87d97f00a6cedcc7c043b358e65a46677de74d9e47e6a4d4d,1179,validation
3,247dede3271fc0e372b766b965262658153157fffe4cd3a6d21a9341b45e708c,1180,training
3,5d7d441bebfb87d01ec3c6c06b02597751ead3130305e5709e428596699f700e,1181,training
3,02090d4143f0a5a0eee08b68e920cec9212612a6d519cfc4a2d2f916ea0d8dcd,1182,training
3,db241fb74e8be7cbe325539c47e0a4d93b0788896c1ef38f6101c2d3683d16f3,1183,validation
3,60df2ba393a87d6816fa74ea492f0c81cfce6d73c92d0c3be9dd3f765ec12e6d,1184,validation
3,20780310f8f96c5f6449764e1d9fe0fd8fe56ac9aa1806a2268acaa1680bb389,1185,validation
3,34f102e026406759f82fbbbc333a2d77d106601fcd3421fa5943a844d6bc895c,1186,training
3,1ad576088f00a98c76d5141b1773f36cb2a0ca587670201d190840356ca5bec8,1187,training
3,b138a89daa183f70f6594fa3baf25d8f323b79653f2f1eec757534582f43c116,1188,training
3,7090f85f7feaa8aede4be8a9ce778128f048aa89acec1c12debde9e3639681ff,1189,training
3,2259479eaf10ccca4a76fd8f0122a1e6d122631a833d03c0402c411f706ad563,1190,training
3,7447712bb2fb249c5a6a4f4e8bcdd7952d125de938c5670460a1a2a952e3c68a,1191,training
3,4818bf4e635006021f7d8f770d26d05d8ad2db55f08174c596769ab1cc68e857,1192,training
3,aa88ac59b9e0134d7d2df354396da87b827591dc5db116cd35e127b7e93df572,1193,training
3,3e0fd9ff9e04d3108d2fcda73a8a5f97cb7444fe29516773c2e8c81645ea4f01,1194,training
3,a5aff33750deb511423b2299e1b236487d1d5c200ce62d8d81c5ab2a20247018,1195,training
3,2c5a40424ffc6c627079929885b69a325fd0a9c295ee418b808e65370515f543,1196,validation
3,9d213f15f6d77dc87db045afab19bcd3a5907ef0c3e3d2c183d0cf41ff89c6ca,1197,training
3,845f793bb2ccfdcab2dfa6664c66a538e040ba80734df9f42c3be516609ec50f,1198,training
3,45e6cd0de0c351ee5af8f11582369520312ac3297f5a032327ff79068323c38f,1199,validation
3,6030e220749bd76045d82aef0ff2ddd0b8b42539a14f55edd9f4392c340557da,1200,training
3,5ddd026adc6137bf804fcc37949312af5dcd467d35d1e9cbbc48bd6caf378136,1201,validation
3,a6682562a068361598e93972899c791594ce56b78584434a1e8b6ec9257a9270,1202,training
3,20906432ec5f5b4c105ef0839f8eef901088e5789738af55f40dfdf4e46eb878,1203,training
3,0bfe5896e3b4084af2cea2439ecddaae10020ae8b1df0fe64ddf69bdfec4f3c9,1204,validation
3,e28f70c726ffbf2fcf7230de8a76a4c9a4a5fc2d6ab283e465bae8e50bc2a193,1205,training
3,1218134a0009ad0278e00d462b44d1aef5b9de8bb55e1efe46aeb4c17bc53acb,1206,validation
3,480d06ec6b4d510d40cf02aa8429f7e087fcd3b23c3456d5217d7a8202f3ad52,1207,training
3,ad9d8c55ac2b1b93ea9669ecb07d2867826f7c0c12a43fd975e037e1b8995bbb,1208,training
3,0764bfec9845f2a5c95a3a0b0db4f1c254ea3211dbf8ae4087781fc0e77cadc7,1209,training
3,aeeb5a9bfa7ba9af2dc10e66fac354a934821a40a26574033c141fd164b9307c,1210,training
3,e866ab0bb9e9bbefc1472633a720ab399d9901549da2644902247bbefac104fc,1211,validation
3,f5c4464b61767a1de35bedbaf1d9a855bea36ccfda80b376e47ffaf7ee20803c,1212,training
3,8757da79639699371ed5aceb7faa87183fb93a250ec93a9e1e081a02f5b6d0fa,1213,training
3,7ef51c4156a51fc7057210e7635e750880fda96436b9aa8a2df8e56a07a919f3,1214,training
3,922c67d9a34dbc95cabb59c5d3b38c90c6dced483f87a1edc80ecb327cebf318,1215,validation
3,3a5b6e2b3be05d58dc69e36b21daade59ac25ab1ae8012c3e56b33c68303ab13,1216,validation
3,dcbf09941ce83a4b893e46723c987d1fe82e617c122538c85fe4cf4d14109a1d,1217,validation
3,a243523115f9fb19ef2a1a9c01c8b4d7fee6832d9cbf40aed96d56c7fc621481,1218,training
3,30f4a3ed504a4a39867528411c784b838a53d1efbd26ce3ef968a2b2fd8f65d4,1,testing
3,b2e714a00693dbf4bba00fc666bc547d657a1582d8395e44e15640c0c9d1217b,2,testing
3,e09141f3c7f7872d0b26b54243dc743be15a16eb7a38d8b35427ff44a3e87b37,3,testing
3,3ad993fde2e734c3a8bf638d9168728230a495d5646a5db0adde9b5ce0478a2b,4,testing
3,76a63836547657448b20e116e212b25dc820cef28d0a5967bfcfbc0ebdae7de3,5,testing
3,54abf388766925072be80ca1c225eb5997400a426b5c063009e99f129c16e30a,6,testing
3,ee88ec7e958eb9352588088767ccfde7aa7087c47aa34f998ce9394cf9a1ac4b,7,testing
3,39fe13f7b98d8e963151d5677a8fc073f3388af94b0055d159e9908348be3c18,8,testing
3,a1f6565d78d86772253f52f7e5d24823c3c694124384d1262610a95d9a19f816,9,testing
3,b1645d21d48d4505223ae1f1a6ba74d0ec77d928ea3262b2e05fbb9dec58a308,10,testing
3,26130017a3da312a53ed7be2534429cf037a7bbfd3b87154fad9081485470994,11,testing
3,9ae2902938173a69badbd586e05805f89f0795e6e82f7d8fa2836c68ffc60e56,12,testing
3,bc7b03774152444b1bb433500396235067a61023b8b0efebcdee76793826e99c,13,testing
3,c6b7ca281110b98fc712c0934ea0799268d4e115a76804c67e21fdbe6243ceee,14,testing
3,9b3e4c4f4b0c247612ce0aa2ec9dd6031a61a8bc50fd64099b9f52eb6b2647fc,15,testing
3,c0f7d6f859a080830950656af1f1697629d029c246d6e94b3cdc85505e448757,16,testing
3,6b6e2162b6a00a53ee9fdd7103c4951f22f1334673b1c92a642dbebc01f49ce0,17,testing
3,55f3fcc0d161ceab6d363fcac600c0c814bb7384daba2ba24228fe6e976c72c0,18,testing
3,ed296d63f4ba632dabd204dc76f920d33c0c9c97a212f89b3ddf72d69ae17ecf,19,testing
3,bdec754c978c67161a9b5af1e0c9f802f33ef82536f36f5fcfd81214fb659faf,20,testing
3,f88c9ce1b9831cca8f4eb6894b277c1d83ea8308f6f153c86942d61e32d660f1,21,testing
3,965e2ddc152ea9b219c78b5e46cd9579c1e233652f3910a5c2b5becfaad3de19,22,testing
3,523937d9401626a5d31ab89fb36fcc2b3f492c7c25bcde7ae8e57838a41c800c,23,testing
3,e64d1336028d460d950ac6d175e4c16a327fdc5cbcaa287a6c10ccdbcf11de39,24,testing
3,9e7a7b7e4a0401d31d67dc133046cdd3326b9b4c00c071d062e6e9875aefcf23,25,testing
3,5284011bc6089ab78fa7bdd516648728c15d1d892e17e199962c2484a33af1b7,26,testing
3,c3aa7026f7ecfe24567def732ad0100e4e6be4aaae585ca40bd349ed00965720,27,testing
3,a2cc2ec3c894451873f1a7f51dbf8083b003997ad2e1285d916efbed2cf26154,28,testing
3,195a5f9de2dbb0ef43dcfa39daddc3818fc3c5257c80bfe5300e38b636f639d8,29,testing
3,b2cf7ebc589c9f7356f2f8a1298c033711bbdd17bcb19a35b8fd4abf7d905418,30,testing
3,a3977e8d09fb55a64c07f915706f488ba1837817e589074f3493a9e5cb1a8319,31,testing
3,a0d382a504cbf72c8c12a23b6e87fefb53250d3cc54d90422f1321056f862f44,32,testing
3,8a3fd1b37c9edd3b535ef58084972262b8584e7ce9ce299c5cf5735b8baf5098,33,testing
3,e5c5818fbed0c063eeac8e6e2b19317f2e076e34700ac2e9771f8d664e84def4,34,testing
3,7c372db991e08d7658213efeb47817d1499c33b4be57dbdd030b8789557ceca3,35,testing
3,e67af3fe5735a5339f750e2509a5a39f2c9421b1faf1cdab5081e0c62f1f5edb,36,testing
3,a2f1f3a5c8cc9aa6300f0c13cbb6ee97a749b7b191aa9e131156c3db96c443ca,37,testing
3,8e13d26866dad0cc17d5e6a9d1e4e70babd49aa0a8bd7edf4870bfb56f6863ec,38,testing
3,6295254cdd63e7223fbcd4e0b95eef93ee73317457e33744248149c3ee63704b,39,testing
3,6eac28f960e793e5bc3c10d5bc1c827077dd6eb8ec711356caa4dfe4ecf54490,40,testing
3,c3bf76ee6d9988856b7babe91e54fb0a09f79fe6cd07fab3935936353c09c4ac,41,testing
3,3bd494af572fcd2c5e8071bf42b5f3ef0ea959d17ce4f15b182adc2ea4bd40ae,42,testing
3,e0db2237aaeaf1f4e7302cc7a12fdabd0356654f37a7f7e10a2f3a46fba71f21,43,testing
3,d705d6829c660a94aa279b4d18e0f432df843714f55497d5a9e40ff528615d3f,44,testing
3,52d0e9058c8562217af5d01b7713485432b046ace4d99bc44f6275132a968357,45,testing
3,1f801d9f79fe158577ca4aa598329ef0eeebaff5d0397d08fcef80b411756c46,46,testing
3,1c3e4b888ba65d5d6bf862a21c3ef492bed78a858643296e05d5b092ddacfd04,47,testing
3,0b62ae5ecbc176de1c0b515b571bce618f5a8ca012074324e7f1a8971dc40af6,48,testing
3,57d32c5c8f06a98f9157d4b9366c1ef2e1739f1e7cec715d7abc99e656f347bd,49,testing
3,fc340f2b97bf875ce6fcecc62423683e7769fa72b436c80a4900aa9f2b297862,50,testing
3,02c6f4fcec46b2c8fbd876eec4032612506ed700fbd5ee8c47413725833b7810,51,testing
3,4ffcf2dcb591658a5370f56ad851a9469fa5cc68357335226c20b7e8fe9ecfac,52,testing
3,0bc5a9260648757fb0351cdf7078ff2d714967efe48b4b3b7e522d3d4e30bbef,53,testing
3,31d5404e8e6ce6d9e01794a69072ed4b6dc042353871d95f34a6ecd24e3149c2,54,testing
3,84c0cad74ddc70f249a8f4a00e697eb0a5a27a53db681a677b560c095c4948c7,55,testing
3,b67d13618c7e6d8c88a3a9f5438d7aabe6593bbdac571a5004c83d0432268a45,56,testing
3,b40c386fdbe497c308d32cf21ef76a155ac4154bafa58c7304c9dbe76605d6ee,57,testing
3,4e0e97fa7a9f17d4a77af637521bf1d852b1949bcda3e995adac8d6212b0f8fb,58,testing
3,86e796bf5492e7a09eb9627d294e97ada7478639bc9fe9decd8da6214dac3f05,59,testing
3,5066326a27de08f1cb85107817e1ecb9e2d506fc3224a4dcd0a3ea202437304b,60,testing
3,711f5c1ec13b78c90d8edbb74fb58ea8f895b0bcfa9826779a3029a26e883882,61,testing
3,79437db949e13f79bbbf0926d59b07f9d4ed8b1d5d3ff1402d2694ddb0ddc693,62,testing
3,39dcfff418093b8828a6bd962757f72cfaa761bdfa14bf9e196ed98fb2dba40c,63,testing
3,7bf51eda74d664372524ff98e906f735d8d2b3a74306b11101ba1a1c8518a1c8,64,testing
3,609812821a0cc875cf870f893f12f5cd6942b3a062ce1ab3837550546b8bfb9e,65,testing
3,e3ce6f7a8838faa5554b98a6a66b122c9dd42f4b753a89ad5c64180445fc52f4,66,testing
3,5cc324c9eb38c03619ea2189a638b842f92442b2fcf80568ffef1e5f4f5fbd9c,67,testing
3,63f58720be3c2e868449f01dd351fc85ec17a502870c2a847acea755aecc17dc,68,testing
3,b20568e2814c154ae10e93bc2d696b2010d6d93f57dba2a8ef4abc853fb38a50,69,testing
3,d76452b72af0e97192b5394fa3b6f827cab0cf8293ab86baab09588f94472fe3,70,testing
3,a9d06c21ec34d7b079d5525f78e483a880a0994e9d6d891c1852abfd467ef689,71,testing
3,9ee5ebb347006bc0df14987602bf66128a74bd2b3fbf010f049e1c9372a60226,72,testing
3,f73a1c05c45ac89daaacc73c4f59e5f101b2808964a80dc8f39fa07271ceb855,73,testing
3,32d27261436a5c6e47b9e877bfecca5843e166d15d23c0f20ccd34fe106cd2e4,74,testing
3,29e386b70b1349b2528a4a5106df96905117390620fb16dd82329b1d49c608ea,75,testing
3,1b18279aaefd09fa21311c713c153b156dc11fd25f01d95f6021d58285073523,76,testing
3,26fd28925fb608b8be85a4d80be3b5f8ea3015ec2cb3e41d5be93f014dd81098,77,testing
3,2667766fe83e4ccf0124d5c196cfd3b6d141d55006c30338ffebaa2c70562ee1,78,testing
3,73fcf0d6f5efa7dbffb58e183bb81831b130cde3cc2e26d5b5b5e3f85f3f4c2d,79,testing
3,fb4aff74a725eb096bece53bbc53e82961d376839ed959ef2d69c19f98567938,80,testing
3,44cb398fabfd9c306b02d3caf6fc37798111394c7c49ac3ab8b1ecd62fcc77f1,81,testing
3,6481c2427c83e912d45a04f7d2e4cc66b7d8781f152975b646722753726cdbd2,82,testing
3,6eb07751bdb957ce953e3a598493cc7ac9f419873079bb118459394f35f00a6b,83,testing
3,b1e4c89ad019498805b77ebd5ddbeda21d7ba77a954a0510e6afa369ca60c418,84,testing
3,9107780757df999e189b0945787c5ab7d012ed227f5b00a736420a312cf46213,85,testing
3,d2fb7523fc120fe0962e5e2daf4f3f719c18eb594807a39cfd0f869ac3966c08,86,testing
3,826916630827a9a263ef2176474f4bef8e2c76083b8e7c6ede721494e6165634,87,testing
3,02af03724869ea857128063a257a86213e06fdf7809d1c817d5a222005380643,88,testing
3,f9549700da287d3421379feee2a9037ea78e8defe5ad5a59f10dd2642ed4ee8e,89,testing
3,f42ad871b4124466af8f35fe3ad7ccdb6b8cd948be115de8e60223ff501cd80e,90,testing
3,b03bfa6fe017689024489500d7dfabc171eeb85708f8e98dd423f74c8f2f28f2,91,testing
3,8472fadad5b113198c5eb63b8a04aa69b058a69acddddffc367301f4ba90a4de,92,testing
3,d81948fbcc2b9a65c2458b6fa942312f3029fb693a56506680ce1b16fc48fe9d,93,testing
3,b9f1859c0c8aa8f3bf6d58ef7b7d50c10adef74a96f799f584c789e404c2030d,94,testing
3,41160b843f9ed528f2f81907dfc650e8e9b4c5f8b537f6f541e6bcc59f82f0bd,95,testing
3,703108f597ce6f8dd702e42ce46eb37d0a625c8a4063e9f2f67eb7f54e18d47f,96,testing
3,ea4437507045fb57c452028d70b354bd241e28e9d882c453563b49dd16d59bfd,97,testing
3,28915358302573fa93327c27ee61afd2806b1f2ab380996069e3aadf78fd64e2,98,testing
3,a66c847963ec3ecbe9161cc49ee6da71e73efca4991d13b6e77ab1a7698c8ef0,99,testing
3,a83bc17e12e5e478f6e777024632fb073bb739fd291342a40c79693b7696881d,100,testing
3,35967ef4853dbc505041c7f90406e9630aedd98a7350fa044136a59676c729fa,101,testing
3,4b1e98b7d26d52a7bec8ab3b1563d658e5a357d5c121eef3838ff31f103f91ae,102,testing
3,1c2b379b5402c71440a73bde8e5cb9d3b39072f52e100e57ac396cc03d282f15,103,testing
3,dd0243bf09d88c1b7c80ab15f46fd34c2da5654d297849d9ec322e7cd41bfed5,104,testing
3,a213dc91a41377cd698ac52a0b98184ee51890cf802d1cb90834b196cf201bef,105,testing
3,3f9a135d88b7d24da2783684a22fe0c9db47f61b8d9ff9dda84f7022ce3c704c,106,testing
3,b92d5bca9bc5de131cb6ade691a53dcf45e4d399b056eece61d4ddd5d4a5a110,107,testing
3,20cccca09a1676eef4d58956f214058127d8fe67570a41a21fbb5d10e7e9ba70,108,testing
3,418a6297ddd32a71c2ca9afdfa1a22538a6d95db918bd7c6cd644576b1d042ed,109,testing
3,0701b0e965b8dc138f0157d40e971c5e576eca04cb7f05af68b1ed1c83873631,110,testing
3,f9f01588bc3a9cca81adab5ca3e61ff745323b2b603c04a1ff38e3c9f361a4c2,111,testing
3,63837a6a021c4a2966838e5a7224944d66abf8500275c6be6575ba60779ce18b,112,testing
3,b36d52e17383ada6f6354700c8d0012fb5eb81045d701017c891ac6c45551d0e,113,testing
3,430fb2511bd270e0aab8919b73bd852d6a0c841f582a41d791f89774549acd3f,114,testing
3,c8910cd7c2b920e96ab7ee1e310d798bf54f135d0a70b26614ab026088289d12,115,testing
3,7c8c0b777e63153445724739c7f953e93fa17527ce680fe8394b82913fcb1e5d,116,testing
3,a2b143ca75c59abd1fb23912db8cde8bf6fe15d18be22aa828f62c6e5626337d,117,testing
3,14ec39788790b4e6dd2c8a067b60a5bf7b5d4746ce1052c1bf810501b0c2220d,118,testing
3,e2270a2ffe5a7b559041b8f3145793a8a567b15237826739f87763954fc138a4,119,testing
3,41d414b98032e77d082f0338157e34064ad16c8baf8161ed8abe39368407570d,120,testing
3,6c6c0a30f315df35efaaef5835b617d8a051c3c42d82822ff4f75fc9e8fe8fd0,121,testing
3,2b805758dd5b624e6b2fb72504daae4b69a64cb76b1b452b8009f1b4fb5bd1ed,122,testing
3,1898ae5f22f2d3c122c3be97c19a7e1b5d8ac3f4bdb71fc0465cbfdf73b5b9fa,123,testing
3,ff41742900298b6e28b72bcc4d7a219d6328cfa47c1b5a6309757b15b5a6f9a3,124,testing
3,bbb441a566671cbcda2c9ad4f83f0b43602262d760f8bec58016767982205e48,125,testing
3,7bc3ee9c0bf521eea4285fc1a0aacad46343858376d6a96e69c3b6545e7bc525,126,testing
3,dab14770dcf8f724db15971a9edf5a94d36166dac3a056d3b957bf551dad1b94,127,testing
3,e893d77f721cc5486ecd9c38c273146a6248a8ab21b409c27af4744c97333a4f,128,testing
3,1d169ea729f21bbff236f2f44c8da7b20f8b7ad7531fe2c70ecc95161dc75a1b,129,testing
3,9dea45e9fef35dfc4738bba628654d2d818790a53c4d1d7be538945be3c376c5,130,testing
3,43c4e069ab94f6af7041f37676cf69e8e9a08a6ce7b99c374f01c295bd170083,131,testing
3,5135cffc9ad81029f4257bc2d649be8b8dcef936a46d2c897d8369c366a56ff3,132,testing
3,fd32e18ea0beca9355622b26d0c75b1f855d2062b80d68c9a0069b149b0856ef,133,testing
3,83934ecce042d845c1d15f410b5bb4b64e3b620bb942066126d6a56abcda3bc8,134,testing
3,b1b05dd125e0e77fb27ef190fa8be9bf52d665a54149302e0e6864403734a8a7,135,testing
3,0bcb0bbd3425cf55ddb4d7b045daf1459590047c1d12ed4245f0599ebd3a7f80,136,testing
3,008706f6bf3273bbbc2798a1543debad44767ccd1c53139f254c3effbafadb57,137,testing
3,d32169c56dab725109667055271594971a246b12c336619f1498e57da0ce807f,138,testing
3,9851846a95a8d822c6353314dedc59ca42314d19feb2ba7c02c10f01c36b4955,139,testing
3,f8520ab03ab13624d67a59c07ba8fb92d9aa9bba993f5ff9d26f5974187d1f2e,140,testing
3,7c26ee8bba55a85a70a868671578ae2a4afb185c818f468b89a0602c6064c74c,141,testing
3,1505b8fb19b8563abbcbc77f4a8deb71ccb3338ff59fb93f2cac7c0fd8393afb,142,testing
3,221a3454a612d9bae3626119dd89482486ffef4d14fb1f16fc208f82fda54490,143,testing
3,9b27bfec006e96cf0a2cf55d34c1288d740c4371ec733a97984c92c3cfdd4574,144,testing
3,32535b8770a21d93fd4d647aa3e76dd19decd54fa09e60c1e619ece3c2aed82b,145,testing
3,7a26cb1ce0545d117098ac4a63e63119a5ad060a834d58def68f12f6f0cc1e5f,146,testing
3,3c89048c5601013937f4ad7ad231423206ea6e0528ca5550d94582e6cb1e7a83,147,testing
3,b33e280362bc9cc4ba6dcd2045a39eeb062eec72327fb07084cf0845a4fd7776,148,testing
3,5c48f364fbb471eac3596e48e5be0a358921169521a8f10167b955d4bc613a0c,149,testing
3,2d2f06de37e89c2542c5c70eebbd53bdf12224731668ee1c47c03c6b6b0787dc,150,testing
3,df418c155be8aa56a0cae742a92b78c902f34703ec02fe41a73ca5393e890136,151,testing
3,c286e200a5a10f02beab9652fdd9d13b12e4ffcb41716569c2fe68a76ff3d2f0,152,testing
3,109eeaf7a9f604918779d1bf775ee4847e7b40afad7b29c09ac1eb8c6a928c7f,153,testing
3,3593f3913c42616b7e70c3beede10a2f255d192a4fe9fe6d7cd3c4419ecb4ebe,154,testing
3,dec13d3ae9db0303f3dbb64f584844ae47e6a53157f3aa4e88ac81797f1802fb,155,testing
3,d403e969a44efe00a7063501d57cc05182884759c78667bd0e723e2bdfe5a114,156,testing
3,dce42448fdb50b49613cdef0af820de6efba1a81429b0ddc5f2bdf0473f472bb,157,testing
3,5473038c402b4e76082baf8a9989217ddc5fc2fde9780927bb8c88bf92bf67a1,158,testing
3,75ac3828701c7204ed5b2bd406d2c7e00724c67c451004c93c80a54b1a8b4c04,159,testing
3,0eff712bcdfcd3610d22e8c6ca513bda12170afb740c5ebcda1dffc6200cee84,160,testing
3,e6a257c95e206450b073fe4fa179a951c171dc39e6b8606831fde391b03d0e03,161,testing
3,212c4041f8ff3aab252f0eaae7722da2ae8635150ff2c049b536bf9c1840233c,162,testing
3,0d16c876d3698e8c63d8a02fac47fab697b6c9d3d6de087f8cc37316318644e9,163,testing
3,1db007ed334e3adcbbd2e2574680e6fd75bb58f96eb5fdde08e41520445b3990,164,testing
3,49ce42c2a403c6bfeb044e880479381e27b57a895d0ec418165b8890241938b9,165,testing
3,9f986940bb9aca28461088db98f78a14fab3fed356f39f43065ef641da49da24,166,testing
3,1f1bcd21d82a74ee7fc5400076f79a496b88f1347ef5f9bf837479bdac4535fb,167,testing
3,96867f8f80dec3814850611119a90d4fabfab024041757cf9390c8d82fde30cb,168,testing
3,a462933510dcb6334c175dcd5bcf354698508cca1ff33444c33693c094ffe079,169,testing
3,5bdf87ad18550c583abffeb85314e5c4d91a87d525216282adc605bb956cf355,170,testing
3,6baab98474f5d72d2db667a937194d044c1461244ea1e9f0d9b9ade3fe8121d7,171,testing
3,c30834912680f8faea1cce0d09b0b264692e9189d75f4bb0e2ee85d70e63bec2,172,testing
3,d8aaa36168832dbf1738765a545fe8f9286a952fe1321e2b601493692cf02f2b,173,testing
3,d1f7be3d4abb1ff72d3d9190e31a1d15f87273c4c9e8d34ec45104d570272a81,174,testing
3,a9dec4e4398c81fd2056314454964c295542fd50a55445e7aa129ba2a24b95b1,175,testing
3,10449df7388553571c7b8ab5ee00e811981ceca8efe9adbd47fb426a3d86319b,176,testing
3,8976d1d44ecd21fa1ed36b19618165aefd4aca7b0a6d4c34bcfed1771c8f8e8c,177,testing
3,0e9a21e0e29b9c4405827e2ff5d49c85d228b8e24b690e280220af84a91341f0,178,testing
3,88c1b140f405ab9632f815a5e71128e2755fbc934cc8d9a7ece3992787529084,179,testing
3,362323b602f61cef355e1636355b2f0d287ccf8cf9aa13a946851836a6d7e95b,180,testing
3,1d8f3d333ce8c0ed18ed28f82a1dbac9e47100c49f1671449fbc700e47a29520,181,testing
3,a68915834408bb5842afa8a4460c18cd8aff59dd78c70776950aa3093a070e81,182,testing
3,536eba3150d565a581358fd8a12d2e4256fa555565cf4b037a34eb2819c0aaa6,183,testing
3,6a900315cf7c3bfe72927c9b20a89fd362fcfa6e2e1cbf988e4254649a53934e,184,testing
3,ce36000546618a8525c6158f3ffd9ff4db1f411b98a54013a08c01d1cf4b2bfe,185,testing
3,b055b389bdc5a03c2a6ff647373139bc21afcee01913e921f56055404de3b696,186,testing
3,b09369ffb57a9fc14f758533e12dc0f43f715c325a5cedf31f3af8002861547d,187,testing
3,7bbdeaa94f5ffa9813a6bb25c6eabbde5c2152b5b90c5c0894fb12ac3cd7b827,188,testing
3,81505a0af14e25d748eeedfc712886101a389eb4d6120c1b7f071a0b937b11f3,189,testing
3,d0927172ed7615591defaaaaf04424bd981455aef1a4aa2879fea09ddf48a742,190,testing
3,060ae973e593f9b5e210ce7f6546b5b498914ad6fe0da7dfc416e11946e6d4fe,191,testing
3,0f69ba7b4da76aebcc1e37dc03cfc2314812a8388e987e36591332740c57f83e,192,testing
3,c65fabad591da0af989cd8c48b0dd7c91dcc3a19bc513752da3b1627968f8566,193,testing
3,08ebb71ca5ddc55667747eb4cc6ed5d411edb27265dedaef10e2b7f2ffb4b111,194,testing
3,997cc5af2ff90198b5f88bce37a0511676fdc8acbb2768451dd59194ed2c4506,195,testing
3,1dd3a9b82d8b4f5419fa85ced8806a752c7041fdc6681abc92f408320bc2185a,196,testing
3,7b03147208cb00aaf651fa1e5401f3882555239ad8c9f9d6a156f028e1204c79,197,testing
3,c60f9e169f13c9f2d3419ee0baa22aacd23867bdba5803e662aac17ed8e1bb67,198,testing
3,50ea63c27859e75874bbcd8c45aa2f1df0f23a3d3e133a7b3f8af1735b08c34d,199,testing
3,024f6674bd01e86e8c09dbd5c3033522d8c84422a5d2a44a10df4f1b4351941e,200,testing
3,963fc0cb0cc6e213f82b860ee6dacdbf60f280da9d80b4ee036676ff007606e5,201,testing
3,396b9fd6db070be1aa28752e75d7e3fd7e56eb732a91abacc6f9785949adddad,202,testing
3,4878ace7583db81728cddbff6a7f7bbca08c17de918071bfa6790b49b96c377e,203,testing
3,2cddc07cf2eb2afeb20afa7acd39fcded4fd33f63299eedee30ecd2a5ac42706,204,testing
3,1e8f4c01120929808f7d99a86cb182edc12042aa4d76afe106be57ab33ced34f,205,testing
3,b82b67130e535242b44df295f34505c5fbb9ca8c6d3be22055ba01b286f4ac96,206,testing
3,0ca0fe493c9d3b280fd4e08336e2f3a66240cb990fc2a15574370e4314a4140f,207,testing
3,ed300df5a18911d62043ebbff56cf4e795d9ffa870e76e282acc44d293652cf4,208,testing
3,fb7b85a36141d4b420cd27eae52a423c56fee0a81abe952f776e12d4fab93587,209,testing
3,f474cd2be3cbb12198e72c3559033e5aa51d6b0ec28aea4c7410c6c92d102c50,210,testing
3,29b69182d663ae65f0b70f4fcacdc1e10c7eb18dddab15f76e3bb0bf80ad78be,211,testing
3,326b9de76fa379cca79701a0b617000b59629a1063fdbbd9b63a998a4d175e0f,212,testing
3,b7e5baa81826d73fb9b9e24d370532e60c7fcf976c0afe485cd6f6ebf86d70f8,213,testing
3,7e13c7e40e5404402b153064c6c9889b2ba5e4da883420fe69597dfa8895ae34,214,testing
3,036536f1d8cc135fbcaa8502d29f052d6594ac2818cb9f66ac379d2c97d31391,215,testing
3,67469a814e3b596c11b28b73757c9aa1408dc403a4ffe7fc68ec1510001c81a4,216,testing
3,5ad0bb05202641ce902fcffdb3521ef6aa3d5d7aae2202d0fc7d4bc8593334ab,217,testing
3,378fa405c2cf03d3aff5f939e9f422b9468361fbca0a5c39b90b2002d657e41d,218,testing
3,66233ea497c3e91e5ccb1a3b1e29fac9c5fc7e08d4a34c3ad30f061209c51e50,219,testing
3,baf64fa0018f210e7257c3f79c57480cb6f83cfc742eac40c0e920806f9007de,220,testing
3,214bf5249f129537c189f94693eedf9689273ea79d0c3ef200ba93e29f4bddaa,221,testing
3,b886638dc98889d7dcd69dbbddd5b1d5656a6eecadecf87c57af6f86b90ce229,222,testing
3,ab1e96590695d57babd37c50e19fe3e999387a25aa672954f4ef9dca7f6fac96,223,testing
3,288d15989b5ac19437371d9314680ddc93d5e1e22016db9e0a7f9b5a40696059,224,testing
3,79b1ba328894c0d95879ff9cad61e9ca377f8d38cbd023c2947618d7cfde63f5,225,testing
3,0b0f0d123a86f5d41ec0cad52a26522ed4cd5701a8e259a9525cbce9e539f89b,226,testing
3,fda3fbeb79029a7dd80879b925afca8f106dc18729591f92ef665d8f3c00adca,227,testing
3,5f4354840694b7d15aa142a954fba55ea48ebea72568301680f24e45971dc3e9,228,testing
3,4d780090ae426bc88eb095de0cac8b8fe5c92019d52f14f1e1efa9da298e4e93,229,testing
3,7ce7d900798eafc8e6cb7cacacde633fb55ce016ebbf8368a0f4f0b293b8ad84,230,testing
3,f5a9e21801cb10b8043fbfd443abca0f8c71d4f5db09d513ab2b40b1b7da4d62,231,testing
3,d73accbcdbc457d75aa129b256bbd22b515828824316a7589bcad454f5de2006,232,testing
3,dd709022e710cdd2f02a2f344028113e21d220a91ff144eac75921e388590cbb,233,testing
3,419dd40bda8d54b25420364e32a8ca6bd78f4279973ab2d764b3c8f94b0f14e1,234,testing
3,a659ae237b89a0db1b06c913128841765bc4989bd64930c3e70514d4cc4f4f4d,235,testing
3,63d73a3f86676fa75a777c94ee7c7625367fd1a56b3cbb7dd2e4b22a725bbdb0,236,testing
3,b3f60bff20faf01e62bde0c3bbecfc83b975bab1aa2c3dedad9ae6d900a1a36f,237,testing
3,a8e7e76698b3021bef6ae9716edc9cd8f1bd4652271db15079b70f6a12c4eac1,238,testing
3,9427a614c682343f9280803486e4f74d3d3fa1d82cc7d584e81215455b7675ad,239,testing
3,609cddc67b9fcf9c6d9abe7634ec88214c610c376ce5a98e6d59d4493a17dd8a,240,testing
3,c0d8f9e23351efa05c9ab305a5ecdf72b61c41cf7c5cc9d6f56a85065484f975,241,testing
3,99203f3227ee0fac902234ae14007af6944cc44e700a06524ac61f84f1cbb41f,242,testing
3,b73b7adca08df7f4a3acfcbf1c9e2aaa31ef59ab04c3f06a368ff2082dd18f91,243,testing
3,204fad8526e898e0c264b78cfe62cd13088c6729b25e88c4cbd0c6a2b8279729,244,testing
3,419deab363b531c685ff940c46cef01056551d21ddae35afd827d81e3b4a99c8,245,testing
3,afa1fdd2ddd6077c9edac03f6dd152cc7e5fecec0aa91502beaa8119def82433,246,testing
3,376572381dc80f8af6faa43890ae7d605390b276910e4dd20338efa02ef9a401,247,testing
3,3021c66c379f6b330a5e5ebb103432ce67a2f2b5bbfd7aa2c8877690d0e94297,248,testing
3,535aa3b23c5563cf387d13f004bc557b16f7b0f8d91ef1287a8ddceb82633ec7,249,testing
3,3604b203ba4637c8a49c19ebc750b6112dd6e5c376b8d9091a4063825f494044,250,testing
3,160844370f2d66dc29579693cd44e41659e284c00760354e8827d40783f16a63,251,testing
3,2e506b9a412fa8b3ce0bb0f101c258c1db2cdc146b4006f7515846c1e1e64caf,252,testing
3,e83280903de33999ec46dd0f4100c00ba38239aa041386fa4cf1af101a7ac974,253,testing
3,2df1d4715c7765e3530fcda27c5e058b53b54710acec7043683c1ae8fb8296d2,254,testing
3,b6a32a4924d3cbe255ffa7d30246c7d6add1bb018d6b90a210f0bf3b6ce01404,255,testing
3,d7f467cc35db2a32329a641dfff440e440aee6c07864b8a46ea3455b4017c37c,256,testing
3,8be189cba30b2cda08a781ee809974d143ba3f2c5bcbd76cc0af0cdb74824923,257,testing
3,e7bbd085395e06f944588fe3461901bb01b39e837a10e44d84b34698d2af68e6,258,testing
3,defdb031f9ec818d6e0d38ce4d195daa57338db01b98b58a409cf40dbc15cab6,259,testing
3,bf573c89e2909217d610f3fe5c0c0022732765dd95f00c4cfaedcc2c4b7f5482,260,testing
3,08ccdb6650322a42d2b3a6f6be59134f4c8d4b7d67202be91ab279f0318b2a65,261,testing
3,d046ec309d97ad55052d8947e2d35c316c6d104396a13c0f519cbeee58062c6c,262,testing
3,b98ea318fd08b99db0736e48c9231fe5a792c216564a99b41ed16ad0be1ba2f3,263,testing
3,b8cbc4cdd743516596bf74126fba3b1b1b9d22ba60da07a8d348202d664a2910,264,testing
3,9751b4e2aab5f69f3c87128247398038b7fc80905999a9ed12b250f77b5dea73,265,testing
3,b4b0cff53a1fc941fba826c2a0fa5cd8677648c24ad9f0a020d9986c6ec1fe47,266,testing
3,ccc1adaee95f29130a7e23c73ef5684b2e17315a46e892d4a1d64663bb79aa3c,267,testing
3,1301017d4f2aae5683a5a4533edae6b2a7873e57d8f7921fa5d93b4b70417a39,268,testing
3,7ae47ca94b1a239a0a06c969e9575fd16c81672d3b8b463bd1acd16acead1b44,269,testing
3,11968829767079a0a0f24d9ae06b19296d0204833cb87f9a996bf42b28764c15,270,testing
3,4507883178163e0c4b519e192013a8e16ff0730caa9d326fa88212f4f27f3130,271,testing
3,f5cc6d87162e60c9a523b42642db19b41b253ecc359120b2376d8dbaabbdba3f,272,testing
3,61315fe0c0ff79a848741297b82f2ff9f0f43f152c38cb1d39a16b30cdb8a063,273,testing
3,cc393ed30e68f3df1b2735bd8a906baeb2404639b59226a8c0f1542357ef90c3,274,testing
3,c97522dc913821ef5c005aaca1f3daac68217e3742d860a65a8cddff710fc70c,275,testing
3,fc80538be718e2bd2561993284bee1cf281a50004fad7548d286c4ec400ac9c9,276,testing
3,264188efc5ed3fc903581eed5eaf8afad2386cb1c3e0b691cfccf36ed64546f9,277,testing
3,572f46549ba6bea1b201c14fa977b9998e38073854532d5650d29b111f2385fd,278,testing
3,e562dfe6ccb674f9901c105c671c85e26b4f4adca3ffca72717f755046f5458d,279,testing
3,4e75651f7eabbaa4646bf063fe2ff363ce635c36a45dbbd556eb3cff9e0ba392,280,testing
3,4a7fae2c2bd3a0c5f992dcb119b828b2a05c5a7ea76063186f5fbf0fb88daed0,281,testing
3,478743fc5f15466fafccd3a97e132bf630c46b5c9ff2968ede397db0df3b2d2f,282,testing
3,b1a9d313b0a068bb87d28b76ab2b1563411e36789a75ab4859f8edd9787920d0,283,testing
3,137224d2bb74107c787f825606471774aa74b6b7e85240e11fa3e364395814e5,284,testing
3,6b48a84db8516c933891fc989ff0ccac16fe57258d576007eb315a5c1f0fc4f0,285,testing
3,1b9116363f3e22096781b66a356dcdda05978d87252168d8bda1690d9da3477b,286,testing
3,4d8c87715a0d64256249c513fadfa4c9e51f3ad62d45d658e82096226d285ea5,287,testing
3,838988e637b7809696108ac3addf31a7be97212d2ae9b8b2733ea9be09b5dbd1,288,testing
3,374e4abc8651dabb70a8793a016b436a44a3abb0123b41339a82131cd54a0291,289,testing
3,bc1f8abdc6b22361d7c2884820e28327ee665fc2ee5b02402dbfe0a7f848ea32,290,testing
3,7dff791bd1269eb0db6195c8ad9cb4a4ea839415c3e25676e7ac2362ba404538,291,testing
3,158d9f5c9ececa47fca80288a53a5b625a10d29a9cd82ab1f92fe380064391d3,292,testing
3,bd3fd988a57451c00ea48071a3d4ee2343ded48fac6175b0e84b338545537812,293,testing
3,afa9ef549125e253c8946186692cbe295d67c50bcea15d965ea1fd36412e6140,294,testing
3,17183406c1ed9b55e2e96a6808e03da15e8bb992e0f20739ab51fbb6de8b6696,295,testing
3,d1820f8a31e9522c075b83302db50753250e190b4420cbdafd2839272f348c21,296,testing
3,bcdc30a45bab8f8a207252f88bf4e148c157c72e870bbac3c0a9ca100a2b3531,297,testing
3,4cc259b536c216b8c36a44b7d655260e494ee7e5376207e2a8097b3f53ce5b8d,298,testing
3,d169378379924276c037949d1f51e17eb44c8be5cdc18124eff6bb9ee3c00940,299,testing
3,453e2a666da1b75421735498c5dcf7339d1b1e16e41a4772a946a7d53ce0d8d1,300,testing
3,7de2d351938b6e38a0230529ee00f6103a350f20898810c93f79441f6f6975e7,301,testing
3,97a71682e6754871e9ff57a978c2dd29ed9ab8bb438d2bd08a3b286a5d301425,302,testing
3,74a5ca083a44059d427819e3e37c51bd564734c0591fb43a4990d3be6c9a87b4,303,testing
3,a10281768d20e12615a8bf54299218f0fccda049e7c3efb2275633149dc74d9d,304,testing
3,ad95bdda96f369f0a8e21ccac4e490ede94037e0bd39d1d1f587a2951d2a8fab,305,testing
3,0bff1473d3a69c3658e4a1f52629a92572d712e74cf03c148db033bba8195429,306,testing
3,4161f4a185593e5177f256be26992a80361dc9553c30c9a05a9098440cb37f2b,307,testing
3,e35b3594d359d9feb2a95840a19a3e497d9be1b6da9b5c22d3d945542d3c7d76,308,testing
3,f9f94eb6858782461fc699adafa65f85b8ebb82ba67c569baad660202ec9bc43,309,testing
3,0f9b104f3d55bc56e64132aa7b6734b84a9bb7fea45b548d6df9c5c6ca4a43c6,310,testing
3,8d0eba31f03d0272ccdf353503435846893bc967e3a5263db7a6068c42ea1f26,311,testing
3,d6c51239008aac907c5bb613ff6cb3230a1a2ee1310d6dd6b73397d15f2b9324,312,testing
3,0769ba2b4e511e4c6005b6a22238f72ded4c18c58fc6d0a152c6a5c5ede070a9,313,testing
3,e8e2dd1ac1a6d5d5381795ccfe0a68744fb41ff298a46124ee78ed3ce4a61df2,314,testing
3,2ca623f30657baa52ea73b3ae5f58f5ceff725601b9f85155297df06cf6b8fd3,315,testing
3,19a0dba671dc7a30c4f1598d78a4afc870c198a7b12437bbc299ce580d7ec68c,316,testing
3,1f5f202af8a081498cc284e3c3d983772c1e102fc438bb41d69f8d6039f57e08,317,testing
3,2490ca5eacb18ccde2a65d20a77e0989263c5350aad4073893a45c5591e263d8,318,testing
3,489b47b52fef9e6bc1e92ace157628943efe99d4dbc80daa3f36a08973e00dbb,319,testing
3,673a31ed2cbff2abf0a635adce70b61de3425f55d9d86e443ea32a5e249463df,320,testing
3,7206421f9cece431cf40e94fc6da6d2013afe275db268c78b577c546598b9c0e,321,testing
3,d1f1505b52cbdc8f6bac9f9b2f2a9474052e9efc7e59a05673ef86aa4565c9da,322,testing
3,9b3caed61353dd36e51a8e7f07219f5e2e2aa229c5126c8486e25c2912f9f071,323,testing
3,ed5762bb84fd9bf534eed7e3a7489ce925969b6eb271e0efcfa2fa46253fa827,324,testing
3,8e6cd8ae4297134725a332eb6116618efb6b9056d11824f2bd1664d7cf39e3a8,325,testing
3,9c893178cd6e71a494bb682d3b132988eb38620009b92327774e5fff7c00a8d7,326,testing
3,83723b9af71929699be94554cc2beab73d65f7c19bae72325926f2a02e55bc7d,327,testing
3,a26ef6fa7143c3d6bf6dff9b9883e368686cf475c2f36b1ab81ff4ecebf2d3f1,328,testing
3,617e4702733e0c5d00916276319cdf6207c719699fe6b161df71047f8059aed3,329,testing
3,a99f6c26a835097c8205cdbcbcdc3c2d0fb70b0a8ba56b033c25b88c8dc80107,330,testing
3,986048683d07e84b9c9ad53b9592a4e079c463ef42217ed928382f6241206170,331,testing
3,4b33d8c41fe7a45db937dd746ddab4987a5b9d40aabdd906d993d9735949b32d,332,testing
3,4a3e39d1bc14ab790ad18f06e0138be81bded012cf6c28d4cd8d2d316b7b0662,333,testing
3,47a0509ace44df1b61239d8c993a95fe36838fe4a36fca70d7acdb0b00026e80,334,testing
3,f60a7f78a1222b06f8723b36580972ade1296ab27ff44f20999161f892b207ab,335,testing
3,e7b87d9f382bdb5efd15b296a077b08f091bf65b2699674022b6899ac7e45b05,336,testing
3,d643af649a4c661ad756d31c94c01e861ecae3c2a55edbfc1a5ae9bf9e52f2e9,337,testing
3,9fd4383924a52dbf429e55d5a62ed77fd038698532b219d3e9cf2c5e0a25cbee,338,testing
3,b02ce9a03f30a1cb1a319140f83398817c1283b33e6d6702fb4dbadea8f3af90,339,testing
3,28ac53dabc9a124a1f619fcf6f0b869a376895d0c9ff35635958a7370cdbbccc,340,testing
3,60886c5cfa1b20eb88db502c7b1f3c4bcfd02087eaaadfeac28fb4c1e72b1c4c,341,testing
3,ba74edf4cd4d8d8dc7360afbc6430c062109c346ef789d2ad17664dd32a3d21e,342,testing
3,611cb6cd03db5e69af86feebcb269e4703ae1c04cc33490c192467873e461de6,343,testing
3,801cc1d8f88c2df4125c5ceb7559c43c13f3cf49076f665907d7b8e443d6d650,344,testing
3,8f27fc9040b2d596635b50a19af6b588c278bcd28de4667a85d32ef7f8ee9278,345,testing
3,3b87d06367c10ceec225fa796af49ba097a39cc9ab653b9ca3c62f6ca20de868,346,testing
3,35dfc144507409e7061afe335031c013142bcadf0b8009ad58d203b7e3c1eeec,347,testing
3,4c9df084fec15f6fddd54b89f3e439171a639e85fc3861d071be8ff10ed502bc,348,testing
3,ff1f52dc8dd81b4cb4eecd6b5bb2a86a4f91999b1d4a8bf53d311cd156cd91ec,349,testing
3,e24bfb1442d65070deb92eafd2073c927402c26ad7bf82cf5d24a23ed715dd35,350,testing
3,f6e1e7d035aba77212e26e054929ff1569a3e3394ca386f9c4b320051a917740,351,testing
3,75f93eaff29035a86e6b2682aa7afab009af808d4f2f4a26ef4990023ee804a9,352,testing
3,450ddc1e705fc66d0619be1e9238daa04308f4a726578e520827d476bfbd0905,353,testing
3,0a6f9914414da7f56d58f6e2c94ea25e294f0a5119bec03d9cd178af8b435303,354,testing
3,a0fbba4964ab5c6c61e1eb7db6c799d79d2d7c5554f6de271e4b4a348acbceec,355,testing
3,4b9bed9787af4a06a354a73939ef3e7bf1d43d3cfeea400875886c171784e1ee,356,testing
3,2fc1e9aa4555cef39bcb7eb9d103c248b7660abcae35e616571d7648c8646eae,357,testing
3,edf23c001336245d77fb33fdff91fe8a377f7f8369fa4158cc48a7b4aa419d05,358,testing
3,008450527e22a1c6b906f80a5993a41a4a2e047028ce177caf4a13cb82b3b169,359,testing
3,dd2c209dcd53f2eb2e5848f0a55eab172ceb07402640001e4c59f862ca5cb1a5,360,testing
3,5b133604dae58c4a3620015e009095fc895e7c232d5a2e2a4b616779c8d8d2a8,361,testing
3,04c22543f085637fe9569661a0244e31d2220ceda6203e5754ba545ff674736f,362,testing
3,df0b97415b3af2ad01aac12cd18d9aeb1bca41e9421df240ea9fe6b97cc5ce5e,363,testing
3,6efe35d0f543a337079dfffa852521d6b4b90d32dfb7505393ee0a9f22f62779,364,testing
3,f34b8e707ce62061223fe6833828b0a933cd0e66ec347d0e03c65696265013cb,365,testing
3,2199150718e11ad69d850c65deac527f542fac52b837d7659cccd465c00be41e,366,testing
3,cef7864391dd5f588b2bdc2758a580fff798d0e26ffe1d3db1a9cb24bc401ff8,367,testing
3,a66b5149762c64f5dbecafc6d345fa1c5676266c74ef33152bfaa7e2aa71689b,368,testing
3,6a509b23557a77f2be0abc19d3deb537057d7e0376f9937451e73d2b7048ca6d,369,testing
3,3ee9f571ed3aca4e9f6776d2195a48a259e808f9cea72c49b1dc62f78753278f,370,testing
3,f4ac7f76fb838f08bea9aff4f6f4f37f7fce4eead7bdc3b78add7b486b67e124,371,testing
3,2e71ec6b5aafe6ff9056967038509ecfa83ee73bd31cd22aee5575c3036f0364,372,testing
3,823587c0ffec8a269dcbe8ca34b0d6b494f5db585010dee559436b53749c1651,373,testing
3,e9de1130897cc91745033306c44a9499821e684df0824d569eb4c4fc2e73644f,374,testing
3,c0f55cc06ec8e283a1ee41721365cd7f2afc983044ebcf48518b2fb4a37abf26,375,testing
3,f2058848fd84b2c3511f45af44071d57d6d27d90a0afa7eef087e7fd8f491776,376,testing
3,61fd4c5e6c6da4c12084a1236c09382780e11c37d85071d3710a11387f2a3197,377,testing
3,04c339114c82f4d6c5a8159a77e253d5aa5cf2160fccd15e794309948db90daf,378,testing
3,ab49f5a15a755de3c7ccb405e3cd6941521cb9f8f13bfadb7937ad0e8a2bac9d,379,testing
3,8cc31844bd5192568dd83e93df914b3a387e99d6d43c00566aa1a596472267c4,380,testing
3,9e412089ff4520454973b16ccddd2843e77e74e39dee06f6fd9141e8abcef765,381,testing
3,83b08fa9a6500bf3828ad32d33a89826d1738f954d41137e686e9696ff0fc73d,382,testing
3,28fe91647a108a0d5f1bf1a796c1ed8ce9cf269bcd0e74c6be24d4e31704e5ff,383,testing
3,6ca7ad3ddadc5a2c7b738e6476b716df0d3c2c35555dca8bf2bf76504eeb905b,384,testing
3,0584da557f41ba0df7a4e67fb65f1f0d850895e427573b3c0ce6a53123eba44c,385,testing
3,5e78f7bcfe7af1bd98297e679da326fc301b6dd10039cc6410c96e2421628946,386,testing
3,993385349f814518ca72a6a60ae32c1b628de6163092a14c5439f1501c2fec20,387,testing
3,7c1d5eb929375a5777419b2456a94bae4efa8add82fc273d50bf78d69cee4b13,388,testing
3,eddc219c57ef429fc39dc91e3dfbbccab23a092988a5add414aa061d0fbfc2cd,389,testing
3,1e01c3b05e939c217bf06730dc16640d27e5b874b329ea1eded4c96415ddd815,390,testing
3,15a7e705d5d344091a5559cfb3f824a488b5024a9a12b57548c4a258affebe56,391,testing
3,956c57a1e6958b3cc2d191df0161915f03a612594f83f82253530c739c1f24ef,392,testing
3,b2ff92d7edf5d257d6c060c68e1cbcc9a23b5ccba9d020e12b2b2112853c4c55,393,testing
3,1fb38ed68da020c2f57abe1183ce58e2b68002c17026f73f6f4ebeadc56ca479,394,testing
3,5885d1c45a4ef6cec8a501952feab6d1c05ad14ae0c2dd41db8b0383e0353e7d,395,testing
3,7a2e05ee4ee3edc6da2c946c7bd453561204b238a25eb9a708bea8c201959dc6,396,testing
3,e066aa192f3fb021a12789da0eb7aa659a69954b7294a20a7971c73467b667c1,397,testing
3,5bb0b3abb4ecc72285ce9f684253becc16361dd78cd9f378043f82d64df6f64b,398,testing
3,eb6f617090356a06a9040185416c99d6c91cb19c80a1f5225856aaadc2a2d018,399,testing
3,30eb0df24a2823912aada4a1fa85535b2d3309081c8f06f4f2577a86a2566c2f,400,testing
3,8edc53af68784c22a0b5f6baf6d472835e725e3c943b17eee7a60b4ee1a66db7,401,testing
3,fa4ce527e3b1e06b6b57b7beba444619b0a33a3bf7a0a937f9a07a010a68f902,402,testing
3,9a51b7c378b003f1ff3bb6ef35e5497b0ed433faf91010f2e43be9e6461d5ce9,403,testing
3,b21581b803383942cd153508f1c7af6e5aad3e04fffb2424dbc9400b6307f6f2,404,testing
3,3ac057726150272009cca1c8fa24d330f7a77237db023ba7d174f393bde98ee8,405,testing
3,4266cc6794f28ee20374c44fe0310f8b8eb417e991e69d670063869b3ec9bc6e,406,testing
3,f043a067cc6de91f06f5f90bd3e0f32ea02b37273720b1a55cac8de1c05a1c3e,407,testing
3,62d9ca555e835e6996ad1bf8a4de3ff8cd43c729f78b576a987764e88c9f12fb,408,testing
3,2385901bbdb6bf318e2dd41b6838364e5ca8b08ecb70eec444613c5179f93ae0,409,testing
3,40d2baff0a26935c20320bc6d899eb4cb27a8e00f6eedc8a17492f28ac012319,410,testing
3,423daa74f026c626c2345413f458556777c8eebb7b36ede555935713f23cc959,411,testing
3,bb7a85132fd42ea22e2007959184a99f34147da0dc83b2692db83a84b37b03ad,412,testing
3,cdd9f268a87fd76b588a7951b2a2fea7c232139a960e1ed6973d5afe2fadb159,413,testing
3,8f19bd2a5447bf59eb63d92e569cd151e755177be5172f05eb1405f0aafd56e0,414,testing
3,6496414da42a0136650835a4df449983ad1065440eb503f371a8ab48d8853264,415,testing
3,c5140c9231868b14354e1670520dcb39ad59e487de0d04f8aec2a8b234cd9304,416,testing
3,79d33d8068534f71f731ec7274fea9121fa325d23fb176d3bc3518ac5931e88c,417,testing
3,53f48ad45e14ac4c6135ca001f1710fcda5b9aa8e69aa20ec9534bc4cf93434d,418,testing
3,0d2e832f9fd447f7a149ed63bfa2a1ccd3c17d415fb33e9d0c2b65bb4cef37ee,419,testing
3,a3ffbb0e614f7b83ad4d763d56a5616818c36101273cd921e2f5039d109a5c4f,420,testing
3,6cf73ad7ff59322a3d0e475b85373e765f167708aca26e9e89a983896cfe850e,421,testing
3,649bbbff12bb2f1042ac8aefdbb5e61530a95978bdb4c642a6ab526d250a782d,422,testing
3,d8986128878a62d3ee6b168730df6342ad184bb9ed04155b20db4daf6b9e7447,423,testing
3,8159fc8e16539a400788b76701c6bec04347f6c6bc4ddedaa2a435d76129db84,424,testing
3,d56c9bd8c4171d84e2df4e01369cc1fd8f76a978e34e3f34f35f82d5164ca9bd,425,testing
3,86357192bca8128fd700f535f11b2f12f431ea2415eb253add692d13e2136560,426,testing
3,789abae999e51bd89c0c246032c1b940583e5f6b20331b71786f1cf8ecdb86f5,427,testing
3,94f5a7f6542769d5ca8d5d4d2169874162bba136b58da600a38c71c2eaf26d5b,428,testing
3,4b15fbb578590b39b3c583e53a7305ee172d1218c84ba3a5413a1c170a9b47b0,429,testing
3,61fbf3d177f51c737447b3a33981a57617ef4b2ae3d41f93000615fc9e631ea6,430,testing
3,16e6c38e2195aee130281b8f6aa4a701224f5307ef324492253abd1d6c28393c,431,testing
3,cd2f9ffa43340d06bd297a84853f5529b95439c924d1025a0d04c97914752339,432,testing
3,473d9db06840d41f5d57a3a89b3aec83ea6b37813c33868d80170284f5fa47e1,433,testing
3,1a511834ba49f7814fd2f27bb5ccdb9bfb58af92f3c68cf1518159749f89dc72,434,testing
3,5e04f60c29f7c6021d395c356da560b17c956b76d44a3c57c146c3019e0b19a2,435,testing
3,e85eaadf7dfe8e667b74c5971a06abebd80e99f20b475fc879f1139749dd1376,436,testing
3,7b448aaa2b1dd2fab492515dbf37e9c6d8ddfca81d9b1793f20e49102f0f0cea,437,testing
3,5658c08c7f63cf7a9efc2767fee29a88f08172696e2eeffeb005cbd7c0934725,438,testing
4,6634ebd22256d514bcd0b96f1282852a48f3bcc0abc730c9abf50a0baad3a189,1,training
4,4039bd8cebe8c299b46736a8e776eae6dcd5545df4a1a4bd8d3ab869650ba322,2,training
4,20cd4cd50d573399736a7473168ea0b45ecbc19765e320be9f8a423fb5eae41a,3,validation
4,5785018d28c6a6689db929cd6155a6c93ffdef1d1fa9f249b53e643e00d55bc9,4,training
4,27ac1072df96b0871bf274b5b23b4199b45ca7e0bd9d8bb358c4b59a30ec9288,5,training
4,48fde5ac0aaa2835889b505ab58fac1e4bcf484296aaf0ef5190db441144e917,6,training
4,58339fff63c1f94b2317b8dd2fac5f0ccc0fd9586b8bede39397834fff6d06a8,7,training
4,8bd560e6cb1fab2e4e69f263409ebee8f7590171ccf73249cc02cb6c2094cf8e,8,training
4,f3cf3caf1789e4b07eecdb2505285652c174da25e0fbba10052e128138fcd8a4,9,training
4,521254a6bba13ee59110539a57da9c7f86eb32435d8e3c98ba7fc02def09de8d,10,training
4,e0659ceea804f1828b47a4fb042ac46952524bb05582f0a61a5178e30bec2efd,11,training
4,7cb8228d72dd50e103a1669a5d245deb120cb103c79ade2a8f9222efc6f3805f,12,training
4,478349b0cb0491d4f3abc011a12eed6662576a51455a6c1b3a35d120c06e8566,13,training
4,78b4effd2a626bd152c940fd3cda20555f9a45cceaab36a84e99ce7590529a59,14,validation
4,9eccd9a537c4034ed5b51627e7f8e931aad105342c85b47644a3922bab10f7da,15,training
4,6721c9160a8469cc84bc943812dc24739c9a0fcffead47588acb6f5b598038c7,16,training
4,3214e34fc87d3339a2d346ed0efcaf5516dd898ccee9d232992afaf7c43ffb60,17,training
4,1488816ee901ae07567534ec439b77c9a93ae4c9a204674cd3f6c07ed554803d,18,training
4,57b6fd58d532ed8dc8488448b7a111b9baa23a69f89367b40eea146532ffa21d,19,training
4,0460ad3d6e9e37bc711e2998a0c941598106c98328948128956dfb9bd3b46f2b,20,training
4,c9c13884794fbd76c4a1cbe55ee8bd6046abdbd46029410308203f108c2f11b2,21,validation
4,d06bcfa457d2fd209e186299c383e1a5d26449e7a784b3f0c1ed287cd1bfe326,22,training
4,5f9ee40c759892b77891751de392264b007ed1c225719a231a4e1fa17c3cec1c,23,validation
4,dd0c30becf4e19397ac2247a408bcb26996df38da3f3e46f6e60541c2caf60e6,24,training
4,f70eae20c7425243a34c38fa9c0d49c10b796d618810f1f56a39d67f83fbc5a3,25,training
4,36dc18edfd609a8ff9e4e179ac4ddd4448d187af623d604d3af636ad0a67639b,26,training
4,207bd4431340f3225032470adcf56a6d5ecf73d3878fc7652818f471aa053b25,27,training
4,ec4d754c44bfe86c31c4bba6654049239bd12d1e888aadc8d2d9f228efd0439f,28,validation
4,6e1f7357e80189eb95716eb21826e0df2973da4d440f2cb37ba86f86cb1f8440,29,training
4,88e5b41dc49a5486cf092531cf344337acbe53d3a712da8d84fb93c7317139d0,30,training
4,0551098ea8321cf1b503a9cb566768ce6fa091fde0de26daea9b35ec416341ef,31,training
4,e3dcc79c60e7c73d0cf9663c4805355a08c9e24160e656d725cba206ab2ffe18,32,validation
4,989a97c645f286ec757070d193984ff9271722ecea29326fd2a0b9913b106fa1,33,training
4,9c5ccbfaa45d7e70bb9045c9ff3201738b8fe19b41a5bb63c7402d52644fadfe,34,training
4,9363e3a2c91be28e673ad95eb90c8f0cfaa4e8cb01916e51c68fac21d398f6fe,35,validation
4,2a7f985766117d77e758fecea2fd08ac624d13bbe783851b4a862876449f98e7,36,validation
4,61f77356a53baaeb216e0319dcf722bfaa94338e4382de9962a8814860ca48c5,37,training
4,bf89c5966c8cf564bb5e6f9d45ea016a618f042a879d9c39eeb2ef79ca705b4e,38,training
4,1f001b0865205f7460728e34fc87d0aff046cea244c8566da9a915f6669add7b,39,training
4,68aade9a9d685407ef4237e03c23120bdf9d6c83a1930665a05a2b6237c9e761,40,training
4,e18593e558ab1524cab26de93ff04d15c074a90fd81b61c5333213f83811b47e,41,training
4,ce5cd4af23238baa4b853ddfcc0b0aedbbe88acba262ca15939ac5b3aa3c2551,42,training
4,9f300fe749491f0db337db9593f1822dbf331dfda24481077b2ac79c3d6d3bb3,43,training
4,3f67defdfc0c6aa7be74f493977beb3a16481d186b9401b38f3a53714ef04a85,44,training
4,ff8bc4c3de3fd2d82163324f4e83e213a317966ccae48e3a09c71f3b1c78c4e9,45,validation
4,e5ec6ada0c49a546bab3e4d02a0601f7c28faccab37bae61bcab15c7fa8b928a,46,validation
4,ae27cbecee8baebb4cbb3a71b96775f2ccf35f27d9a949cf201dfc3222b7c1b4,47,training
4,d3e1d1f9c871673f4973494457066f519d1bfca0ddf780cf5c679c6bc22c1161,48,training
4,d9d39d1172be35071c8043c672bbc46e63c2def07fd8e9ceb124ffa4b8802920,49,training
4,3d776574dc1686c4752716c844de34ba62a42e2d7c411a9031b0dea17c3e4285,50,training
4,99a51df6762924fdf643ab43e2ca386b8755676ce3c4a24adc89b9e8447ca7dd,51,training
4,e08ea681b07098940e1078c8464c4630ef471eea88a66888629c220f97cd7fca,52,training
4,941abb95ba32796652d2721936c458cec7900e58847a99fb03e4df5b9e78e55c,53,training
4,178e94c4c35be0c1d2dcac9599b070e0cf3c7febcaacf4f87f0d2af0a3465c0d,54,training
4,7ac7bba63fb6f6d3e24f03cd8e8f24895fc93e236cf4b9e457f6e681f92d4fd1,55,validation
4,7fd842aaf2262eedb45898807640619ba93839942938fa27aa1a2e0f64ced992,56,training
4,85186a4aff8504c81e0f1c298f729afba6fd1ebb0caa4a55cfb4818e3671b5db,57,training
4,3b4650ea11d56adad5a690115db14527d60f63a8e15e3a1b1d9b2ed54d2ae455,58,training
4,748078e7ee701cbff91107b077cb78fd00f840752dd23eaee7a4e810a9e65b63,59,training
4,3fe0e47c5a455ff10a0f67a6636f06ce763cac6715e86ef52299dc8b687b0201,60,validation
4,db3ed2e35edd85a69186469093e5f7dd8e1f78ea09dff7b990a1fca8ffeb362d,61,training
4,02923ce6ef336129aec6a3297b1aef2d70ad883ab645c54dc27edb0df2981326,62,training
4,98c902f95c50c7af9687ef92af4b63b536a274a1ddd1e6c693f02de3791a94c1,63,validation
4,018c84bdb1a1ff95f728cb0d5f40705a079572ce654f292285fecd7480634177,64,validation
4,f72f53f657dc8c466e3a681fd12fd1d0f4fd1bae524752a953eb7eca2d0639a4,65,training
4,d8ff06a4274b496ffa6cd71df4981d96e2a4512eef746ebc04bcb46f11117106,66,training
4,daa45e033d2e0eb4732ef80b8c7b731ebcbfbce2216c8ac5fa07237c3f316cd1,67,validation
4,4b6b26fa44009acce28aa77022715457dd4c522f58dc12b65c58263472116c7d,68,training
4,a30fe18f419e5969e78b2b5c90934d0b705a63f2efb84f0ed40d4699cd6e35f4,69,training
4,177ca548e790034280669484b8d1920a7b0a4cfc9dead15791be21eb2a3ac879,70,training
4,c37a9e23c04d19fdbc3a30cdb6fa70e113481454430d1e9f01781fccf9cd76cf,71,training
4,c827317685885d549bced69f55b8a49c4562679fc4a9528967662e0c90319788,72,validation
4,8a3a4d9fab0df15d10dd946780cb1ff3ac228e4be81f8ef80105629c3e3cbde0,73,training
4,a46517c1afee8a318ca8c0f87921f37a1dfd3962b0d43584f324d5cd9add9956,74,training
4,5f3f09c1e1016901a656a7d661216abb1bd48ba04a20fa3001f173fe527e44a5,75,training
4,e6ca36a0639fa2e6c451610d20be8dc5c8a5f7f423b13227d9509b82f725ce3d,76,training
4,1d919c05c1f1eed8e66dd05f0e40002973f7b237de7b82f6222e1d4738e6a4d5,77,training
4,24739c5b6d1f70b94768dd44968722435b7320b1c35b97e39b3f03f8b2a421bb,78,training
4,1c13b76bdedc14fb97bd29faf0583488b39abf75739df5a2aa963e48f8bc9a86,79,training
4,55445652b60ddd733b1ede503bd217c3c5a2bfba132e2799316a3c2d41266cf6,80,training
4,330a8db99262c593be0f7fb3eb267c53a7f644cf45b0f15e673cb16bd86401d0,81,training
4,0f374fa5de5cc7c7a441687018a5674c6260e0097177c68e8a3e4880a8733784,82,training
4,08cc9b8ad5effef2e7ce6c97b2a0bd1ea97d72af6a0ea06090e2aaff7a004e4b,83,training
4,f7c0780b23046173e862a48980e0e10647716aebacd18ca7e31be97e9e7a6992,84,training
4,3d4956f3c66c90cc51034011b35312325ca70015d35ef7376ced5b9758a8b0a4,85,validation
4,dd8c40bc40e150fae600518b572da2b4003436b17de2ef563427fae1168d32c5,86,training
4,a20a15c89193dc116bd43b6797117c86eb6c4feb748c6a11f8d002ed69761650,87,training
4,d295cfaf1088d8f4718c413d0bdd55c1f254ee148f5ff4f7d2cd92e18493ca22,88,training
4,f792fb7933163eca40aa17a051a38d459e74db44e5a6b60dc4ba76726cd88060,89,training
4,f7cb4b37a323ce9d195c9edbdcc6fca004c3bccdd417e24bc83677a8b189a486,90,training
4,1903c41f4b5746b6b2151c54512c13de5278e4027de4591e8a7c3cabb4f6be01,91,validation
4,7fe94337787218b85d29ed9417e0d3274f81a0221295392e0f857c10270f9a85,92,training
4,74c85f2cff744c597eec5e84e09227c3178306dc50104bb7d84d81cb84cccb9a,93,training
4,d7b1bf6b12e208e48ad3b6c9b0074fe42a8fab18760f9f777ed76c2975230029,94,training
4,36c4ee52077d9588a0bc12b5c47d4f3e01d7ca98d68ee3ed9fd900f80aa3a9ae,95,training
4,e4895e59c568cf55970cd0bb9a591e2290dc481e2d73ff3610d93e747c71db69,96,validation
4,4524b16b77c0f653d6332e92a0cf510fdc3681ef3028dac198a5d6d4a14f91b1,97,training
4,b9077aaf10d3efe190f21a59ea0629d6396f1843a3937fe27ec6117f434bf4e4,98,training
4,63a2014632e83a1f72c0639ae7ccba398db03b34c60c39a1d9714c6f688021b9,99,training
4,02b7704e6ed6fe9e025bff1efc9eb13dfb60a1b536bd12285400fe63f4340102,100,training
4,f3f5f5a8898d296824aad19c57d5fddeba4439698b41b1301edabb2c332aeed9,101,training
4,153aa19b6ca10d5ed5cb9319d893a3ea9552d9db1f6bf01a30fa78dfa6fdbb02,102,training
4,9c6e0cb021df24a1a13046ea1697c55b58df4a0aa55ff5411694e6d8386d6455,103,training
4,5d9f52816379d7a44626d722e11a76a1e2303dc72bc820835502f2665559e240,104,training
4,30ea41ef0f0fd92327182666a7fbda59f2cf206baa37ef72e6a1d58563e8994f,105,training
4,8023458d5d043fcbf7e0f4248e517af01719ad5e59dc68c684d40f5ea32d6b23,106,training
4,654737a7ffe2a9d59c25e9035030df5211bf9afa045bed89be288b45578493a4,107,validation
4,5d77969301a716bd0b1af445dc5d5b981ad1d019b46996fa8861fa8cbf35429f,108,training
4,730916549682ece7e50022b526e935645276a368a3760c9699a5c1c393706aa5,109,validation
4,6263a8d76843dd0626497ecf2e301ebd53c6ff857a5ca862daf64df65eb7ddc0,110,training
4,3afd29187b3033c9e20d1ea1a4e55125dede0c49bb032f4238d8175c577db707,111,training
4,a6d162f6fd5a05ff0750064272b8072f34e0b33da7091e157d6f3326fb214b9f,112,training
4,299636baa301e85991f093d44826f8ef38578545ec6e9df9b92095371c7488d9,113,training
4,89b02bf17443ed609cfe4bd95fcbf88ac4d875f22f7f9099eba21899350ae5f5,114,training
4,656bdd5b1f97105cd18f066229f9493cb70f4d34957c09c1dff7870b3b6256dd,115,training
4,5320ed4352906c7a6978a238a99b19cffc6a14d9006627b6551199d02cb634b2,116,training
4,2d12b4831c0a823cacf00a3f2d60bbe8c685bef6323cfe8ee522c5e6b40b91a9,117,validation
4,234ef6aa800410ef58faa4962ef0032213af2b41e1e42cccba224cda51e52127,118,training
4,4107250a59501db6a7ce2f7ef7fcef31feec72a955e0800a91a52dc100e77acf,119,training
4,476cab8f7033ab37f67089481173ef6b3c3a42514c7607e0b6370e2b246205c3,120,validation
4,ea2a696b20c0da76ec4b91f747ee1fc80fe5e83c8b9c65512c3539415f961e86,121,validation
4,e5afee0dd14ceba6d785f18f81df3010a5a2dd9b3c5d6df1dc9d32c8faa7760c,122,training
4,333de7bd54b3e349e279ba9a93cd60e41a6f813c60cd3703c89fc749df157caf,123,training
4,b7012418189560e5f1f82a5307b29d33746945fb5c5fca76a7a2f8002d4986a0,124,training
4,2b486970a3939048e2a6c17042b43749c77c44e9e1c9bd9d6431434260e3de8f,125,training
4,5bf68c71b72a7c5f2fb070e15abe77e249c05ae3dff4b96f1d192ed067464c07,126,training
4,87d2abce0a60fa952dcfbc1141437e5efbeab19faa617237ca31491a439cdee9,127,training
4,a81bfdaefd3f9153b9999161a3a4b0c94f7505667d8a2c469e51847b24062880,128,training
4,538e856e03850370ac860bceb15bb9b79a548b134393e0c73ef0783436a2e6b5,129,training
4,29039b9dfce46796a04894c7c16e409a08309403806ebeff073410d26e455972,130,training
4,560a8ee1de3da4aa85cf5b9421c7fbae015367f3e51edddf8b1122de1dd9c410,131,training
4,da649fc0d97708c13ef287312eecf40e28f8b627b79efcd9b8a2ce84645787c5,132,training
4,23396ac582b2a61cc1e880ad8067265cee48df5f2844b49beb395c22ec5fbd92,133,training
4,e7c464af1d47a5124033a7d4c5bf1ef7c4318e826a0cbf17e2beca2d00c0d9c4,134,training
4,4d158f6848a17ee19e4e793b26eb7707b3ae571487a5159d17ae7e04a9cc6f2f,135,validation
4,752b35c1a4fb1bf02bfa6630830af347374d9dfc71172ccfba0b744dc3dedcff,136,training
4,3d93e0d93894db437c6d1f1921caf389135c79d3d937d0184bd3d612040a0b52,137,training
4,854a3de58bd2829c7b87acd3d6a054fb12285435659393dda081a1aa9ccb2463,138,validation
4,4656153814eabb16afcc71664ba171137865a25b2b7eb32cf5ffd60ed9435590,139,validation
4,86f29729f6fba70b0a0af0f0597c8ca0154804c2143687bfe6e9ca902d42f403,140,training
4,f154510417f736c01b58a68aae9c6fe4c90538ff3c6406ec44778b8e35d02ced,141,training
4,791850509c833e8bf625c176799afdeb21f8b411c9fd5606f23ed42bd28e8f47,142,training
4,052d297811bbb23a5cd323d5163ad11618683cf810dba12f31b600141c73d715,143,training
4,45600e4930e994ebc0fbe62513065fc677ff50366f5b0bb707409d7364a06f0c,144,training
4,88dedbbc6996454d6c4280ec94797e2526a2cecc3538fd5688d5e0fe0b7735ac,145,validation
4,2fb7b4d0e6d84bcdf163cc5d58e1cbf72d2f420ac143869b8858a1c60df3ee6a,146,training
4,bdba6cd7f278c5c433d8748483dde5ed0d60cce3c61d11250c85d7c107cd4f47,147,training
4,8b4bebe3c3e23b413fcfeee483de12464aef79e47b9bfbaed94e5a234eca51c6,148,training
4,0d5cbf31aebb5efc5e31775718559d8071a6ab47a6f1f7561b131f200d2be525,149,training
4,9a88f9caf7d81f8c2673b0a03537d135d45d7707942ec3abbf1c2219c46587a7,150,training
4,9715f1f556fbfaa0f92da329bcbd4beb9dc15381d057bed1abbd17e36f111758,151,training
4,413c144723a1df6abb4ad4679c1c0545a14c0410eacd2c4d3d30d059952a7562,152,training
4,eb48fc156368bfe053e0369df710f859d2fcfe7e5b299b5bb9a190f65e8ee050,153,validation
4,930556cd5274fe70b422a8dab27fedf96dc5d6ff34a852cc4d358aaf6ac69d35,154,training
4,49cdfdf3431b903baea4ddb86bf681328b05bb2b6de8824949a1b40db1f6c3fd,155,training
4,350fcdd2d04e090ae917d6a43e50c54623c6d84e024369ca5544eb3a3d1c5fcc,156,training
4,ab79c878f648002f17e8b34ef44924d71a9b384533b3bf93dd1d73550f83c69d,157,training
4,d7984dcdb2099d23a306c85cb6fc8a9c5c73e6b38db19f435fffa4a9e97ec943,158,training
4,93fb691ce9dc7e322fd686dd882a79261ebe3363b598ea27ed61c68554cc0f15,159,training
4,72638f7a90299bd11db55b6ada09406b7e38a65f90c6f6b283d362945a1af09d,160,training
4,c05a883ee6b9d05f022a150b8fe7de6e7dbb9711232a459c38a015062786372b,161,validation
4,f291365cc1ba26022db2ca510c64d295ebbb8ce6ce50caa693d564fa455d3fb9,162,training
4,5c7d7d443df358bd8ae861cf53197b5267f981ffc341ab2ebbe910d474c34356,163,training
4,562da854313bdb9990c87913d662096e46b730fe0e7d600761ceb1a072a24c9a,164,training
4,59aa023279a61aa76442b49993a7f80b5a760e753dac069d7bae1255b3b5856f,165,training
4,0ff618a5285b86c49d45c9032dc49614c117e938bf92cbd57f4fa863dc3d3640,166,validation
4,5d03db7f70f2711a6c32ed011a8ee778e84b4c89d6cb9da7aa87715705b73504,167,training
4,33b8767df5d679bada71887cea3f875f21b24cf37f949ed0ff685b91ae329c47,168,training
4,acc6858792eac2cd3a493a265eb0667a8038d0b4d3dfab2cd21489ccf0852d69,169,training
4,f1d1f703874383f86210c11806a2aad4ad47ac9ef6f168cc22b22c23fb03c85d,170,validation
4,070883b6f2df2d35d93012205d8a27e30124da96a48660c84782e38400ed950f,171,training
4,81994055a8454b20515cf850762a830d8f1a91d5cd01f2b746da541d96f75273,172,validation
4,bde3ccb2e36c4e0fdd63cff8f6ba574a5aca446df3c42456c1801fdbbdddce9e,173,training
4,768ab276e09325030bc9c33e50fdfdfa02171b7291d09f703902bcf44ba709b3,174,training
4,6ce2bd2b9a2a14b4322d90112a358730a8aad637d4eda1f7c1ceed553c419b62,175,training
4,63059be0d455cb323001382d1623f2f567257d350d27d92e449bd8ee8a5074ab,176,training
4,5672677287c2e0e7066ef490afb6da6e57f34de20b0aa3ae67878227c070dedd,177,validation
4,7f5a0247b55f322a40adbf0c781c495c932686a2b3e02d3200ef7f33e27f5d13,178,training
4,8a94d2039b2384e7463529dee4ce536185bcf092d3c09e4e6a018aa901da1a1a,179,training
4,75f2210c08ea838a9901762ddab3bc2b0255660a7ac928b201ad7a81b933260f,180,training
4,0270409b4f3c526d18bb3c2edf309043a37bce61f257d93bbb95420cef78c947,181,validation
4,ee3c2c8ae9776ad50b4c7013db14b1e55e1eea2efa5b6e1fa9fa45be77ca33c9,182,training
4,507b3ec43623fcdafc5d4c86635719509b95eb8255d3f57a5ea7e723a58aab74,183,training
4,aeb50874205aaabe1199f3f854a3ff069f9375e17e5abe592e338b9a62459abf,184,validation
4,4e49949b4c3687801d43176b6fb82145733e8be62dd4986adaed0f373baeeac8,185,training
4,d8ef9262791c6a5a6bace68e8793c6a459aa3644529d5b505b8448dd391c91d8,186,training
4,3646b9b256b00773c413ac2e51a4050e3c78b543703534b3b9aa3307b509eb00,187,training
4,aafa436f0852c8dbe4953d399ffaa6ebd90dc0c6ad1fa17fedadea7de8fafe2a,188,training
4,09d9391bb1c14a583d56dee8fa58f6e97dc0bf5f7f2ad5b7f2bfd15a57f9a6e0,189,training
4,87bb143162ff38c17b8550d5292f3f3acf42689f2b5482bf790d15a61a2ae5ce,190,validation
4,059cd13b2103c6611708c2e14cc45fa1141803aaaa1fdc59cbf2aab7c0605996,191,validation
4,fbbc9dbdaf9ebd09d5b73425dd66d8122f03472c370d0f737583d94b4871efde,192,training
4,8ec77b78702e6094fc0b9b52dcd9103612dc1e951f2557ca72f7747576db3c0a,193,validation
4,38800327257982d0ea029aaeec3ad85f644dd826d97241f44a2582ef7c83c8b9,194,training
4,71ee4c1e9d22d89fd34595a83ef8a6786f45cc2d6a7f6f1653e6529936ef42f5,195,training
4,c025490fafbe5d1a53890ccd756160911bab9c7fb86409b33961fc624300c89a,196,training
4,c0bd8a5762a8ce814086bebef565daa3dc77d512aba12231ec1ce71956fa6664,197,training
4,106e6da0149af8d91b85b4b385f155e6e34189361444957c752b6637ae2f6d0e,198,training
4,590da1b5f54aa85afebbe1e4c6d52e76e157e208a1bbde6ffa33368204210d40,199,validation
4,3dfa4e35c841312f6b0700eea9a3716b98ccedf5bf72e2dc87f2d532d977842b,200,training
4,78623ef2c9b59c1ed21581f0f08ef912666911965b33b2683f273b8744c3c434,201,training
4,fd6d93458ce544ea51804def5c05fbe6bdb92ae472bf769944c497a59d5e0fa7,202,training
4,4c45de2947c95e17a4a1e0483a70b6085d0fba4a165955b9259e6d886758d048,203,training
4,b913518b81d32d4437412873b69921945516404cb0ddb9ff2bd1ddf0e2f57b58,204,training
4,850394e10abdba608d1b2f2240b2c2f804b73605c77d63bbbcde6d56c8fd654b,205,validation
4,ce25c62e856e0d59ccf14421d2586aa69eed1dc6096fc910da1d0070e7c4f90e,206,training
4,a2ad3aa2b40fce577ba005dd1cee8d4a363b9e783349286c8b4ca183f450d86e,207,training
4,0779b165f69d2a525eba2b42e432a79cc628758b74f237f808dcf6e6b5f905cd,208,validation
4,9ec21f0a3b6bf0db787d9dc05819cb3b2c1b60278a49ef0c1b6defcb3e61a4bf,209,training
4,261077e36dc43b2194d680b34ed2a30fd498e091dc3f5b0a426718b5a88bba8f,210,validation
4,74a1e6eb8f41ebf7203d41a581d1e5d7a9d5a0c82c46a30b4055381a028befdc,211,training
4,530eb9bfe4c7c3f34e72a060140b6f0fb6c978504e4393c016a77ae98148139d,212,training
4,0b6dd9bf178f2aa3dce3510d7ec9240151753007d15173a571460bde63a6fff7,213,training
4,68c6a5d667f68ee741650d362ed7be85dfa7f4a4b8597b71534c2a44e1500fbe,214,validation
4,a3fc3d149cd1634523cadf876505bcb028a0d5afeb2fee6cc74b26221ba62e37,215,training
4,b1e72c5e23acdcfb9d6dee3cdde2cf9f76cc5d4f207d0ced6222190fa694e135,216,training
4,5aa2c29b6afc34f0ba485407e7c6b0fd19a63ef1940c1b9e76d2a487baceeba2,217,training
4,bbede07ea0591aee58432a71d0c4b95c762fa11bfd86aa1210d9bf752675102f,218,validation
4,93ec6c009ddc74ef8c3417070efedbc3a0e4182e70e059d171adf44664370f63,219,training
4,cc44d2fd0a583944152ea4ddb1980675e933cdbb6c03d7e7b11f51a24b071c45,220,training
4,4d7003ad8a88c80488a500d0055abde0a7de9246cc946adfff8bba16f488baad,221,training
4,b5a225ba6f3b56ad58c41b6aec6e4e0bab758e247f02cac708408a849cb9dee0,222,training
4,48827cb8123f2faffbeb97470fe180224ec6ca13fa6b756b43930c356eb01aa2,223,training
4,80035ec573e2b8217def32d1f40cc59b3e64c356846e037e440287831079ae60,224,training
4,007516f571b82c90f4dbad8e5e74ebf24b64c429e83c5f4ce84e5b8b3510a291,225,training
4,d32976550eb7fdf264fc9ce403ced59b7041964429c44dd70586b6302366cd6a,226,training
4,9a0360754060fbf2f7e2db711139b77fb3bda1fe194423e04f84bd9c2bceb117,227,training
4,cfbd0f6a8d1d967630383ca8e919dcb9f3b7c3215921b03484e3e11c3576bfa5,228,validation
4,f73ff40eec0a7ce3111f9cad2dc3c0038fe62d9b9a6c34087b6dec95de4f538e,229,training
4,59d4b53cbda633bd4ff685e6cfc2c3b0a223aa0dc9ac282346eb41b814bb0396,230,training
4,b4b1f15e4b1f53014cc8c0591ff1702775bf471f9e226dedb6c9920272ac55a6,231,training
4,af22038e4fa9a0a46f464126d760283525846e20b016aee4138371b9026aad30,232,training
4,619cc2472fde48b9805fa7477f087b1fa22e47582ac35991dfa9611e5387f8c7,233,training
4,ca01b2db28f454210dcf185dc71eb0214db9d77159ea13d8b889566cf5687ecf,234,training
4,8a6b6747d82be205200b37c18f41717349e5a9d9aad6930aed5ee745c1fb4073,235,training
4,5aa8136bd3b36d7eac7acf7e51bf06996c9a272b9e012b1463a473a9a5c40d04,236,training
4,7861808b398d55c28f322470891e2a6d602b93cc033d03f709f72190e0b5458c,237,training
4,d15812738db6c524866c130232e1be693631a6922c4194080ab1b2e9515bec1b,238,training
4,c20533c38138862f45c3587f6bf3870732bc5999f481d983022ee5bb97a9be63,239,training
4,41c9d75244deb8356fd49d2e36e5cabe676c85b3364124bed3af983f3eeb82cc,240,validation
4,cc5794fbfba84408a9256464842847e9c008ce4e95ffe8262c31d6ea4ee1b538,241,training
4,f6c11f8fdd9710f843efecb93efa5f9bac0386f125355ae8d094ccf6c4e0fb20,242,validation
4,102fc9f9be3998847d8ed2f1bd71ac87832f7693511fd3aa165ea7c94f3c5bc3,243,validation
4,4598e25c2d4084ad3ed066764812b10cfb6db2e0389b2cf91e9e7c66f784fb3d,244,training
4,2c7dce20abba184c49521eabf5e871ccd183ac15197d911ff892bc234c4feb90,245,training
4,5805a3e07ea7e624f8e3842440439b9c36987c2b7c37cff94296b1ec80400db5,246,training
4,eeca44cc38311155cb812559c908905babe4fdbb13def01de5b5ccd8e086f3ff,247,training
4,e28cd7ee725eafd1ca30a74f3188fb0b27c972f8e1c620046744adf19d9f0902,248,validation
4,8a06fdee1c70606d2fa8a54f48d310058b7464e2cb7ae9bff946029abe4f2012,249,training
4,bc354f151186217f388e137769c6e76fd8b5f6258c68c8dcce9fd6b50dffc8a0,250,training
4,c94ee9bf5c1614a5abdd7743dfbc8b7fd6029a492c9eddad181153e8ec32cc72,251,training
4,63fc72ecb0bc7bf6cf42adedcfc2ee32d1985731a06203b9be452ebc7b9b59e9,252,validation
4,4b63fd665b72a1d8019393a64ad891ee55fbe57d39a9d5a793eb2a2520b33816,253,training
4,d920e3b2542632bcb92a4a9a35451dd9de89005c203b40b368248ce65e4ab790,254,training
4,f9782e31a9cad2e8fbf602cb3f9c88f58f2ebaa4d711022e3fb20aa63177bce1,255,training
4,f757ebb5c9b8dde954a4167c2cf8a4fbe4a6f9bad2f74098093008c8590d7e2a,256,validation
4,6a67b84c4e609fb56b47603c6e4adc1c1a02d229e21d03ec3026f23aa78a358a,257,training
4,18563c8777fcb794be2cf233393a710aa3aa6187cc933aaa1f5a4b6eb5125639,258,validation
4,d11cbb5ca913286082068e69e1096d102e7c88a2dc88b5b6dadf99484d0770f2,259,training
4,0482a5b619562dd5c0c5cc0741d4fbf86eaa88b103928a3f2dde3f005c576513,260,training
4,d672aade8080e2665c8037a0a4bc5bbc2a171fa053d50a1ceda0e6cb71cd0aa7,261,training
4,d3aa27b48520741acf0ba22691b8dbe778ef2f307bcd3bde2f454fb9fed9f779,262,training
4,cf7ca7c7075645d09baad6d16fbe4a1292cbb13a40e0f908cc7b74339076b030,263,training
4,790d17ff1bbfab019f1c94ff4f33da2eb885e30cdbe67eed747e57a9090714e8,264,training
4,ef40004ea0affff7348f0ef203c51a9070c5d76502c755b64089fdce0f3b9f1e,265,training
4,31107167c4553d69e3d2c6e65637c3426709668bfa037cfd80e99aa097233e12,266,training
4,a0e552cac3ba8afa2377b24dd75e5f6638625370fcd5bdd2a0ffbed3a7c1edb4,267,validation
4,aa243671f95063e48559861246dfea2803f1cf3f6afd72a193eacf391caeab13,268,training
4,15c1d10988829cf620c2a5c138116457d4dcdbe358602e9c592c38f406140628,269,training
4,f230b821ec3e5f551591811f81e5c456f5d6595acd558983a612a9eca48fb767,270,training
4,e4cbf51b911def2a8ce10faf4c12ddd643edd3e9d3362b17dc16d615b709498c,271,training
4,199cc85f07e58bb37f8d787e4fe83cf8de4a594ec2d052da482bea5c09b3cd42,272,training
4,115ead882a3088cba3fff0213c632806fc829fbe548d4e404d2124026e21411d,273,training
4,7b8af0346a26ac41b48cf77817f9aa97ab3a9960c5f253db47e8b84f7552570b,274,training
4,031a7cdea63af98f0451846d1f7196f2d34305fa1b91319219bae6d9094686c7,275,training
4,2d7b23d0d1bf69b092faaaa58fe2d1f185b2241a36daabe7d158dc6c1c0d2abf,276,training
4,34cf19e5299d24cf6cec2a836f952ce152a3114dcd3b948b0ea5b9ad1bb1f5d2,277,training
4,162436df3fd8810812987f1d02aad020ea650af94a84833214639ac5e88848e8,278,training
4,40f8a5db11f79f930c6d3b1d0e41147f3d651830a14d6c9454f83d1f60600d4b,279,validation
4,f5ea0aa523d59b15c9c8baf4a751b7a70ee7243736ae6b198c933624e5baaa5f,280,training
4,7a180e8d12988c9080d2bc8e3453ad949886647cda1c6d705cb934770507ad05,281,training
4,62e58d4f4214907b8f94b2adc699cb7bc66e6ed06b69363dbbc2d49c40496cd3,282,training
4,b2b42740c415835db518ea28781b4ae300c434b079b083260e79253d431c2484,283,training
4,5344c129b67a0c8ccacd0f9c6572d30faf035b8c904a8f0ad9aa31d5d409f130,284,training
4,0744ec7c5474a338db4080a150ded3950afb29a0eb33d3b358e2eaa606b7f0b1,285,training
4,1e6037207ca4654c8ccfe2988d439fd60cb07d3e778f4e3dfee3b71610183b6f,286,training
4,014211ea81e3538051c2581a2087e2afe561dc43d9fcbc7370e7931e015cc691,287,training
4,04042c837561b4fddc9ff5107437df94cd4b9ddaed7bb2736edb13ac914f4901,288,training
4,fb4f7623e9521b5dd80e4dacba6ae51ac0d513ae0c7e9ccbee573b704d5249ca,289,training
4,697376306499903b99ef0112dc67704f52ce4b21bb66eac938109934fec3c47c,290,training
4,0723b95179ef76f9117ac3e8e6f16e6da8c14f8da2585730e6ea634812a50c1f,291,training
4,53da66e704f11dfa7330a6c1e2f46a59e665c4cce96ccd4d1b87151edbd8a226,292,training
4,70d8e723688810e1db5582916975e188d244b119689fd4101a9b5d95ef072ce1,293,validation
4,c85603f7a29829505585c4894b405fcf38a84f2a87053ea4c53acd8e823ae343,294,training
4,3a35a7d109d8e5eab96118dc36f220d049525c8283634df3b1a41d4525cfe89d,295,validation
4,8a0d4ea9d2bb05960e3a767118c7f9fccc5792a7207a53372474ea6a42dbed5d,296,training
4,9274fa755d47323eb951c8d484b7422944fa237794a483be2fe5d6956aa43314,297,training
4,42198183a647a2491270c857c27a654865779b29a9b21c18fbdc9aa5eb1b7532,298,training
4,cf170b2161538b3c6d63934f634e2e1fb8f6cf8619341e94ca9b2b2ebf365973,299,validation
4,834163a50964f914ae4120332a69eb888b4445ba4107afd32cb5d019a546af27,300,validation
4,51965f94c97dc39a87fc235b0de3c561e2edf0fc63ca0ee24cd1a002dfa8fe23,301,training
4,92b946adb3729ee5d7a4729c50bc4ef8cb3a0f00cf0a40419af3596130f440db,302,training
4,55e35d11396a8f1bdb37ff02a0deda9a1171d9eac14d735adb35a4d882ee273d,303,training
4,3ee9e32c9892eab86a25c68fcc447d878ca16622e1f67a4ee9ac7478e05f23d7,304,training
4,d42323bbcad4ed12b4b453cf22b4c1afb3b703fef87df1d37a50c36e508f9895,305,training
4,c0eb045953edb707d0fbfab98189279e5aa8f5be261105236d28fe282990643d,306,training
4,a5e4fa97a86ae57fda59b769ea704727d6f34b0ca7698d3b636b807848b429b9,307,validation
4,665777c625be8b321b301410135114fce7715186a15a4c118bf8d09b05e1e98b,308,training
4,753380d536dc367c51914d11da4ed819627921d20065f4fb378d3c16ec3c389a,309,validation
4,b1d0beeacc370c0075ffcda5792d73248a35e5187c3057082c1c2453dc5df4e7,310,validation
4,65dca4be143a1bcfc3e8db4df8a739ccf2264779ca1ba81fa5e40b7431313ed2,311,training
4,d4876cec5937fd6e3a53f9853b0d04ff5a61dcadcbb0c46cba317da223596780,312,training
4,c94bb4decb60813771ebe6f7fbfd4f5d79bd40e0d0b0ed14e9736b71998ca4fe,313,training
4,7370e72ef59526820cb0da1bb65640a35803078d70233c703d0e6a5dc785fc0e,314,training
4,3b4175d63f2e5f953eee77a862b007cc4f043bb6bea7bd67b6a90a4ea0498e12,315,training
4,a74310b45b37ae46b95542e03bfe61cd2e82c5e8ebf2b26af9c27dbfc0e6f11c,316,training
4,d64c5507f55655bfbb20309c0f0b48d65b962ae787aa21998ac5507a058e8774,317,validation
4,3e496b499b1025da3e626b11953bfb9c311da6a795581d57e6b8635f5561c092,318,training
4,16962fbe05f3e87aa24e316f6dd55954951ccafabae917fc65dcaaea0e47ecc7,319,training
4,97c1b97a2e34d614a05fba0caac6b98a9a4bf6988c92a9ff03d6ac814899f8f0,320,training
4,ef645e7bcb00df1e3fbe30c8453fee374de9788f5fe5e649b9b344d57807c419,321,training
4,075a8280eb097b589e0744fdecabe2efd0e3f7d36e128b7d196ebad7904085c3,322,training
4,292a996a060e66bd7becab0df4800c11206134bcc7c6bfb6fe62279577eae1d7,323,training
4,ff941f48f5639038593759b540b05253adba3fc9de1272a1139646517631a5f8,324,validation
4,2ce8be5a114c95f9c77dfa01ba4b0642345e7a47024857664b33ed30d21ca557,325,training
4,2cdde91eba0a1b1a9ab8b015e1565731fe8e57e3b67f7217637cb0f7da42a982,326,training
4,e81a65489d0ea6b7e0826bad64e020d8438ed12a5354a797f8b1c7f25f08c2b8,327,training
4,72cba157bafa718c4f07f0311d0270d2fd258114050d4b5fa94cc35e4fa6fe2c,328,training
4,b99d4639eb7e4e90505a5a6d64d99269f3042b277f90a6503022429222cc8074,329,training
4,72b0d89699309bfeb5a8991d0f894e55a46156ee822339d36d11fb5e5d93ee3b,330,validation
4,044d719f9c1e20d5211a6a9a4b8db76f69d3804fd156a6be78fe5a3b08c6e532,331,validation
4,ed68df16b0d330f35fe0d253ae1bb1617fe1ace897864d6113481987a0e8abc4,332,training
4,4c1747056fa0263302228c7d7716704afacf81733d864c5ac92018f2687a0d26,333,validation
4,ed52395cac95cd3b444044bee7616ad64070bbccf00cc344b5f9d1df4bd55b3a,334,training
4,5b68eb67e4685914c9c55ab077df8de5208c43a50f8c2fded9898e1012d5ddfd,335,training
4,5c44ab06f4bcdcc1799f993ddd21bcfc99c3662d690f61222b3b118ec351ca0c,336,validation
4,0ee8ffa70f118afcc8bd2686500d56c793b344c507b06704981478b44bf081bf,337,training
4,0ac769061624962152fcd8ba8e6030bbf258625ee94b7f29673bc5b84b28b54f,338,training
4,1e1e89f156393cac80c26ebfe97d9ad4ccda45a16d58d28927e1a7684db61225,339,training
4,d70a795929da3e030c5c7fddd1dbd12b41538960052f827f7146e62223f08e8c,340,training
4,fab8114e3998d09f9f68f0b93d6df744fdb0a3e0caa9d22712af6c18821e31da,341,training
4,92d48bb6253b9ce9f75f05c225c0485780c4924a7c42ee0ba3c1453d26f9274e,342,validation
4,1cdd05d9bbb968e9b989fcc1b346a82de304a58d72743924d0e30f2488cb5f77,343,training
4,8190b5f4e96092d216b1820acc62551ac87251e8201f9ef2fba2dd07dcc4e70c,344,training
4,29252236c494325e3822d1c0e85e3b47b6dfdf7c61ef8d256b97b5343e8c85b3,345,training
4,09d87b1568e09a743aa7d383b0522ed13605493207f5f4518f6360757a932147,346,training
4,d3ae8c492cf3410f7449b9b1d4460de30f47976c57c6afb951b5c44c803c5737,347,training
4,67d44c52a967c7656b608457c41c071ad1a550654fe463b895c6c43e20267d53,348,training
4,e59ba418b734372da0f47425620e46daeaa3e63e355b84fd5b833f9ed77ec189,349,training
4,7c8db6af0bd43ee58623598ddb00adb9a72bfa64948128903539f8a6d93fe337,350,training
4,ce48e3fdc004fbfae80f6306258d6469284706323d09bfc66ad1e7faedbadd7c,351,validation
4,f6b9b39dc17255212e6d9e928eb6a56708a3bb57b80c60e5ceba23fd6329768b,352,training
4,c987158c2d1aa4685cce1df81dd8b4ef12724b76ff011fbbaf8d09a7d7ed9435,353,training
4,0a2834f1a28b0a9e3ee87aff3a890adaa10cb2175952718438c2ca5225930f42,354,training
4,d37a109b3a994b5fa5677b2ff90f814bdc98e84df83475f0a1640e9d53b4823a,355,training
4,39a0475fceb44fdacadd35374aa6d67c5ec27c57b5342c68f1bb6ff7d6ca66b4,356,training
4,add7daee04032c34979f6bab4ebddf853532291506a16184d01b4e71b8613122,357,training
4,2bf057cf74ff2ca6dc2212aba581d3099ce017bca7a15df87758dd0729807c16,358,validation
4,bc0f0a615f2460faf7dd988b87ecbd1fb437b04597c8dfbb911376e047de84e6,359,training
4,37aac210ac370552af25a4d3a2ef37ad441f6ee95db0b860a9e56d48bdacbe87,360,validation
4,d946a61b2f2305f73509d452d3e31985b44f2964a16ae21aef28281e0c36de37,361,training
4,c28d134d0c68710fae027703654b88a3341b39b655c6fe66284bfec374228c37,362,training
4,61c595eaf31bdde9cfa9cc2a0716a702bef428d54a6c23a4f1d4772e8e61fa78,363,validation
4,d3987e389a771061c02e631515f0ff44104c463786fd7307343d16982cc5fe4b,364,training
4,56fba37eef6179b8780ec7d940f5fac44cbdd3aaf929aa719d0a321d7dfa5801,365,training
4,2c004692ee77e34c1451259afc23e582d0a54bd6594133b150c04f0877e421a7,366,training
4,4a7bb62dcf89f566d016f36ad931c760768245a6a6b289ea55ebe30b719b7837,367,training
4,aac96246e35aa806167753f2430fe49838ea20a4e37e0f633da9133801ff1727,368,training
4,b53e3e4bdf210602b5d7178a4f8f757c492516eab24bef47c19f6db42e09757e,369,training
4,4d1ac376785b6e72ca8c208bdee65e1bde8c1369903ec8d858701eeb71907e23,370,validation
4,d51047f42a29be77ef829897eed54389001d3895c909996765b6ea961a47d2ed,371,training
4,7f1374288a92bde463eeedbed516582ab3ecdb0f74294102c9490ec4ff26002b,372,validation
4,b3b5e2e529195df099caf5e5017438d77d2f653815f5a5ef63f7daca259c227a,373,training
4,868245fcc6d1bc61959366fcbc6e4d7f00cdb13505678b577bf451eef1840a72,374,validation
4,ad8cdfd3f521792e8ba3cee2254110b1656ce19598ee79bf2587360ae9c1cdeb,375,training
4,9c0f752a780037d7d9ebe6fe6800c2e7d2f53bf8340d64bf9c2d6981304c2fdf,376,training
4,53c44ce40f6a2a70803ef06e13df362ba242f5f551808b127ab31324b98fa6a8,377,training
4,e9b4cccbc82d26dc325f540951c44aeb19a517bec691f4de66c21384d12f74fc,378,training
4,3e6fcf10e67eca1e2996fa59e05b6abe73b05a860f2c9d881c038b032d317e07,379,training
4,4a2a73675adef540fd10d0832957f1c038f73a7142dc60149d12dc9f226ee00b,380,training
4,756e507db7fd7943529151739ba512810e549ca0efc6fca43fcb1288bd9ecf6a,381,validation
4,a8f5736e22a6a8d345f4188d144a786081100c5726e878913c1e5c8b2b9fae95,382,training
4,34054cadd02ce649a5b944629b5aa5b6c4b761fe1ca9f73cfeaad7f24e163efe,383,training
4,8e612153b683f4532fd1f5091c8f16be089022b7b6f7046498cec058f03930da,384,training
4,13ef53083ec177f92aceebb3c8c2c8cbd171b86911e6c9fa9935f86d5f57695e,385,training
4,58957d7a75c2d8f87b1bc566053a07cadbeaa095cc1e8464aee080afd2a4324a,386,validation
4,7f7a9cb08e37d4f9e3531984449df744c1f1dd694e6f6d8331ea60acbc52611d,387,training
4,10218db5c26a5491c27e8c3749420c2583a774bb897b27b7eee103f6a4f720fe,388,validation
4,67bba26806ca8a6fa3e7b41d661ad12e31830579cec62943ad7eeec74bc29ae7,389,validation
4,a3ce2397b64b0e57ea20b01edf1a790d8db3e32430a62a4cbb4ecbae4d79b80a,390,training
4,25510721581bcb6a2904e175a83d073eebe9f180a9347af114f277cdb74bb183,391,validation
4,31e2496cf4d29b46ac6e0e552e16b6549451040a631a2dd437763c13d70f6c76,392,training
4,f9acea366da47d3091f5230c27f092a8b4861a1173dd2c2f8fa31e900a268aa7,393,training
4,04253c94184b4138152711515f84c41bc84a33d59352ef964a28d558545bef1c,394,validation
4,00c98e8d807c39d342594cc3f198b4c17e92f39861899af5b6edc4fb941c061c,395,training
4,c615b04a3901064c6bc34bd36648164d35a2a8e34cde582fb09e2d5a72032a34,396,training
4,e54bf907767dfe50ee81b20529a9bcaf2fc0a1a5cc2d2c63a458d0b3fb5475ac,397,training
4,94f9ae0cc764bfcd23828d7dd4636fcd43de3dcadd5dc4d927659635e71617ec,398,training
4,272b4efaaca67663553b02621ebd02e8af5d127657bbe3632ecff08be1636844,399,training
4,b226e206371f24dcf3b6654132adfb5f5df809ffea2202f6c3b6ed6886497240,400,validation
4,c33fb329f4bfb11d815ebff78407b4fe79324b5995c70ce853cc081e457dfd35,401,training
4,84a4d3612a11eb8989fdc62c2a3b983ca6542a31aaead9466226f19b37bf1566,402,training
4,2c45b7a93c148b4497bd9d059a29319bc80e8606d776abc04aec76a85c37b45a,403,training
4,1ebcbfa03907d190bd1ce7531c81187230aac3c83d1607446894a84d2b356cf2,404,training
4,d2f7208d85db3c6c7059b7607015d15067cbafa42234520d420877a01309b30c,405,validation
4,f7e39d11c0f7bcec6779e463835ee196facf9e7d9dae229e1d50623f42e590dd,406,training
4,4e8d9caa2b22a89c930c73a9951faca58622cdfa0013f8886dbbe5fc2ae7510d,407,training
4,3d83f11fb295c18db4829cd4d85e9c5067e6e87389bfb9ba93c51e3d07ee54a6,408,validation
4,720988587e7c80c03f56a067c22208a6218cf84e9a78cb6c4b5b42f10df1397b,409,training
4,8f992fd13ae3617ee02210433bc4af59f98536a55fbfe24ecac6e57c9759b987,410,training
4,9dc644539081ccf55c40b15a992d858e37aa30adadcdb2f3c0e2f3f9405e37fe,411,training
4,21ca201b68594f3b59fa779928f325aeeb1bf0b5ab6e49c45c0b2a5a67e1559d,412,training
4,26922bdf842f829c8774e9a996a50742a9a2273437b9456c887017728968b770,413,validation
4,553a0f2c006c4d4a896a46fe85c1102b6ea86afed69fb12e90cc02dd2375e800,414,training
4,dbc8f536e5fc7e79cac8175a3cc9bd4dcd955e0b6960c9953a1944e335c0dd68,415,validation
4,22ac1b790a0ea4978cdf81d22d8e9a4f22b5245660c413ad0bb2a81c0a99fb8f,416,training
4,169acbdf9d349bc2a9b376f5370cd513e04a8ed8a25ded75adb45921cd82f033,417,training
4,ffb7bcfa20a113cfa5d5aee82156801bf34c6f835cc805a64f3c7a2faa5aa383,418,training
4,e504bc17e31306ac04b03a894a7058a8394ec2b9c548c9f82928d7e717134195,419,training
4,b4bff5662a9303d6c2b8cc2ec188486c9e47348560b03ef2934da82d88a596d3,420,training
4,73e32dbcf503c11487e8a021efcf1076535fe4d5eed12ee5fb58c0f03a222ad0,421,training
4,3d2fe622b6bc4f7a3fb80300ea0c884d0f0423ecacf0288f1ba54369abd5cb1e,422,training
4,a00d3fc214bd9e09731386e871ce51970f49b8366c4fe3477c1ec8764353c752,423,validation
4,93aecc38e18cce1de60371417f5fcc73d477458eb7738f8261732b9a6a586ccc,424,training
4,79fc57e9fa009413e022eef7f6e6b7045a441f8503bbaf033780b7dbaaefc65a,425,training
4,7bc9d6fe99778df4cf20dbe01b536fd426426aca7f686c9de5fb0062391ce6d4,426,training
4,22a5ef76d8cf80981d3e5daec8a07efb6b52b16b4e2837f92475363f51d069e2,427,training
4,381b71518951d4efc757d5d6b6196f24b04109f17cf5eede6d60f045a315b62e,428,training
4,4618d8fcc0d5c0bb89a04112c43f04106c4ef33ff3e2c62572cf228308c1d500,429,training
4,25caf8461ea7c22ba9037d1bfccdfdef24c618d7e8e0c82421e364604ccd62a2,430,training
4,8d6e4c1c6a621d9b607d7278780d76ebf21e9b1240516dbcb3b41e8ecb4e6f8e,431,training
4,3286de91f2f89b035739b7fe629e24e45ade3a6e5bf3e189d061b3707911fcbe,432,training
4,bb718bb1c65803e01b2bdb068a30a619fb1dedd48bfba2a9d4c77272f7660114,433,training
4,ab726893de9fee47793d59d98cdd50a1c7ab87a580b7bf4437159406f8c32ec5,434,validation
4,7a8c7a5c97f8ce89c1f6119c6d1b9fd3dc43bd79a7bf0fa7fa87b031757da7d8,435,training
4,fe47af900c24ddcc515d6653d649462e510d55ff8ef4a90c4e4dd09e30708aad,436,training
4,f5ca41bc528ae724df924d0fc0fa16d0e7c11c1f151fcfee1de0e10774ffa4b2,437,training
4,6f93dceb5bd0b835847914a3a1ec4079a3f49f1fa79feaa34f08ae4d8163c429,438,validation
4,d36e08d65f710cd04c169b3acf7a0e17f0aaa1b9e15df4ae3799ef7aa6e5f44a,439,training
4,a6f73dbec24bd7084b7d85080714577240b512abb48060dab0eea15e5c5e7a3e,440,training
4,afefca42c3e512a94f793da3bc528e9c654ef1f978e3c444323f2ba96ccd07d9,441,validation
4,c196d44b79ed465db6fd241aeedacb1d3841c8c964176b9982c188d0995871fa,442,training
4,26d885f4d28b9190030621ae0003f9f160edd0276f4da71d935145d23e6a5e16,443,training
4,0eebf9d0395dae014b4324f533bd28849c65d5e9368eff7ecf24efec03b53459,444,training
4,cfe5871dbac99ed1667d0d90116216e920b640159a4bf3b9c64aed2dd6cb6732,445,training
4,404042a426d30914ec765a67d9c50455b9d7a94fe9138912fd7207ceb6f70863,446,validation
4,93ff529d781ae4a37d10c33158dfeb405dc4fe0be98359accd3580b19c0fb9da,447,validation
4,3c93a8b66cd683e779a28f861980570ce3154f4683159d0b69d5425f105209f0,448,training
4,be2e7c2519ff142ce373403b7ab0d9852ca0e31ded4d0dc589912de00bb5efe9,449,training
4,d8ce87ea7e0b62662812e2e98938af6e99dcbb44a24f4bc57395faf3fcefac76,450,training
4,b1f641d250d658d9425997734da4db02f7173bc6dfa005ab0bc21d0fcee79582,451,training
4,2ec1e120e1607b119ab47c275d32d2c1a49127ee9c57572d890e01708f0e611d,452,training
4,3e1a6cf559c9a192cbe84994c1b92b1ec5781504c1b1e3e396439fa4979c5e90,453,training
4,5e329285045995e207cd0db4bad200815ee5a1dd2d04501b094172f268202cf3,454,validation
4,28d3ded9d24919b670a5989db0c700cbda8bb5697aac4108567707e072a69f95,455,training
4,a9936e5b862debbf8b6693e4017b8f8dce5d0f2126d8403acf05a2760af31e20,456,training
4,2de77245221c1aed28e924e97dd63bbc56d5b240e8519d1adadf7ac25a04ad6d,457,validation
4,07944d181808812fc2764f2c7a1c57dfd29e5df54166cd097f2aed65871b9870,458,validation
4,d867f2bc7b2440f599b628770f642aa7166467e7d9f44e192eedc5e3ded83138,459,training
4,0d59f6ebd210e4a040a2ffd46b83a7d127060c0fdd1bd3a4c7120a67beb2ffd0,460,training
4,facd52b96be898781b39ffa0493fd0c023de77ee77885208dd2a48dc83d65420,461,training
4,26acbcdaf6b29f61a8590243581549e1c523e10bff2337706505445befe43754,462,training
4,c8cfda2e377174365d4e2784d46840d028db62519be993e693afe8a3d0d42f38,463,training
4,1cea79eff4b600fd69923d6b54adb8318de564bd97e29084908f86d180c3f795,464,validation
4,68e09d67a8ad69b8b91b30946cdd559a6ed3d303f83d781762afc16bd7a02237,465,training
4,8b2c5404d1ea98e92cd29792955fed9294750565e95d74f00897e20e3df442a5,466,validation
4,5be8fbcae3c27d7ea146ca32a3cca8965a798acf19cf43e572d5fdd6a97377c5,467,training
4,ce419cb10e212dc212c0e2d433f88806b4f612b75998416d2c161f80ec7223a8,468,training
4,f5e88f0651123eb45880665b873f41250a7a973f22c15a4faa21395159d675c6,469,training
4,0c79adb0842c1e5d1c4af949349893ecf67d79d6d3897b127124fcdf21f92783,470,training
4,20fa7381af491e01cf3688865d02515a209e2a61199ba30e628aba418dcf334e,471,training
4,80e825eaf7a90336812e28ea6c6b814adb5eeaf4abb20ac02d20f0246eec40f8,472,training
4,bc211819350327cfb2cc0a305947820c32123450172180f256a998ef497401be,473,validation
4,a2d996467b5c3630ba2ce7e091c96f03b8cc9ece7b333265d60cb273433b7001,474,training
4,840f089f36f23ee5d12059a983ed42451139009c507555c11b77c9e47f65e570,475,training
4,1aeaea4bd934e2fbe68f5299c2a163be81ca619b548a1903e1b8248f50b3c592,476,training
4,ad33ac6f980548bb5fde83b49e6a1eb2441eca43fe8cbb4d0d5142e97ecbd426,477,training
4,9362c9b9f2f417ef72cedf753f2da05e00df8a37c044364b1a913b2f28268060,478,training
4,eaecf0e5d7ff0ade61018ce0691f7926eac407706cac5e18796eb1f3334091b9,479,training
4,2e1f9f09533408dfec1d2cdc14b801600b561ce3a21013f3410cf3e4554b81a3,480,training
4,3f0b73eb152a6fc578413c5cb7d83f528788a7fe96456579c4cc64f3f67dfab1,481,training
4,9b64d1a40c726c9fe0ac50b684a00f9e1184e6c6f9903707196c5e7505f0209e,482,training
4,e123efb590fcfe6a7601b0d2b09aaba9d86056de72c6192a16127fbd3f7eb0b5,483,training
4,aded635880c753881a5e8181e7df2c615df33924e93e183b7cc719dc025f7e2a,484,training
4,9ff2dcfcbe5f575686c2aecea8d818fea5f26a256085d05f9bf9715c0b31d3ad,485,training
4,fb673426dcc23077241d308e25575a24fa3cb195fcf65ff72536b1ce726e693a,486,training
4,977b9c60d9535cf5aa6ed29f0a57d4a427798e87f05e65fd672f0febb7815312,487,training
4,5002fade25b89902108e7c25fa4bc9036798ee0187d6ed85d7faee953187901a,488,training
4,53f15bd277d71bd56c6662b74ffcd17cd073ff243fba715d1e3c2184b743c9b8,489,training
4,0a31c345f1fc595842a6e966e20d4fad5eaab2a249530f169c540d51028ebb81,490,training
4,a78d7ad637b91ad75bb682f20095a730e053e0e66a23dda44256f56af35368cb,491,training
4,dfbe2219c546858e1f6ecef2f823a76567fd2486386d84cdb67fd06ea9232ea6,492,training
4,0893740429373f5b1ee3858a3709dc12b8c295d48c21f8d32e090cf9e0e7e283,493,training
4,8ef34545ae8fb7725b4fe51503715470770bca3e3cb75aa9f296710aec7e97c0,494,training
4,3b86158371f92bc84a9df6333a875ee04128ab0230f7677df117c60d1d06a95a,495,training
4,7a4d3481ea07cbf7f8d3b93828c482fcd8559af378d8557c27ddff30fb0bdbb2,496,training
4,db6f84bf9340accb5b9bdbb9812981e1ad3a934f478c330c238ff61404b0d992,497,training
4,6e078b5e6e927a9082169c662f0e24652d8d74071d9f3980d55e42d094cf9093,498,training
4,c88548b94084079ee1f415e52d5f5ebc909891dd4ba5993a7885e5c3b1067a97,499,training
4,59f09b7a8b8dc45383e9dc782ce2056e146ad8be4ddb4eb896f43e2d9f536433,500,training
4,2f1ea7cea7cce00aada7d6d003ff92de371b9ebdac59f005a96798f04987a0b3,501,validation
4,3b6b75327dbd50d2f25f19132fb506686dadaaff0d55a36c9f3fadf2e0403dca,502,training
4,df212a07693db77202cf5bb63edad664bd882ecf3e6b3a4bd25b388bfff87e30,503,training
4,6acc72cea4509768d61e6dec02cbd223cc1474958e40dbe77a7916c93b31f72c,504,validation
4,e1cdaf8bba5d1a46e43e8683999c9ff42a5bc223d44af97e04a2b73209484eb7,505,training
4,b742fc68e9eba21ef280ed9627fd061f54a4d644c462dcb90378df9320ca60e9,506,training
4,d83c2dd2a764f8c5e124e79ce0b7d06dad909f3701980ee88a35f7cbd2c5b478,507,training
4,c0d58eae847b80f3edd087893e0895b598bb72d1ee560ed2204e6af427a993ac,508,validation
4,b5c0bb6370dba7dbbffc61909e96cf14efc510f37e1d98b5dd2805516ed26a18,509,validation
4,71f30809c78acd75f352e9353496c3643ab8b15556ca9ffc3d6a5294ee1334c7,510,training
4,3a293ec43c335d7711bed96a48c8d78ad0ca1065dac8d7b42c0f913d780040bb,511,validation
4,47b05ce5d5f941b1390eab0c55c0c217f55bd97662f73aea9d315ce290017137,512,validation
4,0dda5b84b3172d3986079cc6fbfad5fe1a1ff734f1a5182a10a00b00f4ed3583,513,training
4,9dfa1160b5d87c54ecab8f07f81fc50d62ade2eff867290b14fdb8edd47bd7f8,514,training
4,118ef8b7db5ac15346fd981213e005f3a207cd2c3110087878eee351233b48cc,515,training
4,e3a09250263c354844f7f683fdc8a508f766f9c2e3c9ca4ed168f7315dd59246,516,training
4,f536d679f5167dd93c1d1b330e02fb14aed67b79083ae930da8a2d62a72ec25b,517,training
4,3ccd6b3169cbeb832381af71f948fafecf59593d90846e61081104ed8cc2d27e,518,training
4,395b7932f1e31c6f7ea90323258aabcd92453d2608c4b81af41df5e4256a7875,519,training
4,4f4515823525ebdb3cdedededbaa337e76cf71ffbf7e1e1052f45b039015aa09,520,training
4,ece33f9b4b55911d08f4ad139a3ec0cd1abe70531f115954e1da9accc4e26e61,521,validation
4,c2fd3bfceffb03de106ae3db8c636b32cb2362542c50379ad97da60dd19f4934,522,training
4,0646c6cae743ae5206985412157bbb92962298b3770f65379957a35db85f9d49,523,training
4,e62e9f2177ba67838e5e49ffb01a9f04d77f52a74d5aadc5bd4177baf11e3742,524,training
4,327ff4898c994b9a41488b808beb3448c647d2fd85359bc833c89329356b3ab2,525,validation
4,527022d766662f580eff7e71ea3be9da8daf6dd19ae45455e06b40e48b7b1ce1,526,training
4,e68367ca7ce86ef708f050d4df22f23e7c5c6c024ddcbfea66798ab6104b0786,527,training
4,5363e02a39f114805342a1939311b14ca9a766c0bf1f5cdc9f966af865421f4e,528,training
4,b7229c1bd9c8556c6e4cd00a22b9c215d99d4ec8f7399b02330b8bdf11776912,529,training
4,3e6aedb508950fe205e2ff3a2f1970cffcb6025535f0f0d3a86a48623d676b73,530,training
4,2f37b2b662f3559aee418e618485b5e775b8b47438712e3c6d4c95979efaba57,531,training
4,ada162b61a44b548dfd68a0c001865e584db5a0ce9e708366a7fa865d80b6d89,532,training
4,b46f4d114285de73b7be895121d1bbbb2f46ab3e70f70a1fed1ea09985170b33,533,training
4,8568f4cc3e2f2241d6a5a1e28b09141ae3536c39f2c2e923a2b4088419fa2d70,534,training
4,aaf9acb569400cc3ae63bd4ad666b9d7c2cde804c0ff97cfe64148e15ef38d27,535,training
4,2918cce284a7bbc32ba7eac8cf463e33380a07a2ffd242d2c083eb77871d81f4,536,training
4,b332c429948ea3d7682676f58b6e21d61a02deecab0ed894f3e541649f5b112b,537,training
4,052420a212c0e29ecc3bc3b2b4e943f86a1d4ba77dad1da45e6ee41da1f6dd14,538,training
4,e5ca307e43b91f0625e89752368ede9e0404ed135e13b91f35014cf8a3fbb8b3,539,training
4,3e9dbc6d3bc01c682683993774cde5bd2f1f07a9a307181b8b5355a265676972,540,training
4,0b2d85c14b71669db3377664af1ca443548cedf777e42920fd880a47885cc928,541,training
4,58d0da67b865f8af8b839f76a9247556f27451e8072865e45cd2fb496c71b94d,542,training
4,fa768605549a6d0aa14fe2896b0d5110cee5c295fdae27b8c2e362b1dd2af505,543,validation
4,53c72bc2549abf948624c90e52c687f23c72841749e69515c17c7007f324deac,544,validation
4,d069746395dd695879524e6f70550f1e1adfbc5602ba668914eb7ee6f0e5bc6a,545,training
4,fbc4a319b468ade079f4bf5191b2932075d21ebae59a5251b95a018900008770,546,validation
4,734453e106357ecd30aa9dccf22c3b14cf92755164338a7bf12f38fa4d4a009e,547,training
4,85497d78c2a100568f65facb1c7540e02b394ede634d638e9332c4a8dba8685c,548,training
4,3b82362368955b1607d746918c1c6e6ef94e2a421ebebc8ce3a51d67f1aa05bc,549,training
4,f16f6a586eba326ee39eab50fe778f3f65314f10627a095dfe3590d121562e17,550,training
4,601cc8142c56c870a649dd28bdf737b82e4db568974a815a75733bcd264d348b,551,training
4,70c4c8136bd21814551a09d4d6c311da4aa20b2c15a665e0f9ab0dc530129d07,552,training
4,e983d9c8913c8785a571abb9856cc74bce6607be9f83ec2ad0c873ee043f1645,553,validation
4,ae0005f265b5e7b2d3ac33993c6b2326493b3bed2bfeebc60582405e97981a53,554,training
4,404f663d1e2240a13657099e811d272cabc6d12867446e3c2a5f83155343267f,555,validation
4,67e567a64a0019ee7086e475a9e06d792efba271bc25d90ab4629052bcac104f,556,training
4,4f3255daff02fe98cf7892b74004c584754c3ac9244f4b6a691c2b1128fe5933,557,training
4,d8d665a2475a1c41aa2cffeb0c3af04df07813f99005a1e393cc95e15fb8c21d,558,training
4,5c3c09fea56145302c768ebdf9c68e981f4f588c8293e1aeb095f7f2c33f6c0f,559,training
4,cd0bb60869440b46c0b5975d6c63355f4bf4b6702996185a40d052cfa05e35a6,560,training
4,830f795e37129aadde274496f29f32add544c35ea6b8f7fb626ae2b3a7b184f0,561,validation
4,3545ad86b453bb2f7dafd30436e60657318cf36214811e78fcfb5728b5f3e853,562,training
4,102d0d95e7aecb8f45e4bfb5267e705d4816e5e42736d642e4b916cd50c1dc20,563,validation
4,f26b08fa149d8ee16c86fd431961743d861e7fa7c8c6afe81c1d2c44ddeb5be7,564,training
4,fc709b96ad1a27d4d9ff33ff5241f9f82cdde1b8dc671b827ebc4ace722909c1,565,training
4,0ebb8dc341d5b1141e3c3ae73a2277a653818c613582d2592bb700fa222597f3,566,training
4,1eaca6c5665e341ab3e9c5aa5de95cf8210d705870064d47024f02926d4d06b3,567,training
4,afa80efb20c3bb9bea1b2e4a2444b6468cfb3f01f8ab89a27e5e666f2672c948,568,training
4,9e77d95eba05f192941e4f38e2e3253f41ae18da8fbb239a2fb025ae07a9c625,569,training
4,695fc0de9cacbf38e2b93e6fe3ac796b9258cfbbc9791108fede2799dc150c89,570,training
4,b0a0f8f49f66ae9e55d78888e62f510e09bdbc5df0276ac35895498e9f83a0ae,571,training
4,02c551e99ac380ebd2146b5457ccb6ca73e9354b2b9c6b9453b2105b14ab0e71,572,training
4,1967d2a02dab50be5175ed6124bdaf57a77234049c4bccf618681be0157ecb01,573,training
4,262bee0cc467f4ded3bde7373b0cd836398e85cded4b4093cf000c5cd1955931,574,validation
4,9419389b86c62be9552ab77023a5dc7546a2c7ecfc439f37beb00da80e410a12,575,training
4,7e333bf8020fc327a73be4084470b0eeaaae78e5b9f0f105690c21366b5fdc64,576,training
4,1ea355e0442894a2cf56d7ca2bd5561472e2a71f2f551abb743bd5145c13d17d,577,training
4,286ceaac3ad636c2f5ac764349c721b42d69bf88e2e3f75a61891594fe31ad98,578,validation
4,d3ed382b59368396cbed77660f8e3ca7cb821d58151e7311ca50d46357281344,579,validation
4,8ded58f89837927ef22a52100b16025a9ff116949b470b37890f82035d1af8f5,580,training
4,a6cc517acd543bb433382005f15107aea5d02e6aa4f08d3c722dcd1ed04a482e,581,training
4,c0673a8391911a99677e709d3910be5e665179a65c4afe48ab69bb5eebc18015,582,training
4,f5d95ca8ca6b14994e30f07b96a647c1ba050b127eb38e6d27cd3c5751265ee8,583,training
4,74803f205672d936acacae58b7337450df8a3ab96e95a9a04ef14ad0f19fa409,584,validation
4,96162f5333a16575452d6758a2b88fc5541a5584f84c52400a2152ceb2e3aa7e,585,training
4,1db04bed0102f616ff8cb503eb76c8ac6eb014f5f6d86d06777e9663b8559bb0,586,training
4,d86f29f33aba2c0feabc699661b8da1bfb7767709d68a6a31d1052de440ecc56,587,training
4,124a1a45115491cfda85fcc1c819061a1d297fbafbbe8eec74adf800ce688171,588,training
4,a48f78c6e1a87d1ddb0abe0d19af4334bca12c6c4d685f2606abaa8feb99c724,589,training
4,50cd037e3b0382100731dd1404cd17b710b98864bd409f2cd4e4f4b31277ce88,590,training
4,8ada54283f33332dd6f293fdcba5fbb8156100463b368cba2b517f30e94f61d5,591,training
4,746828fd7d519b9b1e2e67a578f00485eb8b9f65c5cbe22c99426632b00180bf,592,training
4,6b2872c65ef4c5fd6a256ef0c4408ed64f55964952a1287c5ffebe3d8a7ca723,593,validation
4,58e67036546483dd135d448da86fe015b590956fe1b33714f4fbb6fbf4e99782,594,training
4,f27f8bb5fc797401e411c2d6d98a442b75e9755e8cf39672beaacaa1f2c26009,595,training
4,0c3c9874a6c789226ab3604663d9440f85beeb656f43520f23c4e950aeac9ca2,596,validation
4,efb8a8f7ebb7769224fa07332e29dd1a84ddbd6fa03ba24b53afa78795fa86a2,597,training
4,ba6f7cb2a03de0c7b13ef00bb44fb16c03c357a71a5e1905a2220df16fc21f42,598,training
4,19bbc2e38eb0559e24bd77f043f94ba6205f3c4708de4ea5193228c8d689a6d9,599,validation
4,a216336ed3cc71049855b8c394cc6dff307d3b4fa7bdfda197cb54a28fe017e4,600,training
4,45c075c6bf1ea41d73a114c53e8a1ff4a41081afce459d872cd4c0f4bfcdfcf5,601,training
4,cc768edb415c74509a4cbb0059672938be4b9124848f9771c8114e14931e079c,602,validation
4,5a71df83ab786ec26e4114ee651bf6a43a7aa6e9d578f9256edddc637ca6b038,603,training
4,5ba37add492fb3a8c6fc96407afb87da52da76c68db91afea097067562b8ab47,604,training
4,a3c337d746b4f24e841f404f4e4574f1fa967bafdc0871f65d2333167c1e675b,605,validation
4,76763ac811b13eaf6a0fb26ff2428da90630e4de27f4dcd3c8df496da92c67a5,606,training
4,946a1c22a9e010f8ece992766c6fb3b568b61bed60e07dbd2a79097ad5314035,607,training
4,f0c0966bb543370b95f840c6212f35fe7f371b7a78d3502670e9a0378a9d6f5a,608,training
4,e0c74c72a749ee01f7811faf2fbb10de0bf784af6c9c6fab283818f92e65d363,609,training
4,7c1e444f84c6088b9801fc560c82e0b86e7b11cafc87848457f75997f76522c8,610,training
4,b126e9869745ea1052ec0aa0cc8dc5e6afef7f58508978ecd8eb286c38b1dd11,611,validation
4,fae21639a4172804d49477faacbdec4f8352dce6d17748f687c8494f77c80205,612,training
4,bcadc5578b721f981a7f6f43274e1559a556bf5c01584543c8a72ae6bc033835,613,training
4,21de6594fde6bed90a7762662a4341d86ae3c1f06c00a0cef3bf318a984bdfe0,614,training
4,3e28d78faff9781f4d6707848ebb731d8a67030c090aa49ee6f5f3573c6da885,615,training
4,978d9fce8e5007009157289005dd85f1f04bbc146610b1a01a2caa18a9e3f4a9,616,validation
4,ff230a6dcdc74dc8887f1c37d3d9b5d8bc56594eba16c6f8a3007d7f85e37e2c,617,training
4,f257a03d60f1d501b3e9830d140aab1b833612a1496e25d419b1dae578bddf48,618,training
4,b47945d64f017393ed91d638a04e81b5eab3bb21a1c63c661734bfb59280cc50,619,training
4,df5579e5f36a2248f6162e6bb94dd1fa645ef08997680c59dfa0b11af5e3e640,620,training
4,392cba783ee714f30ea1ea4af11b50de65e4d1944c34ec3d05499d2a1160acea,621,training
4,13c73aee16a42e7a03e2a8f8fba94d86cd1d239ae41733c946311e5fb7e42625,622,training
4,0b42d7023b45b553cbb4dcccae732d645f0b47f97eb7b333c6a49c151a38010f,623,training
4,325425f9ab2173a67b0886821396be326f93da4e97267372550df6091b404ed3,624,training
4,3faf4b1bb65f6642b688a7602528e6a5f4f79c9cc5bbb2a810db34c940ba59ad,625,training
4,3d0d14167d8658546e2f89e8d0b9abe5858075980217a198b15ebfac65778c6c,626,training
4,69d008da56c580e62ed8533bc96ca5005b6afd70e8a49ead8e8c7f84119e168f,627,training
4,f42cc732fd76ee841aeedadf5fad1c628427819fbf290fe325b4568d32a40a64,628,validation
4,acf6c74891850e6e7928a3e7d024e84b164a1c4d908e120206dc1554bc30c634,629,training
4,92f0a4c39feefd91293b70b14fcac5b51f071853dd935412a45e9c9b7015f62d,630,training
4,5ac23ff0c45003e0c8859c6f5488563b8a33e8436468a8ecd18f6d5207eb64e2,631,training
4,2a4fb338b694d61a534f5e0e0c02c46982716f79cf9d69a4f6b8c6f2710d2538,632,training
4,6c7cbdec5b979451234f6408644ac54f16d5ec8372c4d93ce0fcbed7d39cdd0e,633,training
4,0f7fc1e04741b31c6fa250fbf4cd88fd1d29db7944618aaa0d9c3f17a4a03bd0,634,validation
4,65118ebe3762dff78c8009ddcc408dfd6814bf0577eef630113e8d185497fe03,635,training
4,31565730006aa8bd32ed5af1252c9b55154120b752f9a18da31fdbe74658fd19,636,training
4,b6c809480f7fb179e2a3fdac7c0edde375eadbd2ebd005b4721b3b92a5d939a2,637,training
4,fc1ff87de665c194b6f16a8591d2da2ae4dd791ca685e0ca86fc622f45435479,638,validation
4,3b4ec291ddf842dc2658295c674b44bb012e3512e30efecd511d1cd7ea3105dd,639,training
4,8cb3b450066eb622cc1bbbb776fa5309bee35ed7f28229917d33fcbeae24ee25,640,training
4,82e8036cd0092681d2f05286bb7e7ef552ec390f857de98de45bdf864ab4d83f,641,validation
4,c0e360e27eb2070e6c4230e2871f00a6e38636f779e0863fb461a01520bd54e9,642,validation
4,f83559916686ac88f860e6c7ceddd1a1b7862b2d70bce1cdae5d7a0345b530d4,643,validation
4,fd88a7aab3c73861f3552daffe12c27f8d9c6dfd72f4715e366b8b1dd0136b02,644,training
4,f7dc92bf59027a03d32a38583e3f7a224ed4d12912c8cc4e9e10ca6484cbf8be,645,training
4,59a2070516a8e8766531b3db32001067810eee8d4f298a26f4767a92fe6e8978,646,validation
4,4e41194a1cd0d5a7765059ba837f8c1e399ae36edfabbfc575a6bc56006e7fb7,647,training
4,a5afcf80887f2aecfddc4d3f710eae2af900c145a4c57402a253947d3ccd007f,648,training
4,b60ea0c62986180127445779bc1104653737634fcb449d8af18eeb2f21cea650,649,training
4,b3631627e12923b3cf9c7f7a52bad6032c97ecfa281087384087ff851df77d7a,650,training
4,fba8ac5294015d2b4ca538dc25652f2fb899ce41fd6085cd22f7601085bc571b,651,training
4,1ee80fba1ce5bfa5dd3d4e6fff1c0ddac25255a969f56eba3eb03584e3fe95df,652,training
4,8803d2a3fc529374d04c4c8a9a00911f66b9e82ae40f5a4b268b96af9701ccc5,653,validation
4,0412f11984bcd78e0cf704814f60f50eff853df37919d79611eb481b1b787159,654,validation
4,6c0db546b588cfee29b96cda17ca599503fc1a454266b987c62455850f048b1d,655,validation
4,abacc20c1a12f9295a55e54449cea0b75ebf88b580efa636ce33b41e28d8f2f7,656,training
4,1b93218b26fb322b32551f6252b8f1fe68dc4d75376bd729b0a23de9c38df371,657,training
4,6590afe5d2bcc458f5e48a6fe8b57c7bccfe2425ab5ebb121514c942c1c61eca,658,training
4,4f3e2e1e9fd36cc9fa41a2b1d319774e8362f8dc14daacc042477d227ff9ceda,659,validation
4,0a7f7ce8542c4f97bc470ee90ff8c323a58f6e515500fc6496d28bd31ee0adbe,660,training
4,3c104c105937728d8ed28d6ece48c2769b78aea3d143d8b984032cb59aa2c53f,661,training
4,95eabf12a2258f254bc4fa59ae90c6e454813e0d0c735198ff47b27bd6923701,662,training
4,f172ac2c5e54fa33bd5029c17220dcb447d2344df4cb2b96ca59f2409b4caadb,663,training
4,b62f9aa0f37707b0a582523338bdadc332aeff70353e77fd6e9bfe39b4dd36ab,664,validation
4,0e946f31dab4d4bd1d113c4c8348a3b0dee424f5359e529de958bc040ac80efc,665,training
4,0a15a40d723837825dc1fec07dacf553b295c426b69e8f62158c5ff7fcae38b7,666,training
4,f07b5358dc214b0fd474d6adc7e46c9cba54f76d379a1c6bdc807f0b54d2bfa9,667,training
4,87c5be9e0b7da3da18a96dfe8cd1920e55af69b9f3a05b430b5002b872277e3c,668,training
4,ebf4010f6636ebc62e179f58c6353383f1484af18dba85268593231d1233f984,669,training
4,2b837ed448252b39752e25c59fe2688156a33d1f0cfdb46ad0c37eb9ed6a6359,670,validation
4,5bffbb606f70ab4d047ce0b8191154803b05f5729dc860b8c87fec152c2e7143,671,training
4,ccaddffeb45cbe9d0834502896b6e4f269d74d84ada759c55fa58696438eac7b,672,validation
4,315d181bdb16ccd0bab3fe7daf23e1f917143312a3f7ca29faa55a3e4c2bb02b,673,training
4,e1179000bd509161de6dd42a9d83518dff1a1ef8cc9a396428bc7cd64d22e5e4,674,training
4,195c5baeab3c0a265ccfa147d434f17bb8724c4e4149ba87dc226ad8ee7fa14e,675,training
4,0d09e43b5d9cdbec8246adca7ad9fabfaf9371b94f2961d3b54e63f7c9fea0f3,676,training
4,af045d2e7a3e1bc60fa0719ee17144698d5111f9a685b7fb99e1dccc6812d02e,677,training
4,9bd3f1706e34909d7e571301b8cc669874af075b20fd14192c7c712d99319ccb,678,training
4,96a277f3c1c484dfe1e5156b7829c91f1506b72c156e84b7bef07279ffedbf38,679,training
4,cc4042f66104ca3d8ed9d1c7cc879e97f1443a1fe88d3b058b6eb77a8d1be507,680,validation
4,95e9dee866cbf2f25324da42326998d382dbed7d3bce3f8c931a9b0363fd5b67,681,training
4,8430344ebec65d2634b237f97bd3a7b431f719bc3ad8e628a74295a1bf155aab,682,training
4,f5c0ec475a75ef84b2de9cd849e2c81a4415cab52a532c126dc5b8698c470509,683,validation
4,3dc8f044502060bbc133abaf99b6b03176b64adb882ed4f03a458d04c94c3b73,684,training
4,867c957ff5e96f39735de4188247908a77fe567ac13ef7a113ba2086892bb431,685,training
4,4aae0307ca3706c5aea782d94a7db27e40ea26109130b36fd3bc6f97bf9deda8,686,training
4,eefa103e1169222bfd4a20b181e5485e389a534839381ba3bab9adb96fee0631,687,training
4,5294aa64f3d7de970878ef3aa3e87b9732e2d8b3927e09c6ae79d81095e7291d,688,validation
4,64fca8db67f1d61159a966a5e2e7723fdf2c07a3f03e8d03e41a0fdfe237db0c,689,training
4,9ba67f7ed90bc1de2df6baeb5da071fee36fadddbaf981e83c9a3f92e7178a26,690,training
4,36219ce14d34041b4a225a5c76c123e1576d233c8dd16b8c5b927e7ef15ac7da,691,validation
4,24a79c6d9e59b8893ba87a0352d0e292e47dd1d0e84118db5b9cf46c1ee80db3,692,training
4,b311ecd32614661d2b8ecb43a82e5920eae397b752ba2b180c37ddffc47f9502,693,training
4,a57809b68e470f792d9c0672df7c6d2e477d2f3d3ccb721574a480463161aa09,694,training
4,467ee88b587f91a6e314a4b9fb238089b7532c5f489569090a01fc48427cd0f0,695,training
4,7dbdfe23fb0c110f78527a071af99e0e552c1ba19f7b69e082ba0fecda8223e5,696,training
4,d65da6212f7124ddf136bf0cc31051d13b6dd6f935ed1df36b8d787fdf02a563,697,validation
4,0c2e623c937d48d17d3711b6b3acbaaccd7459b7b12e7786d4738ac20d1733c5,698,training
4,480dc748d5e03f65bcbe246ad1bc7e30924641c32b15a47acf5a6016d9fe64aa,699,training
4,a3accad54e260b9b1547b846be2a69fbfbf894d54728a5e3ba086d16b382e927,700,training
4,6aea8fc375d7860bc69c3e26cef1b069187a5abb84e3a0fea51701edd332feeb,701,validation
4,6960128554f8892aa43f4388b6642c66af2aa9fb366f3f3db191bd1f2bf04236,702,training
4,9b3ea60ef1ac74cbe383dd94ac4843bd154f19124c396fc851f6cf2586c2b44a,703,training
4,f5feda4d1790367083953eff0362f78cb657b203e18007bce25e34bf3e727cbc,704,training
4,40535bd318e9f8be7146141a3249668b348d82bf090b133e535c8a2e06bfc8de,705,training
4,14fbb5ae7dd31697c9e8eaf60fe092cf870005f8dcdfaa18b831148454fd8134,706,training
4,fea18cca59c783c360651c5450cfe98a59225f7fe652316952590a91e1b68c1f,707,validation
4,aa8a43b9a62b50230f7df6d5f384d7b270e2eec7c8ef1e801ab571abe17262e3,708,training
4,5dad8815d57dcefadfa1e924573962254b0919f761ded666827d03620d9a54a6,709,training
4,cef67392e55b9405db0b80f4f9b12f0e3dbf20d54cc5039e4422c9b74f6129ce,710,training
4,9b4866b9006458b26b07961db4e9735f483fe5a04bee4b36b7abe7835924753d,711,training
4,0bfb7984b7c493837aceca97e4346bcce42fed006b556239d13bef8db0d7e799,712,training
4,8f404613a870ba5430157fb15becbda75ee6f89bac4d82781be8faa21386ecf2,713,validation
4,91b4290155cd1c327783ac8a2f33b3179d8ece5ea35a1899f621fc9874fb92b5,714,validation
4,53487ac998879a2e21a0f8b7bfcb7b8e51ef0ec0393190d6780f1ea56b1e943a,715,validation
4,fb22ce09fbd6d4b96948af7f90c4a3defc4e17b5f1f73529f380cb7d9fcb1c72,716,training
4,0c7ee347e79052bd837fd6c462c2612dcfb985fdc1bd40c798475aba22795cbb,717,training
4,3336f9406747690370ed5189dc13cf5c1ff65999a1f700b2a03680180b2a6715,718,training
4,e0c438277af145c38fb456f26f673305b98655e748757830b2632ec26013051a,719,training
4,5010756824d1286ab7d53f915b9fe53f1738a5610030a9a44fb9175bde62e480,720,training
4,3c0a33d992b1cb35bb4a7f48c650c3a382c4bf45e5da48fb8e564fdcc8eafe3f,721,training
4,0f13a45f5154e9c4cebc0273b040cdeeaf74e9427b510594e7f8c506329816bf,722,training
4,0939466e3bb2052fe0e4019f90f0ec36ae36d42c2ea76637e1bc1fa68e3f27c2,723,validation
4,f339629f924688ba2d659229a7d846e72fec22bb4354bb862f9bad3d178db088,724,training
4,caff7e67ba82c04592d87c209648ba412b5722db5e1511ad66bcb0e0912f1a38,725,training
4,afe9fe3123b1a1fc832b0030f0891ddc9c649473cd01740783f6ee9bf832490c,726,validation
4,8aeffe412a98ed96acd50a941adcfcce7aa066839a37d678218f40d70cda8286,727,validation
4,89bf87e890f8deefcf66d281abdd70dc4a219b7934df54d6025690fc306c5e8a,728,training
4,06d709f48ecdc6ff04d781beeb75eda50e45b750bcf74e6f69cf5738456c12a6,729,validation
4,0d2d3b241b3b397569b6417e987fb896ff551f93204779cc7d161c5900070193,730,training
4,fdca3545e540bc45395fc823912a0eec4b03f10c416dd6958d915358a955fc2e,731,training
4,92a749e9053e7d45a3c3ddd81f38e1721dd9ff6497ceb9c3a81e14ed88fb0879,732,training
4,f43ff9bf3df472f6f768d18d92fe2239c9c5440506679a9b7f76bd9e132a1628,733,training
4,3a03224b710f3a8546c433990575b45cc3d77c27f0d849987e09081850e9c503,734,training
4,c5046529968af486d89d00b6961cf6bef26fc6794089f6ca75f80afe53a1c7da,735,training
4,a08c8ce066c3df01b2b8ba264f53caeda2c806576010bcfe3462b784498c61b4,736,validation
4,d2ba8e25daf86a62148d49ff07cd1300bd8767a5f472f7e7016e78611f76030f,737,training
4,70568122fdcfd04d795f2a62a833dd43e3ab8bbca976df24b0adb28c229b3bdb,738,validation
4,169a1fc5d4ccb2b4e37c5c1bcd8305df085d797b0306281bacc63fc758b4b2df,739,training
4,90a07bb0d9f649fe95cff62ab05a01d89662536971b6ad957ff9117157e8445e,740,training
4,5a1422184e07f62a26bd24d74a5005da4a917e64f6bf49e5a2d16dc62b3c3452,741,training
4,99af972b9165bc33dd125a939fc97aca8d8a7b351d8db5bcde7c18feaf34bbc9,742,training
4,f128a9b23e247c503800a1d2ca638ce8852721a00e346683188ce45a8d2bdcf2,743,training
4,dfb683b9cdd045639210bc09a97c555f53fcdd7bd51d011035c0d38b809e7008,744,training
4,359440fb704a4b77088655a4a6b1894070cc5806caaa3c552823e3981c6e27fc,745,validation
4,63e6db7c1983dca1c6eac0c7758cee5bd3baab1efa8f6961bbda1cfc6b73e4e3,746,training
4,98ccf586c40d9edabd022cce2e9ee98192b1fffd8098d7041a4a098f0dcce878,747,training
4,3cbf799029b8068a56138478b88740258033ed2264475e10fa5ca6d67597c9c2,748,validation
4,fba3cafa84aa924ef30745069f780119f264e653316e02789fafbca5965c7d5b,749,training
4,4f8ac9c1bc39a0fad94f14f7146464f22f08e358d9903605c87d82e685716012,750,training
4,15b4a7251825f1979c1dd626f3a00a971844439472f76611bc8b553a38f9e4a9,751,training
4,f26c48bd4e5726266e0e2cc8c5e119c58fcc5ae11a749978c5e5ca92396fa68d,752,validation
4,6edbd6876bb61f8faa16488fc144a28886fa6da5f6baf16821f119f5c0c7c6c2,753,training
4,82a662bceed5da85f771ef16a43038740bcaef1c57a6c47685512af28b19bad0,754,training
4,a319c701d48eb0efbf9051a0d920abf2bc869ee889442065fde13daea407cb59,755,validation
4,e070ac900a9cc058396213e505b3e467cabe42b9a5c2852b207cd6f5a0d2a0ad,756,training
4,cb48a9e4bc95f99f394ac6184f088d4604ab0ef8acae829830007217497c35dd,757,training
4,15d9433dc8beb02cc3bdf9589b23090b5db0f94b0218e9b4d1efe85e39ce949b,758,training
4,375eea9c7f8ab045adb8a0c33b7d3da6a8197fa8adf8f8f54937f28e24d7d0f8,759,validation
4,982cb8015bbfd1e7d94e57f188ac689a5e6da7e89b2241f869fc5a105d47b8b5,760,training
4,0367b3b32c21be0adac968181aea3eaac8006e86706e5b2bceaacaa13cf2abfa,761,training
4,d6507b2bf8b094379f357f8df06717f087a58e7e581ac2466fbb2f4da53c9687,762,training
4,f5cfc114270dfa155229e44e396062df22aa6d633f9ce93fbb2bad5748c14ee9,763,training
4,7ae6e6fced2653584f72621a6978091109b0c95c07c2c380ac5b1a6bea790f05,764,validation
4,dacb1e8dab522ae8c3564db416b54d3509cfa16824ce41c0fd6cd22881d7c001,765,validation
4,dc6defab69d6664ce550e96f15f0989bf5109dc112d01ecd152ec3763dda9863,766,training
4,85b01f1c6b16fb7dd1aa336dd925139c90d8ca29eb4cbcdfcd3c5d3c023af1f7,767,training
4,b963452dea957ab1a4cf1eff349c2a17c1aff67f410c8312355605e478ff5954,768,training
4,0ac9e12f56940098a4f4fc9624fa47a9a53a8514faa5ea205c8358d2029be6f1,769,training
4,4bd9224578d9b8539345952f551e6859525527f6dcb789c13c68d3da2e74a713,770,training
4,c1c0fd7c0df8aca349dd455dc4e96a7b604e9e70c41ae06a6f91e1d1a9454017,771,training
4,fb05c5743bc5f516b3c89aa5a32482dad6ba8b59b21605a2ee139bf08cdbe3ef,772,training
4,d2c516358d08f99c15d90d85a333e33bd3653cb18df81ee593d5b77d6f7d4b57,773,training
4,58ee06a5f24b3b4e74a8164203960e7e87413c92fc6cf5012780491a2fa02302,774,training
4,099094e355010e092a796fd595de89066600d77ad40cf719cec3005d2e2e049a,775,training
4,e32fb3a886e14977a1b38f9286d98510b95f03a5c31495cd0a751335b13cf040,776,validation
4,8de54a9e136b7c4857e4e33fd7806bedf18eb0387bb19009c254b55c2dc0b4de,777,training
4,ec189fdd2037dade3f2bcaf8ccdfdd0cb9af5ca9bafd53487a83bd363bd71c4f,778,training
4,b02069dfe47210f4527dd00d3db1b930084e61f8cd6a2ea6135eadd736df2095,779,training
4,a5015c38291bb348792ef4e12d0673ca5011615f547dec4ca563030b1dacc1d7,780,training
4,f270b7cf299b732f60cbba7302edf0a5014d44c384df120db12addc6b3d30ef2,781,training
4,2268bf83bb80259f0d5412316c5366acb935a9ec4185385b2b9dd6a098c890cc,782,training
4,c304cf5955211da18d15493fc8d21f7864318e6c1967ad56a13a5c2c1a8e9312,783,training
4,8dc813e1622687832996412a9606bf1c48e2c9e6404acbda4414ec2a6ffe919e,784,training
4,a3d5dcafd82360985d965ccfec5ad8b7d10804af736727623acabd5b6aa5f8e1,785,training
4,0329f7fc31a81c9a506a9ea886b10941577e74d16a0ef6ac19970349f6417c2b,786,validation
4,6a26da101c7eacf0c47db7b5c2d8a981f7e12c97fd6b697714f2440a83a47b06,787,training
4,16878ec3fc08c8fe8ee95b0cf246e5ec53161571a290b5667e2f241fa39111f7,788,training
4,ef868595a51b80c69418b58516a0db03fbef88a13dcd42e7bc0a5fae6b6f873c,789,validation
4,97eba0dce4b1320ef640f3c22e0a6cba54110f9dd53ecb2cec8fab8649e26f8f,790,training
4,1811ab9faec6f449097b51cb8066f8665a43044fffd93c4abf5beb309df459dc,791,validation
4,5ed61da428b4496f44a7f46ba87067b6e3c2f91fc3ed9bed94321400cd85af6a,792,training
4,7385210c52117afe215f438e2b176aa78a9e489abce0dddb5e46bee03d3ba0a3,793,training
4,97a6ae4d53b86da850acd70fceb5268e360ed70ea26107ac7c077766ff61667f,794,training
4,e3cff74e2bbcf56e25f3f53547f8a40e02439fddaf92d720db4fbb80cb621562,795,training
4,3775f1794b2ac8678f352bd1cbe935809b5d951bee908f8887fbcb6759eb9f69,796,training
4,ffab84778f40762c60adbfc32ffc824092b0a298c99e85d3f75862fac37bec34,797,training
4,83a930d5c0dd0ee9db005d0216bd83cb6d437a6fb1ef4705153c5706594a3e06,798,validation
4,3dafbfb89ae093aeb5b03130a05882b5d013289e665d908926dea26d1d4ad560,799,training
4,5849ef0b617ae63cdb2bea3ae5c89d4f97248c983029ef95bdae876784731353,800,validation
4,1f2200a511dda1e1f335c583db2a2fe96402d5f2a3ad257fcf8f59440b3a1b01,801,training
4,0657fb7cf2c340beda793eca1477835ffaabd05d84cf10ac92bacac74becad52,802,training
4,d6a8efce94bbeb75cafd66fb443a1573611cc55601c4349ed6b9442568ec682d,803,training
4,08cdb3f092977e210409b9bffecdc5f2d359073ec3a5f5cfe009742c1dc40436,804,validation
4,b91ded42453c9495a81756d549c11751f7f1a23b0fabc0381a8f31e3389bbdf8,805,training
4,dfb2c89b0c897d5945941e15b5565dc98d7b107760e6de0bf8ee0d1cacbad7a5,806,training
4,2e94306081d51aed10d741f29729b3a7554c7bdb5481600babd7569ebf6a3c67,807,training
4,271818fa234381845930750222ac661888feb5d3972d6f7afc4f38658ecb6054,808,training
4,d0d52fc4dbf9060185c4b222afb290c3a40e35fefad17b6e36e3f0545d91abcf,809,training
4,7c67a5f7bcce447c379bc8dc01b5e019f3a748edbfac33573cdbbd80d331e2bc,810,training
4,d5b14592b19e929059c0d663645985d78d48b87529ae30c72630f7e5845bc586,811,training
4,514677f7ae68143beee6f8bf515cd2debcab8542866be07c082163cd819b3ee6,812,training
4,1c3b2d6805392225325292b4df1ff9ec9a56cf49f273c7d97ad27b70ca0b6c7d,813,training
4,fa87e3b6d96ce57da0b9d672655aaeb4acb39a3280037d2672392d0606636b5f,814,training
4,fa62ddd5c6a0b13853201b5a393a98b4d2efed364ed8e468c60fb25debc5eae2,815,training
4,3fefa19e9fb3fee1b91f67bcd273793612abc5ca9dcf2540a8ae9a4e0c8a9e7c,816,training
4,b3d008bd1df5d297aca23f4703427c67cc3bbe0ad3de42dcdab2bede99af1d5d,817,training
4,5858fa32b1b4f0cfa6a82016d63e084f69d847862bd5236366e9f5dfa0630347,818,validation
4,576d09214513df1a6d86d5f0d36b89097fb2761bf479a784fb95a1553cea9160,819,validation
4,9ed1c02c3a29a634f182197d2bfda2421a5788e8fc5695b46312c9aca7667389,820,training
4,b8d6de31d761e95354ea0abf3e19247d1a52f58c3637aa5235e8cf54c10ad04a,821,training
4,71b8e24c6dffb022519ef356589c3b999aee49b90f5b336b6f40d25c0ef64752,822,training
4,c1c6f1bcec4e420316e8507c03a2a7bc2af36e31342f44ee412007ce66b09982,823,training
4,fca0c37c6e25a6a7b1de07989d29fd7fb421d77488d9e037793173ae9b016456,824,training
4,8b320048f3b1f394a448f63397e13bc4e54274756f2b72ae4839a3f2361a4528,825,training
4,aef1e18442c83a9039835efaf488f306339513c663ae42bcb7be6132ece14fc5,826,training
4,7769e1232670d1ad876f1ed68d4375c2d82e94b7effb9a1e2c425e4ac0aabb26,827,training
4,6df9d455f05a7a9eecf2b71f0dad5e8c5b13275688730e3d5c05636f1587c2b4,828,training
4,6d37b8143657240555eb35008def3201027c0848d74f347ce1828a6ce97e9441,829,training
4,3e276d15edc18790b8f324764fdebfb4164ade9e990d467e5ba3d044a859a213,830,training
4,e54003b8e72283a9f0d6b6a2814cceabb98e74a3d8bf4cd47b0ffcb4ef364ecf,831,training
4,2cf9dbcfc222a508d352f5fb8cebe9b6fa17833a174fdd72342771154f49c11d,832,training
4,faead4e2af43428b02e4555a12be538557704c2fef449e64f5f3e5481bea859b,833,training
4,0adace7d3b3b0e801fac0cf400ec843b5a6ae45702e6c77b09010418c6a2a292,834,training
4,b3b49df314c3348626739f8a3af4ecec53953b4758f5107f668d171c76effbc7,835,training
4,914865dafc0e9593eb506cb03c913987d4ca267627a5e69eb717f2538335fb69,836,training
4,71ef63dc1d16d87668a6db10c0b1aa580ed9f2a95926554852950fcf43909a8e,837,training
4,74f765bc08b310b295fc9db0a58a593a82db8b50a66455601945ac56e179a93a,838,validation
4,1d181ddd86de1cad0c8c00fa0a45a1b983449631030ad2573c1ee28081abb85c,839,training
4,6f9326f2fa971462bd08ac862683e7db8cf8e3713739bee49e6c53637a295a86,840,training
4,99543a796e48d7981176ba8d5bf734905f61b0616582217db9a38454f54cf440,841,training
4,8dfe7d75bf4464fcae228d28ec4a76980ce15233c5864790a2a4125e36584fd7,842,training
4,b792f2faa76747caaafeba8545cae27bae65c062e59f87ca65acc1d9a8552f40,843,training
4,dd9528b487ac14f3f8e491dec475b416e7896126a60d1f767bc496f2629c9fdc,844,training
4,3feca753ed6dbd27f99119d6d9a6ae56842698d1747760b20eadb595a6dcdfdf,845,validation
4,f414309f7d66fc96304762934cda1c0e2cc6030e7d385a6dc4042e0237e3e623,846,validation
4,e0eb90d7cb8b9f7ce2a7fce5762ab43073d0c5f573272b3f9fa36369d6ce9e6c,847,validation
4,b2099143f8a73f185454322dee61d37601cc743328709029728e5260f978e737,848,validation
4,b5e59dfd2b9e9405fb259a7eb0546a43068e7fdcfada1b5da81ebc037a1756df,849,training
4,c0fa4dec234f10605d766613236691d75dc5173a44ad76856e8771de9a23138f,850,training
4,40793b60b735e79fd91d828a9bbd5d188627040656a0ebf9944c0039619c6e66,851,training
4,aef1592fb1f2614b31789042f95210c29d0c639de73e8d1dd348f901fbe199cc,852,training
4,6f2ca1f3f090686e6addd024973a2a45197afefacf9c1f16960a100bff6974a9,853,training
4,db001f555b991790ddce66fed8054b15a10b3f593dd127759d95e0527f90521f,854,training
4,3a65b3262aa943f433be6217f79c1e362dddd61f23fefa9b47f4b70afe01b33c,855,training
4,8098d78a182e1c9c7214f2bfed1534192d29fdc02c83454cf4b5a4b26c0c703e,856,validation
4,fecf05239aedd286bed3df25b4beb3f2a5a00f61e4ef0526d92d8bcd8f6f3770,857,training
4,127ab76afa31fa9c945b06934d1302746e022850be00720ebdcac3b70d04c260,858,validation
4,b608f36badc7dd0057a54839e779dfe452d9472d0a6ff85a4a222f9f73e28c61,859,training
4,40f6abba9fbbefc8143daa73a653a334b0af4cc5e5108594ae086aef0683d02e,860,training
4,c1a812d27ec90051d78786ca731e2af75be409446edf3dca0f4e502adc4927a0,861,training
4,42791cfd86622c795a689bd8bc3d35f0ff33fd00b983f589344439f3fdb1d46c,862,training
4,b91d70172ba54c4372bc41e6cf8af150fa4777263c2cbe957f351926332ba864,863,validation
4,60120738c3759eb3874c723aed9193354e787fb36a6c784ecf78c4b2b4961f5d,864,training
4,86cf1e8594b55e66181d94e26c12c84baf340800d789c8cb9b8393e8455dbc50,865,training
4,5193c503b0ba025ba203ec32cfa8aa4750c8344b856ecf2769863782e5458631,866,validation
4,5125311d069baaf090dd28e3c28cbf9eafd0b9ec0d6e44d82a62a2b1ade83f45,867,training
4,0824e7a0bce0c8bea8c05ceb6a6d7d1a5d4fc03fea559fcf3a4a0101f64a6821,868,training
4,ce93dcafbe258f664fcf1c187d663e643c41aad1b288f8cf005a31e56618e16f,869,training
4,800781bd224a33b4a6753f810b56686dd85a5908c5c3cf4d1464eec33798cc10,870,training
4,90061f12fb6c1dd84dfaabee28e5dd0a80ca7b40074f324dd4c352d39c6319b2,871,training
4,f105473f0736db8f84abc64c42a262974062d428acc720890ba50598d4a17a47,872,validation
4,7f55d168a68b15e5417123d42b8dfb550b63662c75c458d8ca251f0a8e0a2d54,873,training
4,1ff78d2b7f265e908664bd16a7022b3f2bfebccaa9b2086bde5164e6b7f4eae0,874,training
4,082063c763b52f71b1fe125d43533bbdc8444bc5c06fd6e46f2064ad35ab9dea,875,training
4,0d26eac5e7dafda4e511aeec1bb23a7ff53dc2512542f30786f7d655511c5640,876,training
4,c2465c3ee29c7e776fcec0e42e58db136b6848617dddce2c65335a422ab795d9,877,validation
4,7b8cc95d4202069fb5c103e6903af74fa6f5ba3456fc16351931724e71103c4b,878,training
4,ca3d671fd142bbcb257f0ab7129b8b0fad4b896af20dea01723dacde02caa9d2,879,validation
4,2833abe1cd8ae7de1ae8775786520b286f302233134fe717d85867b21052e4d0,880,validation
4,33e24c12ea6b5fe895ef6c71f1be2dee3c47ae82f7b309cec9e55a350cdc65e5,881,validation
4,95342ebf128167e9b1342c974c3ef54858121d58f0dde521965af25e57bbf9fe,882,training
4,d9883335ff2f19d7e68a0a2b17bb3af62dbc6babfcd9cadf70c65b3d93c1c0fa,883,training
4,7d2bd789749a985af15151f3244ab38b2a055531847be7d51ba2c144fbe2e477,884,training
4,db96a17afd9225d23ab7cf2e851d0716abe4b82db6542d0710fc5b428195f25c,885,validation
4,0bdb80cf51c28c718122180efb704aa0fc666409ef0e72d1d49e872ff260bad9,886,training
4,0403f663ff1617bb6fc15e779fe32a10ba82589ebfda8b0a062b156c13835354,887,training
4,bbbf76d15b6eab824ae8967e9356b6364cb798f2cf7499170f17f20a8691fbbe,888,training
4,2cf59c04f5ea0006f62dce9f3ffefb6edac3f6aab91826e4b94e1a3c36df4ebf,889,training
4,adec58f3613458079283883f45247406702b173db14458b38b1fb3d53f2446be,890,validation
4,f32429e0e3d76017f69bc44f4e18586ea52abffa702bbe510ff2dc0e6a3e338f,891,validation
4,520b503455f8bcc7e22cd234817d7f00735c7ff67819e454c96a0c56ff5a5d69,892,training
4,b7cfb72043196b9081fb026fcaf5f4658b18dd08f16ea4a3ac3cbfe835dd6cbe,893,training
4,6de65c60e019ba5eb584fddef8927769c5ee98f092e77a98eab5e7d2cdaad9e5,894,training
4,19a56f0007671a440df1ac3a120bbfe5dd8f93297dfa36ba36ac9921c7fd285a,895,validation
4,0a450fed92b4ee912c6f195d1b504a9ba5639a49e8f5002cd0b45443375c536c,896,training
4,18ebdd5990b2e1ef1ad306b021024cf6f6f96ceb930c3d1e3ba1082342d41480,897,training
4,48a51aa1641bd9c05ed8a0489e47d0bd8faeeccb6942c5132bca2d18b4bfc120,898,training
4,df4d8d65f264b6a7f490b38622bfc5b2aeb36829f473e021f788c5a094ab1465,899,validation
4,0ef3a48af2c1eeadb5e319efeed8fe2336c160f1be21eacc70a526375139bcd4,900,training
4,6a6b8a90206e61a14a6ca80ef9fb90b4fe3c65cdde957ee87c2f9922be18e16d,901,training
4,5b0332449d8220de72224712111424a028b338c6ddc6fee93ee0df18b4c80aad,902,training
4,fe790f04b76ca73c65baf1e7d6a5adea33097ffee2a9d33335ba27f28346ad25,903,validation
4,bd98917df3fe19a99e9b37cf68606d0732dcc14745a766e3ce3696c9a4d37474,904,validation
4,3da9d2caccfef283bbf759298afa2eb89d9727cdbf5cffd20396ada92a8c4d1a,905,training
4,965e8bd28d87a6fa587c004a61f46ecc989434d28d4a586eeefeab91bcdac012,906,training
4,acf950f0fcd7197e745ba69f5e41ef989a0b0ec74772ec122b2a81b270b6d066,907,training
4,ad7446df1717a7278d6a173e18f26e23b5e08fd76662a48d17fc116e6bc69b43,908,training
4,4a9033728591fced4519390c65d5ef0498c7ff7955813628154a8a749b9150da,909,training
4,eb8a52d4301893c3ff62295599302d7c7b368bb3ad8a40defec21c8ad2795cc3,910,training
4,0744b11252942c53b694d5773e7dfe5322507542c4116d8a0051165bf6dc0800,911,training
4,a488db3b4a54c0f25924af370c2a7482d85b378c3d2ca6649bcb2f2702459d6e,912,training
4,6f48a34597727425facd11d3cbbd2653893a30f4a267bd7a7ec19fc4983d6ea9,913,training
4,9b56348bd003d1096b8e91a3dff00b321889a4e3e231e823a339aaf83da2f428,914,training
4,95eecb5ae8da9e76d9fdf731feaa51054bec16070f6ea67bee6f1094bf2a52dc,915,training
4,5b988d7150107d5b87483830295c8ce4ba40bb7e11552c93083a2fb27c0d7014,916,training
4,23862995a84847e56d6305ffb7a07c125c5edd18aad92901812b4e0c4cd883fc,917,validation
4,e59d5f6b3e59c00219fd83cc9a2f0c3df2b63be4e383324ccc6b9098fd750fc0,918,training
4,ed23bfa153e5f34983dcebd5538a2513c556c2c1c743facaf6f1b85c61cc578e,919,validation
4,56dab4637e9d84475a089b2c05c22e198ca6d04111313f0e0a4a8bb7d1cc8b1e,920,training
4,dff1aa588495f2a41f199252cd3bbc2c4f3e9a7418ca7748b66017b0a79984d9,921,training
4,b8b26911c0f108ea60691a541e66492b14da08ec2634fce03e89aea53441173a,922,validation
4,b25b7d25bafe26ea3ad1658ae9952869d726f76b9bafbcd62d049aff50dcdac2,923,validation
4,8c701455734e72cffabdf9ad7da1189c3c3b5d9bd6a5fdc51898f312f520e5f3,924,training
4,08b9275716b8e8929b993fba4cbf3bac19989bb1cab189f2a2d2ab4c50ca52d3,925,training
4,d4119f3b5a8957fa02ab0fb253cecb1da2863a654f7cfae7000eca3f44914283,926,training
4,ba70ac35c5633383829a91622fc2a2330f027c7d23ecc847c568d3d5d7c1e6a1,927,training
4,cde03fb4f307c2a31a3c66e6eb2a477e597ba9089cbd12d07b829675a33111fc,928,training
4,26f406cffb4e1dc4313d9d3c7a2727d1c316dcaec3dc476bb17cddca2a91095b,929,training
4,bc53f65593df4386ac2f4c39db874b3fa3854fff9743792fbfc364b7f4bdc40c,930,training
4,0f1795813078b0890e83b1522a25d9bb93a1ae5a988991c00b04d6b5f2d8e985,931,training
4,7027b17e1dc1802f8f2d26520da3ab1649815ae8bec9fc9598f44af4282eccc6,932,validation
4,a7a052831ada58fc3d551847032f530363bbe16252e07ba9e6fbcf7fbf17c74c,933,training
4,48da0f556e8990d742211f36c6323c9b6f73fab98a116b209d28cd118057ad7a,934,validation
4,30bdee23778c6a2e154bb1e719ae17e4c0919ddff07ec0ecc34b055d09ad16c0,935,validation
4,54be673137ea558d7c14d466579e2035de640150e3be74da6efd4624abc1bdf0,936,training
4,c5aef2ce789bab2fd04d3af08933376dde158da9278895ffb526ee0aff739eee,937,training
4,ebc447a770d65846e219f56a896e2e55ff9744af581e370282ab737b0332a165,938,validation
4,e17f6732ecd5bccec50e2ff8a9344829bd8252af82f6f43d9b4a661af59b1090,939,training
4,9e7a099bfa1a204ddf0f9b777c0e27aba9cddd3f85f75698b954b40f4149d3a8,940,training
4,da79d666238bc181267ca7bd228d14f70c513af5fdf4e56d61c9a9f2300295b7,941,training
4,c8204de3cb0d74e9d46e57f71e7b3e32a943b495c71885649eb5e1755d2a21fa,942,training
4,724d528e78db51d705540c82500071d1d0a7625873349834769048b5acc19575,943,training
4,dce5f9633a3599289b2243e4ad055558319bd454bac5236274ee98f48d17fb90,944,training
4,e35cda83279ec7042d097d16ab18a3077c8a643088dcb5eef3e923d78943dc84,945,training
4,87a271ed5b91cfb206cb94ed2de06f63eaab02d819bf309d9ff8621c895fab48,946,training
4,f00b3d1b41ecd792b2c98ef75511c66eb72498268718f0d0d2d8fe407e997537,947,validation
4,8bcd8dabec10b867c5fa9c9e44698c5990776564eb3bb0c00902b4bd027a2f83,948,validation
4,d932ec790fe59169b3b78683f3b5125a49a9d0543344618c82ef6e01e803e9a7,949,training
4,f671b527e41d67d61ea799c1c65b6e15b7e6a98e5bb1da5bdf24a54dee4aea77,950,training
4,409f6a7828ca2e23713fcce1c6ab5d49454f69921eb556c26d4957f662e1bf87,951,training
4,751ffd6deeb521261c9a10884263fe99c77fc109b02e5495102ff9fdbe82a7e5,952,training
4,d7be8fb1188bfef116c4dc7f6b083ecf83855cadaf5c45f3ea8fbbcc4479f25b,953,training
4,699a857d4b2b293aa6f66dec33748ce963f8c9cfd20b5c538670b8a71ad4a55e,954,training
4,5e36a1ebc56592b81235907f14ca98492142e3aeaeb46063362594bd005be67b,955,training
4,e762043d7a3773cbb5e085e520e6eba78f9e1cfbd7a20cf4ab9b07ea6d92b30f,956,validation
4,d9463a9f8aaddda4bade99859802d478dedf31252d1bfb19c032040b4102684f,957,training
4,de762465fc288578fe85b53f66650103a42c250eb56259edd35eade54865fc7c,958,training
4,a099d04eae364c268fc570ea9cada7fdd14bb2f8326b14813c7882d392109240,959,training
4,cdff46d4cfc7f2e48e7cbaa64e6a3ebb10f2fb9f1eebc659ec549647cd01e2dd,960,validation
4,2fe51cb31cfb7a7c787b327fdfee5477cbf355663188b56b8a2b348f1bf149ea,961,training
4,c0772d7000a54011c1c2e0e50929b9132b2f0f51cd6d2dd62e5643e730c0404f,962,training
4,c7d34d3d2d5690cb2c91c0d1b91e62760b513e97bedddc4d176123e52aead15e,963,validation
4,4e9249bd49cda2c3f61eb21e2024c463c16d5f96c28d1dd066a9843ac6035d1d,964,validation
4,188e2a9a350a9556848a666a4056b8e4143dbe724fa53dba55f8a5db50de652f,965,training
4,8af044795f1ac7972b70493b296b0671c767b93d8ce0300a0bd6be8ca9da4b46,966,training
4,1c927dfb39ca9f54ddfb18d761414bbc298245522cfe6214872b3a4250b372dc,967,validation
4,7ace9fc3e74653cd554a1aa2d0c17daf7591d50cc7ebba960c20f9ae4fe58f77,968,validation
4,b3e7deeab5ffb63f80b56ac76449f6fe02bc96ca45239e8a62f5c704f24d09a9,969,training
4,e6514a0df2258707cff27b670d735853c0a912c713576b7cbb58826b7fece574,970,training
4,33bffba38e1234806c63e5acae3612e4ab0879e2d2c065a949059fa89f80a51b,971,training
4,b2ffe5d49b265b1cde2827ddd4cb579680ceaa4068a9d504a91580a9dbf33027,972,training
4,24b44e74060a358aea1a1bdbeb9ed6d29349d283e20fdf27c2333134533b837c,973,training
4,28fd01ac40e47afce7e2d57eae0c531e75fbc5408072dbb25930a4c26de54914,974,training
4,70c8b12e21b5a2e4c6e41ea1a202408135b7a8cb15f06f69928b403080736e42,975,training
4,4f2967612b8cd39cea11935d0054f824b8f20d8facf2c52ada189b052d5d8850,976,validation
4,02785289d2b505c307ccaa0be9e88425e5681d88416718c8944385967b2e2063,977,validation
4,81d764a5b57ab48b88029b62cd44de0ef13a925583690ed80f09c488cf023fd1,978,validation
4,78398b267397dc570efc26a68d11efea06ba7f52f59df05f009358411d541b3a,979,training
4,a74988214c16601f21d89e04f497a99851e26d4b5aa9a88fdce1510c5ef99d2b,980,training
4,2c3e571d09b73fbd5a46ac9037c63e43b90416170fb17c2cb44bc2df5f1cb255,981,training
4,4e625799727e440f2164e45a91e9f8336e8c6bb42af9afaaada5ac7bdfce34be,982,validation
4,42c852a658c4c869e106da851943976ca4d8836673cb122560987d0bf2227d11,983,training
4,4cb42413811742786eb2650b109e29170ed85f2530877dad5f607b1c0a2d063a,984,training
4,fb2899b4b3db7d93e08cbff689d67246567bd22407acf2d797c6560df052248c,985,training
4,0405b44d98a0c5d6c0d2b524c12054e10fd04c605d081e72dc21dc47f4561e39,986,training
4,5c8b62ae06faf9d83560d1cd9d92365129fa7b800247e7d0d472be76ddea1797,987,training
4,ef6f98c7103556a8c23cdd1552fd0027ad8d43affc07dfb273dcbb63e1c7b4a5,988,validation
4,ed723dac5aa06ce73368a469dffbb4b5865c94ce40f3c057febc89ab819dcb9a,989,training
4,9427ebf64f1937189ce127c1d79ffd7b9231ce9ae468edad498fc41e91e1d281,990,training
4,e48811252d4c6572a405a5cb3cb9b247f4d558ba151277854ac858dda5485404,991,training
4,c986705eccd58b31e3e0b4faf871927293047419e404de72a955270c41b05aac,992,training
4,a42be33b6fc765cfbd8f473a3d4d02906a3457a90f9097b07490f2e5028422e7,993,training
4,d02772a276905735fb11aa462381add9b3f755a5c682e62bfec3540b51ab79f0,994,training
4,1cf234af1a9e6c5be297dc9c577137d229a0a66237078acf6d026c939f04af1c,995,training
4,bfa166986df74c8a044d536a7b77a80d12ad488246be7f76920c402125c1d95a,996,training
4,174da1540696c34e077528ce8ab737fb449bbfa1dfc18ac762cec847f5190096,997,training
4,bdd4d91a0991f7c645ae37695468cfafb02ce6a961aec09c7f75eef7889f4988,998,training
4,151d5770c70ff53e3dea494ee971e23de14fbc34a97258830d194f135b6412b9,999,training
4,50731f71d8a71aa8b5a7724cc03e97cdeba64339de560768557d71069eb29626,1000,training
4,7597bd796d444891345196e65d4b2d83928e4f9b7347cf6f3f5635581e55635d,1001,training
4,c8a45735e59fe071b1ab91701abb8ca17420fd53985336686f6836928cb2ac70,1002,training
4,0ada156882123b3051fba045c3f503514ab9af223e0dd86c9eadb618ccd057d7,1003,training
4,d3d8b38a30f87c18ca6f60b899254760e0aec62477f00e0b6026d15dd0320851,1004,validation
4,d6ed5f458311dba436e976f2eb5ac26a902d9c90f9d10a3a7a8194fef6b2280c,1005,training
4,dc46799624373ebd95e1b71412a75982579eb4bb7177857fde51aae3e37aab4d,1006,training
4,2071ade08c6c42afbda3a5f3c3d05c76e76f50cb537f9f310c44b95b0d30576f,1007,validation
4,a6bfcfa72847a65900cec24e7704656ae2ed24ae7d769df19409048119fbd3fd,1008,training
4,bb06cd2c8d1d3181b8f2a317ca7e28aead0609b45760e6eaccb285bb7f69e816,1009,training
4,899340a8f614fb6080205b20be64c08423166a80d0a875378698375a712eb533,1010,validation
4,21eb77d720099e4e41c3cc54b666d7e5600c5f9396d867912f1363d1ea61c4d0,1011,training
4,8e6a1a346a86016525f5228a5761a02091bfd5dd912c79f186ea5d20c3980e5d,1012,training
4,92e9501cdfe3a62705e2db679382e3d3d27032c471c119a60016ead44b53366f,1013,validation
4,daef3b316524123609dacb9183c9109d44b558f25b89106d87805de622ce8f87,1014,validation
4,23dc8bd26f9aa0b007eee1051f78d95429da0bafff450b1f2b3ebcef32c129b0,1015,training
4,b22fa6dfc5674b55c6b3ef38b719a2f8eae92040cd4955b38ba948df7f59b473,1016,training
4,19ed7000e06d9ae8844d255d669fdd1a50bb99c5162c5974779e8a91db75b9a8,1017,training
4,18189a9043ef176b4268da6c48e3d3b4ce7341946deb76a86bdeeb1ca4a131a0,1018,training
4,c55dc96068250ad8dafbccdf52bea529d5011621a15da8a0b5814645ae4ae95e,1019,training
4,07396c0cf2d93a1f54e4e61b8a9726697df98c8eb3892e7b4aac011a39f0a408,1020,training
4,ca49636652f69514b91a279293c6dbba7db1372b2ca0a58ade3145b9b758e7ec,1021,validation
4,6f689fc6e0a074fea4807a9692d2b6a8c0c540ec8f786514bffc156cf1675c53,1022,training
4,3b2aef27a3a269fee8e9b2f04bac42ce543f0905eefaabc2ed37bf24cbda23cf,1023,training
4,42524fe5c9182d541221880e02e49050c53eadb4baacc7233fa3897128489742,1024,training
4,c83e3f91377d91aca0b1da3fee5be3753653bf37aa920ad6138fd29aa9212fb2,1025,training
4,1c6ab303427cdcbcc59c91ef092e77f65d495168c05c3cc644f6f672aee3a939,1026,training
4,b631e6262e77b0636a17d57353c8c6ec9c5d3f7d8adaafbc73302909311c1efa,1027,training
4,c5704325b2ceba7c429a1eff7afeebbd7f1e958ec62668979832ba97159d6450,1028,training
4,5541a19956d0898ef0b8196fa911c34055e99b4b6d1a9e036027875f60af861c,1029,validation
4,d9aa05de26b8c4754de1a0b978c769948373f1c0780cd1d8c8ab85aa75398c53,1030,training
4,3d0f38e1fde30ba52da0058bdd900da16e33afb3104c8bf2557f2e65b006f355,1031,training
4,0b97bcc72bf354c78f35faf1a571ae7f4b0c8d0bb5b454597dcf147afead3297,1032,validation
4,d7021e12afbc028a8c7ab95ca70743f8a432df10d670d9ee4b74c4f19ab90389,1033,training
4,e4c5a922a5cf488d81e9eba5c254d1d2e955abcddd1793a9dc26262620fe036f,1034,training
4,2b8f50f2416665b69f67ebe3c55963cb622a7cd189a96d0dad9c6f83fe1776c3,1035,training
4,d2c612d55552af96b0c24a52a56b8a7706748f98b3fd32f5fadab15b02c672d5,1036,training
4,753cdfe0de6c0926d1eac6ffe74e4e569b1e9a1efd1274fef192f34fec5da104,1037,training
4,8d09aed4d284125a2d769ab3ad2d7f63f1282645a0e875525dbc4dce2f7f1bc6,1038,training
4,bb878eba45cfce0fd36597f696264023bddaf61d44b2d357959d9099a9dc7207,1039,training
4,005b66f3d0d75fd972de69f3ebd8e0316ae703e28692623e009b8852f2903077,1040,training
4,877ac4e54c4109c1917cabf0e0267c557eee5fdae82862dd4b867c97cfaf4d20,1041,training
4,d9b0490ed7b2a5813240f1f08615c1b4937a57075d2a89d09e61b2bf5cddc061,1042,training
4,4f741430e3af43e79d75aba984d13ecf27f462b3e4d8da312aff06b34ea8ddd3,1043,training
4,1ecc05f9634a4a39a2884dfd2f0c1d39cf99bc4608de3c685c609b4ec6b6f2ec,1044,training
4,ed9371ce27c21c7cf90f840e1d3835eccc4aa61e2c3c948e1fb85711853eca5b,1045,training
4,84c70e02618e65c1455b6f7673de37097bcbb191dad8b6ae645c44a1ace301a7,1046,training
4,7f933d36e3672773a2d0290e79a2b45d8995201d19a28d3d925a465998f42314,1047,training
4,d77b33ee43b54ef3192667be1ae5542d9597b81dafe6ea0504a93f8f335069ea,1048,training
4,0e97d4e19404610bb79a91fa8286f35579114317be98fe7e4e97e6a921644370,1049,training
4,1ab86cc0a07797140935ffab8170b9ffe20ec1b4d8ca1d4566c33c43c9670ab3,1050,training
4,d45d01ab00f6b2c9af54659800d53ba9b1c0685e7966fce51c18c22bb9c4dce0,1051,validation
4,40abcbd37b16c6e7ae8c4e51a1fb16d80d9f43e49ba37db08c87de2b2ba915a2,1052,training
4,e8e855995aa53452e7d9f10b96754b1314c7d835508bacfddba9e3e34cc4d81d,1053,training
4,f27aaf68653a947862c9a00585de888720437c6d3d5d7ee29784cd8806ca60d0,1054,training
4,790a9fd2262b2d027eb14400819522843a4c9656425593a0d1e620f613a01bc6,1055,training
4,234a2cdaec725114e835195c48e4fce4427bbd96c65d62fbeba06254ba6dc1d5,1056,validation
4,6333f33e5231589caadcaf96ab98b042b537b4d251540d42d2637cbd5361d130,1057,training
4,5356375b2515a790313996b2f222e89daad13f8c47cf3bd3235a1ec4b3d62f20,1058,training
4,bb44eee65a4a19c39f3ba9456f5a98365ff778e568f4d2a95b4eded10a4d9e2a,1059,validation
4,b4b67758bccd04c7e8eae86488afcc39862435f984e65070d56bd1760094fbe6,1060,validation
4,a5858bb09572105d46e0d338ef59f8db2277049cdccc39d6198059050c7911a8,1061,validation
4,dddbde6e92e540c200ee1248c8d22d8b51ac45984846ddf66fbc5a3a6c9219c7,1062,training
4,094e6291c319287ee87bea15f304b9475cdcb9eb3b5b6d27de3add8adbdad5ad,1063,training
4,84619a7832238a0fa87b08c634f3290a788dd6604aa76920990fc215265a427c,1064,training
4,8c6d16c2263f1cbec648275a9dbfe27fbce60778f3171548637596b5085e3679,1065,training
4,9bb88a5ad1baf63b474ab410eaafe985eab86e8b757d342d5d767f9ee7b21a41,1066,training
4,a6749a85b23889682df62f2e066c657039ae1a2dfd1affb53c312bfd621efa58,1067,training
4,95d464f48b45a87f2b73db3bba7ffef7ea37c9499e07c2356fc6814437afed96,1068,validation
4,fc46b790aaa44afd571bfb9cf791e062ee08438cc19574bb52396e3bab0076b5,1069,training
4,433c0fd430b7fee7413b8b8060707647523b5d91fff561c7ec068ad74ca89e3d,1070,validation
4,a8592fd127dd26ee3066346a9e2d143ab1938bd8d5efb63b3a90062a229f8d84,1071,training
4,42fd57b0a4f33118f4b36aaa900386d071ec430129a4ae9a4b99a4cb0d479dd9,1072,training
4,504d5b69680454edcc736723ea1f007aedcbe73a03def63edf61f62bdefd70b9,1073,training
4,946d019ed573eec94d3218c8d76ad1f6cdd3226a756bd08eacde7f0c37e20d95,1074,validation
4,1dee0bf08dce3ac30a658a975ce006479497925c3337d09ac80d5c4aaba82f89,1075,training
4,2c1704a4b5cfc7a5abb65c79a8b6141930cff6303213633317ce9822ef87547f,1076,training
4,45268b677b4bb732c837e7f2df02b281960f3b8e391d826c2fc6ff385c97b922,1077,validation
4,86f0bb7562cea8e123dd1b1f8b8d08ed77c6b1aa00f115e11209687c54a8f414,1078,training
4,a1f3f17b8eb1ecc4ac8b87347b897140f705141efd93e1a03942c9aab3935961,1079,training
4,2d0ecae76e70cc9b1299206aa797bbdb2a499b91fea7f1e1ce4daef4dcc04660,1080,training
4,8e7f4212f9a7906933ed87bd56e07ff8b36f8f8e1481461b4cf2b0daefaa0769,1081,training
4,b06b18f0d1eb58e07e0e180dcd75b9fd4f1d60de76f2107fc059a723d248b356,1082,training
4,5cb6ee6c7721104ecf72adf4019dc67fd397c11909b83af3e095c031f7ad5d09,1083,training
4,0c83136e95f4c6c648ac38488a73d2d552c7a6481a2097756a8b9425cab0b1ab,1084,training
4,083a500dbff609d0f4dc97f9e87cd9b9d43e46c900867a04500ba5c9f6016b74,1085,training
4,495c607824b0d6cf29ecde61748556adab31551e952e3c9f26ee74010244fced,1086,training
4,413c3dd3cfe16f876ad8163398d9affa332b69878b412e1f401e00318b327969,1087,training
4,107a1ccc1ed7f75a2c3dc7decdbfed0a6f5dfb6f8292e7c69b648f648cdeadc3,1088,validation
4,8bb7b25cd90ec4a6d92d074e92c573b95d6304fedb442586f939ededa80c1d64,1089,validation
4,e5d56014c8b0611a57e9c222a2e8f3c7b1f9e93d90f1e4f59913c5313c4fbf5a,1090,training
4,6d5cd9dbe4406736bb818998e13afd3110d268f5e1eb097c6b1a7798bf49d94e,1091,training
4,580352deb583c79ca7852c6a4f0f63162bb325c9349d3ceedb617c6c434a5b88,1092,validation
4,86813fd7adbacb19e90b93e7082b9ebf01b7da9e17329ff4024a86e5acfa82cd,1093,training
4,b7eebe9cee816ed42c3cd77c8c51de980de888dab19bf965e7d98c898e6a0d60,1094,training
4,e0649d9f459d0059c82cd67175d0970238b4cb4551025b9ba90aa226b623528a,1095,training
4,b6ce28a43c3683bf598dc4c95b473ae53eb317376d57f4805e4663f22da51351,1096,training
4,0352f56d988ee8802c9e11974b2103e149285886c2397a539724af2ca4689629,1097,validation
4,e7db789b0265a08ad531b104e4b234c5517467db21f7c0baf4e025e2224e1795,1098,training
4,4545fca32da332568f186c151b2cc0863d267e66d68b3c146c841b2b865836a4,1099,training
4,9a7a1248ee105d2802fd6c03c47879b8816555a67bf67e54a5a405eb817964d9,1100,training
4,c22a0a02b1ed3ae8bb2bf840587137ec7c7bd34f54d9b16b517f4bdd512be540,1101,training
4,89d1e0e95717ba2c702bce2dc4e7c396f6dc8dd0d444a0fb0e63c177e9248852,1102,training
4,fb17e2a73e028850ff14e89d002921710d20500e0d858727a58477044c794db7,1103,training
4,fbaee4d7d160d7c4f41151df52b34337bc5304ff992a9462fc7ac7f64442d7de,1104,training
4,1e89651d213b66372f54bf0ee2f5bd5e9859796c1915338090bbd8d70f426cc9,1105,training
4,e797074639ad9349dee0d3a3374415b190c065b710aa950107871b5a239343d1,1106,training
4,08b7d64a32eda184839a42b3b6151af5a84df9d4ef82b0f4ad2c8766bd73f050,1107,training
4,b1ef30a0151c95d44e4448662f27218538cbf842c4482aa2945fff28f78e3add,1108,training
4,c3f9a0e3937a84ae4878c1dfd1c93445cd51d0c4972a8b69939222b16f69f49e,1109,training
4,567bd6dad5a87455f9e402f5cc6e80d943eebcd036d6b7d85b126e4c363ab02d,1110,training
4,42c97e524bec9166b6d6aa209e72d3a37b84f761d033073e923474ab0378f016,1111,training
4,0885f680f11f799b7d57fdd575e753e6b36a3a793752bf4e25b7802808c91427,1112,training
4,c9e338c29d8409bb063515829f0fe927071289c022e3099024fb323a4ec10b67,1113,training
4,2e0d62df5a4e8ad47240d8c52e6d9f3e7cf85ec810e2a9bed8cdf07f236b70f0,1114,validation
4,0071a7028b0704c4a21bf90e58d03584d2d2e80a58373f8d79efc9a422671541,1115,training
4,95c81e338e7a54f5790f76b8be1c5c33f67d89dbd272f5a842e684d6fb8c11d9,1116,training
4,25a516e525eb2b929a0b1296b99f4c1892a049ff48dd91d397f4a1061e6355bf,1117,validation
4,e3b8dd53b87c2bd0379184ddc4162fe143c55a942df9d0a446b0c3e1b23267fe,1118,training
4,c3dc442336a29052cec7610cb71c207d052adf76463c9130cedb083cc1790d3f,1119,validation
4,720b61bfdbaef7707d9a47c7a4ceb121d139f66d925e6055e54d73d32b91f51c,1120,training
4,76bbe8050315a2cba5c285a7716ed3a4a06abc18dfce7df1a8d9da3db33482f6,1121,validation
4,d306af3de9d49227ea9e853aa8e198c00e8d21297afc4bf186463eca4c8cc9d0,1122,training
4,b02619e7ca4f0f4e34b041b59b0dfee4c28c43ea1e1d30529c74c12a5efad913,1123,training
4,23d7ab0716f53f1cfc3f18c68909321073f3be8a92540ceee9cc9c756a7b0a8b,1124,training
4,72989b56724aa73464dd13c26f1110ca467bcdfc66a2ca7ec6fe68de37fd2b8d,1125,training
4,80d96d37392476e8a79160af09a76e060a7615d08874a7e109a5c037b1579826,1126,training
4,9feb5bd7135b2d7d3b5a7677478cc4af9b74bcfbf2e359858dc3fa68d021f991,1127,training
4,26bf872d4368679484959f25dc388bec631033144505e0e9551f41b4e1ce7db2,1128,training
4,1a5ab0f9ce62f1a5931e3effc85dfcded391c7b7b704acfbcc1534fddd046ea2,1129,training
4,5421619cbba0b6c5790bb0309b05d064685c2b65e072655c11acb29bc47119e0,1130,validation
4,2542d62e87b8562f11e4306649a97e907ee94301c5b9b529631691d533437fb9,1131,validation
4,f5c6b83986f6bdc9a92c1ba59b4dd9e4f109ab7d111fc74fb1411210a10d8fb2,1132,training
4,8a7451ed1ae6a66fd70fcb25d77b03129e53a95990c0cacfa92bc03ece568ad1,1133,validation
4,bf6947d93fb2a94f33a0b75781878063bcccd19f38dea650e50c18d562182b1c,1134,validation
4,f1aaa8235c67f221a4235b5d485560eaf7752df7692deb51162ac4653fbbc187,1135,validation
4,7ad4037edf58ddd3366603a5e2d33230e9570f752926943b62bb5c5f24ed10aa,1136,training
4,c5b00590d15fc8aad11056d9394acaf9784e144614f684605fa642556db62961,1137,training
4,1064eb40cc2c8d9641b8728fb228779249d560416221fd327f13263f27f6bf82,1138,validation
4,92614ec8a7f93827d2ec8e8950949e5e614703f3f371ad5deacc8f6953125e2a,1139,validation
4,6368f279d3463ee573f088f0fbcb736a9cbd151871253783c4f8a08012b1f950,1140,training
4,255f6433275174d18caa0319fdfd89e198dba1026ebc9dbe3eedb672c952daa9,1141,training
4,d00ff7ded867c83478c03ff8d158d36dc29a13ae94fe05c1f7d5ef456fadf41e,1142,training
4,5e3e919416b2b0a10c2d554342d8a966d857600e37151cc3d95c83b34310fb64,1143,training
4,5ed879b18d92f2c8874bf327f9b072e8be62cff3f8445beb68833776b78424b4,1144,validation
4,b34d563d24eb792db74113500ce3586aafdbea0df55d17f0af5be4b0b1669a35,1145,training
4,5088eb7ba970a06b83e57f5e150622c44d7bdfec1d83f9fd925ab5c2575516b3,1146,training
4,a9e2e729a89b16cf21e2dbacca50d40f730fc12f3aec9bd5d677bd5a99582df8,1147,validation
4,3fb428ec4467e6158ece35d98153d7bc70810ccd8e35dd1824eeda90b044e32e,1148,training
4,3bedb225cb5900069e2aa6cf029a8de70a3e2f09f40d48482c9c8ef73100edce,1149,training
4,1005d9b755555be27780adcf5ce6eef40763fa80d021244d6a0bd2340ccd745c,1150,validation
4,083bd75f1a0e2425c788174e2d3b51360781bc7f3a0de8599aa17695686c9388,1151,training
4,54419d8ab74543505a462b26ab85eaa7d08f2439a8d5e84f55d7a36537dd02af,1152,training
4,eca82964a8a663452ca34e13cb15c1e3ef57602bd303640ebfa571a87e477672,1153,training
4,99f6fdfd51e0066f53ca7a4ea63963f7259b0663946eb7345e8b08bd6dd5862a,1154,training
4,abe83add30a89e5e6290f7d36dfcb953c94c07e04e8d9be078abc807baf2136e,1155,validation
4,3e854fc35692b340334aae358a51e2fbb5ce15583c604e7bcbc7fa48f069ca60,1156,training
4,6e4bb86b2515ae20993f9bd3629aa3932c6f4d3ba1b5c3b169e1fbf40bb40715,1157,training
4,6342417a7f4c75e4a111ea46c0ee9b8b9d4505482056408b7b069147ac61bb9c,1158,validation
4,0c1e9f599bca1f2583452025247ffe6482bb49f8393001118e2901c3d0cd037d,1159,training
4,7ff0cb24964400e064d4a9a35c88e2f4eb50375a1080f1528b3a225f0dca43c5,1160,training
4,7c3326eafacc9a14666f71f919ec4b0843c0d95ff9d1ea4aff034d3d251ec499,1161,training
4,eb95eb076b0d6e01c7d58286c0453f9bbb29e0d4e721f7b69a6cbd25050e02e3,1162,validation
4,75ea55ea8d5825d3f8449a24336e25c246b1f69e4a2096376ec4214440d6dfc7,1163,training
4,4d3427b2c7d5b7c75934585bf1165d31b5ba0ab0e2f290deac2a7485e3c44f5d,1164,training
4,6aa7834249e392205b63cbb952684c2f2a5ee848f255ffcf25a8f025e186dfce,1165,training
4,a1e526b49914ff0ccff415579f61e75104b7875354e16a9ec70729fb35ea041e,1166,training
4,8b9d7d3f100c033c64fca0a4b5bd03def7792c5452e8bdf75f083b4ead51e3af,1167,training
4,6e4602f6dd10f2eb8ba8ce376b1de410e1ccfff90c0990c5efc361ac63e36b0e,1168,training
4,cd4c653500b7b6e64ded63def806eeee29fe2d442be8f7a1ded264b85fe90c87,1169,training
4,6e97182cdaa5859a8a38571eeb8e67921890df0f0a9a0243ceae137c1d3e817d,1170,training
4,353d00c48158f551679f46c022041e8a3377b0c94a0b82ace249abafcbab34e4,1171,training
4,dacbba562e34a838398719ddbf4a81aec042081ad99de4477ff3b3c859cc9342,1172,training
4,c069e6ba04753586377e49b248b46071c315193fb93415bdadddeb52422df1db,1173,training
4,a04ab158cd73832aa37e4d0ff34111716a228e6623f03fad0e0bcc44002f5fc9,1174,training
4,7b9fa50ab9ede5b60d21649c0af32e533a606f486c5a805a25fe6a83b25d6181,1175,validation
4,b13e59c23a94452786e99d48c8dc91f408ba930ae0f0801600fb4dc5726f6288,1176,training
4,451965e1c21f7c3daf51fdc137c6ee9b4e688848942b54f69f63918e1c66e9ff,1177,validation
4,64df67af557ab263f2fbb12f69f6bb8aac649cb9e8b33ccc6213199ea6d31fcf,1178,training
4,6999143627edfc8e175dfb66988d9b4d58cd52850c957e19810fea2c78a8fa91,1179,validation
4,13320cce0be632155d4efc18f2d5c35d736cce06b28952907367d04e3c859785,1180,training
4,10a5c8fe626981d69514f6c0f322b72b2cb733760ecf009b0a404f6557e44970,1181,training
4,eb2731c8cf9c77230fcedb6e7f9ddc7ff7ccd32165a2ce99c9cdaf65ca226457,1182,validation
4,e0fc252b7b193e37dd614837a30433cce0b921d8bf722d228a3d1a7f8e6bb9e0,1183,training
4,959ef4f47b686aac9c5b2b0ec0f3ed7c55d086de23e7c3c0e3ab2c3567d70479,1184,training
4,855b4ea8574fd0c098bfaf55ff3485ba6aa2b41edb77ac001801f09d4ea87b35,1185,training
4,0a1399387360afc04c743698b255b3a1e081a24a79210d5fcaf1400ff3226997,1186,training
4,55788862c587b06d47fb40df1807454c1ebbb1b968fbe2fc96c93b0a58d6c577,1187,training
4,d4691a3868cd5185cd71ee0885008aa7388ca98c4eb465db35bd5699711566d1,1188,training
4,658cd0333b241de504fec4715b9bc7384c1eb48cf40892b623281e6a7c56cddd,1189,training
4,7d9119f7a02cc40fd6aa2468e30517f98772addd77c999c52a9b55ba99ac5c93,1190,training
4,537e1ba673f7d3c831eb7de8ed2867771397a2f38525958ee8e90633e7d238ed,1191,training
4,c383ca7655b119092bfd87fb5d908b1876b172cd9c917fc029e9cb91356350f3,1192,training
4,2132ecec892ed4a96ceb4c5953199f66bcaaaedea6e199af56afbac2cd30042b,1193,training
4,fc4096959c66a0d00cff332c5c63bd6c85e4f6c4468c5d54eeacdf51305ef6b1,1194,validation
4,6a69d2a2037acaa3f812f5a815d98d78c0fe23a70596482b114e7bdc89b2780c,1195,training
4,4431f118a65def98b4ac155bd878c4c2f0d45a1ae043e7c9ec9cb43777df82af,1196,training
4,4bb662235c432df84342b3a3e5cbd26d5c1aa15f8798da2e6723d123ab89adda,1197,validation
4,e42b92674b27ee23864b050625a8fc3e521dc376897b967bb76fbccaaad42566,1198,training
4,efa12d04d87ae58b0386121b48c7dba82d5d125d8e425a97a062013e000ba2e2,1199,training
4,2adefe084cc7fa31ed07d9166f693f8a95be9d1a6cf23dfa3c5de8f5df8d09ca,1200,validation
4,4879f71cfbff8e6192ecd1d9a97eb1f03e9ef26a0f7007d03fdc3da83424da4f,1201,training
4,de68866a6b4dbecc023f5ad36641ade5a3d26fd1b2ba0ed2a11c072911140f54,1202,training
4,25a91c7d113222302d5e79eb23ca6221e4ec614629c4e30487e84951f603e75a,1203,training
4,41226c1d25e2c9955efc628fb87388cd5e3a640eb78d6a9774ea5a8fe86a03a0,1204,validation
4,012fefde8d336a97d7a64d09a37826ccdee1e73906e2ba0beca32d53adc86e7b,1205,training
4,21664cabf0a4056ce74c6f3949d6001de69818f25f8260b3342b93f26f5ef968,1206,training
4,becf15053ba03193110c1e277302481d2369ecb778adb6d609c592d64c3cde27,1207,training
4,ccdbcccb3a69894a2e4904e21cc52c66be7112aa8be8127fcd3622965b373fdc,1208,validation
4,ed5deab4bb8bfad3dde48d3cca58f69458ea1095bb8326e0c8e5d2e2071dcb56,1209,training
4,d35cfc0c22c3a57ce6c9309986f5943a704da12e2501fe8282ac306914678a5e,1210,training
4,f254ba3050dcc577baa9e3e580cc2c14cd65b8e58cd1a06a008ea275cb38a494,1211,training
4,134f3b2b5144389d195014f639c351abcf24c0686d011b0b1d22d6d17e3c4795,1212,training
4,dd28c93a30682f50dbf2a8db158a772baede46c52e47a62b695a0310b3029ab0,1213,validation
4,d499f44eddbfd5c72e6ba16e4f965e16085d13d0144cd5f7b92e7fb2992eca5f,1214,training
4,32ac63bd6a0ec24578c74ea5f9c35fe566a3c50da7e2e58a72fa37667e49b68c,1215,training
4,c8480b76634f5a62e6444222adef8e0cf5ae53f81edc6cba7c30e1172bd78832,1216,training
4,83a62917f2c2739a794f5dd3a617872e6783cd5b0d5facfa43c5923d174ee351,1217,training
4,8429453560856918c125c5b5fb0aab7ed64529c3efd63897968d1b8f45b8b742,1218,training
4,4ad9c3f2691339b2d4aea6928d49a83008b73b5848a894bdb87387f1bffba014,1219,training
4,95e8b528a1ac368bc23049fd6c621547120a3364c791948d0cc8b4c33a90f7e9,1220,training
4,2a623863e43d5edb5bef67ff5b4e8cd8d63efdbe0bc7c02706cdd3851eb66e93,1221,training
4,ec8d257dd492a6da116c029e1383900317c0c58ef93487f0ff611fe0a3fe3ea0,1222,training
4,a3dcff6a0d12dad9c88bb8c0fc13352bb043c743ea400a41328ab10153c861af,1223,validation
4,7a5d0c95f8361588ea847b7059951c51b28798ee4e2c6e93cbc12090d82c9427,1224,training
4,71add06afcd1f2f89a160ee6185fdfd54567f08bfa210d6caf5882aaa0bccdde,1225,training
4,b6f0a8119531d38349fcedb7e0aa4ceff6cfa74f31ec2ae0efa7684956705295,1226,training
4,3eaa28aa090bb064f0587a7ed3de17ce513667284656ac3716f407ce5f709bc8,1227,training
4,34a470d54379084fda59ea23d5ab8e22c22b3d12be23a1105eabc368dec742b4,1228,training
4,fda70c0a81d579ab3926abcd2c41378b24c1d1443e2edd8b2793e3a3077219a7,1229,training
4,ceac5d738d8f1b4a4f8d9dd73afe1a04ecefb0e06cb6b2ca35fecece5bfe863f,1230,training
4,c66be9b7d4b126d780c4ce437d172174599acbfa54efcf7195e5a52dd7aa3e97,1231,validation
4,00bd651e5db900fbb3a615c0724cccf484003fbf639a86decdcb340ddf1ea58f,1232,validation
4,e5a482f2091f993b474cb49979cd981a2af0fffe9dadd1808a48b98c6d6ca46a,1233,training
4,5265602d6ceaa07158ef72dc2dafaada11af1a327e62e9c01dce389280f8cba6,1234,training
4,54d7c3fcc293ada49bc623b2356912a534dbe320a53c9e30304e08d0d9e659ef,1235,training
4,4392fa3ced7ebc7c35b47ac487c1054bbcdc32d0da69564e04fdbfafb1743082,1236,training
4,bcf518de07ca9b20a08980ab3176bc7210cb2413e5c31b972aeb01d660dbdf3e,1237,training
4,5a9d8ee102afbfa7f5df8047564e0008f3266ba1fedb61abaa6863d47468a7df,1238,training
4,c00ea9d115c6a29fed408dce90e0fede6c8e66b469214b7f7204250a6b1d4537,1239,training
4,3ce7ad5ee2967add4cac7bdd821964ed4f26ad8e15836616d97bdc48e4ec7849,1240,training
4,4bc68368c2e112764daa0f3ab78a3bdb05faea96355bf0d93e2889885ad53be7,1241,training
4,3f6774e88fa2514eec9439c618d7c3bdf12bb162fed6d204f51c901ee5c194ad,1242,training
4,5e08de60ae65374a94ac9cc9d627fb6cbd199f30c33f8856e1639af294275c6f,1243,training
4,14c64895412550ff0289b041d24278729c6b88a8c7db98db22fe21ceef0d1461,1244,training
4,9130cbd59c6d09df3b1dc62c92e1ef2441cbb6b942aea8c9eac6f7a536264493,1245,training
4,e660a5d77b315b25e56f2d99347f38f13a7defad5373f121bdb3e313cb151528,1246,training
4,ef411759d882d191ed60d0a89eae0d295181243c294faa9e56a58f43e94a07e3,1247,training
4,203d4e599b6e84978836592e01dc7dcb7e7d1774cf076474e408008027aadef8,1248,training
4,36fbe4aee00b2dc0c6e479c9619702bab6155454ffb9dfdd87105db6637dd503,1249,training
4,ff4195ea80fffeb3ad0afe841266829392de2760eec87ae4e378a3f1af1f67cd,1250,training
4,a736610f4cce1e4d5ee5b80d1785d3cfcd3b799d7c1d7f114ca4d3e2fc51a7d1,1251,training
4,d4427b5cd8e46720d46ce6a7f02eba0291ef0f1689f5ba83386527f718865d40,1,testing
4,8e4280e5be160e734710a4e3da440d5310c1f07e955475513b7d346255a77c23,2,testing
4,ecbba2c24c80a09b5cc4c21e293298698cbaa3706825015d61164af5a356eda4,3,testing
4,d78a8d62db5bf088cca926cde46591ee15045de19ce7c28bdc7b04a2c78c3cb0,4,testing
4,b332d921981f6888452075c8ec1330042644cac7f547dce50ced365782319846,5,testing
4,e96737bf2299f82b7498019ec58181ba70e796ec9935dd7a5f1e565c2da92a5c,6,testing
4,cb9228d115d453a1ab167c1fdcc7d1a66227fa662fb7dca07ebe664a3baf65ba,7,testing
4,0ea0e727b6fe43f2c032eb33b88118081ff3925b6bac958698501714cef520cf,8,testing
4,7d2256d57565290b06df0a6b5a2e29b7a8b1235dfef5599c3fe667eb9463a709,9,testing
4,8d5e7f0e1e12e2424e26a8a7ae9727d9203491f5ac56c5a82874f573c11102a0,10,testing
4,e56ae2da71d2b44412615760c4b3c06496f600d3e56c4c0fb4e42706306941f5,11,testing
4,692e585bfddae8fb88d668199c83f196478058d72e3baf2dfdf18114515f1783,12,testing
4,b9c77afa6fa3373e6baff1b9d1b08cc179f22ff759adf6fb9f64f1b17c316b6a,13,testing
4,300c17f26d0f8b59d7900ac81437a66df4e46e7e2bcdfa2c538d73c13a7b5645,14,testing
4,d17c25e7efec810796269d4ae6c475de0fdb517b0de20d5e98d08a2294f616c1,15,testing
4,550a2ee0997e78dc62bc4d12ae5c86ca54de7394c947304ec0584f08dcd73e91,16,testing
4,382a95ccd0c4435eb0a0842c743edfd27b9cdbd56aa987a84c357b0d2d84bf89,17,testing
4,5121266c53862a1f381c5114c42b928ab32e7922f328ff54b305320bc88dbbf6,18,testing
4,f50d7e30a9372d7d146698a65222599b9ce0d3c53a7fa3e55bc6f31464706cc4,19,testing
4,06a3bd6089609f7c81dfd628ba2f847fafcdcf78f61b0bb79cb12e8d75bd7e4e,20,testing
4,a3f03841851b25916446e62dbad38136e5457ef253a4b243e7c822f424a23a4a,21,testing
4,e549a71aac54f2f7747e6dd9f79b905ec1d45fd9603b05c089091555a4357641,22,testing
4,cff0882287c733fcad098418034a8155b7c51417843789d9b40115558c6b04e3,23,testing
4,29db2e44bdddfd3725890a24434bd66605535687ea3540b19e0912fc1bfbd9a2,24,testing
4,77b30f4ede7cdfc13bbc9762493cbaa09ce7853045ba4aff5b1791ad19604c31,25,testing
4,8c523a5cb00da5c2497236c639b61eb6536d06a6b4c5a823b5bfef91b65c1fca,26,testing
4,22487271701ac413c4ac7a95643f527fdd8672b90bf5dd67c58574bce477e826,27,testing
4,894b45966f0b0d382d1d2529c35d30807d12348a381c705fce5e1a0224430b40,28,testing
4,d64a0d38c5da10a0345abfe28dd689cdbb62248d2a3fe2202fbcdfd9c72a2c6d,29,testing
4,14606e82d65da1343011743f9fadbc9a5e4b365bddff69fb9b52ca3d3908ba06,30,testing
4,2619c5d324afaeb40ec7a9e001c5b3c2c01780c0e8335d3451ae51ca0dfd142c,31,testing
4,8e2678718ccddc3fcab145acc3475c692d49d858df011736c1c854459dcd89f7,32,testing
4,f0a4d0fb4ec6068f502460d0cf4da14848937ef744dfe51115bfa437a7c51263,33,testing
4,c87df1732a8b53238e61f0c5480af60b1e6ef02757f1600eeff3dbaf1a85dcb7,34,testing
4,ec3513fb23f23eb2b3037c358b10599cdebecf96434cf5730fb2bb42e1af76e9,35,testing
4,072ef0af4850ab33c47afc2bfbc960c8ebc1150d7835a8bec9da510ead40714d,36,testing
4,8833e4ed92ee019b7e1abd4da2cf68c4e7b525cabc8cb9a939b797321bfd323a,37,testing
4,97c040c23ec3b9ba9887e23f89c9360f0aad66061cd051ad53e7ff590f4c3221,38,testing
4,73802e34331e4f78bfade70b39a3acdfa442c2df328e33601f87fcb3178e6f9a,39,testing
4,197c890f62588e3c1eddca60cf0b42ebad021116a5fa6fedee54e8ce3389c2db,40,testing
4,8c161a1d1893e5b34237b96daa646b9c634864583ccd1a3ec48461120d961eff,41,testing
4,cb41285c9e453167c39d31ef108562ac4bca34921ee522c5d107fa3dd9954be2,42,testing
4,677e2124989cd3cb90c28041c0c269024fb0cc14279f712834cb5c6638f989c1,43,testing
4,265d6556c10237d30fc1594fe1664abe3698255d5ed186aa0d01937652c3b44d,44,testing
4,1d7fa61eab32d1b4ac2d53cd0f0d0ef384585da7044065c96c5e8e7ad989b961,45,testing
4,446919129cc429b3fe52b1a48983a39fde517b32519d5dd1263e79ac1e7a90e3,46,testing
4,fa90806340fea91d97d7a201fe785b53801bdd4771c1fe695226103ae316bc51,47,testing
4,fdbc18d2e6b285cdc43a7c1c75389a6ee322a8012ed35d39b24c87c72a180caf,48,testing
4,f12e6e130ba9763c1738ecaa6c4d1d570e792630a28050cd0d4ec1c4236e1c32,49,testing
4,879609dca7981f83de36d98ac8d474ef4e1b1c6800549c44a40340cbfe20d90d,50,testing
4,0fbd0e91bd9a7d1fd298b1b63115f1db8ef537647e5e5d8995381cdeda59c831,51,testing
4,1a6602dbe18c60b69e59af917182c45b814c867f2f0dd89bbea7e6554345cfa8,52,testing
4,17020f15a20a588019de2633ccd8d198409414b4354f23faabbaad277b2390d5,53,testing
4,db90a79ebe36acc523a506d21bb2dc20bd9ff4bb3fe5b3e6026fa4d86ebb107f,54,testing
4,0eb97c74b432c7609d65dbc283e0e72d56829beccaf736c6504f5fd7f1a65138,55,testing
4,2579f110b0da814ea280a47fc149fd39a9d00a17f40da39c12dc21e44d3457db,56,testing
4,65f84a0ef225e6ee549773f1b8a6dc637045709078c4e0263b7a07232e7ab5a5,57,testing
4,ed9be05953d1ce779d57425edcf1fd24ce0213124d14b07f23388806ab03ea8f,58,testing
4,8eb09afa9cbbee0e03c5c1a5198e4ece347e01ed31be33715ccb400a174c6489,59,testing
4,357846fc5f7fb846a84e2ba1e4d7d72c7eb8a3675615f3f1f7aaf2c3c8d9c4cd,60,testing
4,e72eeed5128569f52f6c3a416506639e963af8cf305db6aa100462c90a8cb405,61,testing
4,60f1c1b9620678e921f74e3582fdb0f2ce5d3925bfdf8372b7e56f2f30446782,62,testing
4,e61608c25036abbb764cd9979db0b6a1b123c33d3f66535af0610d56b0e5ee54,63,testing
4,74f8523e4b529f84da65ef70037fcacd5f5a76924d5cf334c22d9882ddea28ea,64,testing
4,460d413c3b718c7afcbf140ed0a6b551b6bef2179878fb03807a7fd008c1c201,65,testing
4,54cfb6c56a5cc3d6afa87d869f794c33745843b4c6b449a3b45582c48191095c,66,testing
4,f2d1d7b3f44e03011d23056fb335ced4898a89e26bd97d8f3f4d4f454d8aeb50,67,testing
4,c9ec54c040e68502c4303cd1e6668e73299e9f981042239e9293a352fec80604,68,testing
4,08dbf9c6730c4e86dedccef6ecc074d3ae007634811c72128d5309e2974299f3,69,testing
4,6b5236565097dab5386a2591a22f6c468ee2a6c68e3539e26198f537befae376,70,testing
4,601ee12ff2e59612e2da6c1354c5703bd2351ff276558a0615cebdde6a1a987c,71,testing
4,ab273a8618cb8055ef7b2488924426fad49158f259fb0bee1b48e2fb935f0988,72,testing
4,baaea249b3be2bba6ede274d29e4e1ed7c824406afdfc2cd7b71e63527993c08,73,testing
4,f2817c7f1bdf8c15fd42685e27b616ec0540736552f4e5033c5404babccf997a,74,testing
4,33fc1d3351250326af325a270c8fe15a074979f12d17e917a8c1f12b0d112570,75,testing
4,d1bb4f677cd1d71506106fe4b96fc017e670af6fcf62f0fc65ca446ca77a61b8,76,testing
4,7ffd014980a24d53f29493ec062c9b0bfa642c2a9f3c0525d29a863079110ec6,77,testing
4,42e77a995291849e989e8badf20732620a9269404b3b576d8b0476aefc176f0a,78,testing
4,407cbbc4d952f54a01ab332f425c1b79ca049073db4837d1a0104ad37167316b,79,testing
4,d6545912e53e1465e537845c91c16ef7cff598b021a1952ffcab37e5d1d3a5d0,80,testing
4,8e18ca114a47653f515796b6d953efa8530b435f34cebd49537d4e2da89d367e,81,testing
4,cdb175d89cf9afd215eaf529c07526d49d4ad8a17343af9baefeb4797cc3cd75,82,testing
4,b75a61a51e688e8c80569242810b68bc876f0227f2337a4249277a74116c5c2e,83,testing
4,38a7156efcf732a6b5bab0c282b4becaf3443c34b0691386be48bfa258829bc2,84,testing
4,d2d567bcc242cf965904896b70a33b0a563e96a52b13db720471cdd4f6c590e3,85,testing
4,de963e02d58d2be280de539daaa5576aaa02aaa7d083d90968f2c800b221a4b7,86,testing
4,05fc35f37cf2513d0bd88e8da908c4d653efc822127d33b86321518068104c6e,87,testing
4,20aa30e950f5a3589272735735584c0bfde10087ff9e4f6a900376f64f7c91ac,88,testing
4,d444a65d93eb93f99d888d3781a8f5d392272c3843af12e80550327674d8aec9,89,testing
4,dd34847fc316dbef11fa11e1b7335cbaf21d985feed454625278c8fb68560756,90,testing
4,262281fc91bdc2466f2430c46795d7584dca81b30f7fda30a7fa90125b56faf7,91,testing
4,dd74d9a6e97ee5aba4e133ecfd44998072f5822f0eced0534c8df600e9406ca0,92,testing
4,7f2a8a4a072668e2389ea28c39030d2e885e48b77443a4a32c6cf6844e34cbb4,93,testing
4,8093b7f463bda62346c90f09640a5a741956e8fa737de9b623f7c09f6bb9740f,94,testing
4,b6b36cb3cb73921a888ad704099c7551734199949ed2e4da35e53f91dd139334,95,testing
4,4cd41f568d4783718c3005c75a3782625bffb6bb97452c3309a8304b95dceeba,96,testing
4,8567a20941ae1aac5193d882e6332592270a978a819a266d7d572e3e9ebdac4a,97,testing
4,4c8ee7fb8ad4ef7b5a13b9acbabfc6da1883c06e70df53d7f2ca55e2394ff301,98,testing
4,803871ffa39245e172e14ecf34d39864bcd469ee09105ce82e42330be8970c5c,99,testing
4,2ce5e8453eaebf9d74265adf63202ae2806e5cbc84d1d672fc1310b669b44d39,100,testing
4,f32436ecb79c149ae97efaf993fcb0fa96a6a2fa7fb3959871f6a009ea24f80e,101,testing
4,859b578905e798bb8c5c4c0f618d38145fcff7219f50162b38b5a723b9b1a00b,102,testing
4,ed2e338ac04d0a15cacaf979930c5b5406e5a2f8839a2379ef83f600dd22585a,103,testing
4,4de52bbf90aaa7ca48d799ab63e4569aba93f6dce601a3e53d1167e9be3d67b4,104,testing
4,16f8a261e3cbc4e979aa1ec219ce941b31a3c27c9c76862280d4d0b68c79e6d6,105,testing
4,825d702a791e053d7ff6ee14299b93c732a3a50e2b7dc78cea468c2626c21602,106,testing
4,878dad9bde8400880c7be13790019f0837ab3a00c900e8158cff5ead42f2e786,107,testing
4,2c27bcebc3ba1ff6bb651af8dea6cf013a9a956a00bd1d0c0766333a6f23d4d6,108,testing
4,ce9e2e532497531d411d951b7f185c65df1f5d7bda611a41c36dede9f9fbbfec,109,testing
4,2b2eeb6e0cce0ba876f336b0f122a026eaa35d2ad9b2ec3b6cd863f479adc162,110,testing
4,886464de9a9dfd1642bf16ec1dd5df0e05f657d4616160a58da2c883ee940199,111,testing
4,86bc1115fb71fc2e5a23a7c13575467c8d26ea9135c76596d93bef68ababe598,112,testing
4,a3290f4c9099848b05e3861c33dc6ea331bac8916c4445bf7ceca2a590476969,113,testing
4,756cf11c18adb73c9bbbc6c78a17503275543ad479b0cdf96565d8399168aa2e,114,testing
4,cce91a3efbf840dbf409825e194b056cc6eb0cfb51352747f7d7c2ea1f57c7a1,115,testing
4,177137abdecc488c3ebaa74ed4bd1e6cbeb936c592f67fe0003772dd3a5eeeca,116,testing
4,0b1b4ae5ac185767046f6a239e4b1879aa138954feadd6694b170b114b81d961,117,testing
4,38ae603e86d7a2e9ad31d5068d4c1d65cc592673f68190e9cc49559f7fca46e8,118,testing
4,de7a112b0f63a4103c2a45ecf06d40216a775c4f1303cf546cb1ce7f27ada825,119,testing
4,37901f7dfa3219edfaf4cc6d21027964907c051a8d22cd57d6b011e8315a13fb,120,testing
4,19cb031334433b7b387186730a75689ac0e1c57ec823a67119b4b0d698541103,121,testing
4,41a32aa27c7add19ab3dba4ba43f686e645e13c898cd38501e14da594c3b27c6,122,testing
4,dd3b8b7b1a77eba77e221a0805cdb5bb43b953d47fa8e03cd398cbfc1f9c96a4,123,testing
4,7e882774bf3eaeb9c2da9d3a2870226abaf31249b29d4b534a222fcec91db76f,124,testing
4,2f742b4ab5910d85d98dcb4fbe967c56bc9e72f9e54092c8239537d571d09a81,125,testing
4,d86b3daf78962ce80ce29e7c30dee122353e97d397b7da410733201355ad068d,126,testing
4,789a7d27b6ddddc618b29f1430c11f4816562ae832a817b96fdd35a60d40f070,127,testing
4,6dde9acf2ba56cd79c7b8de53c8de34e37161864720c555e40d1f12ce0f43adc,128,testing
4,e7a273a853093c053cfe180970e59b2d5b79a41a41ac3a89b8331ccdc8218e8c,129,testing
4,885abafe423c900eae038bb0e8fd8253e6d9ce01777f7e9476f8a284eaf9e29a,130,testing
4,8e719b5361641db94e3c46be17af2f6246a9c956415adea096670088ca5dc845,131,testing
4,c0ea3ace3cbc66964242e6b63976a21bee3594c2df6c98c9ace40f006516d1d5,132,testing
4,f20bf0e4e6c02e38d8dc4346d3570e02985069f19ad07fc0e41b3a2285b8dc90,133,testing
4,81371771d72057a9790ff77707ff1c517d0f79b8ccf3b0981abfcb95484e28ab,134,testing
4,a082e01841a6f7942501994cc64ff0f9a977718d56126a023394b49cf25d8004,135,testing
4,dcb865b462c2524dee6aa46411c8db6f5f8a4732603d897b446e23d10477211e,136,testing
4,2879fab8854b04b638ce0d3cd4c401dbf9b31094fcd4c2074d1b75d0ef3ec159,137,testing
4,4f38b2ed0061ec446799bd807b4c0d8a28597e71d99c16a0dfa9ea6a4998c98e,138,testing
4,c4261eae17f89256b14515696a0e6b0686760b8c74a7e74434349de3439e0507,139,testing
4,84d3ac2ca49a6a10de29748fa35eeed21e90800a2943cd806195080c20fbd45b,140,testing
4,2fea5163cda47b890c3967ca30edd3fef779865622190fec0549191c5885d5a6,141,testing
4,4183d9e4ab8ad70bcea51ae25227382529e0bc849d6932c161fcefb9b11aeb09,142,testing
4,7d5df03363afb7ab990843db19a225f01c6d4a939fadb9800b6946589f7d1414,143,testing
4,c8274feaf68aa720a8fe57b7b8c84d34ff062b4ff710478a5fd605930348d50d,144,testing
4,d401efe2f75e471637a347e02a6e229b1fafe4f52f5a6d1783183e8835589b4f,145,testing
4,acb5dd0e52c9eff2e8bc3d2a06d880be65b4f13686c18739ba2fd0c0e5b3a47e,146,testing
4,0311229805fcf52c3cf4da1cd91e0f82a171ddbce3d57d5514655e93f45d26b1,147,testing
4,c71d479a5eda7f545f5c6ea9c6ef49cb6dab1ffedfac515ebc06ae45f131012b,148,testing
4,f24be36b2da480431e0b128853a57e7ff69232a43aa40b3ebba844dc72b28be0,149,testing
4,916f3b6b2f6094bd0169f44263c969c4258f8d09b1c25dc1bda39c9b13c3cdd6,150,testing
4,f3092a0d64fda3ed79cc5c3e423d2e5b9767c5ca3db05176009cd0a3dc9622c1,151,testing
4,f4c8e204aec024a8d0b2d7f22079e34a7913dcece1753a0b6f81b407a29ea6bf,152,testing
4,f9d3c7451c5e8ed5d6de2c1a81fef877d8b7eeeac0ea794e1f5d392a1b8b4fcb,153,testing
4,282374abbc6273bf60d1b642b1af9f9439619218c912b1279f3346c1d2129f5d,154,testing
4,c43d7d2801eec59efb11c598189a0d638dca52dd795b313055af94b104eb6f1d,155,testing
4,b79f7fe8ba59a5956152ee13f12dded102c433a61add1aaf755ebc12cf86a15f,156,testing
4,de0754bbe5bb1a556275c181fa5923de8583ec9ef685b0dfc5e41f581db39693,157,testing
4,639c3d558c77c134a00546296c0147f41a067796535c42206d7022f19f45ecac,158,testing
4,504029be57de4c84f01984ac89436da7c95d3576c4c6d42f95bfab9076767216,159,testing
4,29f72205e4c9fd562b56aef21b957e1ae9a132b0b33780cd760e35576e1b9351,160,testing
4,2d22437dc113d7fe3ba11d4cdfaa0d765ca19a03e0b1d502475a603e13c1c7ff,161,testing
4,3415ef2e4876b0a6efb65fd9908683b4971ce40a0476e21d4033d738db5d418b,162,testing
4,e8034e06e25fe3eb599a72dc4ad0fcd2e9257f95d86f1ca69f658d7ebf4abdb0,163,testing
4,2ad4f3c629c993368f1783d92b2e7de8c68abf745cf7da7769192ff596788ab1,164,testing
4,57c81699aeddc352a3cf497d31e5fa1c5983f6c3cdf47ed5a2046f810ba14cad,165,testing
4,2cfc11c9f44fe4a6bef905bdf55c05af3b5108eafc61bce1bee782b64d7c5ca1,166,testing
4,6e026bdf65c0f9b7cc2304f107fa7ddb3b08b980df100af6995c6fc3b6bbf93d,167,testing
4,e209bd1b2d27cc840837676df04352c264c7769fc4024220db2ea90ce4a1d7fa,168,testing
4,5fe428f4453d89d09d0d67b339f81e07adf0eb3f70f455cccda2b1f840c48dc0,169,testing
4,5f9277fce8651ce3ce1f7dab2fc1c168b8d60df2d81b1fdbe8093628aa44545f,170,testing
4,27da8ada2bf127f500cb84f17306f7600c3640e8d0801642c69badd7d95654c8,171,testing
4,7b5f2878c7e29e2e961ea942b285876f8b339c292b84bb8f15c01133fa1f47b3,172,testing
4,5d4604207d96ad299f4c9225a043bc40a3763cc511ee5a8a973f3b4cc41c7a0d,173,testing
4,a4fe094a0db74eee07b08e41beb0c262512be01d3bfe6e07f7095f5418b89aa3,174,testing
4,0fb46db0ba6c6e10d70a65d230b23638a11075b37866a071fb44dfd90fc0ac94,175,testing
4,80f0af4a60ddbe6e050b2b110943bbed1c0850f463875dc205f2d27ca803b271,176,testing
4,e7265727ba9009f000141dcecdd97af8ffe54f932694b3d841f3f5601d7d6391,177,testing
4,b1c364c7e656509133491c13042b61509a511f47009996b38175b6e9a064dfc3,178,testing
4,61de7d863581a37801a68cdb481dfb524dc50f40dc612f47a2ab9863eb53f38e,179,testing
4,32dd8697a4dffbe5ea590bb7c0db4cda66b567f0c952e3b64ec2ff9f383ec803,180,testing
4,b951fe82e9ff589ee5c352dff15a7e5b8b461ea1d638c5b4311e7acc7b0f2616,181,testing
4,bc4bb502e43e3a989110bb76edc4a55d664a24a7fe5568d985e5871820fa99cc,182,testing
4,f616cf2caf3401b52da9283f58a3c6c2d6409bf95516c42509ddcf3ff2a47997,183,testing
4,813017cb553e26bc93e1203ff50aaf691a694c0f61ad63b065774ea0ece3f047,184,testing
4,845e6beb9641554132dee10fc03b234b3a4bbbab30c5d18ce6b55f941e6ed978,185,testing
4,6bdeb24b66592e59e819bc8e572a9840b58d8714d1fae6f234b3b849c9896509,186,testing
4,53b8b34135db33f840e52b02c5d1fa3bf7f879ea2401cb9d1de5e75e1db2a2c1,187,testing
4,ccb532614a82c435df407cc610afa359b68f1a5ef7a8af0ec2c722fca28bc13b,188,testing
4,14f257bc790d163f889ee6d9fc0ae162b909e93a9c99af0cf081e2c831caaee3,189,testing
4,336478d0e6c44f14d2406e74eed476dd80dc8305d563170d191b12658e083b92,190,testing
4,a1070bd6825fa28235c47eb8c8077db0be5180e63d38061c55cc949797561d44,191,testing
4,71c3063c11eae034093114eda1ea4ec668e525b3b62abf45d05ed1ab9669df16,192,testing
4,6ef5c8b5b578d6b1f0d452dd13b1f4847787441c8ea3d6de7822664ca0274486,193,testing
4,048f265cec36fea49cbc4116dac3d6ed0d4e2d9e55a7911e37fac6a85d762049,194,testing
4,9d5d7b81f63505ecba6417e138514ebc8ba4c5242fc4cd8a92670f935cb0cae2,195,testing
4,ef1f3bdaa14c5118de057d1bbe5ebddc7437f369b618aa3d2db45f1362320711,196,testing
4,0a13f39beb4da4529d6039b9fcb08d10d828189e679e46fc65f21c3a94517750,197,testing
4,d2231fbedc88799d35f2ef9e3465bce0343802f8e65d9607f42deafbfc11865f,198,testing
4,95e78a746b4151ff61c8243e45ba552d84c949fb5562d953b078284f3d373b26,199,testing
4,67d5d8a6c9692789052152b07917ea2fd019f8c11b25f6922f94251424cf854e,200,testing
4,f36a1d9559687902f39b02f13644e3de8a3ddbab46f03f41d2f351070dde5222,201,testing
4,2d5ee4561e60e35eec064e71f8c2179e50f15d9bfed8df912c80b4e85ad087ca,202,testing
4,4186b8eb4813845f928f2c845463aab258e949e5ec7ff1b41b853a483c07bf27,203,testing
4,a80049bdb166dfa453f7f0d0621c1a7c4c6e7f3ae830a4db0283b875eb2e122d,204,testing
4,503adbacf3487d6255b472567296d7e7445fdb82bd226fb89d93c1c895c6170c,205,testing
4,8835b4d6b41b54c013366a2c6d54d087af04bfb4c7fdf95fa9ce2f97b98d4bc1,206,testing
4,22717cfc584c2c3d8e248269954927dc75e8347db972e7033243dc60fc47bed4,207,testing
4,193a771e92d6977118970290fb112f735aa491288d76b6bc31a808539ade33f9,208,testing
4,3bc6d94900136a954d17b00e74d6eb1ccc9b57d2f0354b82975bc5fa86b3b888,209,testing
4,d550dabb11d1744ed691c1ca869c29b846f66175f349e325c170b51a5d895fe6,210,testing
4,d9a3089064980d7080f4f629f4a3d32eb0e0f47855cd1d8a5fee189a0ec07d69,211,testing
4,e95f77f4ed8d01e94f05ff633f56f77c07ff93b01f727e5c6ec427758b8c3ffe,212,testing
4,603824255c75886dc8ba940ad0db9663333d71f13e665d30002458038411cea4,213,testing
4,b9714f0b8210ab8fc457e0cb9ce2570647cb86448f005c6d8eff3ae66de513dc,214,testing
4,92f6b183828540bbd7e9d70cd76c37bc0c419e28ccd5160b65c86098c472a57a,215,testing
4,acc07b1d70542ea97e1ea2b19b5ba5cccefde4b1c543cd08d2a04b549ffddef7,216,testing
4,404cf90cf6895fd75dfc09022a9a6ed32331560107758037183b36330e3c1a27,217,testing
4,034157c3a2240c051dfea07d4853d7a7c96d7ac7dca2e3275efda0f3ef447ebb,218,testing
4,6b8426da9338d819eb88fcf7c56c95cd11ed0736a419de2c3044c6423573aff7,219,testing
4,bedb6ea4dc9bc1fecb91d2c95468f00ac7b2668d77fe27848582fd487015d29e,220,testing
4,d2bb2fbd5648a5727a7d3bd0e7368f4b9c171e8bee8f2a0bdd721c3570d59308,221,testing
4,0b9db2e4801ff3767ca109ac35d455804e2936492d5082d3e11e983bbbb943bd,222,testing
4,cca54390150ff3fe9d3194a3f37ee1926346802aa591d14c39f2f05425203e08,223,testing
4,7e98a5b62e1dd804ca8f2ff2d01b0e8c801667f0de76460c8c39c4b982dd6cc7,224,testing
4,1f8a913262294aca385541e25b8ec7465f452c38c722d3e278954f9dc4585c1c,225,testing
4,d93617beccd5e79ba2ff06b1be81bdfebeee853fcb9dcb2772ddaeb83076ae63,226,testing
4,3bd26bf64f018b8519b5e333bff771f7b45ea24084ae5746ee4c2bd45409644f,227,testing
4,67c80bf642f1c0fabf1510ea22dd53fe66f0fbd1404079be565c3fc04a9405e1,228,testing
4,78c253be8298dba3a68cd8203ea9af9e6aa0b2cb5fe7a22df54210cfefd13a20,229,testing
4,d8398d59b23bcb91e6b1430dfd4ea833641afe3c0c47c84547ad12fb8e706899,230,testing
4,a759fb0187e19caad926fb604f8b10b4a69abf2b9f2833fdeadb834d0a1d61e1,231,testing
4,dcb8a2570e6caa401097f96ad82379c925850db09d64dc47db30d6c422be1e05,232,testing
4,870c6f19a7b233291d916bea4b80d8faf4fa24ac17beabfcf109ca275ee0025b,233,testing
4,3c385efb9f70b790375886b452ad4b094eaddc1f8e778cc4637206bcde0eca6f,234,testing
4,3d6e87228eb49609d8b9a480ebc3fb03553902f96fd46e9f5a4b6c90146f1ed4,235,testing
4,020c14e8529babae3748c9902088d010a6bcf569bd0b9a091bbda8a761ccf75e,236,testing
4,601731767172c18f93671b1b53b4227d2d184ab176d210191df96812b5161bd9,237,testing
4,14cf62e4396ba488d2ae4c696a90b2fa8297d1846563f61b9b9b94bd2d64adcf,238,testing
4,ababbc34803f5b426275a1e273a6627342c19a49c454e3a6c98b2f95e4d904c5,239,testing
4,e51b0c5935005569cb9a843e9af5941aa40699b46d6c041068a61bdd7a5bf457,240,testing
4,2910ee785ed523d620ef839c3c2f2bf318607bec7e213c4b3e5f498e8288ac7c,241,testing
4,9d0e2df2229eaad757b8c71806483aabc39042b9f39eb20327450137d625e377,242,testing
4,595d070f5de9199ac51550f8e760c45dc2695863ebc17f71c93d7a9a771fcadd,243,testing
4,2732b29765281a10d64263073e8cec09bfbfb439cd220cc642e49ed7dc7f0174,244,testing
4,77cbbe1c9b5ca899efedb1d3148e51a3cef42efc01ed46106e70a1d0b528b36b,245,testing
4,d59adc9b80d434cce14587c857c312eea316afae91eb1e16f5606321bece0ab4,246,testing
4,05991a390dc2e0a1a795bcb63bc2654754c01691ccbd66163419cd8a30464dda,247,testing
4,c72d578d64dcfb44f903d7d47a005c9098dc7e9bbeaad998e7abf388c80e7047,248,testing
4,d8ca9759508f24ad40a01abdda3603d7f40d5b89f61f03d4d357b9655f8a141c,249,testing
4,3c3830ee2bf3d76d09b05edfefecef3ae67fa2f00cc6c8e2c40183e8233aa701,250,testing
4,f3787fdbb5f074d08fc92bef03af8e20c0773e961a50566daca9fb690b31e818,251,testing
4,c7bb13478f002cc7769f68041f4d8dd9e60b9096e7e817254a64d132130ec2a2,252,testing
4,26cac21eb3d187654e79c1f796fd86784c48a3759d551355ed29010617b4924c,253,testing
4,816ffe6bf11819b450991e71b990525e93182bf69d0f45f19378d62dbb23156c,254,testing
4,37fb171a223bf754ab89858cd64f970e2902d639fdf5cc6c512f01b5ce4920de,255,testing
4,148feb15aaaba4a63cbafb9329643792bf6628e36e23e0e147da822b919e3022,256,testing
4,88c939ff4838647c64dffebc1d8f97176021dd0e30c43fb40644a84c78e54eba,257,testing
4,ef6f7d41a8dd784424a848d5e4cb9f58697f4a9b55ee381655277b1561030e9e,258,testing
4,9a3759746f03ecd6d2a10b5458f9cd8544dde211e6d46e4db07f28ba65302d50,259,testing
4,25fba8c69d44c342f09b33f9d730a672d80c951e035f3fe6e7617f4958840cf0,260,testing
4,86143b5413ffc506c31ebddb1a37db101bb8edae4eda7d07dd0f069fed9f84a5,261,testing
4,1e7273414bd153f9cac9c0825ab9a5e6889f4477dec4d0171e3e982d4982ae18,262,testing
4,cb58f33e8f5d30f93aa432351c87da3b7aed2d266d3a5d7ee10ff6acbc5fcce8,263,testing
4,eb7b7ab65e00f268f2bc3bd2b11df683cee2b6ebe3c42cc87bbfb0a3bf08e056,264,testing
4,61e5498b9f27c1c2c643740717efcb1e2d84cd7d940ff6f1f493348aa4fe69c1,265,testing
4,1af4e3a070eb59d956491508e370090d1ff3d275f9e4a6590cb6d705b0c4f44c,266,testing
4,0e5a3a9af8d0c8b260bd5b8ef369370ec925823f495d9197d3cfbfd4656909f8,267,testing
4,122966db88c09c8af8b9d4d887272406a2637fd4bf4ed292795fba8b01d48046,268,testing
4,ea467d53bcaff2284659bcb032ef8f3fd90b2d3147a5692e1187fe92d2793d4d,269,testing
4,3b865e0d57e9fc9b954d9940c995846bf27748c5991f08dcd05dd892729deefa,270,testing
4,43a55d65e5697076a6af4afd63e10baa843de2accfc47c99f9ce0aa8a6c3f80e,271,testing
4,cc26cf8f8239a9ecad54ae22833df309a1f3481a95051c4ba7575e7287c9e19b,272,testing
4,1bf5196a16c292d2539fe3b8809573d9df1ca865621427f7e982faf9f10d8c44,273,testing
4,270660f19b43b9d1a5fc6376938922208791c8934fb1cc1d1eb51c8535f45841,274,testing
4,0b7504eefd561c5f1cf281766e81e9094cafaacf6be9749c6c11603fa9106fc8,275,testing
4,4d681423ad95a51ff58bc00ed5f9dc5f26c602aabba361ef7b73c8fc86be583e,276,testing
4,4a96a89e87d1c85fb9474d8fd97ae89ca70da32e48f11eef2da88884f09e7e0e,277,testing
4,48e58e08432f8c39eeead2a729b6b18e0f8cb7eb4843bcaed45f917571af901b,278,testing
4,10ca625fb2da90b27d1e0ebd991a47f0eaf88ea6afcbb762643c87d1ddef9c23,279,testing
4,6c891b063a3a2bc9023f00a636981caa58100a9d012af9a9b821108a61f1c06c,280,testing
4,06078a4931b73626ef9fd26e993599147171a0102df8200d20cf2be8bd5b2684,281,testing
4,26222c7d1fb1a7b12c3427db8b70d2ae0ec0e8d2e08e0cc218f98ddd4b22c141,282,testing
4,f12a925782a6d51b7bfb5bd533e9b6e9cc20a1358d60765cc61834de6b28c37d,283,testing
4,24f47408e0b43b0d239103c442aa536a7cc576eecdecbc80ac2b9a85df25ffbd,284,testing
4,b7b51f6f2181c32a867e4f23b9cb9617a189f8a8998ca30e9f2ebf4b99817332,285,testing
4,25cb92bf8d54047feba7660fad64368828a5376ea5403e437271db42f2199054,286,testing
4,445e032c3f9cbbe3668a64daab8824039461488d84d329fd9b23be649e759bee,287,testing
4,1093ea99e6e0f5951697f3130bd5a6976a8864fc8f99cc9c201d6865602fb40f,288,testing
4,1c5963d26992ee7dc8acbb7a93ef3347a430ffcec7088d06680fd0c24c7415f5,289,testing
4,e36185c85fb3ddcfbb5810add33ac95e8b7666cb347b7a19d30dc26ccd52d3ec,290,testing
4,85680283b8f67368f254af90c747984c59ee5d407c0dcc7a7f1d2ca3e6dcbc50,291,testing
4,a66abaac98d98df2aa9f87d04eb5ed1e9ea5854ade7641c3848f437817c1bb67,292,testing
4,70f8074ecebcf8caf2c9fc8167a16b14c4ce1a4cf4fc486d2f5c9e9e8c6a1a2b,293,testing
4,af73360b9b755a4382833d148d4373d854a56d968ef60232507346b1f8023195,294,testing
4,a2575027b8e45e8086d8fbb54222ec8560faeca772acefb383144d2efe2eaa7d,295,testing
4,bf6e8478105b337d38aa8b522782e4118905ba26a960ba97f8633e57331b86b5,296,testing
4,9502b3521bf786ffa36365cdcfaf9badc3891258be935c12a8560e70340ca9c7,297,testing
4,a089125b9621bac98ed66a5ac961def66a6241c3a8e45b7cdcf6cf054a4883ae,298,testing
4,ea4b979284e339f767aa206ce04c9b0737d45ff154f6a2ae88c696b577c07302,299,testing
4,d344eb4ae6225084ab286ba87728a546c141730188f72332e43403c1d2b223c0,300,testing
4,04445508174e5968101c4cfc74cda24c73630460c9f08cb71f9c41cdedf47627,301,testing
4,11160bfd5d3cbb98a7abbb408e8fc2c80e1185a41474782bc3565e9c2bd4041b,302,testing
4,4ead885c76128374d58903bb45153616c67c3b74574c40029ccae9334e6da06f,303,testing
4,77ed0980a5ea15ab87545c3c07773535c919c495208f975f91c103ebb049995f,304,testing
4,34a53fe20f928daea07c043acae8d3dcde6a027320d17300f6ae7bc86ad35601,305,testing
4,6a96ca220102ca9dae18f0b232d2f5e4b8a2f5ee13bec39334167c2141382224,306,testing
4,4d5e60ec0057e8148d9b0760ae1c2c289010ef4a434f35f1d1a2cfbee403ff3a,307,testing
4,e72fcaf21e611f29c777f32756bddf9f1e8bbe1fb29fc293e5c0d65140dd6016,308,testing
4,c84cbc9decb798c418c1a3f23b51fa42d2bd099d15e072e79ce234e275eb64f5,309,testing
4,d371e5ec8bb5a73da0d619215c984f92b196496f64d437c5fa8b72fccbb63167,310,testing
4,cad51cc8d87681d3854a318e2c14ab9c168d06c79d7d1957b6dea9c291301ddf,311,testing
4,0fcdfe559374b0fe3aa1e1ad6c28b119c1a3ca4201b6e02779f5934151b66e98,312,testing
4,34de780cd7664ebd0682cf8e4208d67bd7c4a17c1a40304f2c7815fb80c7b119,313,testing
4,9ba900146c7d29f5e6529eaa4417207252aaff4b0fac0bccdc19bc86493312af,314,testing
4,0889154e87fcec7f7c175465b69ce2a28a53a9030b6d9845337380e49e7f8b5b,315,testing
4,5f1fe7ab4d00b6fc6cd7d9ce0e266dcbf34ca960b1f4637fb1e54c067b512788,316,testing
4,4b1cc82d1eb4f63405b2b821791ad7777bd08debec60a28faefc3fee6c267ca0,317,testing
4,3a16a84989ca57166c65b386f447071d25aa0de2f5fa7af9a743b3861572623a,318,testing
4,bfc3e46b302431f2f1a443a09264ed6c10a1be2ca3f465b864edd571588b3000,319,testing
4,abbc9f170a1c0dc069993e8f2df3cf94bef1127798476aae6c47db7969e859f7,320,testing
4,d28b7fed55cff384458f4732ccfc8b52c2f2d4931ac392dedb52c58dbb50753c,321,testing
4,b25e2f9cc3311713530664e08436f8f0f0013bd7a381947c85aa6f5a0c40badd,322,testing
4,d5d9303533f4ad649ed164e6a3e78c5d65646ef75f6358f894afe07cb6172c96,323,testing
4,ec4e1301e28f664461981838b3d46463a2a9b62bafb1dff66a8f34d4fccc5161,324,testing
4,69d47f6a68bb69e947e6fa03b78ee9613cd320575892a12b44c31ba1d989c7c7,325,testing
4,046f3039195acfbbb71a468e9de642c336aacff6fab997e3857c11b6c6631ee3,326,testing
4,516816ac9ebf0acc6efb9f22a19f261c9e600a3878a0c77c9ce2b96b1333eeab,327,testing
4,9e534868e1a031f28851d8102a8143ece5f08b100cef0f99d6bbc84be59ff168,328,testing
4,f011838357aab529657a195df163e0b68c8fbd5085d8ed8faa6abc2b064cfdd8,329,testing
4,0c2914cee6a7bd8cd96f0803dfbb9fa8f73d59c8148390c83297a3938a0beec5,330,testing
4,52735910c95e9c1c5b44bb83599a1fa9866dd2d2c2f4efabace86125e8dc1f9d,331,testing
4,94c0213b713ef3b79e768556514a348c2f2b02807c63375f81e166a49a8f7051,332,testing
4,187d33b65bb3fcde9a4d6f8ddba61409e5c6f4ade639386bf5fcb85c43a30160,333,testing
4,8bb1f5dc70c1a46b8cad40a0b7143291611c516ee016f0a35d4f58af01f50c80,334,testing
4,5d69e2bb1bdb3ce1e3d3c549eec7f6ee108e685d12528ba3e827f15633e91d70,335,testing
4,928900f2d0ab806e50304577eb057f14d42b5904517a515c80757aceb4713401,336,testing
4,7e49041891f737ff5b4709786763cd5bd4de869ce85b6e7b982f17cce2f64495,337,testing
4,35c0d93fb7105c26f1bfe87dcf814fe4fb240c9bdd17654165ec42792d4b540a,338,testing
4,5e9f012dc9dc9f56cc5feb4cfb2df6fd9d55e5314c719f017dede740960fd401,339,testing
4,152827435f67c85ce63fec1eb1835534bc07f1d736532d27aeb5dd75efec63b8,340,testing
4,a01b7fe32a402bdbe1b76df304227999e148ecafbb42c250bca9f7b04c6d1e23,341,testing
4,5b03395c7723a5bd4fd702e053a55ce986de978d33d51b56bc9e2b36f2e3658d,342,testing
4,02c6b7a53bbf7597ce80e152a2523431aa85d5c0003b183dacea10f1fb41942a,343,testing
4,26536b90ced231d09e658985447045d77c6d5977ef0f25ee3d27053d2b36487c,344,testing
4,f4e2b69e7934ab342fe58c889871babb522d646d5178b7ef1c5ce13cda81941a,345,testing
4,a1ec61ae172688025b6117caf8ae3d2269175b6d6c36f8fbde07a25452eb6958,346,testing
4,86c271ccf745eb75282fa0fabd05433fab6cf388a332da7faedfe4cfd792471d,347,testing
4,45436af87f110f87d4f92c8ac58cd1cc7b499a245db6581e20b9aeedbc2d2e40,348,testing
4,7bd0a58877391874028a5476c203195df774be4600d07f827601c974b0783253,349,testing
4,c2f495714635df79d00ea9766e0e1e612ecfdb7146b01d8d1a32e778ba16dca0,350,testing
4,9e8cea261c88c4e03a4c757827aae4029ce6b48eec9ca3c831f92e486ec7a625,351,testing
4,f52457ce557712c533de01d12a1e6b26577665a05f2fab9014bb90f0ef47cca5,352,testing
4,b84525cf26f06d8f7eabfe19354b78ffc69cd9f10700c2f3c8633b4a52dba5dd,353,testing
4,fbdc2543b28b1f1febda8aca359212399b6ec3f51c69ea53e31d38455d8fafa2,354,testing
4,3dfcd156aab91a90dac419dffe04e036b03f33fca07d92865073c26bea78cd52,355,testing
4,6f21583e41c61a7d56c2129c9dcd9666ff0bebd77a9ab39c28f59804e84e6d84,356,testing
4,1ba022894eb841f90b81523c1c0b5036bcbd3d9201f6f819455a4228d1c8f0d1,357,testing
4,9fdf8846ff253741136c33f98f6d3e8b67a8bcbedf313fabe75c3e2098209564,358,testing
4,403e862427218b2a22845ba39a9cba38ef70281690b611ffeae2b381bbe9dc66,359,testing
4,a5414635c4e3f4896de7d072f2a027ffe99bec48d7dc5cd3dbe6ba1007eb6261,360,testing
4,ee4fe553b6d86ba8e7a89a7714827e5a9495c71460e718cc87b0fa5a725a3b91,361,testing
4,4c1ee00a42e67fff4bd2a06d497ec4453eb30652544f66acc32493e20758ee37,362,testing
4,9d80ee5abc312e8797b04e371800e4808a964a7a11fb25de406f581b5a2f3c9e,363,testing
4,46409183a704fec2929d5517ec6e2fe4f759d5efe927274650c15c2df6127ec9,364,testing
4,10d81522abf65f6d1340667ab75981f8161cc09069da07e14c6a918aadbba5f6,365,testing
4,d5fd6a7f4821113a3883af59fd6487de8bc3b7757df468ad9e95c23439ea6f6b,366,testing
4,4c0995c5611f5c7cf6c6620c0ebe530c69591e58f5c05a5491e0de9f498c1c76,367,testing
4,35000bd5bfaeaa81058a5ab6bda03f0f1ca9c0dfc40f8ac28838207e19c9a703,368,testing
4,b43a74083bc4887a6ff069c950e4995949137e998bb11e3de22ec0d2adfb6d0b,369,testing
4,44091f07befdad3fb59577fe4bad95fc32be4b438d8ae1a4e9773897eea22e97,370,testing
4,1a6dfccb114795be03fe81d28e0d955bb0cbb16e5e601e190dcc70c9682f05ff,371,testing
4,7a8a63358b8d4d9980b24c13a5b355aee4824287b7e268660c62e0cca3c65bcd,372,testing
4,35db218223d292a63671fda2eaf7dd69cf20f735abe02a38e42a8da4fce51637,373,testing
4,7757f4b1afcdb9eac0081907c6cd0ed710df628ffc7741410876db2adb4a2749,374,testing
4,3658f2f4b00a7c5439e2e589052a073635518aafd934068255fa80518c04f055,375,testing
4,4faeebe15fae3485389c2e83834c6492b84b066d1f25c6dcbf30f0a83cffd376,376,testing
4,7fae4e160be74c2506a5a63d799f892ce882ef7d1c12d15454462f25e211882c,377,testing
4,b50ef998cea451cac59529cf1ed4e28d3aac93537ae370f4d2cb7ecc88d05996,378,testing
4,0544dca7b85ff8f6c864c43eac2fe8948a775ac6d5f83c7ebbc658ce92aeb155,379,testing
4,8cf696e91c5dfc5f13705d4656a38b6c680100076b4188704519e2707a66d0b5,380,testing
4,d18dca2816b6df2b8d662659cc97fcdaa77f13a75682d1263057491f2af63bab,381,testing
4,bcd3ae9509f7d16f04bad5e13a217b4c0c5af57029c3f15450d31479ff44adb7,382,testing
4,4fc3b144d3a816dba2f04cbf18d4308d0cd3e1a0ed7c4db013510cca58dc0091,383,testing
4,c1b74e6ed09edef3687d51f9aa08ba44c05cb043ad74ccc74375df644070b93c,384,testing
4,6d653c3385151cc1f7998d2240daa12e052a406f2f1ff31cf58ad616cb5dbd5e,385,testing
4,0e0470c7c9c226472a32a871d02140668e1baeee89ed66b9fdbdee185f7c0a53,386,testing
4,2cae021001e5ed2b1bd8722a10ecc6b4178ea43e426a442307f32330c6ebbfb4,387,testing
4,bbf0052831fb1b948aefcdbc402a0d56ec578a638968f7be265d23a709604faa,388,testing
4,6dfc08377c7c794826cf18443d195af55b423ec726ad3ff43dcf23c42701c88f,389,testing
4,6ab9e524b74d57542c5dd22e9e93198afe284266997a6ce2fbe41a05c8c681d6,390,testing
4,26484cc1d120017ad3d261bdf71f0e099bc744c582c0a71d550b6cf7fdea93f0,391,testing
4,afbbe2732b657ce1c4fa31c2d9917fb67141eb0e5db0c3a43474cb1d0745763c,392,testing
4,2bc5b013588934b5833b66ba091a5c7e523dc0c2792bd436e2e96ab2b65d8492,393,testing
4,2b9be6f6d34b68343274c8b90b518fe788175ad3a2269a861d473364771e1cf3,394,testing
4,0bfb24d127686577b1dc12e8b694899aca4a2a9131010f64d6694dd24123231a,395,testing
4,27fcec9975cba033601f546ff331d6ba85ccd2e8c995176aa72027496ddf88e7,396,testing
4,9b5b206d4dccfdd3a02335db0df6aa7ff9c8d840e370f137622419eeb8453240,397,testing
4,cac6649747d4105673861097b86a0e7f831dc7152a5b3ecfff579b1233b49199,398,testing
4,850ec9e3fb8f1f2c413632af6255f1955a9dd9d199ac61702f54d7a9fe3a709f,399,testing
4,ce434aa27390fb36da1ef2c28fe5f498d8b986a4fe284b18a47f7e3a07f5c863,400,testing
4,864d11fadb4ac2f89a54f8c5e41ce995b0109413205d2a1d6beb781d531b9127,401,testing
4,90f56223075af7b8327ec8a1d135ab15806764cbf67598902bb4e6d6cfb99036,402,testing
4,5afe0efac3eedb7e7b94417e5ff512701d286103b6145208d31f20808aae2e79,403,testing
4,845eb9180fd03c7d143348b2d5f758d91ebcb59894bfae415f55f6b972c5d87b,404,testing
4,33196ece20d3a95749dcf915c6163445980f5fb0773b1fad72cd2b569cc64d6c,405,testing
4,8367ce2c4c7a98141565a573c1f80f2a1cab52e642d2532193185360afca4f81,406,testing
4,80c9b476e7a5dea76803e20d16ea7a7c0f7633ed6a59627d39e69a6b4e2dccf8,407,testing
4,34c8b71e83ea2bc19200bc57b8591833d0cd88d0918325356e8cac9595ac7e07,408,testing
4,f08808312135e039e30645757ad2449808598934f8c762ab20083d82b50b7548,409,testing
4,672ac5f1a35accf0c8015ccfb20f504b839df27ac5529b0b6d365c286baa06b9,410,testing
4,07ab845c6b460a1dc3ede5291071a8b5baf3b1669f855c105c0f0770b806188c,411,testing
4,dcb19cb6deebd3662b9d9d974613f9c5614168119d6f8424cb33af14a7f66952,412,testing
4,7e6c8068eeadc224ae64dd82d53055aa2467b1ff88dc515dc76cc9420228c89d,413,testing
4,6b8597523fc3d3c2db748c581b165995c74bf1c921a5393bbbad19d46d3fc1f3,414,testing
4,310b670c4e9c7b7a0178496530605f0dd1d0781eb415b79cb0d392f5bbcb333d,415,testing
4,91c287b0e36c99ab8be5ce57ee4e2d504e66a9a5e39763c2c2657a8338e42d29,416,testing
4,47b2f6b6a234b0cacc1f9b00454f01547de2047165f10291452faf7b99ca5f8b,417,testing
4,ab1b3bc6d5e212c2d202146bf79c50639b93e99991679b86d9af852dab4b1ea3,418,testing
4,a34b4f9a1e13ae2ad137effeb5dddf5d7233afeec161056140d649c2b9e9e413,419,testing
4,206b5bc38325658ef80cbbd002f595345d5666a98962fe5314b47efd71197457,420,testing
4,15667a7c35a1d7481a8a1024513159488adbb57c1a5838b5062227e10a6cc2d0,421,testing
4,beacaae1ad9c468bfe42c2dc09b5affd020bc96471dc48c3e96f1f5dac9d9596,422,testing
4,e55ab284fcc3791730957adcc7a79981998fd92e1cb6427f63a49c084d4eb50f,423,testing
4,c53e60ad8939d8e358b24c3c94062a6ac8912805b7b2564e473e1595e82516b2,424,testing
4,385afd53d4610051042c9dd7a6fd5537f5f49ab7a48c5e0ca05d41cce17020dc,425,testing
4,cb105200b05568b114b354996aef0f12cee9acda79275ad6e3333b67b804b7c1,426,testing
4,069b5e70f1d9ec743dfd9136ace5102e22d6b7a489883f309717151d6bcf01fd,427,testing
4,b28a5905c330cbb6f923fd7e615c0e74b2b25bee9288b0e113eb4ed8eb2d3ee7,428,testing
4,bf2e073e72f526af37f77dcbc7f00be3cbc897ee79ff4f349f9fd650107023bf,429,testing
4,9bc85e29578b4ff814e5adebfa65667a0579c3f054a0bc0516ff9a595337b3dd,430,testing
4,86bf87cccec144cbdecd672c3bfb017e9f5207c2010f2962859a3fc83b90fe17,431,testing
4,5a9e89f6cdf8e0c68fde5aaa8a9df0851c2c3b0972f4483cc660e34960529cab,432,testing
4,72f087ddf00a559722a3e5cc66101ded92f715a9a3c7f292ed97fde4c730661d,433,testing
4,baa2bd9222191edd88b46a5ce4ab91151e04be60d69c4e4836163a00d600ccad,434,testing
4,29a14c38f3783f3f0ea922b0eb10354ce38bfe30b8247057dd56d59008a63f88,435,testing
4,b09f45e70abd634cbbaa85338f98ecaa42a9defc2cef45e3fad49245196c681c,436,testing
4,48761c67c8fa57cd2c80051028612b0445b87af444638d2ecf05a67846720317,437,testing
4,b3a189a8f8eea6fdf2d75dd88de8346b1a8f84c777d6f67dfdf91e0b5494dca8,438,testing
4,967920d2c02fe32620ac29cc24e2126175830fe02b1e32ea441b61dd1337e7ab,439,testing
4,62a0849598820a816b111492a0313da2db551b7bd8fdd3d029375a1999790993,440,testing
4,b287641da232c858ace0b1ffc61ecc9dee8f33e36ace1ed7b9c020742b734b8e,441,testing
4,4322658752a4e72c578fe890aadf9e3333446fa60e669994742570771dbcb310,442,testing
4,1afa5018e27e6f4a6792b9921f9e3bbb3e45e63c6016a8771aaf7d8f4756b1ef,443,testing
4,58c86bea251cc87ca8d93e9c76d22ae2c78510a7d05eb03f630c21695a7949f8,444,testing
4,08dd4c43f8bf216850195dc0020a4ceb9d9a35e5a8b3c2eb35d0ccc4e7294a7f,445,testing
4,250ee2e94688d8de83857d6b5674aab72500c57f147b1c82163fd1a87107b5d8,446,testing
4,a2e91049503d214a917895fbdbaf79313029b08edf44941cd305dfd250a84b87,447,testing
4,aa3b61f5d46a65b0b3856d92f043612a68821746a86869134849c07ae568b64e,448,testing
4,0e68d879bc067c409d3f567b28d7bd9ca96d3751cc077f6a95736be196bad52e,449,testing
4,0edd66453835a5250ff0c46fd1339a78f516e469928115b9707ac91d9a2b18f8,450,testing
4,a137cee95efdeb2468149c922977de15236b924b74c0be0a55a1b0e0140747b2,451,testing
4,7898193adddd4826ac3e942484cf5c5da90787e6be2c975e5bb928edfa427b2d,452,testing
4,50ea855d13fe683f04f801bb89f266e8961ad1905a0ec992403565a14871ed90,453,testing
4,acd19f953b3897672d887825f6b45715e70e0357b4d3d992fd6a7cd777787fa4,454,testing
4,e8e7f657d7433dd61feba6b45a596749110ba99fb69734a289b721ca14d0a022,455,testing
4,1798c2c15c8ba31c010eeb80af161111e3d26d3196fcadc8afb67f873e8325d9,456,testing
4,036c8a8d20970deac984becc52f4dd04c66d68521072bfd719c5d32e5f92cf52,457,testing
4,96c2055689707c5f2d4eb142bbdb4b9b452044fbc0138ca79887d994e92f5e59,458,testing
4,6eb62a501f0ab534cf6a6b1b0c4abadafff56bc27bd86dc3899c1950d2f3e964,459,testing
4,9ca6c9e3624497812cc6774b68e94ad46309e61b63caf65ce39fc619950cfcbe,460,testing
4,3ae42f9a8d704c0f59d83a23f421e9db2afcd8e256a5f7c8e4e23ccdc7151e7c,461,testing
4,0480531d8b25f9fedd1fd2d1a7e0d26a9af932c08e59b644e42b5d87ec444838,462,testing
4,771fa874addd335343010b6e4a8f0cb2c427d022ba4d90853daff3f17d7434d2,463,testing
4,48077b97c5487d490652ea7868bb9e18b813f5adc70560ca26dfc3275f0c8a4d,464,testing
4,0253ce152eed52bef5e2f80db5ed573fc55f7b7ed4e851d7ee80f5630a186aa9,465,testing
4,7f60458aa566b072aa353a214dfb32100564675080332fce7a7f265fc2d8b835,466,testing
4,0b1ac7b8c2cc80327051490b2f4095b57705ddcccfa221a80ee87d22c7accfe2,467,testing
4,75a68350f792b911df086abf3f00022e24f469338c0d9c03f6307c170b8d979a,468,testing
4,ef2ff44027c2ffa2cfbfdf42ef48a7dce415787e9e0694b1030c7ac6eb08f38b,469,testing
4,d2bc95541f92babc8034a50cdfbe5f59adf5cc1b5bb55c03beab08924016f32c,470,testing
4,415bdd38222448bd297790f18c13c890dff52beea0fe0f6f21dbff045c9bfaef,471,testing
4,87d357a6b1937322e5cc136a586d02abfd85bcfff12357278670b95fb1c63d82,472,testing
4,4c7073b765d55953586925d04ce8f9ddfa4880bac23e4eac0b2e2363ac4349e9,473,testing
4,48b888e162010ade9661b5f9b96e720482a5cf6387c015b5d4d2c8e54f9802f8,474,testing
4,0baa6ee96c71c1d09925e6105f650c07d47bb29bc0f9fc3a76c9df318b9480ee,475,testing
4,f534e96668a79cee101a17dd580840b186725e54de51effc54ba1a2fd35054f6,476,testing
4,859c52f4fc6fa6fda77c07bf2fe99ab8bd0f379679822752e8c5f684fd693ac7,477,testing
4,31793a1069b06e3b9044463f8f8769ca4422b90b05f968065052fcd1736dcd47,478,testing
4,de31b8bc72e65ae51cc9ed57a951d54a5b40bbb79ebe918e3a6ef7e4c6cb29db,479,testing
4,5342b2a9078b1db69166382f83743f9bc3074301f7351db7c28fe1fcc73397d2,480,testing
4,32a2ad8313a0f86ac668c75eaa2e006183a020837bcf9554de6dcdbefb457969,481,testing
4,4af9c335d99c6732a6ebb62853d26620d354413fa738c6040ca007785623e44d,482,testing
4,d4d5f107797b4d28969b4ff97253bfc0789685179d1c9434b25d6937fadb2efb,483,testing
4,8a7bfb8680c6d6bb9ab1aaaa3bd9f24813c35a95f65423216c7ba5fd76fd626d,484,testing
4,5bb448d0a04493eb229521eb23906ef21a00a52ea6ddc618f671fa47fb185ada,485,testing
4,d691bc12185cee0cfc0799f28f0e2490d5ec6acbc71a26ed99abd627d46d06ce,486,testing
4,d342d28a00a87867e49401da1e51762cb72830e4d4b6ecc21ca30e41c71d5db2,487,testing
4,345edabfe17640d13a5903de47e924d60e904210f7b60b7f630c9d42637cd777,488,testing
4,366c3784c73eeddc9e0ff55451773e48722783ba33ef8b01e2590b3bd8faca65,489,testing
4,f9cdf26751a85567561040d5a0a57065df1778c3ec08a5eebf7021e30eba6a5f,490,testing
4,48b4d08121d5912836b2022dd80171072314e27db47f6ce41f9d38f51c1e2e9d,491,testing
4,681b9295d106efa5717bb0a6bf051a4a045d584fb46b1fc5d2cbc247b15edf7b,492,testing
4,56a1c6f64999091e5cf0e253145879e958de87e5723a8e937c77c658a89dae95,493,testing
4,c010acfe049c5ab8fdea29ebd47d584e88cb69b48ba91244c45d98278dbe65d8,494,testing
4,b59958e57dbe1623f180d676c63eaf2a895d9377d504ebdb4b9d4906120fc4d6,495,testing
4,0fae94d9d980084b980fa3b711c493c678ef67390f4a81a2c876d3ddf8e2421c,496,testing
4,29a08d62a8f141b3ce566d937db68378424fb332d9b10fa262c75d2174e98b92,497,testing
4,e2c0f91a841b26c6b37e3a828b629a0b378f2cf73d66e8c2ba5a6a0df5a90e34,498,testing
4,b2232abdb058f76772c60e17b2f25a81d926ead657f491d698550890e3749ffe,499,testing
4,58e39cd35454f7f7f81975781b331810442a17b1b736a3f852ded7669335c774,500,testing
4,da94a07c64a05c9dc5d1f59d3d4ea79dddf3e607da38b93f1647dbd86716adfb,501,testing
5,0d839dd66c78c2ac2849835aaaa62942a18d86fb4405f8917d48bb91031895f9,1,training
5,7d961409623b34b51aa099837981ec25fd5ee5c69038e7d8f0b2dc71a4ca7cd7,2,training
5,9f13f493fff6ba6dfb06c9279203626d6a23555402903448983aa0892f2e5458,3,training
5,363dfbedbd7fd838b90b097d92f0f66142031df297b991b5036140ae45e255f6,4,training
5,fb909d22dfd9002c15bb222342d6b39247d3a1353b316e12be3025ccbf0d7363,5,training
5,2dc645fc886261400216ca226bca283663d0e8f9554e901a9cb6df0de01a8b97,6,training
5,f59e501f64d465ed14623f2dd7d791fe7b243ff64d287467517fef6faf6488a3,7,training
5,889941726ca6ca2dea967e193067d2aac9c530971bbc619080017e27368c4673,8,validation
5,6a9938af3bcf4b40b3e9ee7b50686df11e41dc8308fe85b38c76348ccb43c302,9,training
5,e74bff97e63803bae086a7131fd0e6b90310ffd0d780a4a4c48aead107d78d5e,10,training
5,c438983b12a42676ed49188065b40e68c8f899fea2a808256496a7103a8cf3bf,11,validation
5,3f751eec04f99e7a8330009a07532f397c3b812db92ad84424912a1b02baec95,12,training
5,59ba2912ee44ffd58f7d865c4b744f231022f1090765bac7f0c7ba73c31061b6,13,validation
5,d99e96d87970aba3a828f6125bb6ae62f88236908a0e24501cb55b911b2e8464,14,training
5,dca7f72c1fd5f32cf55af8ce7664ac05f2ac914dcbb8e6a3b63a677edeb1a1aa,15,validation
5,cf5a283a045a4b549cf33ca50002c3a107b7d5100cbd5c8c5096b97c0d105543,16,training
5,313e236bda9af8a175f1fc1f829457da4c4ad774df2757bf46f55d49f8ed80dc,17,training
5,f0f15f0a8e97a678d03560c97410ad5d0bd47d9abc1a2dd5bdfabca035eeb68b,18,training
5,4f6bc1683c7b8a486de646d82c2eb5f481d88381c578424aa5d5fcec3980f77e,19,training
5,c2598ecdf897160be749b339560c97f1cd9852c559672724bca86ee9e4593a9d,20,training
5,61e49f3de52de4dd38caa69bb7bb3b62fdd0ac7fd4f8298c2705f11a1b85b4aa,21,training
5,30872bf77819fe10d49ae8599ca707022280c5990b1c3d7d6cd0b5116b99282f,22,training
5,942761f45eb7c52f40bf5bac23e0b6a11ef34b7d4375bdc501c18224a78841ec,23,training
5,a350783e1cf4841edd16557022a368721abc3e22c87ee5e1cac5f637dc418fc6,24,training
5,011bfc25afea2d33437be3cf68feaec37d3a2df311798ba7379ad3d3af62f8a4,25,training
5,026b75a07bc09b3d10e2ae98a29c2e10c046d32aea0bc832fd59f405b647d337,26,training
5,51c6fde727ffb4ebe7042237762b8aa53e6c7a7a2dcfa95d29f280506d8f3526,27,training
5,37f2e56e5c0f77ba7e34e828beb886e48b693ceba8e02302bed6bd4d63e11c30,28,validation
5,43f2f631d3744242524302194a3b122c7691e5f65b452255d68ea03b898b660a,29,validation
5,6b510645c8d14f84402a212925f2a2852dfe3fce2240675af55561be98a03a36,30,training
5,aa7ebff10583b83c11ed57d94bf67e647cc21e09ac737f74970834175cff2e41,31,training
5,4b36554cf2a760a8984d79102cde8676963342ec6ed775ab5cf1467dcbfb9c72,32,validation
5,52ac8137bde95592b299b95979854555c7f82ba11539ebe821a1b073e89a8f4d,33,validation
5,06ddf5cf5c086153283301c71fd18a721356025df2d8c1ae66e7edc63fa0f04f,34,training
5,21149e67ec81f391b561043236094d73a6305e686ee8814242053ed16b6472b6,35,training
5,4641e117d7d9ffc4c7fd9d09f9de22e3efbd328c3412c7c01b9e86cf046e7b17,36,training
5,e0fa21cb85ad79318caeab6680d113fb74cee56def5c02dfb05297fa8223be70,37,validation
5,a35b11b15e52b8844b606b817ca2507c6a95a5ae6ed0407d44d85d401c96963c,38,training
5,e4c84abd188bb993941131210c2f65e8173a514115cf41105a45bc508c928884,39,training
5,db95079e78c560b25d92f9be0d1b92fc634028674238c45e9a2a936a7bc483b3,40,training
5,f64dde03f62221c77b0979b907ff29b8cd5a083f10d61ba8d64959252bb9469b,41,training
5,fd17d6ede2c901d5bd75557b9dfe308e7a305ece112a262d208aaa1f1ca0e04a,42,training
5,0859545c96d0a715a4ce17eeafc4510cc446e4859a2bdf29be52bd9165ebe7c4,43,training
5,20cb5b8c858d7ba60e535c060a3fa77a3ddf876d8529f64fc04d2c99c3d450f8,44,training
5,59b9b352a5d0f202515054503e9b7417294d0c614ff8f8175d5740297d6438d0,45,training
5,ae60bfd6ba4ad3365bea518661fce83eebf96983c3dad1c8d5dcf023c6dedfad,46,validation
5,707c611ecec3d7997d832502abfe3a45618a5a9f3e7d0fd345c8990f4b1dc862,47,training
5,f94de80fdc27b92e893177d233af12e6fb5a1372c7484681d51a4213f2616622,48,training
5,74a940aa5736e0bf18b6403fcf8b7e109d50b1f285d28cdb5be3acfdb3f443ab,49,training
5,55fc1cb04503537355e4d2f4fff0932abc36ef5e34bc2ce601ef7f6a9cf2be93,50,validation
5,3b52877be5e83216545efeb3968d29e4ef757079efbe7f4e5a64632d386c9ccb,51,training
5,bd1ddf507e31ecb2dcee62745a561b4ee64c891f83ba92e511de448a5d3e7fc4,52,training
5,992852594b6b130232b8c51629ba4a18d39108fdd1711702f8ccc03c1cdba6bf,53,training
5,f88a2bc1d663ddfde079ea16afc8217e682308e6150dad87c19a2c365c61509c,54,training
5,4eb604ca571dd46308da9280d78b314a7d02ebcffc611ad5ef99372c33544243,55,training
5,c00ce128ce7f9fdf0328754829b94d7581bba5d48f8feeb447173dc6de3a9084,56,training
5,4850810703e8af330e367b88434519f71f9cd316fe7f94d7da7931e2c8653d1d,57,training
5,acbacfe78fa16ac2ced45b7b6ece48f436872b5f76eb8826041c2b7b9b869409,58,training
5,ba1b7e4236c9a4d54882a26acdef33ec3bc2ad961bdc228efcdd9b3580ce7322,59,validation
5,c776cf00c5dc237c9e1d1821a7d6a35c890fd058732c3abaf5c2673960883f1d,60,training
5,b8cacd1d795f6f6481647d768dc2fb2e3804b313516b613e948f7b8dbeb0fce4,61,training
5,ad1130b09beae2c8c092eb5d19080775fca3e952c12f4923b357abb658b4ccba,62,training
5,be1abbfdf7e9bbfc2077774c7d47e69e24c54612f6dabb16c6a2ed5f2fce49a3,63,training
5,2ba6621e62ac548fa5c555bc669b19798079fa04ef30a6b600edb82a0f3242ff,64,training
5,7fec2e532269e8781c23c947c1c42253b2b77ac749b511083b3bcf80da36b455,65,training
5,29f62a96f4284c43eb48267c81c7fdfab41346428413538c39c671775b11bedc,66,training
5,ebef9d585e7a4a0655f922e77361cb9b4d574a8c8e70cf2d6983f3cd1faf9856,67,validation
5,a260a677a277b57ad8325de9d4743b1f23f74eeb72599f068978391ce825836a,68,training
5,99fcd748daea7c772adadb25f08d07d6b42ea4dcaf33ac8df5eb2f58b55585ec,69,training
5,74409cc64aedf68bee3ee83d37b812f7fcc5d3aaaa44fa828825f5bc372bc25d,70,training
5,c96dd392e93e943fbbec47952d58eb93a075d1c3e366be6afec8d46e5cb185de,71,training
5,0a6338857deb5ee67550393d5e80d244cfce4bc2a0efca19ac0251352569f631,72,training
5,15da8072c2e4f3dde3ad21de1c7ec9bab910e0378b998e1a6f7e18126bf27c40,73,training
5,f6126df12b7fffad240ee4b5f291ca41f9dd1f3c6464e17cd48d26dd0f64310f,74,training
5,93e80a6b0bcceac2e85e9d27bdc6b7da45622ca720b2ffbc9baada580cc98483,75,training
5,3d716ebfc6768d752aa7e26a6a8cbc814d66ece4f15dcd8f5d16e31c68e3defb,76,validation
5,62f5c8b7c837af2014351ed31e67227c2d294f921e8725898cc36da24f9b0a2b,77,training
5,25781ab6045f638e0f65fe3e92e4c786a8d506db10e9687006f7ca2bc5fd14c0,78,training
5,7a628ebe8c75dbfa975ae4e672a5b226c9566aa7308225dd768e7cb675379b33,79,training
5,7e81d8af5c022967994060afdf3d32c72e581425224a743f7f97ee1b4a840bad,80,training
5,5f90f2cb9a28ba264e2bfe6406695e627ce52f09226323a91f8b76aba8cbf39e,81,training
5,81a4688445957cb033b793334a574cd56ed446e35568d6534653ad12073d57f6,82,training
5,ceaa89cc0997669101c2d0611e43b0e7dd80c7fa5349903268170f133bca0e92,83,validation
5,075bcab9d24b112b0447aff62fa681dfffa0c00f86712375be58f13756643f73,84,validation
5,5ddd36b591e613b82b5966504fc5a55bcb36a14a84aa798a14993bb3b1a47356,85,training
5,f355afd31fc2ffd6222f0e0e70567546b165ca7d8de4c2f93cc962279cce7d62,86,validation
5,57b3de05f66f7acd23e1982fa101eb732ecbc76a67fbe8e74510b96beb0eb1ea,87,validation
5,22c56c93f3a3d4257bd0bc5142dd355bb5c347e152814606ac6aa6de21d3f253,88,training
5,99e5a797f175883ee604d6f92e118efddab78c3b3a5280b08e1e09fd6c434b92,89,training
5,5b937e93f2e48f741853441bfca3d0ac6bedfa2e2d53e26ce71a34b15b1c1478,90,training
5,4831c1b2793e91ebd651c23057040b3a16899c09d1c6c702ac6bd2725da2befc,91,training
5,0aa9003263a19fb88dc23fe89c5d505387922964dc15118610379a70ad3d6fde,92,training
5,30553c417baade66b89abad34bb2156053189a2c770a8f20a4bfd565e66f7af4,93,training
5,69bbcfefcd1769ad321860c31645b5745441dbeb6029a592fd34d5f9c9128b04,94,validation
5,2877983725210307cfcc2cd4b57e9608e130e8a9041dccc9129d464c752ec766,95,training
5,bdb7072dd42076f8f638d646b462141577fa7c38fdabb4d5e8c0d9f5a777c812,96,training
5,df7fa03f8444c26369d545f1e1abe8064cc2d055606504c42b096b42969b9687,97,training
5,e0a0384c3ad7db771d2d52f70ccce93c893737ab0266b96ccc9fd0f907be9e51,98,validation
5,83b3d3913120635ad115cc0f7aa3ba3c9f685b74edf70b6d4c79b415c078292f,99,validation
5,6598b6652999857d5ce57009764b24f31dbf52baa4cf17b82b292f9bb85631d1,100,training
5,63dfa616807b4720f2d8b82296bc32e96ecb2ac87b9eabda2cf6d668eaf515e7,101,training
5,778e6bb71dd732ec712d5f6d29ce1125cd13886bffb8b115ea03cf4cfd6d1b44,102,training
5,036e04c2cdb7f132de7aa20ca2e9c5a38dac11703d591600e0e51aef22083950,103,training
5,ebccbc156b6bb5646835e05beae1d84a0343c5b9b1275a4c289eca82dce61502,104,training
5,56a76b0b23e7369988ae40406a3ab9faf2371cd2b07282905cfa0166a1903dd9,105,training
5,39bcd01f3ed476951a326112f6746ed2068cc3183ad37b71e09b3230a8be053b,106,training
5,8c61d4b0e3ccfb8b6c0fe89088d9bbc9b043f32e91a2bf4e33c3c290346b95c4,107,validation
5,23f6605d488ff339fb48051d1850a823475d0faecc703cfab738dcf6c43da5c1,108,training
5,df37b889d5421baaf123275af0b4aec415df3973f8aee957f69d673a6f3c24f8,109,training
5,8c53150d22e33f28bafaa97a19551bdbcd49a7ae230480188de6c64c32638f25,110,training
5,1e1cad8190143f22c4586d980e06127d29533cb07e2cf3e2f5ef7dfb8b3792be,111,training
5,ed41f2730e283489653f7940b6b422c93453594ac3f99c89f9c7f6244d7acd0f,112,training
5,395196de880b7d8995fc2dce4aab0a7d52527a5068b0a428d380b8cf6fb59878,113,validation
5,79a0641e658ea3b5a05848ca24b336907ae40cb8aa099f1d1b7bdc1c772c413a,114,training
5,72cc2267dbac3630f52b96def4723034177c0919d3729ca967d27d24ba622964,115,training
5,8520fbb924a189d83c832458628dd21f67a6f2ad473f72140ed18e476ee5fe59,116,training
5,5a22e1404c6c258089df2dfcd3de5b62fa8cff7bb131868e744888762ca83631,117,validation
5,a3c85ad8b5585cf569ab94013c1d9a36070c4259f575b6d8a7172ae34d2629a2,118,training
5,dcd8bdf54fd1ec783a77d2fc3f9494b5baf384368400769a25ba8c2c04381997,119,training
5,66f37a6816f0fd9a452b3dc35d4317602b6328af10bb4cfc1d690144e12e4147,120,training
5,73b82bc1c674c652d02d6ed27abdd489509bb7d13a8d58652d97a80c1a8a4043,121,validation
5,85c589b0a94df25ca2dd2f6ca44cc13594c4b29651291bb69333a6415b932f79,122,training
5,1dcd2142be343074a333b93fbab67d521623d7e5b766d8a0c7fb903da3ab08a5,123,training
5,11c53b167bd79ce8836ca7e3427f1ee705757478a2deaa91ae4faaf721a0b444,124,training
5,08a1769bfaa7d8d226462e5c30fcad7ff1859931199c24f1c3f08e9a06583f03,125,training
5,6a830242e687d6331f79442e6f2c0b3c85395eddaba8f3455a5b957e4e1b8915,126,training
5,43f606e237694c40566e5fe50c53d80cc56ec08dcbb91919b365e2c9466f533f,127,validation
5,7c42283df72e1e7eb4565f316e4d5434219eb5c5e5ec4bbbb05a929d9a9f081c,128,training
5,846e3c721d67428d7305331607b2bbb3b633be781a45b61f09c6d31e9b588d07,129,training
5,4651f192230daaf309f4f86a831c2d40c2cd88559ff4320e5c98ed51235a7134,130,training
5,795885f8d39a1d7fd93455c76b51e2450bcce20d859d8e0c94c438770f3612c8,131,validation
5,4d8d1aee8649139e2a0f54149b82b57d53dccee7aa1bf37082b2079c7503dc2e,132,training
5,487a3dc61e15c5c9beb86c031d159d1435109d2589a34e0deada3b1272bf4b4b,133,training
5,d52387260ad8f23d84e20e2d4bd6803288fae44a9d1bcc03f16dc51f9cb5e090,134,training
5,c3fdc0318ae133942527b8c8a77a9e34668f8b03f84ce7dd23198bd2e4590d0e,135,validation
5,4cb99a8c2a4e8777936141fffe372ee6e0498df8601a5766fd7681a0a92b8c50,136,training
5,d66dc2f921fd47ad82e0fd222924c4b081b211042b270a44a012ae81bd2935f9,137,training
5,c4a954a6e17eefce46bfd7dad3d591682d64148b0ecd90f0df26b0ee05b318d9,138,training
5,76b22a496969f8230a2ef2251fe893238f79a1d51e99efd48a4ac318ab474027,139,training
5,33c6f27c4144b5307eeeb73607ee79db6bd397631bb7e25f51cb53840b1c0dda,140,validation
5,936c349fdb2e0137696da4e3f047b70426fea16dbbe291c3964abe70bdbe9872,141,training
5,318a0bdcf004bac8510b67037b783e9dabf4724f95a517c1552ef54053e6eda1,142,training
5,574428ea07ad6f56e43f8d3b97ca9129b38d8f8a199d955a5e290a49c4ff63b8,143,validation
5,0d98e9d5d8c2612f1eff5555b3d1648717e8058f11f2426ae15d4df0f292f513,144,training
5,369f6858b5fb35898bd4e692ee42a82ee4317bd2a98b2e78d1a8f01e033c01b4,145,training
5,89b697b15e9fa9d610faeb502154ec75d71a9da385e337b230f9c40d4a4dbf52,146,training
5,2a69f8c01b66f5badc65f03f9de6c5917a9b068cd4f0e57bbacb5fa6aed1d5f1,147,training
5,0d1de3948926dad9602dc3d8a03f37752b3c0a1873f34615e7d3409a6aef8166,148,training
5,566ec22c7241109deeae5b8a69d1735751fc4d9f313c9be62c97b65faec27650,149,validation
5,abb5a6dd617a934bc50a712da5a080a2f8d8c2fb61e7fb403af2a94cbd1f3cd5,150,training
5,26cfc8b69bd4f13086fabfe209d06f98b028e702ecf1d3b3303113ef116a0bcc,151,training
5,be655bff01f05cbcc22b33ada34ff2436afa63f5218dde07c1c17d65ee42bee1,152,training
5,1a3bf59c2afe3a603b1d621e383e2d587b9136ce7de673c43b5efe60d53bad55,153,training
5,195f4c076562095155064d113f87e4f805a7cb35870be46480839cc0b0e5d315,154,validation
5,b9963ce25198dbeb3be84c0b55023913b55aca450802edba799472e27a471dd2,155,training
5,c7d2b6e9b0f4e2e2d697124ef78e6e25b532bf5032677bb66d4d2750a1b6c305,156,training
5,c52bf03e7fe6338f72c51326e8dde103fc485a6fa621e0e7160a5ac009244857,157,validation
5,5573c5de25c4130a43914aa5df5b80481ff323c06f619ff67cc0ce7ee0b6317c,158,training
5,c899334d7b247881986f9759801012bc09f0bfd8c6d5b6e5e482ef2865d82451,159,validation
5,4ccd669353dab7cd6c5da8d2dfe3968dc7f6bc26b284ca9c6ae777ec583947ff,160,training
5,ab3e0de15e85675107fdb1cb12ecc00558ac125fb9ef99d29872df85b6ed6f30,161,training
5,94438834f7ba45ebdeca986b3b8194db054cfee589571d7359a441e5a5712764,162,validation
5,e45c3586c5598288b2c790b47e382af8acb7ea3c2c9844f2489e38b92e05668f,163,training
5,4b22724240415e270af324c607ee67ccb3a96cd15269d2ccab9993c93aadaaa9,164,training
5,22eec6a29dd8627251b653333e49b6a6d18fe9a7e9c7f7e965aee3d997e57de5,165,training
5,203d07e9960bc01e395528e4b4a764253f33096d9c39b857190ae546db21472f,166,training
5,2f77213b52cf2fa8d6f0dc95bb8cc88d86ff9b52417366a6a70be0b4c41f3709,167,validation
5,590c747d45813bc534868ed32748caf31b334d01283cb5f0bcfb724776ee30b1,168,training
5,99f2c7ab4282486b88f72601b016d2f4285d1ab63e3569c4e3b9c28d7ae4467e,169,training
5,2f3d898340f7b277af547c7355c64c14512c4584e6d73e73d8a7c2348d24ea72,170,training
5,6c26aacdd34b0df825c1f3cb59f8825780e6c10736e6e8a79096ec4380986085,171,validation
5,6628d754e87208c8839837b5f3b1b2eeaabc748ea35e4551b9ece843e1a93faf,172,training
5,f951ec8ab1291b724be89722f6f56fabaedd3a6b6de693333a7518c0bc29e0e3,173,validation
5,3bdb39e7b11594f70899063a2b755382c8d3a2611986f3b91d7deaa94e012981,174,training
5,11b73036b1559fcf8f8c660d1a27982dc50d8b327379e6c489e071aa777dfa79,175,training
5,f7293bed58b4ca0c2bc6c97c3e72d11f338aba0b397ae8926895820736af340c,176,training
5,ca3c0794486853e56b00deb852b4a1d62a92be8ba8513f16f04dc078798e01cf,177,training
5,c399fa4a1b0c789046401feb8715a0766c9b3601e8a17067133e9be2ffc6a501,178,training
5,c09c9b6c1d1315446ac9d71676a7d545721b1e43bd1cbfdc9110f0ad79e0bf50,179,training
5,8f6e5a17397560162c2744e305dc7ed4c6cc9d9a724d6d99ee87be263699fffe,180,training
5,d3d49136c048f3933d9dbfacba7d815b4e88daebb892c922fd5aa04382d53af2,181,training
5,a03b420a2fcc3525ebb930336bc6cd2f2630e57ac15b783e43610ecc999ee6b5,182,training
5,d12854b8ae9504407dc03ffaac67dc5fce824f175b6d5346936a3d619afa2df8,183,training
5,be009069d9e855925b4031ae832c0b8d36cd8a99c2cfb21e50ad87af1947a205,184,validation
5,3f1e480541db4cfaa2f44ed38cc335f673fb5a9599825c16f94840488afb3f0f,185,training
5,52af528187e430d9d10a13fb5d46e0dd03f9892e6721ab6c78c2a5b5ae9e1cc9,186,training
5,cf51bec0efa57204e5876e22db1001a829c59d839660238fcd5b48561830af8e,187,validation
5,dc5337970d5a0eb15ecf74ba304db9d28e3252ea1580e7f04ac0a4a7ac6b5a12,188,validation
5,8299b629bbe60e875d3694cce7fefa24133a6d8e03dc6187db56bb763fb6f6e7,189,training
5,4ea2d41a05b5b314f37dca8b00504b34bc3a7a878b7358351ad516c53b1dc34b,190,training
5,20dd575da9015719abd442bc4a4b0e4f8921d71e9ec0084615a538791239ed07,191,training
5,53a35f919fd090ea1005f44ada5de6c405ed345cade8d012931eb9889fbefa17,192,validation
5,19221229baf0d76b2a5143c53baf7d74d1971eca0d90c339a444bbeef031170a,193,training
5,5f7d5855beed17314de427dda88deab7d539cdf7b8dcc283ab3bdd5475cd2962,194,training
5,98c841f08a16957d4b550f3352b402b20819b5ffccca930c388369c044a2b629,195,validation
5,3952cd14a5b7c7be174e4c02ceed3be9cfb432d8431e9205ffb76a6b79ba765e,196,training
5,84f8b50a5258813a81a8963caf12a4b6e8bf47ba0dbdf02adb4182f12974590e,197,training
5,fb4170155864be8da3ef17404a06fe43fa6a5295592e1972e690f5e1756a507e,198,validation
5,3ff945c113f2cb6c822106da0cf47fbe75b9d95870b847fb066c8ea3d09fc471,199,training
5,90280f8269a9ad617c5989ec7ee158456454d85ac57e81984a223965153b981e,200,training
5,2fc6e95da180fef2b4a0836850775fd997f16c741f8aba408b8514f197eff658,201,training
5,ed41d4f697f31ed214a21273f0ab6b0e06aebbf946bcf326456f45e9f0319fb3,202,validation
5,ef3f05d9572d1309ee264bce1f7abaebe2388cffd27addf8bd7427e00f88b9de,203,training
5,b0ef654735cb50b02fb2b2acf15b09a95a3a27d0560664f8caf1de4ec64e9557,204,training
5,7208fa78bfe2ced8ddb06b304a4ebabe43e7aab0d6c3e8cbd7d49891f5605779,205,validation
5,49fed319012cb114c5f7872d61709963bfb83cf4e03266633377dca19d7277af,206,training
5,9efd6687d8c431fdd6867da8866660328ee61e374734f7bb4e31573ec8d270ad,207,training
5,fbf811097210b380ed29cfc744bcb832812f752207e4cdc1032ee8da6833f2d8,208,training
5,6ccf9eb204cd1713fa0fa2d47694da0b59361ae9c25010d36dd649dac4367e52,209,training
5,48a89d38415d4230c9b702588e256eb1c1a412a41ce94ac717fc6395ceb29edc,210,training
5,c70bd927b342754e425b5399175217ad91bfe66065609f9ceb609a3c4b67147e,211,training
5,8cb0635b158253875b79c2ab22c67a7d90a536f175a3c464941bc11219ac0ad9,212,training
5,f93beb115eab2661389ecaaa643d55d98f18d62824623904bdc7cfba08332ecc,213,training
5,3fc8d9d47cf8d6d445bedad5f6f5d07ce7031ea10baf7d234a0040d98180f1e2,214,training
5,7d96116aa4da53d95ac34609b458e2eb3721fb0e2569b612f3254307289107bc,215,training
5,f68ace4637eacec857f5bf83cd699f005165e318b2acc35abeb39ed6a945500a,216,training
5,a0cb38d08760cea5ffa730e3c5034a5be6c88a411847f3f6e8bbddbce2cd5ce8,217,training
5,793dae23e6cc4b684c6d1838c069a7fcde7362d3ec845ab6c6772a62cf1bd592,218,training
5,9836d12c1c48b404350d5c80c5f36e6da39d8e545be9e2e41de6603b617d04d8,219,training
5,b46e88229adc3986504b96d027d4501a9fa53cbbfb1fe5b6ff346ce30816f575,220,training
5,63f627464e2c546030a2d2ce1b82d426f62ce6343804531f2f85fe8689027614,221,training
5,cf7a15067ec16dc9297f9a17af8b5fbd0ce6ff61a43101d3d9ffc5bc5c656164,222,training
5,212f71820ba4f2c507e9f822d2cee7df1055a20a5d68995304f71ef2d2ff5056,223,training
5,01c0fac53c46ab6c6c0e1ddafbbe979f4263904d69b9f7a4427c01dae8d6e31b,224,training
5,5eef4b49d724a75a64a16253560b52a89e30ad88cd2f2082d5c069fac31fb633,225,training
5,4b858db956b5d8fe545ad1275f0df5f2c90932864a4918d58283cb901f837f0f,226,validation
5,7e8c084b75e995f9a3e3cde79383ea0aa2b409a7477b3ac2bb2d5a8b726f6ef6,227,validation
5,60facc38c1ef307cca680f0237b30e5a6199b23a0a3e449edd3964374ce90e60,228,validation
5,d5437f95666df8429321de8ea708d054b4f100b6a59ce4000c08da9968796405,229,validation
5,61b4daa9399016b96efb1a6fe02c51fdba375e422f07a024211d324be79e03a8,230,training
5,0ae36711d30f0d35164adbc6e26360f57ea18c7631fcb64f74e4af397679aca7,231,validation
5,f5972872c5f3d94f3fc11953ca5fd064cf3b393fe9ac22a5dc15feca17f0afaa,232,training
5,04de781e4eaa06b5a8fba33a285891089d2f02ed68b4a147d8e4f0f3cf7c3f4c,233,training
5,e316594fb896fa96f02629991d84d6d940dea6aff9913d317449b83ae2ebdbb5,234,validation
5,662f79d7ba4b6f3db04f1c31ef8a60db26be73e59fa74fe85cb3056d69b087d1,235,training
5,eb539a0bd170dadac1ae060d6557ba797484e8debc6242a3120a30263a8cf8ca,236,training
5,00806a3ffce5e8b0d0ad74ffe5930ce999e49042f27464b4497f0dbc8dbafc05,237,training
5,50adb31c81c5f3e55cae7a873471824bbdf68fab17a19179090624e7add404c7,238,training
5,8c76aa569175f4a82c0fbb11471ddd4e95f619e2ffb9dfb09ba7b61b35952ae8,239,training
5,0d6cf11b6895c9965328f15227de9ed0dca7977ea7b86d497e2526d33bd6c248,240,training
5,7bf4547e8c85aa0141c17d4527285f4fa4d27ef95342493a14cddadfe6cb2c0f,241,training
5,d958d83052ff429eec4e097b297c9fa5310ffa028155581baaaa65e41a6987f8,242,validation
5,a3aa10922db8839bda8aa9a37384da4d4173c8c139bbd968dda288f6b15f806d,243,training
5,e917cbe42e0997f79cf27fbcd733fece9cfbc9bf74ce652a62f117621a84c76d,244,validation
5,4d1e5b4ec3ea0093a8114533592d5cd974eb3e3a238461b4d7dd21063621936f,245,validation
5,e5663e523663b441718c012f3b0a427e97131b91d2f8210061f765682c010b40,246,training
5,b9224ad79bfad2f29b95edb8d877581d5b7c928df0061e9b36ddf1329ff71b18,247,validation
5,fd41c5a8b2485960709d021a5f45c6a012f166b93fa9794ef2970a82d4b6b841,248,training
5,bd65c98b6b6c013a24eaeca37f25d018311476bb51a552c1439f6006c2112c88,249,training
5,deff5975b58c6e59e99cf386cd5e815662b716110889d106e6a502143ff43ac6,250,training
5,04cb3a370b6f427b3caf4cfb4ad8aaa0148f13aa42403edf0785c68aab3259fd,251,validation
5,8bb6b00ab09e9b20bda341b893a95ce30a930fdb3422b175f1496278da7f8678,252,validation
5,46c21a9a85594a50254112acdf7339be2258102f3387892c427e8ab40cce1237,253,validation
5,e5a3874099db56c1dc1dc02243c2969efa9dc08d4c63ade3776db90d9e65d7ae,254,training
5,bba94e7f0c6da39c300c8ad95554e8d50da382b96b7c177c5cff2f3f91143105,255,training
5,2570c4e41956951db533c01e5dc1d2475083913b1287070b88a6dcfffa1fbb6d,256,training
5,97f1bcc59b6a10fc53b92044287e2e9cb40c1b61374c9bde16006270bcf7040e,257,training
5,2298080e16a097cc61150a4e381dba080d9b81fcf05df513804bc54e7fd442e8,258,training
5,0991d4f604129301d477514ca5a27c7d0572fc6893f20966962db7558f9ea687,259,validation
5,483d53110c0ae4095176bb24677447cbbbca2d3e7781fb7a740a35abfdb2c97d,260,training
5,e974e5a1e81a23f9de6edb99b6896a92bc71aa389b42ef59192dbb1bad76ad73,261,training
5,e5f9b5e28532da19e6b9e72bfe29422fa6dc294a65713385bdc6e8a1e1cc9ffd,262,training
5,037e6bc09ea2e5b4fb9f016f2b99908977999f9a083b4aa5e60e82aa977ccf02,263,training
5,d2c2a714cd16a72de0a06a54f0b88c0a263dda63492db4aa2096a6ff28dc8987,264,training
5,77ee131c7d7f4ca9013def2e3f24513b86420c88f7b44b30f7e16cf6f1af89f6,265,training
5,28c27096c003dd7f1fdc32b21585abc4a5dadbcda0a84e1af50dcb7c8ef4e0c7,266,training
5,7d64a571b0998cf102122b860fbd02377233448a7a577380552df34976798a23,267,training
5,6911ae5dcab76bfab454592cd72132316be0d8688b43f594a020c89c68800dae,268,training
5,ac805f5196569586ea4b61c922f167837c1a2b1169438b993cf3106112b3744f,269,training
5,fdcef0f57815d0aff8e1be85f1564768ee45b9eb01044a7420cdccb1ab235ba6,270,training
5,6eac2e5588f39f8d0bc91447387b167eb64fb702f3224d07551a7bf694d394e3,271,training
5,4064a20d21d2ca87c602aec6fab2e2b2898ff783cbde1589160b7871e5f8bbfd,272,training
5,52abdd7e52135be7a27286a81f092afc3c958dd2791321700b8cc7d4b4ce2a2f,273,training
5,eb67091b8f23e576b68ff417e717c5b4023b416fc5aa4cbe0237aadde3369a27,274,training
5,79460fcdbe2ad1ab6dabfa5a4d83cb0adc7b1627739fe892f2b8072eae929997,275,training
5,1eb91b8fbf1af3e2f96f0ce1512d3f94f56cafbbf9f1e6716e46a574ee3e6be5,276,training
5,246c69dc1209c61f91ad13a6d68bb8a04dde5cf7f043ad07069fa853ae72d81f,277,validation
5,2e59b07bc70fcbdbb4ce639468e9eb5c464e7d19c807130e859ed9c544fa7034,278,validation
5,0cd45bb3f175c37feb7323391164f687170681e08b485037b9b3ddc7300aa782,279,training
5,eac87c2e68134c206d4d4e67d3be602ecefa8d008c5eadb108a149c96d9b5a20,280,training
5,0d5b11490315acd0af66ffe983c3c673c5a5a930fa46d669fddab986e841f345,281,training
5,ce7245a21e6167a47e747f7da97ce7c4ad7278d6be0ce901e1137aa3df0c23a6,282,training
5,bd5ec6fec54bb7bdee09850876cb8908c749c0ae3e985e8829bc1076e2f344e4,283,training
5,8e80e5303223b4e4bc73d010e40da4730adfb93791d94803feb966b100083d2c,284,validation
5,f325f65bf3ee0266a1557d3a087ed470420f9068cbb918844ddb14ee350a4797,285,training
5,31d2d91ad26dc38a7a06b085467939580a434e9b8203861a5d822b59f5c91793,286,training
5,40d193543a657ac2ca4a3a383901f3ab83249c8e6b72eb4f15bf4bb876c310ec,287,training
5,af1d3b79b97d692d50abc41c344950c01deb811c430a87988781010c8dc709eb,288,training
5,d8aaf2606b5b3fd211a35b5634e1741827ce051a4abf35bbd0b1dde69e7f25aa,289,training
5,82132dfb4ec4096758dfaf45e9e1a5cd092a58b1c29a8f5a280db2eafc20e58d,290,training
5,33df63b94ac20d82bbf917c979e40b70da906a5d338186bf661bd9ca398aa84c,291,training
5,78b8dee3a54770911683ba1d39b79cc47657d1920b81e598f88959a41a5dcd64,292,training
5,1cd21c891d4a1b091566ef3552846bde37a795aee5901ce80c95009b053ab1d7,293,training
5,77f24adf25c2472b1f35cf261c2c2291486a040b7d6fba8f25de80f32531ea27,294,training
5,b77afc10b03d83b4c24f5bfcfc4cee03537fdea445c3c63698e20df8290c2470,295,training
5,c86508adb21687c99fd2344a4b991d5452552af7ada42ac4235ce86d0d72a07a,296,training
5,968ac8c112ac5ccb15c3ebc119e120ef08eff35012e38ce5ac73f636a169e103,297,training
5,fd43b80c0474d372d1d13cda53a07f48c55b2005160158a7e93b525e651747ea,298,training
5,a6b863e43d82f3b9feb5df40732a79a0e70c8e5eb65a63ae5f0ee3e91eacf7ba,299,validation
5,a53f6e5d7067cd6875c6c85b563239ea832793fafc0607c6f6f610b4ef0950b1,300,training
5,1283fa48d6d4502e904169d090cddb5214bb9bbd7b8ca5f4fa8428545db70595,301,training
5,d7ffd8afe7beaa123436115d95d75476566da69d87546f4831a100625c808c72,302,validation
5,869c479c552a427ec3ea59acb202c0f8cc4d4240157b4ce968c293fcf7d8aa3e,303,training
5,d2a18fc3df453e5266af6477e4c3f692e7b5f293e18c5945dd95cb1188779671,304,training
5,0590ef0acce4f5326f739e782d790054e008c255ce6a92d7ef43aa67cf401b40,305,training
5,8cab0a35676c71f3d361bf412c2e50449b0a962a9df86360d3f48ee42acb3817,306,training
5,a70f3d4e04d762119fd0619ca2caa25bdc4d5a4d3aa609bdfcc0d242782a15c3,307,training
5,09e736f1bd2157955da696edc4a6444517f57597a97d51ca37ec501f6816c4aa,308,training
5,a07ef7fec05fc0e0fb8cccf087c3927ea70931c7bd25a99c612c6af10699f0fa,309,training
5,c914a3fe94aa2d7cab2c2998e2a437ae4202a3f0ffa75db0957b78ed26d7d1e4,310,training
5,f9061813f2ddbdcd6af72144b436b967f8cafcdc373c469b4db0854a13b8daa8,311,validation
5,920ed4ae171dbbefb9b0b8ede331361d47a282c46efeeef5260bd8e09ae2fdee,312,training
5,fe016ca29a2ff60b73943d3db6e074e36a7314dc818221e4d7b85724629e274f,313,training
5,f0e1dc4b77e271723356898966646eba0d64cd96fcdca377bbc796237656789a,314,training
5,3361f99de74ce35671269573b82ab3b164a651980036e5a5006644700d1cc046,315,validation
5,f2f26a2a37c6f40a3d5faffb6786fbd266d5061d3a696791cb57e65f28c5546a,316,training
5,cdde02bfe11f402945bbc6330c9c00c0060b0cffc304a525eace66d2f76b4c73,317,validation
5,b7723c0e248c00299f459eef5deedc7f00ca78f4acca00a7095ce9aaa9b7b53e,318,training
5,33e3869a8e4a6a04af29f1977127b97eb5a4d17ad91c6421fca61c82b98d0545,319,training
5,45480578eb8366e497dea30c315b015170d77ab1e4ed43e457f4f280ec977d97,320,training
5,b4f1e5738cdbd5b22cdc7acb7924d09ac3914fba254849bc26f8bea7e9c7c968,321,training
5,a271223d3f4bc319c3a9f0e6e06f25d2c36473629976e77d1bebc8f35a948940,322,validation
5,22dbf980607f7fd35caf4ce037b0453f86d499b54eb605975c2d81a281bff323,323,training
5,16531c40dbd9966adc0a6e532c351333cb1a2c1d6339d1ca561370ad0332b244,324,validation
5,a2666b48f3052124f472b2a982d52b9dfc82247d64ede249847330a57564219a,325,validation
5,4e2cd3f2d20e636750cf87efca0543361763875082df895ed592dd40f5d0b9a6,326,training
5,6a1a8383bc3051888e310b637e461802aefcebd218d50e3ba445995be6bcc62e,327,training
5,58f2bf2e5a03c472e4be5644056576a2b98d6d6bb8cfa84a7b74065c7e956cf0,328,training
5,c1a24c8526681d2faacc7e693961037c9c65f8c43737008054163b16b3476e5e,329,training
5,e047e3a87c2923303535a16d0b0a35457acd00bc78d550b78af77413b32fd855,330,training
5,f756ebffebc11969494c28f45d49144024d6e8636fdbe7dc3eebba179990dd38,331,training
5,fab85f9d5c202ad1bd2c53291713831f94d1493cca69d595ed708db67816ace6,332,training
5,ef20ce973b32db05125c6097a7f955a181aedf8f93e128ac584e6c995cbf3789,333,training
5,0bd75dcb59ccbcc9e5f591ef6127eb775715adb64f747d4b83c3e27c6370fc63,334,training
5,cf89c67d7e91ca3634bb06ff4409356041f1374d31cf8a0b5983726e435ccdcf,335,training
5,aa413333ca3aed76a46c0499b7ca0927a6644c4c8c4fdc6dd9fcd07f52cdb880,336,training
5,fccd9ef457f2d88e84c4a3e4769d4ed343b7760b154060bed33e03a03f7adfe4,337,training
5,b1bad20308a5edd7255bfcc7b1ce6e48b23a8b46a65fffa30fd209dfe27e984e,338,training
5,7eaae56f05c804819c8d84b5f97f68c9af4d6cc83b2035c90c845d4f14bb2ac8,339,training
5,deab5d6c504dd2b3699b7bd2da884c44d3888a89b4b893d316ca04b616f3f612,340,training
5,07d9eb52b955ef2edaee64d7876c12b94b9ba858c8d2712848875c6799fc855a,341,training
5,8b144ec87383084021ee69091025ddb18b2aecdc1488ef96907b5677f2cbd9d1,342,validation
5,f37a7dd82dfbe062dad3722c45fb0e6e923fe267346210eabd53d09402397310,343,validation
5,b2c17922a6dd49dcff3c6b6cf8102fe51868ba5999a8bf57a9def609566838ab,344,training
5,671a52ec4a5dfbee2a3e10f955b068911eff30a4bf07b6228a77e2744e0a5183,345,training
5,7f4087ddbac21e0d6e5bdf43036b7e8bf59e9e9d96b36703b7a492066bf96a32,346,training
5,88b570ae3eae9914ffb15766442442b829acf3326e033caf17e4c380e8a747ee,347,validation
5,e8bc4a7c17596aa8938263a960ea4c52733a3f7e5a52b71f06eb0fe90f05378a,348,validation
5,29b74a9dc09dc56abad4148efb9420929e7f94f2e9b26808f161eedac44ac204,349,training
5,a402f1a55b21728ef023d097c1be821756bbf9d60f9fc50cea749601755ba451,350,training
5,ff683e1945bb208444ee8fd7f4048531a35e60b35220db8d1e3256875522ba4f,351,training
5,707d52577282f8d15e2b5ced89b529b5c40e8af11e0f4cd156a43e32835b6695,352,training
5,65bf7d5a1f14fb17f89d83d7aa25f7b48aed87e9a9d157463263c17c03233714,353,training
5,1a278e284ebe6cd6a33279ff2dc5a892cb17dc86c97d357babb6339e25542229,354,training
5,0ce873b6b85a31b2c51a9d312756ca426211d0850f588974d09f75a1e65b3a9a,355,training
5,c508c5412eab7c4a511a40b05c66942a3d5f567460e28a58465d6b80bcdceef1,356,validation
5,8a4ea0af2a816e727b2e0fc6bbc3217be9b6e6608bd672b84633133781e23f11,357,training
5,eb93cc0b7d48edcd2080b716a2490be45bceff4f2e403cab16fbc5a1b5ebfa0e,358,training
5,4589539c910c30971cf7612bbf3b711c438d94abcd23090105bc68a534ec673f,359,training
5,6d7213cb75806052979699647448464867c9495ade6e7692d27bc3223e38d6b7,360,training
5,ab7e44caf1f48e1634af3649196ffb9bba1e757bf1b6eaa8bcd33802964bedca,361,training
5,857a8f0aa30cdc12e4a4e613591d912c4e7c6c5870f80cf93fc17a766ad665e8,362,training
5,54743fbbb3e8c488be6ff24dc24c35afb486059815f0fed138fcf3008c6fb92e,363,training
5,dfdc9813981d455ccb9a3a9dc176e4141d5d2b917733334bd56166b8a2f5c740,364,training
5,348b16860945399186f7fa06c03f371498f3cde1acfb68a9582c32c5395c5039,365,training
5,aff26b663295c9b43af9c6c1d19e0b46dcfd42396e76b1a406e2ee4e6c4cbd0a,366,training
5,105aa0f919eb0ac18947411455512e2136ec330dbde77e2a4cb950b3d782b088,367,validation
5,79c0b6a2a0238f8427746cce20996d54047b6b4f6241bae8fa627838aa8640bb,368,training
5,1a72e756617114e56022f157c6558ff2a27c0fb325cfd11a36ffff5fa12f7f01,369,validation
5,b62e7e6da92a265a16c5b668aa1050cbea947448abf673a2186851d28faa88d5,370,training
5,8eae05faba46a81d9bf15d9af45959486ac7ebb2aed84023a9a39b1d9f13f3fa,371,training
5,28620c3338fd3f0e8e29571c935410640e397b8e0e4b5ffc360651e288f284d4,372,training
5,5afbefb4ffa6711287773ac5576233660181494bd2e4f20028fab0a26127b4f7,373,training
5,71ae71c5903c8618fb00ce9b451fa4e0aad8912fbd06c5584320a8c80b2d4863,374,training
5,807e7331e80636236e84b22441cd299ab414218b4fd15387a59cee3e8a3e07dc,375,training
5,10808704a0dbfad0664c5c5a60b11d9e0e577e7bdd923a3275f3c1ade5b7f1eb,376,training
5,95a7e58e053fd53dccd9258d3dcf4e905ad7003ff5008bab10f16737e599a3ed,377,training
5,e628c46f571a77e48825504edb8efef8cf5190027098584533bb368f833330d6,378,training
5,2c0bb15baccd9809d7ff1689f509697bb7bde47f08ba9a64688a46816403e719,379,training
5,fcc7455786c1a22872472584d1270f3c166a412724360ada3c8bd5fb77919f2e,380,training
5,c68d6a5d20f92507d89e2032db47d0e6f6d4ba8bff616d3fb7eae8baad042b72,381,training
5,5d1607599b522e8bf5288a67b4276cfc932721e4e2f91e5bf426d06de0d8ab92,382,training
5,ae3d0c0f200730c88129d21a6619af8bc51db9e50ea69532264e232679509103,383,validation
5,fc8844385a2ec6a4af23f6903d7927fcb815d0d0e6b91815cae1dcddfd1e3365,384,validation
5,3e39a1773817db210224ab2494f44ec322c646f5b89492c36a718afed3aad8a4,385,training
5,a760c98360411bd09849c2ebeab7454e88a0f26753c568dd08c969273fe537e3,386,training
5,842fd422daceefda4640ce6b4ba111759f011260b5a786c4c5764bd14c2ae184,387,training
5,a1230d56fc3d530e322328b87247d62e53a736df68bb420867505bb84546b775,388,training
5,358905e587bac69c158bf255ad85d37a6f898b4179cb4063b6c7be4941d893d5,389,training
5,545ceb1ea0159b6ab76e975d0c4fe22fad2652e3de1b12966f721ec6de13a283,390,training
5,054407f1439346d32da82066e62d57d98b150052c5d4f75948f2bd49cad449c6,391,validation
5,6bbbd550a9293ed5571d873ea294126a6e736552e0b3f0c351a7e15ed4065531,392,training
5,d2182e60659b91218ec135ae6c8711ff39e6ccfff2204a2a2ca398636e6f990d,393,training
5,88b7c1df515a6f001ad15c1f10ce2b2350f5f1dfa076e2f9f37f147c4c8cc52f,394,training
5,fefcbd7d5231c2a33cefbc074817dfb98f4de5e6366f5c0952b642ae0c89a7df,395,training
5,c75a9a3157281860460d2d044ef4f5164c1f3be9695cf98af48b7e353814010e,396,validation
5,6b5c822d6d8e7f45aa98afb991ae021ae2f17c26fdad558998f1c7038476bf54,397,training
5,8ecfd2862168466b47bb7bb0dc2a32fa4c1bd1ae40f8924def473bdcccab7eaf,398,training
5,dfc7a7641c3382c61c8ff0283893b69718da05011cac5fde3c240fea8e411c2e,399,validation
5,02eaab3d2a496d4b4528300e0b9f7d34f39d20fad387e6b9d29e7fe4b8410246,400,training
5,538d00c1b5113c1dc8d7de7950a79ef7808f444e2521450031a594d45986c9d9,401,training
5,3ad88a3d68a04cc5a124d0ac8a1ecc4c7ad8462fc7ec6624cc6481bf4cf273a4,402,training
5,de08faeeadbfb98f7d668e747926007d9459d27f9d217cdd4d5c21e1a2403007,403,training
5,5f6c49f2f9b886362da7b42f480f88492bb9317cdb9e5e0791d488c981911095,404,training
5,97a3e366fbe551fa666f1018ae7ec94ba9900719e4b33b62b89ca02824590688,405,training
5,4f512c65ec7c73fc81b0bb48890579f5fe7ee483a13db31cc8089c5ef191c9ea,406,training
5,d43c93673b1ea162867989402ea1edab01782fc49c0b30a66579f03ea5aca06d,407,training
5,fb575ecb65ae750dfd17385697d4ab8648c70b6556da17b8453d9f85d80ac5d5,408,training
5,0c8b35168389ad611f06cd773e5b2f7ce318fc06e7750d0cf1798d611bf76cb5,409,training
5,36d4c1efbdca6f0dc12ce6b3fd49f441ee46972267e8a6e771646f81ccf30971,410,training
5,0b3847fd65b3ff982da9d169aaf5e681afed48d5d51e619d99b9d835fe11e2e0,411,training
5,8eba6b17439a83fc07884f6e9eaa9f1096df82e348004599974723ae7d6217c7,412,training
5,40fb2cc1cdecb598d7b1321ae1349a9418d934e961a76bb251d385140c552108,413,training
5,ce0c31af02f81f0df58a76f8941a063c9f5f4bf1866e617d3e5aba0b7aa504d9,414,validation
5,a99769f19896045a6411a620898ff6f4972114a735914fbafec0d12d59f3e9d0,415,training
5,c2f7610e6f6cdc8a53ab1c2c77a9196bf7099e94c5b1cfeef95034e7b7969aff,416,training
5,d37c5a3d2ce24da5a5f78bad89bc06aa9817dc7dc6622fdc0153bf4b4f25de95,417,training
5,5c337eac7025e8a0750a7a5c7b10c6466afa2344b0828f1f43ebb24a275b69c4,418,training
5,d2d3194f4043d65a53269e5f9dd9a3e8f227fc4e41c7c6eb28600a31f49033e2,419,training
5,fe98e8845f740238582855c0cc8ffd72ff8418611a46e5fec732f24b6de0c4b0,420,validation
5,76f0bf1e4e3203cddd403c2b5b9e1e393ca013526aa4eac9068e0824de52a989,421,training
5,bcf6b11a5fd7b70108e72dfa6248411e061b61073b87ca2d2d6800006377d644,422,validation
5,704f13c9b319640e5b0da966bea36e826b7ce6f8f5d359abd75ec40c96f95d0c,423,training
5,ae91aa11146712193cb7d0b6c74157246d6b8294a936ded3511e0ba50f0eb2cc,424,training
5,4d83249b93ad8be0037d35c28979642fc85d96ec61e9fc73ba6e07506bed1b36,425,training
5,12f7423383dedc7818277d76132f4b1a07f9b802efca5a1c9648e1addd0c33ea,426,training
5,05e6ce58d44939b0accf6a2cae53d5d90be7b7631ba3f4170cfca525c2786b4e,427,training
5,296054adac514fd6ca54147b292da55866e3b6d648868f79c9d90039b46f6ff5,428,training
5,e64527c326de7c3bfb9bb57636d7bc57ba7972158169ca676a6c9e002cc23e26,429,training
5,846a36d15a6cf9f87360a44bf10ac06f02b3167b05db484ea971f541aa5ec476,430,training
5,9a168a78b59030e939506939ee565d6c6fb437fd32c27126bd817d1f007c2430,431,training
5,76a83f91a999de7d03f41f26f335702eaf52112a1293bcafff554e06b288131e,432,training
5,73eaab65830eb6558570558ddb74bb7d87fe1ab006655b242c7065e273e85058,433,training
5,b3dfb4877601c42cef5f715a81a568e43f76cf8189253228d68675956cb067b0,434,training
5,f4491541cfdc5c9cfff5675a670fb28a947387bb19bb7db6161ce60acefd8948,435,training
5,f78f5fb72c455f1584420dff01ba8dbc1754e8369d0b676a5f407d604a2309c9,436,training
5,ada02501594e7d33f6ae4da748ad876564b891b9ac948b93c49fcc9feb5633b8,437,training
5,34de87fd13813c004089ebbc6337f6d3e1c3e62019bbd8d1198ea7da408d73b4,438,training
5,c46aa9141da1719f1e1819d7eee0a0837f3671bd51fa4c77a384b5ab7474141f,439,training
5,890fb196c9fdfee891918ac310610cecc477fe3afee8231907a7ccc40eb5644f,440,training
5,c73c9084306629d37905299be23122f11eaa6eda5205e270dfd0185e470b45cb,441,validation
5,31d9bd22016a2a315294d59d922b080443b20f499ef7af452706cbf648ba4980,442,validation
5,23181607363afe3afa30f29642c7c5b9da8b0830d65d97e4a729af2d253899d5,443,training
5,30459dd1fa616196e6dcb3a6a55d2832096211b0fccd90f757281d56859a6806,444,training
5,8e51663220d0c58612ba800d1ac9826e0cee199557347fdacf096d774503a09b,445,training
5,59f175204e8360fb6a854773a6a0a067184eff49f9f988c9556cb90109bb092b,446,validation
5,17a8a8083b404a55f101980866e090e8be2dd497be52e985b14103ffc694131c,447,training
5,5d0db8c3f5b6af07d3f5d498892bc10b363518b922767ce31ca60b07b6211ae8,448,training
5,b99601093e1aba48c69335c02c0a7936550c32ded2a6a36f6426eb59368b2614,449,training
5,251521b96ac33bd84319453d09ea7dffff426837485035f5e48801454508da34,450,training
5,99316c5eb275f3d6860960ecd275c8114e326b77e4799d4a11587cb958e4f977,451,training
5,e18efa762cf75e95dd84eeb53c2d76c55f266b22fdae43710437c7af04b83e84,452,training
5,8afd8ef8ce1a4ac5cf5ea54a1842843450a6e49ed627c4c46f1fa0bf9f601d06,453,training
5,071b2c21d303aae4c8b321ba3cdd547f71d33b7ffba891a121ece50105fe5fa4,454,training
5,131942c633647113c2e7a5b92c84602e5e2f233498455eb3163ca6b1ff7ae0b1,455,training
5,5ec3d7b705254285b935d16eae6eb140b685bd393b4b1a169ec9807f80653399,456,training
5,e331ed8d240e541d64ac96442bbd7c65628fc878f0fb8be5af7e78ac60768c55,457,training
5,a6efe1a45ed40604f8ed03b309bbb5ae7dd88170abcfe4a6c257f97dc4a90bd9,458,training
5,8dda42e3c90dd67bfdaddd0c6afacae61e13be308bebbbbf409fb30ce8794d23,459,validation
5,83fdca6e1db1991fd399d46608445185493ccaaee7c698e637f3d9221de75536,460,validation
5,ac41c6b9acfbac7ca5155bac244a0636794b76885237e0c7f2edfcc647c74c1f,461,training
5,5567e65ec92b218cb29642357bcbbde71c52945295c8361a182ee7c1ba76bab7,462,training
5,be00d8331e033b7820ca7534a3195c0afcc235e571cf59969eca07e51ee982e5,463,training
5,ffd792bfa071eab92e0c1712a4207af22a58ec0df4724d7b5a0ee0941ec814b5,464,training
5,5a35be228fbfd912d4aab1a295124c28db541eec7b75a0e5eabc3f68bfa215b1,465,training
5,1c8d6694d0abf4cb28e10a79f895a016a3ba085f96a20341757c79222b030638,466,training
5,abcc720924991cb57740110edeca2b25aa8d15f7cad754a431729f48b3b66323,467,training
5,87d2551f631c9253f6b34c5fabb9e763888cdb86875a083e248468eb84ac54e8,468,training
5,2f8f77b45d56dd2c5a8ce87784ae6a2a8f473ceadf99d7649edfd0ba744d8015,469,validation
5,7c778b08cce06320a60b5398a0045783f033831dc7ed579c1dc89f9bf62e253a,470,training
5,f796c3d0f29322a94992dc8058120376e5f00117fb3e97cccb109909b4eedef7,471,training
5,11f9b5fa187acc62db0f52053259076d3b19fb0ea9490feb5639935ad8f050ce,472,training
5,34556bb50a10c66ba5b085ddd47492ebfb99f0ed211fbedbb857c2bff239b134,473,training
5,fdfed6525e01e0e6d364c87d6409a63b9c400b58f61b26de61e5d1c2b1a1736d,474,training
5,38b97957ce2d3d7324df5263b694a440c8b81f235eacd36ebe7b9bc38b6bebf8,475,training
5,f8de068f7845566c451f2fb2fe300ce0a5b47c2af191b8e63dbadd3788e5f483,476,training
5,d5f6f86fc734921216d1c982704b7b88f1c94fe9f92576b581a191b2766d7b2b,477,training
5,4d20c59df118ee7078f5b464ff7f69e2842d0162a11c859df69eb16451fcf4ea,478,training
5,0238f17724f32ecf57e8617d2148d269e8d0822449298698787820f1d604b8e6,479,training
5,d61c1e11e73199a3fbc65f73cd731bf154fd8beeff69821e0969d15472b4ff17,480,training
5,05e1c9e302222bcec3af4965ee42b2e8e460a66ff42d56ee383c8226314ec110,481,training
5,bcb19cb32ce23792ea3928432b0eec5cfa2b131f1947e6ec85111dfaf4a1c0ed,482,validation
5,1068c7a3029fb7d3080577819826ebb2fc3d26858ed6e7dd451acda6a755c3b1,483,validation
5,e7cb9bc1566d135663f0f3ce7e39549106582c6b41016e66f9ae7d16d62cc71f,484,training
5,85ad7fda9f3feaad213822d1594a65dfae3b6caf3192287abf9d169a7865a785,485,training
5,abb4c0d5aef8a29905c8e432ba30f857757a42301bd4d817de1b50724392392a,486,training
5,1a955a69eb418ba1f6dc3fb1a32664afe877010333e5506329b96b2b3d7aba9e,487,training
5,7e5d812ea4d8f0462d892f727bbc236e760f64ba33bf8280cf4599096c09413e,488,validation
5,17f1d0c837f4af1ef82158f5da5f932745f0ff0f95f100ca5f096f8f8a522bc2,489,training
5,76a0dc93e25831470500ae3ba7bc19a993fefe0021ed7cd9721551da3c03007e,490,training
5,d3e48a76e2411cc3fd778f31648a7798bc28d95bbdc487a454c73873a50fda8f,491,validation
5,51e637080f15d5f033e2250704730ca71eb6bd44705e48386c568c17beb31d54,492,training
5,7c525662dd4f0546abb3fb9e2b924799697a8f0d9c241eb1311e3d38196efd41,493,validation
5,7401ef0ee8c73978080b8bb31e3285b4e703480282f51245b91a94ecf515ac3e,494,training
5,b3c56c78e133eb9289ede91a2aa39e0ef4ded990efa22ca04763d2a88f706ed2,495,training
5,cfe9b83f442e914039e668a299d4b0a32967ac4c6f1c97cd72186bc3e79c279e,496,training
5,47b77bc7f80e969e1d4bf16dc6b29cceecd976a8acf6289db87f9ba17c13a238,497,training
5,555c8c2fe7835da6c0b267b47187df76e7140714bb60bfcec4337628e9bfe801,498,validation
5,8894bac699456bc73ac72b2e4f63c5aeb8c08f082731cdc8903ca4ae1282ce56,499,training
5,ed06d74bc1e997a26ff9d1757fc426e5beb7b6d13745ccb567bfe53aaa0a1b39,500,training
5,d7999925a269e9d34a622d07d8fbb90395fdbe6f1f54c187b4ae43c81682853d,501,training
5,1b0274a4f40e01d02595988f31b7c31e842070025fec119bcf21442879ccf249,502,training
5,302b7a83e4a1d7c09ec1de26ae445b7e4ac0cf90ad2034e84126f566f4d2d617,503,training
5,dc32e9167176ca76c2b2240269d05c3e9c6e646126675ab8268594a020b9c2f0,504,training
5,1915f3c75d1efdb4ad04fa86d6a73103c4f9dfab01cc5b96bf8570442cc28f58,505,training
5,46ccbc680d4bda8864db7c8daca77735287426cf5b139c81a21aec03e18f0922,506,training
5,9ee2ca330d88212c6dea229d7649250ac9032543b4d18f7299bf38f719a88892,507,validation
5,6e7d96a3c55cf023d156035473642ecc1e70a24f295a8fc0dc26cdbf6788e889,508,training
5,34136c2d39664ad227cbea0421679e166115939cc17bef3ceb29d88a627cab22,509,training
5,f32dd4b8503927d4d0547284e199ebd7128ce358a07005ae20c5c6910ebe04da,510,training
5,4d458e6a388777d49dee795293ae7cdd093ab189580c7f8fea0ff6debfbcdac9,511,training
5,15807a38adeea548686fc0c65876ebbae1e61c0e1a6153108b7bfd6fb15c3c47,512,training
5,3b5d20d2229fa6b7a9475cbd5fa391732e2c2f79fcd7f3646e8013ed5b571e73,513,validation
5,cfcdb47fb25d04cbf89f6fcb77c69556757e0c524a641a0bbaea1aa7ed316306,514,training
5,61a467abdaba08bc61c88a1564f0a4a072f322c1088fbfc52ccd04d81de4c222,515,training
5,93cceb9afeb7155f310198a1976decfd66cda33095a5ec95466c5d869bbcd829,516,training
5,a37d9150cc1dd0f37a5d553bb28704e2e2152940e550c72e3e3ddf8cb2a961f1,517,training
5,b025e9fcbc1d9760c8586db65fcaabb5d74c92bee64551e8d886a5e768d1ee85,518,training
5,ae75b93ed7c62b14e09c8d593f614a69c316e0aa2a4aec18345130ef4183f74f,519,training
5,6e83f331e12d09fdb65dce69e8be4329b8ed2713a10a09478e686880835bdecf,520,validation
5,ec52803fefe6b2243a30beda2acc1d44e2f5d1af98f7c25d412977d93fd2e875,521,training
5,d45ed0b042f5fc2820e6b5cfde496b6a25719094da1839d2a44a68ab40f4c466,522,validation
5,d883ddb99de3e9c56abfd670f023562ef87247d2487a4c1f3ac23ce254366e4e,523,validation
5,23a5547a28b666266d14af8c6a2c05b21881d10c1a42d2d91690167cd065afc3,524,validation
5,f58419f442ffc21c032a0e09d14ac77d4632e94918bf089607d69d875a403c54,525,validation
5,00969cae2e0b15686265115bc166f2f9cb535268ea7c52a7348071729206b91c,526,training
5,1bfbd9b6e200e69d37fbe1226264f0a95cdae1ab14769506fc4b6f66a999ded0,527,training
5,e91b2a14ad8856614469bc9a889dfd5e3c720f5a13b52f33739ee3c5ccc82ae9,528,validation
5,30c1e08f31d5ab1900eb6ddfa00ee4c603e90901300e29950c2dba7834cfe056,529,validation
5,e8a47105b642a8356474f3c59175f889fbd28bd2ac03cd43573cc4c42c12599d,530,training
5,9370fdfcde6e36b51b14737c9808bce6520f084f0cad6436455fed2956c14e2c,531,training
5,717afea002d35f56ef61ec661064c66edf6453b01e4b2581c2991f09bbd4371a,532,training
5,223afaca5456e0bac3fb539e43ee46d172d0d03742fe61cb4e1ce0240c5a2122,533,training
5,4f16c919f2760891e1b1c997ba5209275ee3aabf5606f12a860f221504c8fee7,534,training
5,83eae49e15e53270fb87c7238034e681805f80aa19ca3318d11443002b6b03ea,535,training
5,f6722b4bddae930958475e3d5f4af177c861bb9dd859beb651087a3aa858523b,536,training
5,a0815c2d093adc3d9083ec9b455cdc8f0d8450ee3b3680a4e652cef5e5366bf7,537,training
5,8d0720ca6237fb9bdc230aac4758a82a1fc392c994ded81f81a50e70e2bbbdfc,538,validation
5,747aa23f9f3d5079c9a5475558f9ea4345ab9ecab1ef19c5810143b450d58076,539,training
5,d020c475503ba39fa6b9ad5d86b71089e909039ec0ce09fbdd276c48347a9bea,540,training
5,e08763d0b69325e32f32cfb6363ce03e398c3efb53d34022ab4813d2dffa4671,541,training
5,ce505ca0934225aea6546d1326e05a628b1c9f70bbb67d4ec02f301397110158,542,training
5,8fbe8bf5d0762ecee7a0fdb08a5bb8826ca76d3b66b5348838650dcd210a3ac1,543,training
5,5d57467555974c70361e48a7c5f047bcd0d48688fec5c0c90e375ada9193cc0c,544,training
5,64b4ce3c4e1fd003e1fc83f080beca45eec3e7de5fc0f2e966d4001ed2540be9,545,training
5,8d05bfab63ccfd268fb7cfdaf9fe858310608175589764432691854f8dc147e0,546,training
5,2acd3b185875a4c2a345ff2916fe31bc9623b55cfcf126179525e53cbac26128,547,training
5,31bf8ce8dd737dfa2f72b5b1ac08a8508f37cfe77247f9af6c84e0a6a6a81246,548,training
5,94f54c9d85a05c80eb1690fe1cee3aeeb838be7c289aa80ba9616c367dcdc8a2,549,training
5,492c850ec887d80fe3e260f51162b346de1c09fc41988321b6f32f08cb5dcf7e,550,training
5,ea6202a8de3311b9b6b17a629aeeee8fc3600854b4edd084628c983ada8e6cff,551,training
5,ccfbad457bae0241ae534d3a49bb3dcaea08ee3d4a5d1989ad1fc3f2f0cbb74c,552,training
5,5d473369fd9858f19759b681e24a61f59644c34169f085a2ad31450b7aee46d9,553,training
5,1a2a2848610e0e3b3d5e36e84e450b748db5c8e5f42bf34c9d88008e9613a313,554,training
5,bf8d6c5cb5440b578d274d8c2430d92e262616b113d7e9ad0792b5374077aa7b,555,training
5,9d3a3ed109ca3b1efa81f18063ac6c0c77b99ca9846d278bda9f9d86b25fceb0,556,training
5,4da6e126ef273290a1e141a081b36df1eff385fe154acb948325c08c7899fe68,557,training
5,5494850af5802d8c5b0fed793358b16c703b885814a69f6546e2a902e9d18e01,558,training
5,08237967b2cc0723cfe7a739aaa13a8a4da5e157ed9fd5525d4f18f13126c6eb,559,training
5,ca8c18df8d2b1eadd677fac04194d5607b33f94cf0daaeabb6648a914820bc29,560,training
5,876572b73c6bf315719bdb443634c0fc10ce581b1813a8e6a44ce3ccda3d3e3c,561,training
5,f6e41883969587131b25e95b580f52b778d7b23f251cf7ea2d9dcbe459b009be,562,validation
5,4877a97513b9991a7e750a7eb977c4b992e4ce6df5825221b6141528a731eb76,563,training
5,8c3bb553a36c44382cfdcf98ea41525bb57dca12da8290da5d8174d029ec00f3,564,training
5,4bc79cd6e117fa8370b5217b9afeb60562ed947ae852668658167f37ca8dabcd,565,training
5,7aaf3984ea929665d842c90b371122dba663ddf852b4574172b90d125ec45e72,566,validation
5,60cd7ee57aef39a52325a6a006d71247f95f34e797fcb699906f8bedcb5c4b15,567,training
5,36c123332833d891ee5facabfc79e3b9d2c14e6720d2750cf63bac759e0989f3,568,training
5,0d2ec23b4d1b973081d274a461a886ebb117c4ef120d8f5d8b13c132efd76b17,569,training
5,b55e88cf46f879cbfc98f7c86eb2ca6001f01c4571794db8fe6060542e0a91e7,570,validation
5,224b0757f924b255e72e3aa7d219e377c8eb2df9121250f4899356e981c98afc,571,training
5,e97ef9f53b0d5abb2887f451b3cc6ae7182cbf483e394b33a37fe493e96d0f99,572,validation
5,ef527ff8e13cd8f42e03366b77610cd91c6c6eb47a07989c3a1d44e68826bdce,573,training
5,82c0f83150e50cccd091f9b8a3185d49d5a010ba0a92f275c0b02c654aef6189,574,training
5,bde867efd0f3c13d33bec2a1a6f552bef5b85ae9999ffd2d9f7b5f1cff3af19b,575,validation
5,6d8769e45886cd3805576ac064fb31bed0149765960608616fcbf207badd527d,576,validation
5,a612603a54542d1c0e55c367a97ce502078bafab04a25d4d5592bbdd1dbfd866,577,training
5,43fc9cfc8ca51cf6491eecc3c89e1e294cba823fe9431d4c263023c80a331283,578,validation
5,db9f9e5488358f40628668919fd418bafa25bdef74d31933cc998c2565bcc271,579,validation
5,c1a61220857d6e441e9885c0a425fca94ef515182402aad01cf8c94b51266f47,580,training
5,1cd0325587cfa96c208a347c31647ace3958c7263fcf763c39ccecfd3c758b15,581,training
5,92d7c9adc2f4dc39c000ed539034b94f4165dbee6a84eb0175d37ec456cf0ba6,582,training
5,85226a30d26f8582a714bb0fea0f9680bdda04f09b2c57072dddf1f4ddb87408,583,training
5,8ffc92948d4425e7b21a3d726ce87c96e583abb72af579c71ad42025b7928725,584,training
5,cdc2599d3e7579a2c658402a52286e3fb5dd527f0b9a5ec04dd04d2d5f28305f,585,training
5,cd32f48c4f673f91d26a5936106e458ae1861578a17871b4feca5e09720f57fc,586,training
5,37f81cddd64ea6e895f2e63b4df7ca4aa98ca4b9475a3fab19f5c923f58135ce,587,validation
5,4643cca06dfecc2cb4d6a53559f3410922c83304c44335ba3e9ff096ee5cfbb7,588,training
5,76618c5be46e6e0aedc1e4e15929ab2e116fc8dab49cfd64db086e8f5da7ac2d,589,training
5,1f22e3b38265056873686b404c593cebef728e8b2c5ca3b120f413451631847b,590,training
5,0eb2f98748b92133696b832499ad62daca6dbecea654024a90156d7268cf4431,591,training
5,452ed203701001241df416b165402ab4962a56a80abd37ca910d2cc422b33c66,592,training
5,6f64c7464ae54965bf6b32b1a42fc037c9cede8166612e67e71a303869325bc9,593,training
5,d6651cbc10be903391ead0df66047201a41431a3b75d65cbd5dac7937b7b7b2e,594,training
5,91e188e4de4edbb7cd50f367cdce8b1af4cf428143039654ac2a86487ef9e119,595,validation
5,aaa377fed7665a8a1c81e0b951c04e90851b8a5bb55ef4a95f5af9fe7f5226e1,596,training
5,e6c8dcc4ac137d73af6fafb9f6b40dcc453f9b110642dcd998f371cda2f2cb79,597,training
5,4b19ea45129b658b40e9de377598e2b0d6f91c09171358c6c78c90243504cb4b,598,training
5,78dff8a3651478013a17c1ccec0a8ade654fca71bc63e6c7ceb78f65bd8980ab,599,training
5,b7efe5f48e6081fdb8e8a882bd347df7c0c09504bafd6101cc169d41136c326f,600,training
5,2e85b61e032f2ee97e383c702630514076e59cc46a5ac3bdf08f0b7655068344,601,training
5,826bc69d90140ac1a66cf0d2d73009e0692ee1cdc891d0b368c0a1f2ab10d38d,602,training
5,2ab86c05ea690556b17af50274d077265d82dfe9c220b4386f05e3cb7a980ed2,603,training
5,e9861831d6b24dd53876ddd331d48cc558a6fc47901fbc94257dbef76850d529,604,training
5,4d21e3396ff93bed6066803977aeb6dded32b65b57d655f825897dbd7d3d72ef,605,validation
5,9075ae229b61fee58d14a366427edda5fd0a6798e9bdacb670314bf986796229,606,training
5,ca168ece8f1f0ca2a212277a394bd5b9e101f40dd2175a3fe9366c9eba976128,607,validation
5,40520e20ec6980d5a42e4008b6443262bbc7c0b5caaacdc170bed7505b9c79b2,608,training
5,0f88b8029047e397f957399026a1b4558b26d31530fbd893cf27945c610e67c1,609,training
5,666ec6d4ed6b29b67cebbebaaf7e46be1cba66e7f86c5e3f45d2e2a8851d9c5b,610,training
5,080b260d874df30429316c52a3093ee61cd4172715a42b3c749eecd61efef549,611,validation
5,909fd876aaa146991f602f638637b1c9981a242136e78bc376c54f617d74456c,612,training
5,0715817694f9be20c7f6e23d3b0ff930af67308fbca208641e9dc4a6da850ff0,613,training
5,6d67a6f26cc505bb5551a90f1d27f804bb893568367c1e2c9a4cb5e5f2288eb5,614,training
5,e8270ef261e357f86af0f645a14f1589f64086caf4e0f6eaf5614277ba4e6c9d,615,training
5,e6f0859988691cc6bf77cd09aa697b80d9e0c12d7e77a3c3b8f8b00d1c48fbd2,616,training
5,40991fa4d07f7664b2568542fda8cb6e22d5d321f235414593fc78e8ff40afd7,617,training
5,eb7a8f03bcdf129efeff69bf6ea5b22c143dd0d4a52b5c75f3f0322418727b49,618,training
5,b3a3400a56d87ce03568819c666a6d57399bc2dfc85e5d027984c739e8099712,619,training
5,d7feb7e50780d26dea066b99e33b2ef2f09f1ca0c40119da5f272d0e6526e353,620,training
5,3a2d45a57d41c01b8406ea31dc66509db760ea085e7329eb2deaeb5c7da66e99,621,training
5,a987edb770ba2612da251b7eaa255d3c4f45c6c1f84a04ef407a8d9a078b26e5,622,training
5,357a6db1a560aa24d7b532527d74215044c5f9315ded8c6d3fb1a45a34b108cc,623,training
5,20d20b1931d5c161d6875216a64fd4e33cfefb3a40469c6aaddf0e7d565b2fd8,624,validation
5,c757351c71448e3c6e72359a054aea9abf3759eeebaa3eaf945a866e9f45efa4,625,validation
5,06834aa6d9c59224779c96d847c098437171db75000afac52d490391539f9efd,626,training
5,30d60d8a3578b4b21ce2d910bb47bdb2cb8564abb14b1e35afd099b3e7ad8953,627,validation
5,61d292d7dfddc2e1210b2c12f54510ef0ead7bbe279ce319ec25460510976a59,628,training
5,37c7ee8d391b49cecf5a3ce2570a14c66ef53f349b042c392398e86f394f7cce,629,training
5,8a9da50b2cfe330e8f64d709d0a2be25ed0f7fc0495081d5f6259937de61ddd3,630,training
5,7447eee25e24271e67edb3c585674b6ca79ccb2c6b48545186e1bfe92e526527,631,training
5,0987e7c2f7cf80fb1486bec99828017cab67a287b0960eefff30950b4c8600b3,632,validation
5,9aa61d47d5b358f6e90891c0560d48ae1e818ab0355034d3632a872e07af40cf,633,training
5,f5f64381c2298064bb94e53a8150101f73501317f1b2c76b75e4ba7600cdcb8e,634,training
5,26cca0e33983d53f348b7628576aaf2c7afe1ae588c333055b3741cb5e761fbd,635,training
5,e3664700d490519cc648a941a8b2e00dc8c9251e392180ae2bf6312b7bea213c,636,training
5,f7ed87309885d7b013d7ce470314555b4c4289af90d0f14163497a1c119046c2,637,training
5,2383b00eab3a84ec100302aa36b876c15b4bd52d2c03bace21f2bb1999812274,638,training
5,66a879010e4a0a9e63779424faad8cbaf9ad742f151c0a9019064cfdbe715d66,639,training
5,29579cf8b595483c2ddbfea3c8de67ddac84551e7245c94fe78bf60ad86536be,640,training
5,16ed328e279b108fcc57e635f631aadd50e6f4042e0883d7d27214c7b9dd90cc,641,training
5,5d371574d0b472fbf85830cfbf0065cfebc5949e15e7749cf156e0acb3e15676,642,training
5,939d644de6233aa316a6c2b7bfede41d01b97e28280b31c1a0a1a68e65768fea,643,validation
5,63920b11c8458b46c1fe90436b8392574c954073101776d4087c53ab8f986111,644,validation
5,9b86d94c7420f9d5818e0227351e577b0bcaaf41585fd2b3eec33d829032d8bd,645,training
5,597c137a6132bbb8a6885fc4a18cad8979457f42324a4f44fb6182840f5d8e41,646,validation
5,5fba55e846611c30b4b1208adc22583274e3bf6b0dce779404451742978dc5e7,647,validation
5,8d8a2d6e7a2df83e6d01a412fe24a12799f25d3248b20c2b0197dafa32947679,648,training
5,d145d9f777b610561e9206f881b7c3a4fc767369953b351e18bc581304c8e95f,649,training
5,60ebb0c3727b7d849215c6d241777e7baa28fd83000a3e33b1008494d74b936a,650,training
5,ba183a29652ae43a298c84f8917cb4e6aa84a33b62a1c70771a44f2cec244db9,651,training
5,bc72f1e30f2782c3c578b24bc91e9d09a17f5d5123cedd49d1e0437153235cfd,652,training
5,fef11421246bbd85b4c3f871949c093039a34a97408ea6780bcb8a11e5cc22f8,653,training
5,539af1dd02c8b28b98301f0dfbd6a82eef8bbbbe6a923314f7c966db66d708f5,654,training
5,446cdf60b02eb106c10591338abd15e2c1170dcdc6a33566329363d9257ba7a9,655,validation
5,88e1d64cc9d110fa7502a097794ba454e1b8c60587eddc34f59afef4345e0994,656,training
5,1d37d707622bcb39aba4e3b3796cece8cf200bc865784d9d022e57069976325a,657,training
5,30af516cd016b4814d2578e00c0c1e435ccf01814d72d27d6ea9e256ca597ce6,658,training
5,c759785b577e36b05a1f99568c09c6a1a897cab121e1adc767d6491c18c92568,659,training
5,ab7eac0bffd4f214e8280bb375bef59bb6793bf0b16b5e9a159ebe2ff97ec778,660,training
5,c3b3d17dc166a99189d405fbf2917b20e0cb47abbd52fdc32445f8328b85f16e,661,training
5,9951c5647ae8a6adfa4fc432355963f7e8061d2153f273f22e77d5e90e5519e8,662,training
5,51e82bf3fd8c3dbd0d61eca68d19dbe7b6427522ac7375911bc52ee499c25a7c,663,training
5,ef142d86afb3db14c290307e37926962703bdd6db4558bfb245150044d7b2447,664,training
5,17a5b834c98370ff9663fc50478f67748e6f361ea7a8b1f8cd2e10161d461909,665,validation
5,e17e9fe726ab41aaa00720304aea58fd04db74cdfcfe3bdc1094c960d8b2364e,666,training
5,206490b29554c9993f8ca0a70822a65c9d6fe57dce82fb4efea3fb830b6ddd20,667,training
5,cbd4d8716687b1e4dd78579b3ac86a665a17fc48254380db9f0aab225f5a0dc4,668,validation
5,958dea28c29299a65ad385b5786409b4ba45b41b1bfa7f9c37efd39ae1657bec,669,training
5,7c06a68086ee93e40f024b2146c85838e8bb1d474c5e08295fbef6523ed3bdc8,670,validation
5,ae44adace3bcb443be1b2b96a285bf295adfc8dfa5ec072d4deff1e24e97585f,671,training
5,518fe7946bea3edaa7e802effb2b3e1592ec9d24c9f72763f94d9ac80dac62b2,672,validation
5,f992dbeacc4604defb67d0529d6d430fd57b06b5417dac490ffde8c8b02370b0,673,training
5,266e1ee151ddd8ea12d57941b4eb01a3d41624107a0c8f1a3829a4eb77ac31be,674,validation
5,4ed26bc971dfb8794b45ae01c639a666979a1bd4c9da5295e74d0cb4d7762593,675,training
5,ef32f7e56c2261467da92bb667a41dbcdc058b71e3ab89d5e10d3b8f4e73a395,676,validation
5,de0cc00a6bae08c1a109e78dd437a41d7722caa0d75505e9bc77c78ead6c0b07,677,validation
5,18809f9d6230a1c9fc9ad6134eaee1cd988fab0eea81b09151e54c800368e231,678,training
5,ed8a3b587c8bea66f7b43f36b7899f012e9b8df08240a3ef0789427f68924248,679,training
5,876cd28cc7d5730b61644cd5beb642fe53738ca7314e93c3ff15363aed928757,680,training
5,9cd87b950babd2154b02c4a1f865cee7d6a50656fd3b0ffb5b9f52bbe318f2d0,681,training
5,88b37915603d15a195494833b97e782fe8d57355b401a83e2c3e338246a5d9b7,682,training
5,82db277a642190cd0b6ab24b7f30797c2181db60f2bc6a59821d65ca88b7af41,683,training
5,cc49a622f4bb06ee790a3321b2c51dd317411c6f4ba2599514f8b5db792ebc8e,684,training
5,8e68f5f09acf6f79916010511fbcbbfedacc0280eb41f2d34af7adb4b3fe8721,685,validation
5,6378d876cd5f3551618ab079138757a36e5568a4204760a43a1eb9ed10be44aa,686,training
5,04d7d7767a5ade40f494c32d10a27b8ba5be239755e37e67445f5efe7b443702,687,training
5,0435a91bd67e771a438b71e13fa7c8716aa843e404b82657f2c155a93513ec3b,688,training
5,6f21de91624b05c75d92d664766b16ea94757d77163b1cc31e721fdf16c844ed,689,training
5,f3f11fb9f751af3b0fd870a2396d95a2d97dd8ec3239cf4f0ba915e7e0b50ae5,690,training
5,a410e08680b2ab90af265fa63b379549291b0da6258ab64b563e2574c468109a,691,validation
5,af4ed5f7940e11b7bd1ac9c7ca89a05dc4712ce5d63b68b99a88033039876e6c,692,training
5,b4b6feefced188629f8a7d98257e078f1e3bd61423b346870a73af333bac43c8,693,validation
5,a325f086b281b6339ea679a403d9f2560adad885e616988150e8be9335a581b2,694,training
5,9b9607b1d9d7b6cd9e248fc2f0521315db9bcc776489bd0cb96ad40d167b318a,695,training
5,e1f4c7b5261bbec3bfe6b71d9b126161670877320dd5af175dfb722d6231adaa,696,validation
5,0c2fd01ed079a4c539a7784c1d8273b36e0836fe39b498ff385de3d8c46dfb79,697,validation
5,1daccf281ec3ccb3e32784b3b77493b39cc093c932700031da3a98236bafeac1,698,training
5,5037b473cb25d6d0003d6eedc5ad815cdfe1969517d4754e9ecfd3f1ec9a6415,699,training
5,48216a730d4da7e9afebaa51ea8e12d2c4c6cc028b396a67a3954366b9d6a6d2,700,validation
5,618eed037ce5b2ba820ec4b0f694932d980ce9e6aa8257a23cfc86f7c7316c1b,701,validation
5,4fdc8433162311cf551304449b233250e5a5b96c3829b36e7e2ef58ef23e0cac,702,training
5,3019bce2980fa0cfc9c23259a5b3e33eca3ed4efa2fc491e4203f34ef056b43f,703,training
5,88d7785844778e811b9a6c7ae887b53e05b2c17944f3c244a94f304cb3d46e1a,704,training
5,b20a64bbd35bda811d473c2c4662402547ec34a77b2371357fc34b6658f295d0,705,training
5,4e7944af679ddc1db70387e4f89a1b39b6a6c0f613b816cb22dbf1e05f6b9066,706,validation
5,f62cd48b5b4a56d414036d0645d4b47b8484603d1c9bac19519da102e11f8701,707,training
5,aea3a1f4cef8d0f8630ddc1835bd40099ab73518985f58ddd6daf3a7c6fa21de,708,training
5,3dc1b223e12c441f2b0e4b9d292438180e07c71a21996405626479e8657c60f0,709,training
5,b4bd5439d98a784a231ae6a280187561e7e05c40a41137a93c37e48b2933d27f,710,validation
5,4c6abad961e6e3e2d4b0f355ae15b8404245274845900690f43107918ab035d9,711,training
5,f36a03321f8cd981c669d4bf45d95d9354ebafde6888197974b130a52493d565,712,training
5,eefd7cf42c46c5e1c897337fcf6cca2593dc8ec6d4216cc6120c0983b99456fa,713,training
5,1c64cc6e2abe8abc5dfdc945f5c7c45f470207c623879e4387f436d7766f9299,714,training
5,f896579db3f87acbc59280cb969731068809c51b68a8586dd680aa8fc5283297,715,training
5,c2ebfc39722b441c47244b1eee0d46986c87fb64e7952e9d419d737f8fc6e40d,716,training
5,ebbb2b930ac236d47795b41ab1bea0e8c70cb76129e067e4ec267db208245c38,717,training
5,1ca6b513a5de8988415a3d9e5ac53857faaeb9c51a5c53cb99fb7034e3dd7af4,718,training
5,9194ddf9ab9fab12229325264dd3a135f380d402e4ba8f9aa8c80955ace8cf4d,719,validation
5,7e6c529b7b2ed1abc1b0d819b87993bd0800a4cadb3cacedd1cf51097ae313d3,720,validation
5,850bff1113127d623f8adde4ffd74b8406548e9ee77ea6b9acbb67bb1e5677fc,721,training
5,72e66af3770e95113fdc7c637f9a6d173dc40a785aaec3814451926eca37db96,722,validation
5,d384d87cb4e255cbad8021b248e454327f6c7373be7d2eefd347bc94d8f495ad,723,training
5,3871b84a1e3702c8ea64713c7b7aece00e4fee5e75afbd4f00bc7ce669fb5cc7,724,training
5,fa8778ef40209fc1ee98b396fba9369d5305486bc32620a579bef7b50ae23b5c,725,training
5,89a608553b1d686c1a4517f01f52be6bc3b68719641622f844da0487141748e2,726,training
5,5880d0738dc8951e1bee1ddeddbd0fcd2d7b042fd783474c61136c6fee583ff4,727,training
5,addf86e89683ee781f3987d0e29a5f91a4d3d6816de98b41b3c4fb8d7532822f,728,validation
5,5de123ddfd068439d020c4fbaa30c55f68a619e8a8e2846b8cb7dd5cf67b0900,729,training
5,580deac4f6efc76fcb8bca297f38f2f684a9ca60b39da5be84d0341970a761a5,730,training
5,e23f6c8eee4019a9aac63d8c137edb527c6ad2d7c46bbc2c4cd199788e09cdc8,731,training
5,1fa99c3cd53ba37ac97986bd39553dad0d68e38e46f7a69b45924d18241466fb,732,training
5,979dfc0603aa614ae57432d8218029fc92a49f1d39c9e9f581524c4640c2405b,733,training
5,0f4fbb71c767f83c46893cfce64531dc845ca9ba73849eba3b0192d9af6b4852,734,training
5,6fd9cebd3d55366e8a17e09232f4dbd97ffcf9421d8e8063610dcdf949c56fed,735,training
5,884fcc8293efbec51d9994ee177f03e158fe3c81949184dd553990744b600637,736,training
5,2806d69f0841d7545a5de75ae601600277ffe4722eb568c9dc22ac8ccbb52a32,737,training
5,de2d8a64966a8e75c06591baf9730b47a0103a1b2a8476958416bce55e397c84,738,training
5,c74884f5b9ee8528a8d16c49ad2901893433331d76399aedc5b095e9b8c74f5c,739,training
5,bdefada6575a50e20d7441db7b9c37dba095efc6841dd0c3df85223c82852902,740,training
5,80dbdd03344d58895193c1951887d4faa2f124c404efe4712b132466f65648ef,741,training
5,fa0b73475829ae71ff4d96a987689f672e67336865af9d4de3a7e00325f17485,742,training
5,5e510321eed6d2231bf8b8fa4c04d24a4232fc54d621d2fd1d1e6f191f2348e0,743,training
5,3e24593c1881fdfdfe8f9131d13b5bf7f893528c4908fd6a50f519eebf910e0d,744,training
5,77cc5478541eb701b924c3459eb84b5f373d65408c61ffbf7bca6bceefa805b3,745,training
5,ef3d7e83ae33a38d31020422a1ee0dd9c0e97564c16645f0f2f53a39091bfd21,746,training
5,cd5dd65410b9577cd5becf5bfa9a9e25a59049412aa32e1fe613d99728e94082,747,training
5,e883855d8c349d1093270e0f3d9867dce0f01ab6692258f9ebeddc051426115b,748,training
5,aa3694aae793b4bc06486a10b6f841a15e5ab583a4eb689bcabbdace54e23bcf,749,training
5,f7e00dc9630a5e8e944c27c32182c01746f90500f41e1b67470a5c68a1fd7eeb,750,training
5,f14e738d741ed5a663259a631211f55341ef2512a1ce4bf9c4f2ca725a78a727,751,training
5,86d1f30aa35f9eec0d00a9514a4b32f55ba9c517e8ce683c608bce9a9f1d31c8,752,training
5,848ae2924ec9109936b385dd9babad803be1f7a4d89a5829e5a87565fdea913d,753,training
5,ea29857b573fdd905eb5a24ef9359ebad55cb6525a74214a37812f5f827f1c96,754,training
5,7f34bf8d366ee51169cabb24eb75582b1d17ec1a0909ee6db35d4ab343cb26f7,755,training
5,032d250571847264709fa2f29b292ca35d7ffef72d7ca1791708257b4dde87f9,756,training
5,037948e7f6e1cb0b1a368600d6ce5169b969302bb55a038e8e9166aef84e11b1,757,training
5,ba2f5d5fa7f7f7134845a006b6da4070304a31b25183652795590f833f5e0261,758,training
5,9120729f1128104d5a4b91e0718252c7d816b1cee0f72cd626f42aa7d3c62acb,759,training
5,7eac9da2dd6b817b42e99773c5294e3194f1974b9a45277895f7ae588b17d9d9,760,training
5,0b3904af4dfcc8ad10a0a83ef2ffabf17230aba7ced92f58c585331266b3b425,761,validation
5,46417e444d051c04181c90ce0aaa234c031ff755305eac5b6a8202f73146685f,762,validation
5,196bd7e9adabd85882dc08017630f9ec805dbc3fb60b380fb36b296a56cf41b1,763,training
5,fa8999c52d4b9817ed80ecad5dc00ec5120b9d7f35f49dca6807aa406efabc30,764,validation
5,09e349c235f4b04269dcc5d0bc27b625e502ccde107be2c5ce670235b637f503,765,validation
5,fab57ad0f08e275f5fb00907ca47b84d6017180db71fb2b17d45a9d12aed6a1b,766,training
5,03d8522e468551654148bdfa96761a86f22be32d79314b9995ef4c54c2ea621b,767,validation
5,080fab3f5e16a4bcab4556ad0a02ed06d5f40ab12088f24f69df59de3df4e99f,768,training
5,a442b93f2803d1298df6b5ca35999908f758dd08babea85b8b5cd8a969100ab6,769,training
5,bfab73923bed4394783b39cf7e8bc6a6b60dfca42a357f7cc7fa262d443ab6f6,770,training
5,eac6ba68611438b200e547ff70913a81f9d9d1bd9736fcf695682c5b3db2027b,771,validation
5,e45020a77e034b36eb12db3cdc5f6377491190cb577c1fd019e727ea35d93920,772,training
5,cf45059a826bddf3d930832b99b715a61aef6a78ce5db74dd857bf518c2ece9a,773,validation
5,ef7cf4489ebe62eab7293780d2d4d4dc33999e3b7412d48a5b7ec93d61298c37,774,training
5,cc21dfff4634b5d7e81e7697f1b710ca583e857df7b691b0fd65e3d92d7805ff,775,training
5,37b1b417cc0ae6c93dfb56647d86f98d1faca1467ece5af9324107765f397c95,776,training
5,d2171edbdf6001385ae364895e315be7f0ddf776aac3adbd475924a52fcd53d7,777,training
5,135c1f0d96e4904dca46b21582a04d8de0e404cdcbb23e8dde70882b9db93f49,778,training
5,2fca7d5a9fb389e62e4d90f33767321b194b23c41c42b84bf079931084c33b89,779,training
5,1119b48e73d09b651975413497bd0798468dd4e0ac72e9d4f2671fcc92c8efb9,780,training
5,a22bae238556cdce0585f8dde33eb58706c837d3759c09046a9e79013333baf7,781,training
5,244549bf80ab694fd5b91948a41de95eebd352cb17bdc5e1b45f7079d27082ca,782,training
5,5f9e6968a4398a5062ecb75dba49d71248845df825fcab2b9fab983d88353638,783,training
5,122e7fb4373d9170836c29724e96cb5f716e04746fa4da3740204c6666f8e424,784,training
5,6b6694632cc18a1ab2b24f6c5ee0dadc4c1d53bd19b60054ea68b0d3d1953121,785,validation
5,00a975dada10ecfdd1b344dca5c57470b960f8b67591b11d1948231d2bceae8b,786,training
5,758ad09a11a38aa870828247cad6ca266bca52bb1daa8f413e1bdf948925b424,787,training
5,e2fb4c09c173b87fa2be60eea73f33cb392f660f7f6bcbdb5d9a181afc034387,788,training
5,ab7bf7bd9e297d31187fe944aad513cf3509ec1ba3189b1c1b925fc03c9c8c69,789,validation
5,31f0b8575906719727f80a21172be594723825aba616dd3c590e8be51849e5a0,790,training
5,8860c63b3de9f74ceeae26d3706e969e95b7b017eedeca259bb51799a444cd28,791,training
5,142b48c5dec08cc78aba39b21e8d613f4a319b05d9b9c67a75e05f1ade1c3c7f,792,training
5,88b9647e2854f22fbcdd60401f73bb1dd52c31257d9fc206f23e6c665f69a7a0,793,training
5,dd9095d8a5c72b0f261f8c5e814d7136d89cd754ffa9fa10f9a06ebe7262551a,794,training
5,6c9c55fb94ed82e361b25d1f7dfddecffdf8ac61439c8f4f3cf4f8c524f56aed,795,training
5,f372b1cb57c7b4796daa4689f3c34de6b3288dc64cc4bf9bbfbc8f65e1e43b6c,796,validation
5,81294308deb6ef0490a2f82fe878f4504b60e6462ce8d323c15fab400dc35ad9,797,validation
5,9db49163f3b456de19d22bcee9c3b4b763dfeba566bcfeef68423ef84f56d714,798,training
5,1b0b1292fbf9babbe2fdd47fa154ec2392fc3bdb787dc0e161ea1d9a9668283b,799,training
5,b25638f19b1456984e126b51c482afe7c1865c7c1e9faef47830e7c673b57807,800,validation
5,69b26c0d7c16c3abcb7d7051934e800189cff551968be6dbe35b4c14893d76f7,801,training
5,6f9ad00280de4f38384ae2e1f057ac79210a32365c8beed190117efb8f5ea97e,802,validation
5,e907b27902cb54bb95d1e0b6331b9ddfae50a376c7a6f86b1986ec20a482702e,803,training
5,99921a14c8c4c25e67dcc462ed0e3bdc516fe4e6397ff8d270b3fdd3481491ce,804,training
5,5871a7c31e27b126038ef4742b37257003ccc947652e2fdde707cc79c9485159,805,training
5,edc7bf090e64e7bc82a5cd4d2973046ebaf408291dd95d5d69404b9fb53ba375,806,validation
5,840875244e16fba105809ade1a380e745cff97eb4713b79944ffad1d5c140f55,807,validation
5,a920804bfe58dee5885a156839648caf79463045c7d5874d2f7655b6e038fd4c,808,training
5,d64b0853d2e0a8859b012d3b995e2f8c436ad4522a7ab93008612c7cfcfe156f,809,training
5,4cf1737d85f10a82b37c148f825b156c5b6cf1dfa6a9e86524b9681d82d85a95,810,training
5,9ce19766bfba2c859492868d27e50cee1c3a488b28b1314cfa92873f8676f3db,811,training
5,fc2d07effc7c5497badd6e1a010243fb2403f744e86c7c86024dde6e0711ee23,812,training
5,fc1c62ac06bfbd908b4e4c08717af19222991389c76c4f458873e31685112e9c,813,training
5,a6a367570645b157f7c7053ba62c7fbdf7baa82e02eb03dd954a82c926760cf2,814,training
5,bc8e166943c37e00f3cc11ea48246e27c04e87a7177fa968aad887333c4f8a06,815,training
5,e76418e126ba17e6b1ea7fbb5f2ac8419d26badffcbe658417bc06b5b76b660e,816,training
5,d6b1ab7380352285d4c9ac6110ee3947749bfdf39f30e5555b7e7bef38344727,817,training
5,df7292f2cd6590e456bf24985cddd7d056a8bbf16466212c9200389aeead4441,818,training
5,03f3bb448a541e3714c6005281c1070ce6e843fe31b75c9a9d2f33a8cf64c8d1,819,training
5,fab3114ca1a53af1871a3022dd277f01032e7237e59f82839d11e7e97adfabe1,820,training
5,2f27607e64576c4acf874df1f01c50a799a53b85f03d75341aab44182338c235,821,validation
5,6d70d21103935232988ffc0bacf955af8b4aed1e585737375c5e452fee067d69,822,training
5,0839b606c0289c54c4787034d6019d536465e8c688252527e42d8a70cf964ddf,823,training
5,c256379e018fb798ff45fe52e0c7e37948e567d04c0f077595989439e03b48ee,824,training
5,cf6718d4a64218752bac14293f42f476396556bde03ea8d32d6217e25a58208b,825,training
5,a3525726ac0ba8c7647c9456dcd7fb402fa536554281534cb571050c7acda7ab,826,training
5,6613b4f718aa22b0fa66bc1ddce62fee3e8085187d6f0bed15c039261813746b,827,training
5,03586574c9997f73536b222440ef0182e77e90af38c67401531597dfab80ed98,828,training
5,8836c80a5d318c48db45604d4c951f6919016ecb9d607fadbf39518c8b7e1e74,829,training
5,472abefee6e108d4f81568fd13166161f14cb1cdd0fa186bfd632e0655440ddf,830,validation
5,f55af8faee28f3803a8afe5c6dff05a7d870040ca4852b567e11bd1ff6b3bd29,831,training
5,5dfd1c483413bdef941d71561312c09dbeba558f1bde0ee5d813ca127e7cbcfc,832,training
5,81dda718756053242b5354d07bc65a0a022ccdcea992f65c8ce5a014af6a9877,833,training
5,875af038dc6862daababc2f6ce9d77e69b5e9504b4107fe28bc5d182c4944e4d,834,training
5,da5ddd33590985ff054798c11ef29b0aeae22018e34a5314b707c5406d8de4be,835,training
5,08ab586593979e1d5bf9e17d39a1acd422d2a082992770129e1ce6b65236c985,836,training
5,66a6209e5652fb6ed01b72feab2ea0dd59b3c7715e12b40c70968d8bc2a709dd,837,training
5,2c9010d065ce9345f5303d4fa4b95db6f2bef82c8043fa6803d0c7860ab31012,838,training
5,68545b663a17f171fb05ba54cac09b47721d406bc21ecb17b53c01e6925c8539,839,validation
5,5b55b30550f28d0128f0dec0f7001461030a08332a3182e85515e5301bac9aa4,840,training
5,052a708220ac573567cdaf296172b6b27b95eca550945b671944cebb4126b306,841,training
5,3b6ffdf981e7fbc95f2cc6afa589173970cb041671c0d86a0937dc6ec25a8abb,842,training
5,c9052960db5b4a0a8574814764a1552a5ef749adeb88607c3fb34e3b7bcc396e,843,training
5,d0aa27fed8a9e85e02416730f4da5ba6dc8ccb88e55bc692533bd76c1f185f03,844,training
5,fee9dd2f77c8850c7a21879059375268a5a6bee10223c61bc631f85269a48a74,845,training
5,7639933202982c4504ef17f8751ef73cec95569f9fb14000c76a8f3a6e59cb47,846,training
5,dd377e8c1fdf95029e0ac5cc90eed0c0b7efbb4f40b5644fc1b7e691050c4d52,847,validation
5,469e606b663ce0954ad7476894d3a6ebdfbd0b9518c50e701fefb5ab5a91aaa3,848,training
5,32e454546a33cbd1c015ace6f8c65051ab89d0b909196b3e8a3b9001669362cf,849,validation
5,4d869ab32c93e6149212c96c115135d835e7386ccba4d53ebd66476d97273288,850,training
5,740a884fd24c4561d2230e285332c1eee2a29c1eb4ca1c177cfe7f2a550731f4,851,training
5,3e11162a5732490e48af284b51018b5a64eadf0bdee09130684fe1deafd4e72f,852,training
5,d7704e31f96a15e204801f11a26c6f47eef864538b08006f1635d1189dbab385,853,validation
5,f02ec646efa4fd5bf64b59309982aca830c7b1b461f240e7d90a31c343294d19,854,training
5,c3141070994d80852fa7d138aeb23bd93864dfaa834bceaf5c25fbfaedd22b91,855,validation
5,f5ab9124c2098f1983cc520a5697148aafc8b4a759e639f140da42744678077f,856,training
5,d43f3d13b2868d4da6f5345f9466f291783d6c0b467c5c509969012df52bc8e4,857,training
5,5d6fee4fbb7343d666f8ad3630c32439eebe649fc4b747b1c810bfc0405c9cd7,858,training
5,775ad331c3286fbb33fc657855c1c0aa636780890d465d60d2788f419e7f482f,859,training
5,932eaf9894490a7305801adef882497b2c0b2f950b5cffecec81b17c37930082,860,validation
5,7f28d1dd7d3f349b4e14f25d15aa93caa18e74aabe170e8cd6aa23602d9f7813,861,training
5,aaff8f7d6d827ad117e1dd480d30987b622fbd3a54785c714c08cc7429802cc5,862,training
5,0a0a378e6bb4b559903dba8067004a922167d9afba19460caed439b9bcb7cab2,863,training
5,af64da402c7f0d2f7174466cc698e7a7b9259d63ef2fa8318ec6fc23c997d2f3,864,training
5,e3f3d8ac6e0926840898e452c4f430d0aeda69379dc3d9da8c025a80164b8f43,865,training
5,85fdbbe568899df798ff942fff58d24af4b81d7c76c41dd95cd2d480adb747a7,866,training
5,0abcb1fe39317f0eed4bd05bdde4ff2c0e14e9b86880b1e3311f446e5f5d851c,867,training
5,b770bc04e03cfdc9d118454587c1ddbce82d8939386bd94f8fb6431b8a7ee206,868,training
5,08bc0531de49be4866cd57affa9dd110120e2ff0474dcafdb927b29011d5925b,869,training
5,0bcd0e132a05e8bfec4fdf8fa17a7470a67203f9a741bdc1d817d7f2c6ea5806,870,training
5,c13e2501b1d429c0857d95477347f7adb729566be99d1a588d45b573fd9824f7,871,validation
5,9542e9a659f456cd0e56ae8b70cb1f61c24893ae8c18b8543c9f5ed20bd09dad,872,training
5,f10c92bd7d17cdd9aa82f312057605af4c24cedc617b07a140e39a4734add213,873,training
5,bfdb7c356ca47460fe468db05c69287bbb2b6b15a2c693efda81a18c5ab6b410,874,training
5,907f60492643691ee03e42dc3296d0ff8217f9aa222ac4b55796ef5c088401c7,875,training
5,50376a952d3fe037c6b302726c5489ea550dfa8a2887430072769478bab289ba,876,training
5,9254a101888ade64c81525aecb3b28a06c4f0763e319289af1e9175c0a53f335,877,training
5,1c927b633d9561fd1634db567b77df177a59e0967935e01220c4446b7b070b1c,878,training
5,58d41121d22f0244153e16ad926cc5d7be894a7b1c83be72b238106738ba3c3b,879,training
5,96b49476cb922410145e304156c9e1c59b4bd2fd92640c8c4e80e022647f2571,880,validation
5,b3811235200a6fbdf7f38d3b2b1755c29f63860360b162bd1cfd628f2579dd45,881,training
5,b89f36462d1c9a5dd3e790ad482ce8906d782c76ac6b6445497ea647bc2296c9,882,validation
5,8969df80405debb25ac8c2f27d015cfdb665c41fe7e4e7fb7641ce14d9bc5a66,883,training
5,8e4c9893a935dcc711dc4d5e9db93cbedd694da9614380c7ff049e0a843c7f37,884,validation
5,1221f77f083793b06fa97ab3b73d46d29375e5464f21439555171edd140606dd,885,training
5,f18984570750cb5eaedfe2ced987272496df2dd349a9a365977a30d565c58bfd,886,validation
5,bcfb8746d9039e71954fd2a49c794e25c4b349a883df4808a7be67a669604e90,887,training
5,1fbfc54e9df652712a7a09d3eea17e0a8ac3660d39bfb12cc9dc011c4c9a1fd7,888,training
5,64454c6612e44ab72ee708d55040572f592d0af20e85eb7b9d3c25a33fee7897,889,training
5,be190bf0669423689a0f278fd4c3d1eaca9ba5bbb4f2a9b8bbd9b8c69b711d29,890,training
5,d262aff3a742042d8f451b6fa50ca35a5dca82a072a0fd58f171586720c9c42e,891,validation
5,c759540d6dc90cc6fd71e32b8a93b5b21320e129befc51ce4b4c044f479abe39,892,training
5,f7581ccf058db8cfb5a944b4bee8fe31a691e90befc6cfc74c33947278a1f0cf,893,training
5,37694c2141dd525f55b26780508347e7da52189f19d9adcabe92d53415b8f845,894,validation
5,bf579a5debcfec1c0af2266632c3a746b107473bb9c3f7bdacdfaa8358332264,895,training
5,aea34823b59f5cc3ffb78e4ef200c04aa6a417195ea92960a6a220b92725dc19,896,training
5,95fab45e939e374d4544c954094eccc0113b4310f736ae2b6908f6db38712d2f,897,training
5,f104d18458c417cc2c4daf75054e76b6d4a4b6cba44e70ffdfbe46a5cb2de9f9,898,training
5,2100749f80c656812efcd017c6e6ab574f01403134439d7aadd298cd171f52c9,899,training
5,e515dd6a08f0312eea7401811f3f0c33c793267c7a956f04db1749eec696e468,900,training
5,514631abd831e8b5e20eff8b027eb060b91dd9762268106900c12573af894a40,901,training
5,45b68ca8b62cf1bcc61fea9a57bc3f360b890651e2fcd72bedf429c666ca9578,902,training
5,1c5e80b4fff8ba3e42995a6fb8a82b88222d18a598cdf724a4d854dcf03685ed,903,validation
5,1500e5e6281d28067868c232c483e9ce864451192b4c1164c8a72983b89d5fc5,904,training
5,2dd1ef2c8e2f7c04ea88bb3f7afd5414dc52c5dc671d5b3722d64243bd153f38,905,training
5,902d3d6ea5e19711526d2c8f18393bcde3da4b415aec6e45499b53fc42d816ff,906,training
5,e51c35e2a20a09f0e9d4077a38aa396dbd72ad55ff8934413c14650ff30c2db0,907,validation
5,76cbe1d90b0ac9f75d49af6a6726ae298d5ce2bd1ca57dc002cd1a8968c82f68,908,training
5,42bfb66f80c6496efdf207b833cb72312cce082c9b09a9878c3ad40b429af362,909,training
5,e5c28e49ef5b20529f9ed4beba9e9b519e6defabd66b185381f2e94a2acd517a,910,validation
5,974af53a654e89de28a19b5255b7998adce3c042066a1e9cd0a18dfbfaf7085b,911,training
5,4adccfe52393ab3268a4d46ee85e705668e850bbaa6358efefe96059984e29fd,912,validation
5,04d3cee16e16198a1f2d79873677aaa0ddf6dd6ef0c0d5416b70ab75e708cc2d,913,training
5,0138686e19d4bfc3c73785f2a5369699d52b73dda48f6399172fb8256842f671,914,training
5,a600f37c84425401c5310cb3cd0abfca26dfc7cd8f786363de76c01ededee3f7,915,training
5,d11e5d476b3c27115ab6d218c1fa8a39803ef9110f0793864193a4b7df35475c,916,training
5,e31268941cffddf2342e78c04515d11ced40f949d3ad70b06449bb6d028f7ecb,917,training
5,b12a7d272a7e413f9ca7979e332383def19030f85584445b7b6cdcf04e94151d,918,training
5,867fed8c8ad9964dce7a42c7cade1b416e9fe051c965a7668a394f023aa0e802,919,training
5,ddf2f538a3695375782d5c07f2ae5323afca131c3268d98eaf0e783c0785eb4a,920,training
5,3432955713cdcbdd29f4b4a46df858aff9000797e7eef9bd1ec721bfa7619a56,921,training
5,bfd13bbc47dde47dfbf6c39235dfab4672b7c78a210da9899cc05aa3f3890a87,922,validation
5,183b4da098b230cc8ae70d9a47c21536924c9a33bf13c56cf08852808308c0e7,923,validation
5,75f32811c5226ba3c444fc6d36e7bc5ac7be8a75ac61f15673980a7af3fffbd9,924,training
5,8532b8f3064ce1fe127c4ef7c23528058aabf26291835526c4423a870d4a561c,925,validation
5,59e66d7cfaf929ea34b9f7d9b6fde58ed1089732fb8a84cc8f303365edf59053,926,training
5,76ad2968e76fa401702b558661b555586ae4852e46104fc3621efaf66549ad00,927,training
5,1eb8ab9b8e5e6ebfc6aad2ae25e660fc35f39048c79b798d1d02b9e962e01e23,928,validation
5,dae78fbd18a0f1bded61b7c1a8ff28b4bdbca1021d49b3ad35b4c3c43a2cdf50,929,training
5,8e6489e0b7a7507c841a774c35270dbde86f950201a2e17ba5cd5b7efa978d55,930,training
5,0187abfe79beef90d66be31f89c66e777d2f54efd6f941a3d78ecf4f56b42392,931,training
5,3ba15940fb91fd010d9a52caf3a86ae10abf572f6a28fa19f21ecf4d8ca6c82d,932,training
5,95efd96c2b34239fb5e3c70491bb445922a5856d1f744a0ec801ad5cb797e157,933,training
5,30359e886c5e808ab530142bb0afb693165e21016897724a890fe65e126bd332,934,training
5,5edd6c792b8e7ded8437a610e0e420bc58d13956aad3db03469294e2428195dc,935,training
5,228ab14a184b12dd92b5339e663177604a49fea22340b370fc6ab270026b861d,936,training
5,1f953804356393bb8f2d9f4b40474242620f2100485030ec0ec21a197baabefa,937,training
5,3ac95f94363a036c226c32cdbd9906c713af0da57f735018fd22843cdb6d8d24,938,training
5,45f62cd235643e8617b80458abdf351e1a7fb876c29b7cf2fde9ba88cb8d28b1,939,training
5,4dd7fc5fbe8b463553624a9f08db059e6d2ae9266b1677538511ea6faaa443da,940,validation
5,f245f36132ebfcbc1adca67bc9d86f4d063841693de3a0f618155068f6ff7eb8,941,training
5,9dafe36bbe31d5ead9eeec3c7fc8a28fd4b37cb14dd46268975604e909c3ccdb,942,training
5,382108f451c4140c36ce005614e95d240a03130e10adbbb1c29e5ac140cd99dd,943,training
5,d489d5f5162a94b7fef5cc98d592eac0c7d2e25614056d13625ac9336f023591,944,training
5,1c7c78e2456c2e07e3455ec6edb4b2fabfd7f7989c6a47c8293c7ce2b813d955,945,training
5,aeb27abb29e39fbeff04a4936e414af024dd4b42db46016564584dd9a8b63ac2,946,training
5,543383f0c2435aae729da95d035e9784250a0a1bbc9c002e2af3e7d9d6f9a04d,947,training
5,5a20dcfdc9a860df4fa2987b9ac85e6ec38fba906d9736e141d42cd2a267b667,948,validation
5,9ec477b6757fc7568d7da25a6787b5c34e6acb941e2f55e221877fb2315db49a,949,training
5,22f6cffcd9df6ae418ae03a336010b8e3d8276d2dcc065a4c150e20edb542a1a,950,training
5,7f2f66c23ee3cb371abc06229107aa315c588ebc99405f30a2fdfe416cf72d8a,951,training
5,ae6ad1fdcd3ec49913092e8fcfff85fab500dee08441e5f698b182a3db60f738,952,training
5,29dfc43eb0dd57a92885f9d958c4368b42bfa237e9cb355b8e832ee16a753bcf,953,training
5,e5bf7119f41d373ca7617743f9ff16e87f89ec1b7b5aa00579429ea1fa040757,954,training
5,caa5d6910df6aac08f77254340ebbd0b202293f2e420b9981c6d6eb59c99726e,955,training
5,1450b5e349e726e9bab006e8ec08a39bdbcb4b4203042e6d69fada685d297feb,956,training
5,5471758f2376c7e4eebf77d6d2b7a360d44572f1280819555ba472fbc95574d4,957,training
5,964558d5d0d37115d57d71ae9de2d7835c93ebb28a49f22487e095d416b59390,958,training
5,34e7b8dd965de4ce929486e266fa6ea3489f71c90a092a506c4672be8f3f4588,959,validation
5,3cf3e1451db00926cb0533a352ebbbdfa10b632ac5c26144ffd585ea7e8339e5,960,validation
5,ba82f0997e94b97da89579453934a317f33d67560e78d215da7309cde7d508ba,961,training
5,f29bdf18b1cd849ea746a41f3a75b5fe723c95b0661eabd4c81b9daefc19072c,962,training
5,e29362f8057ca60b77eb5fa534a4af52e28462226ea9e2271db892980891dfba,963,validation
5,4e557dc58090418657785926d72745ae670855ee90d99e9a96e7f582be40a173,964,training
5,c3e7b969d3cebbddd649d8883e3be36fd7200b30493873f6838b7f5d2ddef139,965,validation
5,9d8ab061897d4bf5cbf34bab14160bcab820d460e546edcad49cdc29938af205,966,training
5,469d56e0168509bc79055aca9a9d2fd1bb62491842194c6f6b0b376f564731e4,967,training
5,f409d91653dbc487e763268098ad94f0e65859912952563d42c3703891e47490,968,training
5,996967cad480777b1b876743cb5625a092f98ab4888a1aa0066636d1edfb5c31,969,training
5,bad8e2fcd11305c3aa76719202b2ea6d62c3198dfd46b06c79eba0427f31f1f7,970,validation
5,34f232d5bcf2c24adbce321e8d2750bcfaef02a7a3d8e1936efec0e45f356c63,971,training
5,004fae6a7749b5c91b3e2a45ab45b1ecce30d578bff0be7476b6975f023231e3,972,validation
5,9bbf837385d51aed386c708373b41fe025d5a31b99c13ee1bbd569dd9fbb4535,973,training
5,9fb4056ab6d0cc7677f64b1b8114d8f06341c7a4cbca6e3daf8af22537abc0aa,974,training
5,64f15552ad9dd986355e7fe9fe86ba10b7853829ab7941a8a8b276c6a2e1a48a,975,training
5,0c585b380217fc1e28d4a1e7f1a32a1521dfe6f7e35584a5c3b3ffbd52371705,976,training
5,7d748fa03ade61c900dce9ac542791a20ea411edcc1f96b49fd0322c3c099263,977,training
5,01f2b0a277b045505baf0363451dcfaa817f0b989b92404f9030e0cc88bc4c49,978,training
5,df05d00b1e67ba5bcfaf7d6f7d5c2c8854fda8347d9d7cc6e9260be39b2d449b,979,training
5,4c5fd01e16a45199261b4f5466c5f1cbbcd1358955eda3ae301ebf0728bada3e,980,training
5,5135263e6c4166a8dfc95cea079b233a676ff6d2a97e4d354397569988239952,981,validation
5,3f238362da110bdb38dd3573c335e2c1cb7bff85ecdd137e521c2f83f0e5fa54,982,training
5,8b42d320f2e70e139ad5a1d3cce1a76d07841fb70fa3c4319f23ff96c0c06f60,983,training
5,19f649dd11c13acab65728751a4db2723612615c0c3dc4bb4275f450acdeb636,984,training
5,d7d8bd07f9d14cbf69c527f8380f8882a7cd673a7496b05b94fbbdf528e2e0d8,985,validation
5,fed630af04c25ffd20efdda6829b283747af8749f1aa88ce8b04308d1675316a,986,validation
5,b014d1c25eaabbddb2db7145ad1890f9ae4ab9cfea49522f07dd0779054a9027,987,training
5,3c30782c17f00c79cc637b90ddb29d7de7f9f71033e72370842de13720c7d6e1,988,training
5,eda9f8474ac85cf61d8d32f54485ae65547d7f0509915d5191fbdecc40af0d8c,989,training
5,837ed63eb469dcd11165fcd6465579dcf06bb22ca9011b84f376f0f7f93782c1,990,training
5,1105741b45bc5a83f219d4b0ce7ed92408fd6d9def7cbafb758bc0a68c96ebf1,991,training
5,74541b2b228cc850085535cf4b8cf3c6eecba14f896547669acabd24fd6abed8,992,validation
5,53e808899132b2d7c1cee11430b3bdfb6b3b35e6170fe7d434ba0647fea7f09b,993,validation
5,f49750bcdf00a639e84e04246103b8ea97c1e78e5f7399f28b51958d37668ab0,994,validation
5,df4195c6be8c144318962d4448ad681c71257305c7a9c92b597089cee2dfc533,995,training
5,003802de798c9c5b662aeb37bca2035f5ccc1d048707f1155bbc6e0e24d746dc,996,training
5,831a7728da140be11fbe0aae0382db0a83a0a4256515e97b3405cc63bd7cadc4,997,training
5,4a329ffde072dde7d32333302bcfd69126235a3f64b1e5454c9330c9c4245b97,998,training
5,6af1fa61721f59207e120faa37877fbb0c58a0dd602f69f5666b935ff644978c,999,validation
5,32504f031c8d3fd53e5721f12ebd25316fd01301fb248aaa82090115e4bfc39b,1000,training
5,fbd1beaa3a234d77bb87981791a9042760f0fe02f710b4d13efa15ac14e6f346,1001,training
5,5aafd57f0ec216e40a5001c697a8f3fcf1e2b244b666e9aa46f67815c9be46eb,1002,training
5,c0df526b83fa908efa18a7ef473bb16f3a5b8c612df4a1b3cfcc9de06cb49294,1003,training
5,9913602e75b3c53063804ad2a9e82256bfe52d4c72e57b40401cc12893e1ca13,1004,training
5,4ef75fcaa2863cbf1896e4c3bf982aee1cf361c9733320c0970a6d43fb1522c9,1005,training
5,ea994de9cedc08e602363098280057e06eb8dd813f023117698b20edaddd98c1,1006,training
5,a20e76eddf2defaa489ac3c2f1f3594835fb986a852b31ef2bce3b50438528c8,1007,validation
5,e54184b57cb00898f24c29e2c66ec1b92aab5aa365fe8cb2d188d69c51a7e01b,1008,training
5,758bf93fbb2c1026e3993fe65350e44bf40f7a2c6a44ebe67406ab7f4d6f8e79,1009,training
5,8eb3ffa7af63d12ec942a217b95565a161e34ed73e2cec721aca5908243164cb,1010,training
5,e5f1f052ac68cd7d30b89d47c8e46ef50aaf4a79e8543c7cabeb0e0410e91b4e,1011,training
5,82a74d8344a5dfaf748d9dcfc463106ba1a9c3d9c24c4fcfb0f16fbc68e993e1,1012,training
5,21edb359e7ea4d2e2ed0997fb4ad3cc9717fcd26cf1ac0cdd66691021421aa4d,1013,training
5,0c7453a50bbf292c19e09e4e3d32d4bebc7cc8378574240e41bc1cabd20c94a7,1014,validation
5,96b96a092a382873bd7b0e992d042d7654af3466a42038d20f65f64e644240ab,1015,training
5,39bd102c662eed0bc7a210fd361ccb55e254bcde40f2150c4f8ecd56412ee2c8,1016,validation
5,bdaefc16b0572f3f19de813992284e7830f4770793162440f2c9cdc0a9a18c07,1017,training
5,cd9ca5d03512d0ae0f0f4764893f2c17a1cfb4812781ffb0f15de20228566374,1018,training
5,625937853de75493205236586ed4c4fa438b7da87c94e38cfe155abea2392402,1019,training
5,d6183d56f1697974feea41feef5025f31c3dce8fe1c2e47bc3b00789d5f94456,1020,training
5,560b1b0d1695bba2e69434504fed10ab87d8e168be2e45cccdd23625382992c0,1021,validation
5,835faa79845183dfc4bae1eefbc6352c8e7214c064ba2c53856c5e43c29372cd,1022,training
5,79e17290299353c659730ef39aa14f56ef1b2a25ce56e539736fde508c8077c5,1023,training
5,8e34d7d3c6d00fb8748f2d35abb6c1002325fa2c40bbe831f639e1accd33b853,1024,training
5,805794df50075e3101e172b248f75097308579e5a331a08e8b68d227303e5543,1025,training
5,6d35ed524ef4dc9fc70b6c8cb5d118a9d920c9d11545da2adc15cde78a0adb93,1026,training
5,95eb836abf4c993cf18648ed7e171f889e8286fe467be1a07c421068d7c3b45a,1027,training
5,41cd67052ee3fbe6e9ee51457314165048d7ade2628428252871d1163624ed86,1028,training
5,32efa8eabcf021d37fca7060003527d57e56ee91bab5513625cd189f0227f7e0,1029,training
5,58017ec8453f2a118e9b00dbb61372f4a26abcad441e6c7ef036fcdc829e5dec,1030,training
5,2e915ac106b4d2b598702eee19b47384f19486e4d668d9ec0edd2b269c008f72,1031,validation
5,581f72c2a2f621be134ad4d343ab486b735e10c201e8bcbed342f408b7752e41,1032,training
5,07443f34b4ad2ef878dd7cdac65b5812e4395c87ee9b67772ce584c3899e8436,1033,validation
5,784c0ba4981be8bed06b7183257549c4b67e2894b2f63ab277789aec70869644,1034,validation
5,6475a33b61466da340bd8d4a8a3e34c7eff98e476d58e44e26c82291d71650b1,1035,training
5,fa5011fcd2a564726fa7f7b0be4632ffb20b76d993ea739038da68e8e74bf6e6,1036,training
5,3ab8756bd4490762c7fd3cd63959b4aa1ec47c09f6fcabd4fcfbab15447f5201,1037,training
5,5485e91758b01b82ebe3c86a09f1dd725d747984def96c0f62c582648e725d34,1038,training
5,6bf8a976ecb6030efd1fdcaeeab9a4f0adb49c9aacb9e15580a3ff8fd9c84ab7,1039,validation
5,d07f5f16690273781d4b954bd52306819a5c21ca6b73c5157dc2a40dac56481c,1040,training
5,102bc5683feb46d8d6980d52311d7ac471ed0bca4c1116d5fd0515538acb41cf,1041,training
5,4c441949c0b6ccc2033629b0d28a25057fed44d574d07c3ca0dd7ee87403d6ee,1042,training
5,2b2fca22fa956bb23c3091ddf1c695cfdf026182a68d2818f0378444310f4257,1043,validation
5,1bc4979e0cce202fc074cd75c6491c7e735634036261e0bbe24827d84f806a67,1044,training
5,f09545005deadea2fb93c4bb4024a9a2b011815bb187213c0081d3eaf99db9e9,1045,training
5,b41d671a17ace82a7c47c47e2bad3f09a4279e9c9b0f0bed8167d05c47b0f925,1046,training
5,0ccf7e0b6459c074a13e44d584a0099c950ad6e646361455c9e152d772eda67f,1047,training
5,d2a881e7ace17e022e8a050aa76edb61dfbf045e5f679092cb78db6e63737c75,1048,validation
5,875ad336cc95119b2909d0e551bc81966940bc6112734742756b37f1eeed78d2,1049,training
5,22ccdd2ef5ea23a768f75bc695b42cbc981be448ae337a80e5881432ed541b9d,1050,training
5,73324705513a62edfd53cadb7201219fa0ed09ddd6529557783bcac6b6945ccb,1051,training
5,12b062520e90782347557d66339fa5335217771c58417bca14292843e4fccefa,1052,training
5,e113e03c16f8c31e92e4d2bb9068b384140e6424cb7bde937ca4399dd29c773b,1053,training
5,3b6139b485ff26ad03f5e3073d3a2a45d9f452e104481ef9fdd6d30425990fc4,1054,training
5,44c1ae137d78cc9469a511a1bed69ba1fde3350919c65d52805278ec95d39ab6,1055,validation
5,6953b242836e01a1f065bf591c65e410dc516bb8058c813ab4a8a471e4397e2a,1056,training
5,e5edd1efea7f9f43eb76a6da120d6bca8d8fc180305332427b0198ad6684a57d,1057,training
5,cd5b9b9912baa7cf055fac1ade95733295d9b8930c67f9de68e34f092898d02d,1058,training
5,ab926a477456af65ae0ed7cc4a78aa909df5508b9c6de69eac36f4f1b130cd0c,1059,training
5,2446c667043e59beb4eec2aa62a8839ea0ee8ce7d1f5766a4cc1dec9c5ff73de,1060,training
5,9e19710c44826170e13e5db3097afdc1a001ac07783edb0ef179b4574195fc4b,1061,training
5,68056cf444e127573898a37004df64dbf14d2dcb2f005503368400d7e454145a,1062,validation
5,ad169677f4e45c2774b0d14e18ac2481a72f061c0989f4e9df5d1de6f972e032,1063,training
5,48b48af3883e05dfea85aa853ffa049445c7b5ddd2c046ccf306662593bbdb47,1064,training
5,008d74bfb21648a9025ab14d43d83dc91f827c0aade6278bbe54a71ca352f60c,1065,validation
5,c2451ae846f5715589b2dab852f3cac317f6aa68de1ec0ebca896c7a90f2e4a5,1066,training
5,11894559e37e795a201c1a5624bdff182049c99f9169f5a4a0f5b1328f264612,1067,training
5,e0b6781960e44dfe6560cebb8695891d4444c64d88aa231618c1ef9c2cf105bc,1068,validation
5,935bfd438efecb68d8ad20c5115765ec7c60f9d7eb2103de5882e18a15b56414,1069,training
5,6dfad1fa6be83b5e00b6f793deaccdf51808f65ff50ed0aad6de31e3181eabd8,1070,training
5,0c5a9acbfcd558c0391ae5580655ea5425412f80b6843472386f80357c362c5d,1071,training
5,f2087af680b8c382256e9e714f8f76bceb72b3ce4166a651fb5b6a23eb33a04b,1072,training
5,739b8c63036ab6d67d3283cbb53a80f5e0d00a8378bbc55cea820431db1d9aae,1073,training
5,bc61e767c2b09198dec8c1c0d08be3ca6dd4922f837db176b6ba77fc36ea2e94,1074,training
5,8d6293be494799d93e5128978e0f5d5c398edcaf0fd8ea1eb3953de84c08f7c0,1075,training
5,692d746ec156da533a67549b9a1d5b89019a23626198a98cea89e04d69baff2b,1076,training
5,0aafe93e189cc3fb1678f8b41d78c0e2e7995b6507a6649eef3b15f68510fc5f,1077,training
5,f4c2101e1c0e4427b866004ae49fb289f40cd9dd9f21da27088f304af3e0f609,1078,training
5,7bc61034176faeb0590905e3aab0145064ff6fc4436f0071de20bd9094f7b017,1079,training
5,c396879e97529e74597bebfaabc2de441e13ff61d8633307410246178f468ad0,1080,training
5,d250282d75ec6cc6afd54f3ca47c4907c3327ec349f9cf03e63e4d39c521267d,1081,training
5,2afee0ea9bfe0007ade31895bbac3d8dd29ce1d221d58b095b052fad11515357,1082,validation
5,4881da11d91fcee70871ae3a0adddcefee61b2c0f380150c0d9b1d6b2587e924,1083,training
5,16987b0531237ab42a21805a11c62782043a48986bb5c8302d2cb2be3020914c,1084,training
5,b2a1cb316416758404ab203d735285cd11d028c3c57199fc46f1305d3715df8c,1085,training
5,3fb2a46a38979436b92c3b92af7d4cc60e2dc334d634b7467729b876a07835e6,1086,training
5,46f788c29c571091652d2bd2c19523ff7568aa25957947bf749836a709a9ab6d,1087,training
5,c716a3ab4888be0de6d0431a3d32d96e0f41014034e0771099addc9ebc9c9b6e,1088,training
5,6d0ede0e1f5a41f1be3f94c1e47328398c43c1b6440656d84774b2ee4f2ea3da,1089,training
5,96760254647670d4751b99eae433e84a8624278cc3da25b55d444bb3eafc4a5a,1090,training
5,ed003b277bd6886e06e5f45641b72eab430f2b00374bd8e109cc58840dff492a,1091,training
5,f2b57a0243000dd0b463043ab46b0980833de16594fef48febc03e7a8d3dd630,1092,validation
5,3737916a24e53bc898c3aeaf7487d9c3559e8706db25a195118992526cc48670,1093,training
5,580a9566fdda0022a3d9ffdd04dcd073174241e17c811ff0712a551e5be12429,1094,training
5,c93a03bfa2e03a428cbfd274093ec9f85dbac68dd6e0b88553777378f8309a4a,1095,validation
5,4900b4df554bd342714901407167dab82b6413390d3c60539b32815c9cec6ea2,1096,training
5,28f40dca24f7ee417a10c63783d977a664b458614732a78f7f10cc71f8bc0f70,1097,training
5,4b53e062d94617f89315d98965dd8cffde7651d4c23edf157aba778c23b68605,1098,training
5,b9252ec56a131f182da8dccc04afd427a18d7c639b76bdc1041ec831f0de49bd,1099,training
5,0551c177794485f211951d634a1b6f0d567e96aff6a8b8cea14d3540b488fd52,1100,training
5,aff00173701fb363644946df34bfad853935c3e524f88bd2b0a557277e475321,1101,training
5,118c3e359aec15967ac13c2363a45a1e0ab0c80b8b92fdbfd7ba6e46a1c5bf68,1102,training
5,a42f7d00dbb74a702cc28ad2a321eb417c94f17d8b41917e8982ebe8701a173a,1103,training
5,c56de7397663411e5b891818f8296910603d11b32a1511f5b7162ce854b11a40,1104,training
5,bce651363466fc410ac95cdd65ec59b42597ac9e42094e1da83f72e86f40a256,1105,validation
5,dda8b4adb0336faa908dba34cc8b3d3b1484e6d8cd61631809688586d8ebeda1,1106,training
5,d2aa9b8eb878e3588d306d211f61f5df727a083ca8c18bd35215f0415c157ed0,1107,training
5,6a8594f27d825deb66e107d91cd96d7e42bd40dc167503b8513417bdeb3e2171,1108,training
5,1377e335893139e1a06f07075c7de4c7738357f5f67a7ad6bb7ee115e35ec739,1109,training
5,018cfd057d33302b2d43d8abf3212ac297440ab9ef29e0a88a7991ef77bad1e5,1110,validation
5,4e4e16c9c8f3e23c188e72cf5c1d1bca80756d1bbb1228b6c25ed8569cc356f7,1111,training
5,cd2b9e92e9c815283849b5d1ead4328684f6c36d61a00f6f9420e2b108874933,1112,training
5,bd15dcff2119e6dc54c5bafac015b4a471148b3a3a7493416e85f497d37f6188,1113,training
5,2ea2a0a403f5890d31c49e9f18d82467f12a0a2a4a6e28b80246d8902a0381e4,1114,training
5,ed7c59fc71939545fc303363720f073de944c5ae8dd8c12fb3a81c58458b0aea,1115,training
5,d07f131780d8662d5527331b3e9e89d8271aea566c47dfb992736e55b8d505da,1116,validation
5,da4d7496f3490e34c7d050670d33c1002db9fef20369558e882744dd4bfb7256,1117,training
5,2f26c2f8892292943c577a027924c33101bffe469140bb2e309c2ad56f79e76a,1118,training
5,cbe0d607a5b1faefcb514d42f773bf6049a346ed1f16af5a22996f285ab10927,1119,training
5,9d38774fbdd0f564d71fb2c4bb0306f6a5b97ea422ad6da00d394cc92b00cae8,1120,training
5,cf17eadae39d9d268240a8377a724a42a8a93114975dd52da9c93385ba976238,1121,training
5,dfeb2f23aba02e0272d8f7a6ed8f56aedf33919524231912f88d9ecd88adf699,1122,training
5,71b01e3353a894f19b7383fc3ab4e99352ca0f2156af780e01132fe770d5b26f,1123,validation
5,ff24391fe2445377412561763abc1e08d8c185d7303f6ab5e26bff96748e863f,1124,validation
5,16fce77403ef9dd70e78f6221a9468db13685c3930bb3ee4fb11c25265f72b4b,1125,training
5,52a6dd1cd2c56eae8ae2ae00a0061c4036ef55a2ec6e8d9c376253548b53eb71,1126,training
5,23d594b31938abab3c268dbecd0d003eb54a0dd5542dcba603008c6387786a6d,1127,training
5,b500987daf0209810315995032beede2c51a943b794da674d979af54bc86601b,1128,training
5,5370db0eb3b5803e03bba4326a1abea8dd2dd16e7de6bd4d653f7e23707150fd,1129,training
5,9da7e4f8daef89fcd4abbdea96ecfd3311ac5b1525a296ce4dcb0e2c1983cb11,1130,validation
5,2290688bc326f06f0ffaaf93e704ca8e04f607e7c681a2f16cfbcc831bd8ce12,1131,training
5,28d564946b6132455e356c05c1ba8d4f111bc9c0f49e51628a4a699bbee92704,1132,training
5,fb2a7469d632f71047a96de0697015a7cd69891007bfbc73b699a1881253a686,1133,training
5,15d8f9cfdf616f52a50fd88b73061749a0517b3749d3716817fe4346ca2be0ff,1134,validation
5,9b8e1fd75fede2fc12457adb0351842acc015c5ce5629a4548697e5635c54d17,1135,training
5,5940a434e0336b8c449e31d9ae652463f9c2ae4a51c72f06d7b0c210d9027740,1136,validation
5,34a733a890126ac82596946978395e7305b97619966dd767eb6b924ea25f2e1c,1137,training
5,b6e77a41895c70c88871da82085f01bd2e29ed41730c280b464a5940f5b370fc,1138,training
5,43c768021b213d8fcf8457e915b88d8f52077de2e08809478132397dc542137b,1139,training
5,b167e1c1fe13637c662a8d647477c1005b7246cc80c6ec6b585880eed222a482,1140,validation
5,f9a580d92bc05a96ba5ab286b531cb960fa1d8ff2412857c6704f9036b29563c,1141,training
5,086a0a907ea803efb3e3c8657063bbd72ef3be17fcb8894fa79e07c1ba24af4d,1142,training
5,cac76f6e7ee4a7a7a7f04dd9e31e26866ee192921d2dc92628793ef1c28be868,1143,training
5,30a1e72fe514353aec480d929153e3e63a21ece2df1165132235f8e92d37fabb,1144,training
5,f33eb349ba3ff2ac1840260171d3b4ea514094f8fb798a5361f0389ff6c1a0c8,1145,training
5,3ac6b5a7b5b90818c05d4302abb90b08771d329716f964b0c6ac5708d4889479,1146,training
5,73a7b7eb111c097a201a24a3905920418f1e76667548ac12823691722034b0b9,1147,validation
5,b35fcffc0573172f6d6a214700ac892355507208ada435e4593737a2e3694022,1148,training
5,03eafe0a25b011b5f922b33bba9d02edcc4305cdc60320af2f3c8b64531a4480,1149,validation
5,02240ab3bd433fa489ecde223f7dbaf48b8da6919d21c86596f78cf8327b60c0,1150,training
5,dfd307121968d1a22e3a59ca4f8db8b062de94ef71358195daef9b43e571deb5,1151,validation
5,59b8236e68afd2f4e132e915996f232d3ee8e709f5578acac96f73bff7ccf604,1152,validation
5,e8ba593fd972aa1532424d86f8a85c98db79e4b7b914972139e8492a8ef38d37,1153,validation
5,15df11db869c34a6b7cc24808b2ee0a8a15b43c5ef85c0f9d0b9feb6057e6f2d,1154,training
5,2beb4ebb8e3c0d52ca2e8c4e50e6eb977df966e4f3f1189116c2ce45774456d5,1155,training
5,4bcf49be2e3041604e4022de27d7029102bace1e46683e85a342e6df0d215ca8,1156,training
5,e62c3178c2f999a11af4c5c73edd92833942bb371c8236a1ab80953f099e8c4a,1157,training
5,1f349fd7ec4282b8fd66c0cf0a9f341dcff7412b76e9d9d9f1ed20c588b2be37,1158,training
5,8a5d9ad6d42af6db455e4a90ec96edb9d058957d90ad588e7f1191da0f6c58f7,1159,training
5,2a67adfb703db3be5d6e9df4b373d964dc4517ea411f84e7a1376d0ffdfd9e50,1160,training
5,abc5474f23bfbc799e32007a61ff678ee2cf851f7c6323118c924e66789d6d8b,1161,training
5,681db25a26330cb3b24dbecaeadd843a4863326ed4cec5669753350d6bf7be69,1162,training
5,306fc027c63649846fd818d174220fce0a9d3def53a70fd0d583d15615f1f8d3,1163,training
5,172178b78853e5c57d1c335df50d9449f050fbbd20bb17b31b8eff2ec7ce5b6a,1164,training
5,5baea2bfee5fa2ebf375de1f8b9245fcb97253a3aec4b4da4a87b903343e9962,1165,training
5,dbe2d5d703db809ea6f17a7d36715d87452fe36b56bbfd8e88e015f3cbd3cf13,1166,training
5,1bce6e48986b56acdb971215b6b62a34aa1672cd02be478a155162cbed24255a,1167,training
5,841b57434c3dc2f3b3e54d234bb5edd276d3e0a63fcbfcc141590ecf6586d397,1168,training
5,9c2873d8ffed50f2b66679f4ac64d606079e91c30766b6a08fa0d7c43e121981,1169,training
5,33311d7b7527a1f8fa9492409ece187ec1326f160cd2940cb23bf4355d1d068b,1170,training
5,211336babb3ded35c30bd1a214046d4d863bba3d8704e3dd4d6cc201ba274ad2,1171,training
5,731312d8cd61661ac65f1f74c47a7ef7bda4feb8e0ffbe9a905aa9f3c141b64b,1172,training
5,83ee525512b29bfeac5db46a9b2b1bb1602f9af3a02a5c0bd506766863f736b0,1173,validation
5,265c33bcd3b5968b85f549ecf013f2a6dc4392c47f8b5f45e68c2d4f82a3179c,1174,training
5,0f1c5e13bfd2baf30473f618b9fbe89b9134424169025a7a12df70bc54f053e5,1175,training
5,8633798c7cac20efc98ec81c702c5dbd346db24fa1e9fe433268fc8e3261aaa3,1176,training
5,7352432a3fe9d3d440c7f55d1ee25617222be134f0ef38214eeab0898132945e,1177,training
5,8db7e0e4afa86a6a44005d3df4cbd270dd5b3438f2ab16a9aeb79ed0e54c8793,1178,training
5,bb4887ae492d88adf1f737c3213dc9510007cda11d977eb97c83606ed6cf5a6f,1179,training
5,cd269c72823faa7197b7d3f077995d32d43837b845b9b5919ef1ab42e4fcd608,1180,training
5,71555695638359632972316125d29970e9e9e02e9d3c00b414be9fbef09b279c,1181,training
5,c345be91ea54ab1830b6e382d8245158a351269eb7441273e4ee02af61e74020,1182,training
5,599e0e56ee11a768aa73336c0747374ab8aeefa962a95b87f712ed6551a8aa36,1183,training
5,2d74bce00351c572e4c903484e235d7ed9aef38ec87e9f710ecf935930e15969,1184,training
5,0e0efe2ceaace6976be709b91065b9c3f7248ce572a73a1e5d35ae8660a7f44c,1185,validation
5,5c075b1aa45e5eee855c26ebff05eb83e6ab7facbf2d485acabc26a16935d8d0,1186,training
5,5c5cf1ab8589960c474cf6b0a0d7a48857fd89d18cd2f997242d4625357e1716,1187,validation
5,19d3b0f10f4c8262c06f23d5de5ff315299b57412527b012e7d82fd9e7935ee5,1188,validation
5,1156e3027cfac3115e295d18e4863955e1766c490c4a984b8caac357b0ab731c,1189,training
5,a1ea4ea8daeebee20d54be134b17fd7190e69b77058e91d4d561d550d2517b2d,1190,training
5,0b78c7335e87dc1705947fca537fadf8a3d84a567971be6cf278c8487ad15240,1191,training
5,c98b3e045ce8aa2cca7557afefcc2f2fbfdc03218cb98891d2c629af370f90e0,1192,training
5,987c5a0c50c96060e3f7ab9626ed0fbff263ecb44da042698bf9eab9e1f8419a,1193,training
5,a869ffff7c58aeff7563bcdff790925ea507d7c7877db66fc85a808ae0f533fd,1194,validation
5,9bc02ba81a714eeda6e0aef6ed53795b4112bb00af65720f73f306fea6f647d0,1195,training
5,953f4f0c48e81df6b28894407a2b81cc4d9912055994bba10bd6be0517977c91,1196,training
5,dab6b37c64d5825a8e55da0bbe8b51d53fe89f3f95483d930a2884f6c7165f61,1197,training
5,0893f4cb76be0b56000ee54d19973a486d422e923355a297cac83e2ec9b710d2,1198,training
5,ad2349ebc6ea69e300a399a12a9ba3a93c363dc0e3fd0e4430fd6363c508cd26,1199,training
5,c2260f08c57495a3d2f98a929ec40fd918e8a9bc98cceab4494d8f085fe8a596,1200,training
5,b79984460fa7ef0e281173738d768f8652cbbe865a3e75bd6abf386aba678f7f,1201,training
5,5f7e8a907461368979eebbe7b35c2b194100fa79bc29655ed40031a9da2c0e45,1202,validation
5,e000a8eb5cdf2a879255ac26664e9b8b7428517d41b79ac1d00bf4a79294d33c,1203,training
5,31a82d94dcd1655a9afb11d97416ccedf724ae91c831a6ccf6c2c3aa13c18d1a,1204,training
5,340da5639388eceedc1ab43f8d509e463707c0dbb7d966c524372b9191bd8b95,1205,training
5,3501fb5ea9f06a5770bbf6241fba3d8013e856f387476607f8a0aef74823b907,1206,training
5,bd84733dc8ef0a643c5a62814b2596d57be4d6b679430e9b5b5a908f7901904f,1,testing
5,260081e95291003a1acb97080a9d1af13eb524057ebd5a9cafd1447f6e8336f1,2,testing
5,9a30d66d99f840d8a04bb2a6df69d7e5704921f8a412eba5d73929577af93518,3,testing
5,0e415500d8b1b6337b534666fffff0fb877a35ca8acb616fde8bb557f379a781,4,testing
5,5056cb866ce1d5c1d33f1d62e59e69a190fce1e84b5b1e412562313a6e8bff88,5,testing
5,bb306b8ecb1cf239f6428ede6482746ab2a2d24f0bf1ac88731caa799d8fe37c,6,testing
5,08b3c9083f040a030de2cb742a7b7801dd74cce40e2a4df284bfb8e19c9eb619,7,testing
5,d0d7ff2db1a06a47fc393635b9093098799fee035c36cdb1643ee39ea621a573,8,testing
5,c9803335b39a0b8fbe59ae5952d25c2e1cedc89d2ede0edbe5e228b006b1eebd,9,testing
5,dd99547eeb53003501fd104e84db03c3f92b41db0e4b69c871cf34c3a92ae242,10,testing
5,c60bc2d60c105d052402b5c603f0ce73a9c235698be8754fc523c86dfcab59b0,11,testing
5,39405a0cc03b6177d546b93b390b45b25e6e6dfcedad83e0853d8ad546ac41dc,12,testing
5,f7d014a98d23b77fd5420a41161010d62af1651ab7107cd14b745eca8b046eba,13,testing
5,707c61f529091366eec72a87c47df6c115f6c3540f7bf4cc6a64c653b4ad9285,14,testing
5,4d53e53f45068efb633542efb24b974119ec13965402cc90d915940a08bf6455,15,testing
5,145be7fcfa1dd863c1af144cf7a13a953fe8faaaf5d27bfc77c3fdf47197a96b,16,testing
5,625f7675d9d7fdaebcdc75278ef669085eac23418ac8acde8963fb5567be6dc4,17,testing
5,99a10e342d73434afe929a04e0fc95d3e0db156778d559ba48825617c011c5ba,18,testing
5,1e8adbd676aba907d4e3c392eca89e3be724931a315587d688fd49e33175a3ca,19,testing
5,1066a1bfb002acb641399dc6f38ffe63ca18a16b28b8b9fe69ddbe94cb08deac,20,testing
5,4d8fb9d84caadbf67fb2ef2421e145a602997da0b04862232019f4d33c0dfb5d,21,testing
5,9e36e660a793176f7ebac06900879d5c622b02df17b406bfa523011c91999f5e,22,testing
5,c61ea3237789257fcfba52278a80603c295cb0ca0780df16d6daac3cc79b9c16,23,testing
5,9e5cf3eaac47f5b0f2ede67db8151f79e1a050cc7bca0945c85c8d7509d6e27a,24,testing
5,6e7bc66fc895263e922230a3b7fa23eba890e622170479cec8e75b2d74176600,25,testing
5,9215f58cbf1cbccfd5610017570a6fd5933b2555c30c690cfe2794095e5356dd,26,testing
5,6588bec3078ea87449075485cc760154b2c132f646e633cfd37720247a274336,27,testing
5,1212d88ab4caf74a2ad6ad75b093ced1d64fe41b7e1f153c95627517b1a1dace,28,testing
5,1106d05e189eeb90c430b39d871b51bf7d62202a45c79a01951780144f4e3a83,29,testing
5,228c45128f65d2f81cf5a8f3e16635c7558ab8e0c29bdfd083322de8a7dd38ff,30,testing
5,9df9963264fe79dd320f0bc0a924f4fed056797019a1130ab9bbe27c18bbe54b,31,testing
5,123149a63dce100c27e3a797ba0ce3490d142da1bbb0f3aa1f36e47faa8eefc9,32,testing
5,83ace01bd9afff375d8e39e89ce89ddcdd1ebcc022ec92947013c4a8f59191b3,33,testing
5,a081f8a8f30e8b2233cd139082e3009888574b1b1c299d733ae1ce4b80d7c3c4,34,testing
5,5a4cdbffa2422287ad64047428fbcf65968adc09965df5d09f43a8ae1c22852b,35,testing
5,b20354f41d106eed95745cce95b9c390ea72c0a8888066e4e761279482b37ee6,36,testing
5,579a6fbeb4a881e0bd83bcf303aaa358e5564e287ac1157ba67acf9d191ffd13,37,testing
5,8220797d2a4c895d21cceb049f1ce1460d2707e908013a141ee0e165992f7cbb,38,testing
5,259f89ebe80fa0f22d977a5bf96e23660bda38b367635352179938dd0bbcaea6,39,testing
5,a9ddd089f5a3f48080aad9742d55698f1183addfd32dd0ee1b5bbcd00f327dd5,40,testing
5,cae115eb24f2f5b868ada869b28838d01f672fff754dfcde2a7170ae69813b36,41,testing
5,e8f78ec4fba2de7599bce37984c8f799f75f390802f869e7f1e85092c0ad9167,42,testing
5,ea0545a30b27020819d8b03d569cd08c6b8788cae0ef171af5a2ba1218a41081,43,testing
5,47740b0b893e6e3c237866a12f365b8f6e581410e83ab7599cffeb5855ebe903,44,testing
5,5905eb616f0c7870abb4137ff38ac24e25af692394fd816051b8505ed8cfd158,45,testing
5,3c1e3a34f3d7a3450572be3a679a2cdca6f3d3da3235837bcf881978fc81f089,46,testing
5,2a63824f361e9d274b39fa54ac518ecf5d71cac626d23b79d1431da0919585c8,47,testing
5,fe433a414c543be7fd382eb1cc32fa93a58d00e5d9fec8d4704d33fa31b72dad,48,testing
5,d1488c7d287fa076ce10de6b55eab265f0386de0b61f1f1940274d673e956705,49,testing
5,7af8e91fa3f127b4cb920158c43b903dcc0d583e6c2117cc45d65a8ae0c690da,50,testing
5,4f0a3c4ed374ff2c4a09766007bf53e8b7249067f82907b3a8af568b92194c42,51,testing
5,6965f9908a6bb46a928b85ce9b3eba4613ad50e1516bae93b7710acde40fa65c,52,testing
5,ac0deb7b2c149a37e96d72896b3de1d272eb655fcdf95b9cd2ad24e897429832,53,testing
5,53a610bfb32914a416ca6345d21af547b17e49229a4a08275f080baeadf8eaee,54,testing
5,500f2eb0631065364f98572ef29f40c16ea09c0606a14b9a3f5f26c27974522f,55,testing
5,30570df510ce9bee1b6cc13ff2993af6d938adbd4a939566b11575e0247b80bc,56,testing
5,17e0531f6e42b75f10146957e48b6fd4e381a86a94a153c08a57033f6e872c12,57,testing
5,f4183b511a61985aee19e31f23739daf89ee02347f3f46a62bb10328e9cc491a,58,testing
5,53eb1d884f3700a5baacd9af69c1b9bcded4d38502d89ec1fe0837ae839835c8,59,testing
5,47335c2a8977b327c03baf9ae17a52e41add1f2394db03b179fbc1b726b562f1,60,testing
5,4acdfccfab844af3c1dd1a5fadb86808f85ceae023e074ee0d26405fb7c53302,61,testing
5,cc1a6900b85283a476353cd7d2370c0f30a1b3d1a687475f46f2ba748cf2f07f,62,testing
5,8a19db474c796fc72e3f1c4daec6df9c841c09d35ce7c696e00c315d3e05dff9,63,testing
5,98314a6548b8fd94134c897e7de468014324e27da248ae815248b9fba6841c62,64,testing
5,fb8e19828f07c47762db307a6b3ecc59d022a6bfb2e5842bf98ed988afa0b103,65,testing
5,ddc7ececd429d48db6fbcf65b17dad06885c024779135e6c8a0a2726cdc29ee2,66,testing
5,306bba70f948d56d7c4d5340a9cd3185963da725085bc52af5e0a4b25f3411a0,67,testing
5,1bce06d31c59ffdd41c2285aa5aff0f5c1b970fa0605ddfa44c7003002cfd175,68,testing
5,d0107b49eff1bce72a5a61fe79fbe4d4ccc146f3f3a7d8f43854bf9d9ff460fc,69,testing
5,210df85b27586cda1ca2c919f211d3b07c0a0961b0f9c2885651dda09b79eb97,70,testing
5,6da0d5838c9aaefa6407acf73c069eb1342f930374a909a11596258d93c779de,71,testing
5,eeda2353d3e6a983d41d203308c515434dc75410dd71bb93cc675125fa75c7d7,72,testing
5,88f367c360a96cdd33513a19e7baf96a3d721fd39391251edec8aae758843bac,73,testing
5,473f0b4a9e0eeb434246aa0cc292612f30eac19422fb503ba103ede7245cac36,74,testing
5,fd3573b37848e7d8db158029e482bf87695d4d52d1643e029ed729749c5d7fa5,75,testing
5,276388600c7c680647baa57a2c8014be117de068a7e8ec20ce7bc0a6069a47cb,76,testing
5,8c89d6ba5cbdcb9a3a5d6fe7a2f77da46cda8a292b936c2fb7670eab3c581c5e,77,testing
5,76803dc6e66ab42e6e3e43de76a1433e15b777b7fc2c0293a3ec10fc3dcbfba8,78,testing
5,ae039814c54a5695daae7d98decacc095047b5c5ff1308b0a7a129edb34096b1,79,testing
5,c839c7c41411878c880e7cd4e585f16a0c47789031bb07c499b7e04ed7fc3a7e,80,testing
5,2b5bc2c2e9165a745afd86dd6ffd914fa53abc4bd5e9918b521595d89f74b265,81,testing
5,bb0bc5f380f65c8f296c62b306a82f8846b4acec690f4c6c3ecc9d8df1b9bfa1,82,testing
5,d04db745a053dd9cd92c0cedaee2245f4d4050fb2e1f8846c18f2bf4764ac415,83,testing
5,2e4b3a7ff02311c526f7f7cf3b8436c4946fee72fc343ad62b0755e8cdb321c6,84,testing
5,048b6b26fa3b2df3576247a4dd14d74e646326c5b3a75706fe20ae16d596426b,85,testing
5,281c2f952e191704eb8137385ffd206e95ccb9c392d7896fae9cfdd4613f2584,86,testing
5,14419f60fa3992601f5238a544f92dda1b2be5f990b0b201ff382993ea73ea3c,87,testing
5,1302eee7463300f3e1305d8c8a7b038584e37b8b685deff14234f885a4aca638,88,testing
5,21b7adb42a87240b7a56bbffed65fd70d69a115c7743166286a5280e9fc935e9,89,testing
5,8f0db3bb0a9ada945ed7265b9d97b1f68b43105852d174c02531319b3311a0ea,90,testing
5,1b6adbd63614333b96cf832e32b8c67194e7141762761c994ef0735a7e0217e8,91,testing
5,44c5d4df5418f21753759bf8b4fdd75ba69015f24c1df2b54f1c409bfa2f970b,92,testing
5,1e57511821013ad5b4d38f7e6ffa73b565c762601db6ad3007fdba820b38ddd0,93,testing
5,e6fc235e2ccb507b10f472b4cb577fa652126175adc2fa24d89f60d1d0457c97,94,testing
5,309ada3661545ca2a38c48ebfcbe8acda2b3bfa3fef39eecf4b3aba350421652,95,testing
5,adc528429bd429b2cc3e84c337ea11504ea6adce3290b9fcd0796a67236d4604,96,testing
5,9bd7bda373ad9a14cda879d401b5c18da82ed92bfba375fe4ae7f22c3077df7a,97,testing
5,f2010a557b5ccc345eaa5615d9d9646eef13afed0d17eb119de66fa7e156d58e,98,testing
5,7a94c88ef6da11decb56a363c1cd3c0168053690991039196d13d7c7ca87faed,99,testing
5,18a9f6b055ce31515a53e1b060fea85ba20543b1952e71c38371caeded9d5b69,100,testing
5,686672271b711b117236bfde2beb15b9c1e70998907fe0c842a4b7aff50efe09,101,testing
5,b6223cf3742a8fb8ba8be5bdd276fde8f4ed8b2874824ebfea0e59b4c1e62b6e,102,testing
5,48f15846c4a42bde8acd8850d533f5b44030a7ef6f86d9764872acc9760953ab,103,testing
5,faa363936de45eb148eac345f37d3182e284bfdae353313f3e4575b45a7575ac,104,testing
5,c9ada4eff93bff40fdfeae52993a876f3de74f109f7745d899b7aa0be3e699ac,105,testing
5,8ba90afcefa0af404117087f29d5e570087f5c18e62d825f1a480803d4626579,106,testing
5,5f8b507fd6e9f5894a5c34886cc99cf018dd40d3e9d253a0a0904ffdf936087d,107,testing
5,380a90ff7e869e413ebbdd46cbb00d85f0806da4ab2e95d9cc2d508ec56e2715,108,testing
5,7df6bef3ab06fa4c686752ff536e82cfc89c647f41d17ca8485f8d4879ea2ed3,109,testing
5,44c6e7a558d99d9f40b136fa14545fe35ddf64a88a90fb2f02b74c06d4604f14,110,testing
5,c4e960b7341b70de8ff35ebb4cead78915438ae7ebb0e9076f5cee2f870b5919,111,testing
5,7f42561a072e71e72b5206c8df776a3919130ac99d5cdb184f3d66c11a1a6bb4,112,testing
5,4e095da0fc24709ecd52abfc0bb9099a0ddbe25403f5dc3e008c41fd58e32672,113,testing
5,05d3827aba8eb847de5d0798121a3516df7499a263926564316e688f3d3fedac,114,testing
5,3bc8a6392ad41fe710bf120521ecbb9e64e6ed37154e61040aae7510a4a35e1e,115,testing
5,09fcc065e2d907b2e37d98ede5a274fe4e8a436fc985fb7b196c98b8b5b793ba,116,testing
5,b7eeb2a3cc42d3e7ee1fd52dc8e67340c5e2d23a2dc69e1b24e72f2cb25cafbb,117,testing
5,9063c52f25ccf595856765ad51667b9824228461a1dd571d20ea208de72749d3,118,testing
5,379e9aba2300eb4af6714d63eaf5bfc1b35e820bc5756d6d6264339c06d5b261,119,testing
5,820c4a58821583157416f17f9f8a55eef45d01069ebba9a48ca0248cd5e3cbf1,120,testing
5,e8d06ba968fc98821e8daf5e91a35ef94bcd9f36616ed55053aa35d6d8c7da3d,121,testing
5,80c3deed4041aa986e9aec0d5aca5ae35b93645d3183643ec9c2c3aef9846b5b,122,testing
5,37d8a2a35d35dbdcaeca82dc0b60fe5ab1a5db744936655b2e65536625b2f121,123,testing
5,f6da69fcc159d7ef055f4f81324015892b92fa2b173476f450bdf1443bc00b7f,124,testing
5,aa47c62ef93d55304b083d618054c302f7e3445c191665c2fcbffdc0b22e2190,125,testing
5,fe03260784173204831e0122cebdb514f317a8c0e7c45122ef1e0ed57b6e11cb,126,testing
5,bc3e6874640c200c4ff7610b0636bcbefce88492d208d9b45aaf994c441955a9,127,testing
5,46af571a7fe470025f2e6ede60a46bb3b68e147d146de909c2cd743a34bc8f1a,128,testing
5,ac12b94e1ce9d9f5bd4b77a89d4ab8e9a29c389320c81ca2266119741d86ecb4,129,testing
5,3514e13e33327a65abbadf5ab7c76f9e12e262930e6ab4f7ce62b7bf9db33a8e,130,testing
5,ecd227113c6ba6129f3bfaf9f490f37ab508b2bd053b5016d1698fd01905cf0a,131,testing
5,9bbe4272199c5aff3531b16d17bcf3166e2b460d93765cd31a8c4dd8c97db88c,132,testing
5,120f14702dd2f71871d6b908e34a96a473fbe5929b5cf1990a6a3a4257e0ee2a,133,testing
5,ba4398ba1c690b129ee25f0989d6055b9afbeb31c378a3cbaa48b6bd02af0b3d,134,testing
5,e8e086d307b2a3be80edb4d87ac462bc248e6701cafd7290df8fae4a1a218a9d,135,testing
5,6b02e88ea3cc85c0919a2f068aadf0ee620457736eb329216e6fd7b1c28cb807,136,testing
5,f02d9ce76be84e34da2af36b7e1a91e009bf5ed905fc5f5f8781e68893468a6b,137,testing
5,cb4022f8ad48122737dcfabdbf795c0065e03665ddb5d00950e66f23cbb0b99a,138,testing
5,a740317c29cd5ff0f42b3fd67f4c0bc3512efb689042ff8f56ebe4bdae3c098f,139,testing
5,8d92d9f6a40d393a621ea38f37f987dfd2357f4c4303be48f2fb08f6a4f613b0,140,testing
5,11489a05ad104ddf09d9069b595e8423fd996a70fd2d400697b91b74cdbdc526,141,testing
5,e7adf15126a7517c845be78c642307e99602f09fa65a1d5dccce45fd6289b28d,142,testing
5,6a2919c60e6e02192b0f076e179c8efcbb327f9bc91c96a82e614350a8cb6492,143,testing
5,ab5466855af3e77191e33de4a687ed50cdf46ff5b1954ddacb01f151987cc2be,144,testing
5,7f5052b371979566a2c6ab5b039f76011fb995ce4a88e929316c6751aa7f0da4,145,testing
5,9d45a047f4e30938b8c7348ad71bc1a81959b23801e6b16b2c8b6cff6b902ab7,146,testing
5,c02a1faebd5b7ad0d4178635be62149e41e1a95eec3660eda5da1f11f5387e93,147,testing
5,193805e6dc85dc2cff2e425b7f3066fc7011dbd321db70bb7cde613e8fda5743,148,testing
5,ff7bf3aaba8c54c13d42d2bb47161760202f8e4c4ae537e362f2ee0253863cf0,149,testing
5,52bc180d5ce2ea398e48f78904894bc79ae54194e6f9517d805f67a2f2fcf3ee,150,testing
5,975eefaa0ba1ab022bc114ab4113dad0c897b3ffc998675eb6b2912ce88ceab8,151,testing
5,394b9916d64303ed051c53edf4c3cda671198a44c01de27a7fed3eb09d99c84b,152,testing
5,fbac9f2cfcfe9ebb0143a46fd43d3b63a6c03670f05424566ab9d156cbd630e1,153,testing
5,96912ad08207acb78171a0f646531f7a761d87a871476e466c04f9971f489980,154,testing
5,f7b484977d3a09f070e8bd477239601e10028b5505f03d71c7f5f528c8f28e44,155,testing
5,7f70ef9bf6d6097dbb9ee9be12a01da7e5358b6f05a9e7e9785bef95ab8943dd,156,testing
5,2d514f77a8e765d13e60cf7e3eb92d9ba1e6141d78e682013b40587a764d3795,157,testing
5,02db67cf9c8046d977bd7620f09112b882edeb65ef06e799fd221cc5aa0f1591,158,testing
5,3965f3e2ceac2dae5bbfd3042abec56590e48d6c922c5df965499b6ad93ddebe,159,testing
5,e8f3367b445ac2c47a270542a67e0f392b4ef03893bd486bf1ef8759fed7a544,160,testing
5,1eaf3266c2b8f14fec2bf5636d532e7fff04cfa7d1049272a5e3838885ed0902,161,testing
5,60123aa17d4f78295dad1b58430c6644dcc2ca427567ff9d71a38fd5cd3ef736,162,testing
5,9f49797bef12ef5053e24265a9f2143b706c1dffa9ceab6e72f6031fc95dde15,163,testing
5,0a67ac8b5feda05ce8943014bf8816f69cd7694ad35a25c248aaace1fa6dfcf4,164,testing
5,284840ecc174369996753068f94447e992f380543bd2174cb81ed0f40f4f5df1,165,testing
5,08abe666664ccb0796510b0096612408a77f41419f4acbb7d81e8d8e84d7fdc9,166,testing
5,43826516cc8f2f7605776d68e30fb739619b6d3b40c67961ba49edb64c257f25,167,testing
5,b688021830aba14c8e5d30ed8931365dffc776902e86ec20861a2d6f8a2f4deb,168,testing
5,661dff19829b8f33b46c88f2e50944ec4a5add3e6116e7ede4b239de9b60087c,169,testing
5,6b98a91df5ec4608da9c0413e852bd9cfb28e7891a592c34e29b51b8b6af1a09,170,testing
5,8dd5f0289f5928f9c63a983058f244437d670a91780f44181db5951aa2e29913,171,testing
5,273c0f7f311d066cf4e35c48862a3c48a0e3a7f2147236dab6f6bfdd6a9144df,172,testing
5,262af4c660980a2856b9eb968e94505a3ce4705cfdab95039b92c5d26159ee52,173,testing
5,0b621f8732cc4f36379f7662254f9fa836864f98522d2846dcc90bb32348cc65,174,testing
5,89744e341c6d074e245da487ce4fb7bb2eeebe4f403e1bb55238c27e377be2bd,175,testing
5,6685155604289946b4d936f0d03f140e2efe206cf8ff169cadde692a8e4c9757,176,testing
5,0d47acdfa9e49a29e95c60b59bbdfa7546a355c1468dd98d95c1d9ffef230bee,177,testing
5,07bbbf79e37de63faa429128eeec95e7bc8460c7cd8757c91944631a2c7e5758,178,testing
5,f9652fefcecab19bb5741ad3cacdcd6242cc0fa57a3857e1fbaac02bd89b0ace,179,testing
5,93519d9004adac3eb73429866021e383425231d30abf224211af8fe9c5587fd5,180,testing
5,bbd6c77fd1277baec5258166e80555f18cd8a7da7202a61a88aae949c7808f73,181,testing
5,88df4ae368dc6900594c89a3e163ac30af17c7e37728cf303d14d14eaf032e60,182,testing
5,9d1d0e4c3c375ee424cd937301652bb3564e73f321ef55c6333f5ef085e38a2a,183,testing
5,576811cc08627e8c7cd0dde7520bff827daa68103e3765f1afec8a16394117e1,184,testing
5,c9f3d5bbabe468091dee91a30c0ad98e2b6b9d78b73aeba1b37ec511248241e5,185,testing
5,e5c82c79ea1e10fc9f28e6199133bfb42f26b5b96dcbd6a2bc776391e967882e,186,testing
5,38c7e3219ddf18a7337a3d8f561410a10b84a43ca2a4177f3f5a7b2176a000e2,187,testing
5,0f1d672e73fb7682e208f2a91c0a7c7b5498d426d9ad12d55841c7919e4758c2,188,testing
5,c9598b6a641d9aa6cffbb4e594334457ecfa6af0e527aaf37430088934e2d1f6,189,testing
5,30d42df55b11a205ea6b150db31155a221afee2b143b0b89604d5df788b3ba52,190,testing
5,436364e5b1c2ea8864ce6e9192ef6862db2e6c841852a8cedc77dc3606592218,191,testing
5,778c6ca43686486fda10efae83deadeab443ba493cd9e7cdabf23d9f6fe09693,192,testing
5,b0a3bf3701876cc5165cf5a842c8ec5ac1f680c6f3f9e6da02a4414b791a5eb5,193,testing
5,726c05a68db22d3568a20476d77aa7de88b1879817762a847c0d2ba35d50f9c1,194,testing
5,38707c403cd2d2039e559bcfe4b80e6bee1023aca7ae451e2675d2c2721d0c5f,195,testing
5,77df101fe8e6182f32cc18bcc00f4102957a60c22b67974d03198114ad4bb24e,196,testing
5,a5812902c488ff7d98ed453a0e1adba9de0662b6b8fe6b6134dd7f949faa7ccb,197,testing
5,ab26844d1d1e20b443463c6efdef95194a243d54377b7b1d4308c377fdbde2be,198,testing
5,6df7ea9c18b333034bd30666576f5f780b03a1dda86fe562741dea82cbdd48a3,199,testing
5,4bac3baedd8b06d63f05afe6338ba1945526a1f7c4e3d520c416983c35369f70,200,testing
5,c51f412a6053ba67b65dc20ff9ed6fb70a60b50049f255ceb0bd2cb1339e96d9,201,testing
5,703b69149b619d80da96218349a87d75074f49522fcf442a994cf89fb07ae946,202,testing
5,70522f48459cc8c3a2bcb77374e68e18b48db07708bd2e5268a1a2fca67f94a1,203,testing
5,9dec0e679edade28d733884715b60252307e41a863192ac46f6a69fb749eef61,204,testing
5,03380d2ce63b8cd26e5ab785bab9cdf2f7902e78bb0bb22d8a946abe075231ab,205,testing
5,4504990232cd984de79e78bcedda17e54f9fb58ca133753da59c3e6f2cec2fda,206,testing
5,0631dba78028e56c44b3d683898409d1f3e166a15722238a6086ef3c4230d044,207,testing
5,2f3434f856abcf937d45b91064f00fb7ec74bf23525e7250367c427b52de874e,208,testing
5,dd6285f6f7be37058c242302dbceffe78ef4de989333808b13a9974782fd4185,209,testing
5,778c712bb0f5ddac3fb212231220dd5d2a36c2e741c5fd97274c23e99804cdbd,210,testing
5,7080648005f2de8a5092a66e6e83337546a0f46394420c25674839873b5ca7e5,211,testing
5,efe7b59334b90a4459b3eafd3df72faa751b3caedef1103f04c260dea8d7dadd,212,testing
5,c33b155dfed0481c9ab2c71372fb531d3b3c9b2349223d8de0eca208697ab933,213,testing
5,a6a0f60398f283fb6280bb72934f99c171c9cef27b1cfc6059ff0bda6f557f04,214,testing
5,ce16d8f7e24c692456061480f8cd48629a49e65d21c54a54bdbe5d98dd9621c5,215,testing
5,0d7af797d2fc4acd7cafe89d5c7f8e241a574388be9dc8f9f54967a772f4ba98,216,testing
5,90c09e2b76ce0388e82f8660e66dae098d6129ff5efb0d7629d9d3b2502048af,217,testing
5,c66fe63ddbd407fa4551dd5486b5895172d8b320c73d48027f88acc8fcd06844,218,testing
5,9decdb53aafbfde73f0dd189917195ca2e7a2f2aaa43267bc520857421d16e23,219,testing
5,1f26edd0f3430145fd04b791c1dbbe06bdc9056dd71017d42247759f0ab17c1c,220,testing
5,3d0948a8d3ca74e03cf88d224a9a7d0c77c064f488802b6ff652de591267455d,221,testing
5,295aed83ca840fb0d5cc32409cc55721dbaa3529d4b89c73839b44cdcd72e50f,222,testing
5,a3c8b4bb6f055af7dd097b6b4e7b1e06d858e1c4e8a5731d2067a3a9a49a8711,223,testing
5,c562d588fc59412de345d562f336fe66da00cd4d0218544e5f1655cd05b304c1,224,testing
5,75a57a6a7aa3d6fbbd5d1d02555367fc9eb47c694296af8704c1c78e171b7c60,225,testing
5,ea93c16a1082c57c1080c5668302d757f169c680af28a66d67ce61b5f9219af2,226,testing
5,9055af8e2931f022a16c72d8569cfff2c24581bebca961bbd5e4a3f48eb2ecc2,227,testing
5,e27a738da6a6d28431d069249f3bede0569aa146deff95d601e695fb87890403,228,testing
5,df81429e73b98a7fd1aecd7b4f8926143bbed016e505a3524842e715f40123a0,229,testing
5,24592973a6a4a9aa1de78a47e899c6de97ec50c3206d83d7d6a0c83e9e355e19,230,testing
5,bbfbf8e4af86e79201be5685e1ec5520c73d4d1ca244ab769c35ad553999388d,231,testing
5,97ff6627f568f03060824703c8723db79670191098b7ded07d5d2f58194b86c3,232,testing
5,5c78c6fa6fc3fb9f9f7d7e62496093423513248527681c57a7d31a3a8e80ff31,233,testing
5,237659f74bbfa4d931c36ac85dc2e85956e6485b6cc441ec382232171867d16b,234,testing
5,ca26c3c0cc76175227777865f2b9df76c1ec05dfffd4752d74cf4cb11bee5e9a,235,testing
5,613e13089dc2866e88d07d9cc71309ddc10d7f2ff76d1dfcb6cdf8188f240cc4,236,testing
5,51e941ccc764d986e2a6338f3fc1aadc4432b6b0ad22a6b02e3d45ec0ff0b080,237,testing
5,3d18bf94cc9d5d1b075ef8c220bc11e5ee0d52f7fc6bcc28c5d10e58ad995072,238,testing
5,e6eea9d83113afa06709ea0eaa872e3394042860edb4f7438525dea5f4d65d24,239,testing
5,a4dac6a7d621b9d49556f2a28083ee76b4d99a791afa7b302a880557d3741cf4,240,testing
5,72ae8b50564c0f5602b0c596343d81ddfcbcc5c58a53c701806581abbbb4adfc,241,testing
5,85069a629cbc9d0262e8b5821160dcbae53d5695f8c27093b348c7fa4e5e8de0,242,testing
5,5134fdfba5a7ee48b5d9fb93c37cfd7effb25999306c165490033251d0065d6e,243,testing
5,d13208aad09599bd830a71a6ff009ba9da4051c7821943c57b93a6cfbcfe94a5,244,testing
5,59489ccf1f03f630987eb189ca56ba94b5e698cb2c4459035590942f58ecaebb,245,testing
5,fc2447dd19f48cbc7f3fc0dd097d3c23ab6844a1157e10b793cc9e8c052ae8ba,246,testing
5,906fe84d959094b3eb713f61c664003846cd97bede38bcb33ed0f321134d2840,247,testing
5,a97c386c47ca3ff8c19d086be0042ddafe739c1e84ab0e9b16774bbde94fdee0,248,testing
5,d3af7a0830a364838c4444811a2a32cd034ce682b0f9468837a4940807db71bd,249,testing
5,dcd80fb846720368de1bfb3bb326cb4c46a6f48ecb759a8caf319112f546ece9,250,testing
5,2c314766b673c6a8cf3b667569ff88096dc689248126d2cca7ff87ee2e5109d7,251,testing
5,3d327f295d34eaa17e33348d9a7593c88c3ad7fdc2cccfede6994eea5cd50542,252,testing
5,f51c70700879bab7d75ba6fc2666a933f3e54566d0be86fbffd3d59abefbea75,253,testing
5,b71dcf5605ce3edfdf4e9f2f86f8c66caecc1510dedb4da8813b3fb46398dd2e,254,testing
5,cf08883eed87988c58544cc65322a224ad690e0ccaeb61c5aee4638c74488eeb,255,testing
5,3c7d9111fa410519d77a6bde296d867c2ee74fc3829c4e0b2fe1103d3a625d7c,256,testing
5,2de02c66ca4767f0d830daba94746552bb9ea56a13b42a939d997cbf754ffcd6,257,testing
5,13c2913e0adb426874230a742667ef2d691794f42f9e90a3749f2033ca4f24f9,258,testing
5,807407fb213c04cd901e0b0138ced2097b63b89e553e9b3e1af40408e01af094,259,testing
5,cbefb4c631adcb7d989f01f795f1c4248fdfa83d85f71162e82793316e553fa5,260,testing
5,3474f8e08e1d5e23e443d53d4fa23e5dcc93920a46610258501287fb90fb8b2c,261,testing
5,5e48ca91a0dbcae2c0b777ac84cf1681d6dcb5801d2d890c91ac10128660c473,262,testing
5,b650413e125f8227c75d9af06b971d005863d3f5cc8a7814493a33d0dde1d962,263,testing
5,fd632b6510a461b368f8455c996e073b2a5ddfb6be771fb3f26bb275fb3e8516,264,testing
5,03f51d914dc9efd37b076e49cb823b9a1341de07588542a990833ce074380e56,265,testing
5,3aebd7370d0aaf0c7957add7e62212fc3d0a1af476db6203724063220165ea39,266,testing
5,90fbfe9fe6fc28a2be54d6cc35c96b4edaa70efd4bfbd90e7b8a02bfbdd57983,267,testing
5,633582d94e4a9fa0d0081e3ef47a1bb243a5476f46061f153f932a4dd3a82818,268,testing
5,fc38b309c55d189ef7e57544f11309cea90b00b48e4cc5448bab2fe2118e3f89,269,testing
5,586aaeea032e870f7a8b2a5d5ff1d31de98021c368aa95804db9621406ee5fe0,270,testing
5,0ad167ef5857ff785a7ca500f81dfecd5e6556e08d48143010363a5443f27973,271,testing
5,139110250915bbaa70047549b09cf57711fbb022038e1dd0f01694886541fa8d,272,testing
5,c93c05d7ae376ed7af313b2b2986a680e04f58cc0eac04a623b0e1885e61e3d0,273,testing
5,7d24982cda4e0454a7fd0de2b996f392ac36e7042f69205fe7f90108821d111b,274,testing
5,c98bed80d852da361f7bc6a10627b9b421951d86e8814ec5fb69f5bcb9fff9b2,275,testing
5,eaae4db89c7154e73e7795c23cf4de32fedbe95e5da938d4c63a37c456a976cb,276,testing
5,fc3bceb012dd39e56b8a382de359946eea6dbc032e0ed74eb6335a9cd4ebdb9d,277,testing
5,da76dccf1afa52e407e783455b50987cc7804e57f9b4b984660955c4d68095ec,278,testing
5,4b1f240195ac2b39ba0461c55a3709f7577fce752da6967380bb5ab04b961960,279,testing
5,bcf76d4651711a83b5a2e0ac0598a41e18e4511585ccaf1dedae8a65f76a63e2,280,testing
5,aec845f3a4e60b44aa51f71ebe7004fe6927f23299c0686ddcd0d5b2381e1a11,281,testing
5,a8cdee7ef3d44ce48a7bed58eae7bf61aa574b1150ddd2e01e773e21bd797d25,282,testing
5,088097a1862ec54f7a9b6fc43ad339c05189c43418eb72529713790cb3518e56,283,testing
5,4a61ba09f135f5e26395dc9a876252674dea9c1eb318f610cd36da624ed38434,284,testing
5,b6311d7ad6ed17edefdd907f990e502c829f60ce9630fd1a3f0ef61a46830bd6,285,testing
5,2043a256743dada313a3828ed94c9436869819ffd487f8af133872b16f849de4,286,testing
5,7b926cf5cdedbd193038de7c77f4f6a619b435d557df755809968e953bc533f5,287,testing
5,fdc6e7124d62aac88d937986aa2e9972493cf5b7b64cfee70045b09604d419e6,288,testing
5,5c61bf69fca61d67c337ddbded29eeff0f5a0d2cc6064ae1fc7432212e8fb5f3,289,testing
5,f42a6df88b422d573b4a1dd6b2436b5b1227fa72f3be23c6c37e18c5784b62e8,290,testing
5,f7cc2091ffc18743ad70a210f0b07e8c3ccd5984f483010a8f03431498fc3445,291,testing
5,4bcafc5a6eddd49e6629ecf3245bbb47467cd4b8de96d0262401eb320771dd55,292,testing
5,e00e0e728cc36e09f0a75ab88d3c7b995d72814e21f674f6c2282425002fe222,293,testing
5,fd07264e2f6d4cd76505bcebcbb9d270e680d55289ec70beec2eb6ab43cba5f2,294,testing
5,53cf3df99768fb25c053dcb3dc84e28bfcd744977650b492f5674b4a6b88540e,295,testing
5,c2aca381bf8df36a4b78ebdf32662ec1f7e27bd37bc6ac0c481e6ceefd2cabfd,296,testing
5,6122158f71ba89a6530ae7e8dc57b6d3576a9954a6df269b54a30ff1af3e4f2e,297,testing
5,02bc24076ec4109e343656ad2a2505ac9f6a317214a5e45d009c6e278e64e1e8,298,testing
5,9134281c67373685cec2244b59eec86bc83b580455017d4b019befaa1f1bd4e3,299,testing
5,3c7d7471b686ce6fb37bc7f62f78fdf130edede9d14c60c3dbdf87ab25ce0782,300,testing
5,cea41a513dc386588a186bad679bb6262932bd2ed147f1b013e50f385a379b02,301,testing
5,36caa268f34445e09a5ca6080de410245533a99a02f31477dc2ff998f65276de,302,testing
5,ab244e8694db54a06f09e13a80d8f7724579b145832512cbe33e094ba1dac8ec,303,testing
5,78bc22332ebb1cc6145ebfb414d75a63ee8560c0e60bfe1a7a189c8aff07dd70,304,testing
5,49f95e3785831275f60a8e490dc4fed309fd8c0253a1331bc57e49da98ab742f,305,testing
5,8049cd6b21a054f6f1d5c9e5704c804d8c51bb61bc91a3749a8ee4418b8902a1,306,testing
5,ed9d7645f1de694e2040c819aaba93d31a5b5bc1f4d1ceccd1dff428148e0871,307,testing
5,a57164b2cf227b99197ac262b1d021f81ae4c45d0c7368cb72a5e7daf7c593d0,308,testing
5,403a8d782f021819aee1b6ec66cd296d8329d8a48fd9910c319b38d20de53168,309,testing
5,aaa3103545934bea878feac6c06539f35d362afbb5b679d0b8fbfb756034f34c,310,testing
5,3c04f230f9b2dacf880f53c0ca4324e39eecf97f670a595dacedfe030aeceb9f,311,testing
5,039be43609537384696aa19dc3a5fee45b5060e55c2e57b7ba54b43c7c257e03,312,testing
5,9495d6aff9044ec39ded4bfb8b3dab821d14f3801f2ce96d4f4593dcb8adf63b,313,testing
5,ab44c3aa05f2d19038b2039f0699e8f7198cf70642ae7702e63a8961dbf708c9,314,testing
5,179c6be7b76fefb5efb835674c5566ccbaa51e3dfc0c9f9aae43c882de3b4d42,315,testing
5,8de15ee282f16828c44a0463caa8680cba85e15a5de89dd0dca0f93b29a50205,316,testing
5,e3f91e1cfdcf15f94a4833668da0c176f13eca1b53834db869c3ecff4981258c,317,testing
5,ff3757b55800f410db157bdbf637dd92ed47226cd6a11d3d6fa80961fa489279,318,testing
5,faae986ce73d0d79b7505e5e1c18840154eb7598e3cf568bac7e5267be079e82,319,testing
5,119d1b0d2f844a92257a12f65a144a3bfc0c1cf9f2b7951f297f5c5f350fe20f,320,testing
5,d7395f18c17e7a5f9981d2634962e923b9fdfd57435e87dc384fdc55211b15b6,321,testing
5,00fe58a387cce17da8d5aae039ce785d4903fd0af6cc541bedcb63103129d8e7,322,testing
5,20d7c185801546c2232fa0d7ccc630f56e9a176eda7d4ecb937cc0876a22ff78,323,testing
5,5d529bb096e7a073102a0ba76b9a3d10fa3701d8d57f0e2721515a606436aa11,324,testing
5,982dc3bf6b360355e14f3af9f175c59b717e2413b65d3b5e6e2225390d9f056d,325,testing
5,64cb70c9c2d417154cd5606db40c1893487ec79fde0dcd95af3e4eccac197359,326,testing
5,d1e2daeed11475bf50a03f18d0b94d5c483cb52f8ced7f8c4eadff7773427856,327,testing
5,ce2c3cd4bb9d448abb1d004be40c97e2e48e1cf389292fbf02415c85f0ec5368,328,testing
5,1bc02f2f34291330b9e744ce82b1af74173dffc317da2958bcfc3b2dcec6b1e3,329,testing
5,2b5fa7e22029b44086ac0dc1cc4936a946dc8e1a12196ef4a890186efd982cf1,330,testing
5,aecec6d1126652c8fbfa74c4d28eeb2f9627cf6cb90826a3e0bddb6534ab8deb,331,testing
5,77bf709b2be721f436839e0e9790809f1d0f70f3b60a53f91ecef4cb544873c8,332,testing
5,00aa5c8aae4c05f54294e5741e5412a7b2b4b84fdc8abb17b1df3816d6cfa7b1,333,testing
5,83ae36121e8e4f1ed8071a6ad775c5fd710c0076d0f76540771c82915a0d286d,334,testing
5,bf2385fd5fd7bd3bcfdcbc0daf36e3ce38daf47124c0b5eba98833d6c1499b97,335,testing
5,df4b938235f48b2c6558d7f8d602fa55f98cb2c8ceb18c608b99ee5e6b833631,336,testing
5,bff1206d15cdcfc2ec083e76b1536a3e839cb815791105bfe48ce1a663da38dd,337,testing
5,1ecf6ab18532cb80273a0525a2875e171e33b1618502a0756ae16de5aecca67c,338,testing
5,f12c6635d944b56f37ac5cd526ff14c0dcb21167acd53a5f7b0b212de23ca3ea,339,testing
5,1f56a84f04fef180fdf0fbc31897a30d702504251dbd21db498b62e023e6d256,340,testing
5,efb4ea5be9662dbf4181c470b4a0d3fcb744d600d71543904972d74c012f70d8,341,testing
5,863d76b4ebb7a0bed70d7e583984216d9b5265c0ffa8b79f2c0a3463cd405ee4,342,testing
5,83f7edbe5af36da7bfa806cfe6697f683cbd0083a3777b2f29709d80c6f06ed5,343,testing
5,28dc4cccb03d4630e73e1c254cb611e2a790f9b45c77e1754910179953d333d0,344,testing
5,3bb0fd2be8457b072e61430b456f323fbdc82bb364283acb4103107033d5b6e1,345,testing
5,05a709fc9d28c51dd1b674465ad753941dc96f01c2a928c7afb7d8a932e20803,346,testing
5,3a3fe269154da2653d7a8e73c02679510ac28387f8f30b07d2f84ec26d0279ec,347,testing
5,9123de4ee051a243553dfbacf307579c2e596d0c88e06aef67d5fd09a4f9d606,348,testing
5,59d73ff8b469b61192bc92fa738159c0b363d4ba1de10436317d862f57c969f2,349,testing
5,a8d25f194d4c8586a9f62192ec1480f62206122dc2aa55e34757a812591b468d,350,testing
5,4f4f22c597dcdfebc2bf332d0a57ec391ea80691d0218f85cdaa97c8a3437011,351,testing
5,80c8d31fadb21f0204bf6d65b25ebac37731fd12440967007bf36184684dc755,352,testing
5,f80dc5d3d59fead00036ad784ca605e6bc43678525070a8fe908b0fe8d50f719,353,testing
5,9dc16f7ba99b0be1fee34f82c55d5afad24cd4a8098df9dd33d7a1562edd240d,354,testing
5,63e9708e4eae40fc5301f33acbc2c444f29d3399a9b17afc031380d32ae4db4c,355,testing
5,2a92cd4286db2b9776be30d14a93cf1467cdef31927190de88d65077028f9a30,356,testing
5,8d006fe49a38abad1e06e2e28ddb6b924307d3466ac2a6ae1769c4d74c5b6d51,357,testing
5,5d9100f07acbbed0d6833695698e200a533114eb51c5852d76412753fe4e270b,358,testing
5,53808317a6a53a6e53d32671d8ae88c2bc131608b7d5a9b8c86cc9c83241b154,359,testing
5,abcd0aa71f54e6908c109b856f07063334928bb8ef9dbbcbe220998129e04c03,360,testing
5,eea766d145199f9a6a08398510f91f36591acac3b62a534d0f6f0bf3d14725a2,361,testing
5,0e02c1a66266d46e7d302297bfed12400ea83320d8aac7aa4d4f14154f8ee9d1,362,testing
5,d5f2546428455935aa201e55d4595caa4e1be23763a1d27b8fdc365de4aa77f6,363,testing
5,c89f498f830f8e8fe14b897df15a52452954e4664e5d2e20a336ff33c168e4f2,364,testing
5,d06d9467b328ae50e5a2a33aeb42483f0dec0d58c0c9e551f934aad61813c46d,365,testing
5,45d99933f5ff709d3f87b34fdab7b7cd0d7b87d729d494e1ade0348747896399,366,testing
5,f4fc9b84099018b93ccc8cf29f81a31d6701c5f49d3b90de90ed565463268189,367,testing
5,f06d3ea17c51d0fe733d3c41ec20622e6a6ccc5b1f66faf5bfd2ba88b92f7fab,368,testing
5,430730692f4c62cd1e854f303ce5a4043e3587cdcbda5bd354237a460797b9c0,369,testing
5,f1ae7a84c5acc5d24e89da659f7a347bd3964309cd3f97cdbae9c2816394f7bb,370,testing
5,c28974090e87555ae6628d902fbfad08fce5a560ed39022424bc6f41a7e95b4b,371,testing
5,a17a601294ce7e2fa7bfcda77bf86e29a7d1fd3180ca81adbf25a2a2d1e73f34,372,testing
5,407488f61710f0e7476c56e1c1bfac31e4e8870a11918a363b0ce825fd1cc562,373,testing
5,895a7ca895906740ec799cabb3558ea619feba2ee529306980b6c7cc2ca8da3d,374,testing
5,7960aa56ac7e826723d0052340a5c5c10db2f5b2ba040d7c5b9d484ca946c7b0,375,testing
5,644b9bf9fec7bf648073af302ec0a521de5f934e739f1b042fdeb87106e8be53,376,testing
5,cc6c389cecb9e33a1486e6c984e64ede1db3a313912067c136fee92d219c9cf1,377,testing
5,70ee998e23e6aaa4bef076e4353f08d7f0f72fbeae2794f9b9e11ebaccd043ac,378,testing
5,32a1709bf5372da9ed4a454d4974e7ad5fac988c32c8bc07e9054ac3df2f652f,379,testing
5,f4e546e4ba239738b8702da6352a663571d3cf7dc70a438b1fb8aa24c01ad38c,380,testing
5,eaf15d0f0c182b4b67be99b86d71fb8ff438795840aa8c50db84210b3bc91d20,381,testing
5,136972665783cdd7e64a1c0896c3cd21607ce5c66488fef983ed010fe96cddb4,382,testing
5,54cedfc376495fd80bb345c092bc040f7bbbb69dc901689c354e1a6049ebbb44,383,testing
5,70efcaf68520ae1cb82c1974572a2158183ea98f58f791cfeec69135426f18eb,384,testing
5,4ada83d0c637579e173cf3efcb345d63da148d1f869bac6e6272f39ddc151b4c,385,testing
5,e2affb682d446014167b9296bf6e6199f388001d053cfaa05981d120eaceab0f,386,testing
5,27121c099bddd1530ab6b26462da546263901aa4c1f5707a3147ce09d4872c1d,387,testing
5,f7a8c7c2afecd8e82603f2fa18d9c8af4faaaad414c9357e2b6580e6018c34d8,388,testing
5,de023f20da08e06975ffd681696354e4bbc5283d40ad4b136d44807b9caf2e9a,389,testing
5,51a0731abbaa7a79077291c5fbd93061f032f3200950bc33bbefd5ac853c08e1,390,testing
5,8e13fd8af74e166276fcde442bd920c4f8367324856d2a8da68d4a31a1d55afd,391,testing
5,641c933e1cf61c542d32cae26a71d32f33032cc6924d2877509bad93b5aad2e9,392,testing
5,a99948c4e74edc7bc4cfd77ac9e0d3b81cd4f53ce43929f7f858af1390b2c859,393,testing
5,89a3f31ff964f6b73643eacb5e33b9743b4b1ec8a9e94b23760f1a62667e0ce0,394,testing
5,4676046a012d110af09b0433aca14a130fc6cc58e63aebac9aaa604439ffec7b,395,testing
5,a667890dc751e1395ac429894af673f7e8547d7b276b8fd733430f88b5cf1cdc,396,testing
5,6ce82c1d1fb56477a5da7e3d57427e2fa76267c67d388ab50b4a6df0f81ccc74,397,testing
5,c2dda6559839790af158270cb215a584c3ba8756ed884b31819017cd03ec7dd8,398,testing
5,3cf9e2f25e3eedd3e81c6fd62a1d6947884977127e637a78a605c38b4f014e71,399,testing
5,4b6b5e0fafe8b32352893df7e4ecafa6c0875dd2d3bd30c7f958c6c5e53799db,400,testing
5,db8cd477ec89ef4c7d81e88514fd769e6aa9ed8c9b28764beb83b4bf06cb3d38,401,testing
5,a3c330b50194d98c1d9542031f93bad76cbb66c6283db8e4e3e1fe51cbc5cb49,402,testing
5,42f18acd644a5fdd165b3a4f1df7991f2f60d8da31e27af3bd24c4747ba38eca,403,testing
5,d3ffd034bdb2e8d05db54844b42c28583ddcfbab42c43378e5f9bb0021899249,404,testing
5,c93ab9fd7cc133d749495a352ca3c30b78d4e9b790d01660ad1dcd8727d5548b,405,testing
5,532adea14103854796e06a60b193a0dbbed7a9f78547fb1e81444b968385378b,406,testing
5,45fcd3801a2cd8f61e239a8626ee27bd77b4736323c1a5ec89695e2328a7f41b,407,testing
5,1dbc54e7bc6fc2d14eb57b886f81c7c32d4237b7f8422a3b994ae7927b77415d,408,testing
5,f09bd786ef2fe893875195c6ccb54c9c518f15c70fdbfac42431094a979fd948,409,testing
5,dd0685038ea0c5a8f8603a34548862dc841a3885de19d157453c481205766d0f,410,testing
5,87512a5096f984919f4d92db3248df0353ebdb9284ed054928398842e2d7ab7b,411,testing
5,02ce34e028600384f4c99d3a4aa1c5aa00dec65e0ef69073056a06a6dfcee45a,412,testing
6,6d266ce446263df68b429652c30355db43e9c5b1ec517b66c94df0eb2dcbd3d9,1,training
6,e32f9cb83d2792b9a7bb28553b8a9dd82372541b09944bc8d02a82a287597060,2,training
6,5d44e4e694b6cdd1d059270932d64cc533c45b1f3c329a93988d98a2ac93a556,3,validation
6,726731231a7696e77f6e1586403add172a3a16d4de6aa50907ddab6ac426191b,4,training
6,0736a32fe26eeb6fb351db082ad10b993c0eda2d2661dd8f80b3940cfa8e3daa,5,training
6,05b700fef853d35b222d2205c2faddc61881e7ca0c71f7a1598b6f7da6601ea3,6,training
6,4863dcd5385660878180837099c9f44ed76f27738283e435510ec1eb3149f5dc,7,validation
6,04fb4aaacf971c30674a1a64273c4f68f6b1d770c1017cf65d94b73522f0ccc2,8,training
6,734b99f60ca80ae8bea405a660d9e83529b58c5771df3b1af8e6d9d8af6ecf24,9,training
6,ec169997d94ae6e4c99814e51abd68f9ffaf4406017da5c1dffafb7ed2772c58,10,training
6,745b285510b7f850bca0f86c67279c68a360037bb2b2ed7b6103df1011926505,11,training
6,4a53fb461a77aecf17c3252617bb3ca0fa7f4f32220489034fa750dfde6e5f95,12,training
6,c3d20aca7499b1f33e170bb165a932dcad0299730306eb5faca21da51f095f33,13,training
6,3e5b634dcc54a98482f0414edb578761a6c7988a81062991160518a8eb148460,14,training
6,eca0692238fb55d9062b707615360f7bed844c1b74c71081d8e149dd29c4bf71,15,validation
6,bbd0bfa80fc6e2545284b0490015ccd92cce56a7e6febc96303e7231c2ad641c,16,validation
6,e30d7288a69633ae1c72dcadd77ef3694996bacdddfc94b862c9d561a25c2a23,17,validation
6,118ab8112e75096107ab1f6b083a2482bc1903b65a9a628e9b071784c8d35504,18,training
6,5c7ed63da333c0970113e580574b188cc1d01a3cbece5032b2c87af3d37ac1c6,19,training
6,899704f50ca22b794ba6cbde2e24aed09f281b13111807842832e2de3906113c,20,training
6,fa773208a4a46c3610b2fb8f6d92ec4ff1f55e7c97b22f279319dc455269178e,21,training
6,d3218ca8326a18836ef2fe008f1b0242d7ee707c22639676e97bed5955e1188b,22,training
6,f488ae892b757311c1e0b399ac40ba84381563ad14d3fdc7fc4f2c0f4ffbbcd6,23,training
6,b806b10c3cca6401a557619ce566bf078128e4864146fa0c327d90f17e2a8328,24,validation
6,053e505a4f7755437b5e7003023e6f7a677ee72c5c4672535652ed46ebb7f6b2,25,validation
6,103417ff810642bfb3de0d2ce9cd44f0a472ecb565d8b8bc2b89e6abd4da8ae7,26,training
6,7e6656d283d49e5df41c21d68083713a6da9047883ad8f9828b6452ee63e425f,27,training
6,242c0d8e8c3fbdde3892d3ca86f1d777ab200ec64b436e5c7a8b5f88de38183d,28,training
6,14d151e61b0370251eda36994009c8631bad65812c23cfbb6032753a124265d3,29,training
6,4b96645a2ad9134406dae76bd58c884107dd11a64da556e4b855bfd5847d1b2d,30,training
6,ebd3ee3c58a4599a83d9161a167e0fb19395d3a890e495477f6185240aa036a5,31,training
6,16fe6e88109367cad8e05384ec778282dc819eca1b6375a57fb34948b10c4bc2,32,training
6,85e5094b9a6cd321cb9da51d8304c0ef105279c1f9b6ae8a2ffaafc220679e36,33,validation
6,6c05d78a4ce9d69300b0601901a0e69a83236285bc5e90aac21f5499bfe5599b,34,training
6,7ca7689dea86b8f0640926d2077396d8f1ad654ddb8eaa37b4e82da2cf605bd3,35,training
6,18f8bf2b1df120df353fb2a68f2b7e96a80874674b34a1dd9095d9008092b6c1,36,training
6,8901aa15885adbb54fb0646d974187f8f9362f1d1d4e0172c6394fcd0deb009d,37,training
6,075db4e2da6e7d26cf9aa80000a5dd8e89ce223120a6cfaa7901cdb567e23e1f,38,validation
6,ace58a1f5ef07bbce537ecd387a87624f1c3781b9ba9feedb6d058dda9db1b2b,39,training
6,90589fa2150376381fde200ff744906a7733332e35a5a2eed968bc6c26085e35,40,training
6,f1eaa21af7619f473b6546130e79357b6dfe78ebcb862bf90d2947e8218d76e8,41,training
6,673ecf4ab887a6fc7c46d232627ccfdc37b8e57a680996e547c95d4cd5bb8bd7,42,validation
6,55ee65d61189219630186749b4c28725982da8441515e4b336ac3b67ebc0d8c4,43,training
6,2c2868580a758e1e272a510a76880039619ae7f0cc7aa3d3dced5b04eb14b6ce,44,validation
6,1563540b2f4ebcabace851b6a28527fb7b77372a4df0720aab7e9e3b8db3b936,45,validation
6,f85f766b3f6e6efc4f1f5e8b46df00b446e77cde0daf89dba527c8c254044736,46,training
6,05387b2c32178a5d63e223ccc70b0d9632d5d69e01379d1c546a7238731b7625,47,training
6,92f931d1d46d12f5345a3d532e0e27d838ec0508fbb8fdabae2f453dde19ca4c,48,training
6,5498fdb2bd93da4f5334f675794c848db60efec3b7f78a945a0cf97dee5ddb8c,49,training
6,d360904a010c8fc6ecf737c5b55fadbbb439762cde091b4d37340efcdbf5ce1f,50,training
6,54f31dd8894a7a1faed714224b4ecf43fedcb1a90c3f81fda0947f76ad006f1b,51,training
6,3fa36e50b11b4ea877216e549a553c083f9909d7b42b3e5cf9f1bce2c0824bef,52,validation
6,45d66221ab6987d688a27260b6c7b98a1d9e9ee0ac34fcc70618d6b17d39edce,53,training
6,8712fe697d06301511bde43f26c855c9505c2f1a85f60434906cb993123494a3,54,validation
6,982a7ade83cbee873eb5a578336f01c7fa9b26f96cea8e01f6a1fa101f55d2e5,55,training
6,1b35603534355f23fc60bc7b9eba09101ce0b90de14901fa9b5d98b601fed463,56,training
6,d2f18be99006876e81f969f67e5abef7f57cf37d0b4eb6f4bc2da4a23c8303e1,57,training
6,d6917547021112b20133f5ffe9c93be6c174357b697e19d688fccd58dae6a6b1,58,training
6,a85eabc0381ebd32549ad8ea6004bc024fe1e25d95ff13c39a2dac5148213ed0,59,training
6,ba84a19dbb36b760cd4ac3771091dbd7d6634ff2b3de817f5d442abd4ebbcebf,60,training
6,63d9c0e3b1bb890f42f73442d8d2c7e1d50f29b1962749d82cd9d0552ae40ff4,61,training
6,8640374abb2199595993bff2c467a44f4b6af76c531a40a0f5f48a424295450d,62,validation
6,4102ad5f71ee8bc9aaa1325888751581e91499a46a101b0ccef75ed72dac470f,63,training
6,d222411693b337cc4a977e6c36a87ce75efb3c480887d764fc4f9e8045f018b9,64,training
6,fd72b6e786bab936cf856e9afca411d99b67cc6f8cbc421e7384d23922ac056e,65,training
6,e25a4344ec5331c3230ee16f9ba7e99e720b6b1f4ad2bd57b181b4947dc523a2,66,training
6,cc44dfb93e457505fec63c46485fd92ccf2e01aeadd9d8c99d88b6b25e19ca6a,67,training
6,0026e29c8e63ffcf504ca6054765bfa53d4330420fadac820b092279035a57d1,68,training
6,4f550e3c727a6ecc3d0e5d86b3d9ed51c28c2902f7993b44cefc8fe2f4908755,69,training
6,59129aa142d683378a3ecb3a40fc34f015cb61976ae831d6722b63ca72c018a7,70,training
6,88f18aaf0f2a1812817ae0ab045904bd793e4cafa0567439875e92b252d7923a,71,training
6,44cf9a9200dd2a7f3c52eca23bddcb466aeadf71f78902c315d75adabe408291,72,training
6,2fffeddca31257fd4e5163a28a62ea94091bbd457e93a50acadec1350d974d14,73,training
6,35bf0c94a4b1ce32dd864d2da64f619c339a14f8996067af6a553c6ccaff13be,74,training
6,8c4c14ad19b701fc5780a210afc956ef39e9f4aa710ea580de22090c2761ae73,75,training
6,319b82fc6f954709b278e94937d9310787f26fe03aa0260b9c4e7c7316836e9a,76,validation
6,0c3bbc092fcf46a45152aae45e7bc050b20057e806d53948f3e21ec6d2bf49cc,77,validation
6,bb429f63170889b9e1a1192b20c5271876394639699e93cdcc85e05622cc8e4a,78,validation
6,947c4f654d690dddb7ccca636a8720f5e6f3fea9a4ebd1049827d7e008a87743,79,training
6,121b845af04f8d38e248d086ab06a4d2e7387dc5f993b2e14396aa9813b387e3,80,validation
6,fc96b7f5d8e8339b0c9ced517f6a20690f3f23155bf7a8cd0fee3bcb9536a72a,81,training
6,7479e176cf35e54f9db85c5911fde113b97f9b5abc77d3f165f1a7bfdb138541,82,training
6,a00023d84f87c324a4814c8b4665d7b76965ae31c3b239b594272dc2a60c9364,83,training
6,c0d7135fe5297d287f7f410e5cacb5b1038bd6e743478926b620a5efb0c6cb20,84,training
6,8c52905bbc9cf52d3d717bd935af5a4131ce795c110efa6a55cdf2e783de86b1,85,training
6,abdc7a69e00454c7f0b757f950b4c35a26f329992d0d57a06fc482fb120751d5,86,training
6,9371b4623b673a49a71ff33424168948b59e65ff76e5f0a858dd4ef6a07e53d0,87,validation
6,2191c336110dbb9453db1ce0e15e7a616b221c4a926e554ef81748f21519a901,88,training
6,114ebe0c3a970b877985c28cb99c435afa371ec5d120353dbfc24035b3070521,89,training
6,0ed3514395cf2492c18272c4d4a66d8fa075e3a24dafbc6842010f73be618cf7,90,validation
6,ad98ba69b9c4014718c11baa882ea09e26ce8ffcb1fd7020066bcd56d24c8e77,91,training
6,c5a379966daadf8cc901a8a3f3c737d0846d873e2d65569483929b396ba2241e,92,training
6,c67761e93aee92263f048e845b74713b7d7bf7f1120ae67ee51c51122ac8d004,93,training
6,cd0b26efe876a72c7389ec65d32574d1a72d1440e7499ca71e9da53f39cb14c3,94,training
6,1f851cb22972228c7b9a28859ba93d014e5d7a92c8d3089e89ab08f4c9b7760b,95,training
6,b86977b6a6905cb5c69a22418fa78d06a1816df697c255362c8808d50e9ced1a,96,validation
6,b4ffda8c02f88b87ba26eb9a7520fcd730ba5ad8902ae2fe1ae5755af1f8b70d,97,training
6,3d1b328a90838b22e37e2a6f1015e230712e30c8c07536d55c34bcbea8612526,98,training
6,c661ef02da6bb03d9efdc793a32c5c9a40ffca13bd8d1ba2f41d800584c4c23e,99,training
6,226f0bb6357238c650ea3f2c596d5f798a096d059189111c69ee9fb5f2fecac9,100,training
6,bb65e0e9b433b75ba2f77668c71354b4a4c591dcfb0ac7cef5377045a594688d,101,training
6,38ce0f212086b147f4a3e6c867329a13ba64103023cfc3deb14441ef60ae5963,102,training
6,4283a208a6d0d31bee288a20723404f67902ec1b1ad128807a24e3d96d592912,103,training
6,75a2006218bac0b19dfab3fe00502cb8cd2220d9a0702265ab982d3b2c09eaf4,104,validation
6,043578dfa7bb0119d6cc6c8d91a40393c9dcdf5f0e4fdfa0ff79e01eb6905f9a,105,validation
6,700d2e50adde10211fec6e46cff6ed512f82dfdfebe52d400be2316e3a5cea53,106,training
6,8e4d8677b8fae05da20f88a2a596d456aad46c8917db471ba9fe543fb2866f55,107,training
6,99dcb9a2d9c97a4569da9b6217b7b447896056bcdbd6e4f72d122815e0968ac1,108,validation
6,5fe179d87af975e5f55d34e600653cf0dca76714aaaa601e5357f7883f12b2cf,109,training
6,d5059b4190e27aeee60f4816f545e4e17608ea7d5e0a40225abe46211fb33d2f,110,training
6,4a06a7cb2a618a3d16febbf3092588a75a1e5584c4439e907aa66813e99a1963,111,training
6,a3bf47fcd110b47916e6f156ba9b3c61bd83976b752ac542b5d365e8ac287a49,112,training
6,b8b88175184ac3f196f3b0b17ea365c5807dc70f222bc2db924120ab8a65c017,113,training
6,0bf702f155f1c6b993289788e4c9a60b79edd916976b03257a3721d16ee30a31,114,validation
6,f861a1028aed941d61b85549936bfea1f43bb3701b2d12a9562e6dff50b667d6,115,training
6,98080bd0511b252a806e4cc67924d226c1a556d369f6a90c4bfd61edce2639f4,116,validation
6,80bf6b262710720e1f2a42926cc07eb19976884273ca932b5822620f6a2d4edf,117,training
6,7fb2f2578c4866e04a24834e287ac7297933672a8ae9874e93e85456a1c05748,118,training
6,77d8fc55b4c16fc5cd5aa023fb4208581a8b4f77aa7d90fc44d17ba321bb38f7,119,training
6,85da8619a782b0686b85b538e8f2a970db9a7345a2faae78016b63ac78e4fcd2,120,training
6,fdaf03398720a66aed5a2debcf6a4ea7cd4fc7bbf721f37331925b36dca0e3f8,121,validation
6,bd35edb636b0ac6b670d1708cbc367de5a652872166e651e9bb6f5d3743061d5,122,training
6,42f8cefedc803cb4d1f2dc80db4531fca89392dac86a22027a503c757bc1a03a,123,training
6,15dbb12a8304ab9ba546f78e1a56cf2a8bc44cd58398fa6a149c829cc6949a07,124,training
6,1b82fcb9f9e34b3e0bbc4f4312580199906b7890e1f136ea93134085a88b107d,125,training
6,517097ee23cd2cbdd7f440d69c45e469b0ed2ee1aba38736106cebbf0f6fc5eb,126,training
6,402ad8035fc908af991055f895c21a6c798b75b83c9e874d529945bcf6701435,127,validation
6,1981fbbfaf9a64fcdf6cb27e628f3058d64d388a2bd7a77b77c86315b63d9d10,128,training
6,d657c71c1053d54663262c87f073a7e93cddff01bda304078be695b89cc0c58f,129,validation
6,31ab12cc3e917de56be375acd04044ee391e119d01b8de16971ce03f2b4145e9,130,training
6,442ba8d08a32d5819715e5a6322f6162012522c841938d49ae50ba15b9b1101a,131,validation
6,bd34676b89141f915a70fb6e360e597bd1200976135c39074bc74c650e5cf717,132,training
6,b20a6640a39f033df55b1f1374f5d2bac271663bdead5d40536fdffda79b157b,133,training
6,33972eaff747ea8d5ad497d7218a9c6aa8671a434d879b8664aa4ed6a847d7a7,134,validation
6,38b5acbe02bc226b15b88fbbb4705025320b2b47a87042d706de4b9c79d15ccf,135,training
6,0c0d2543cdca0bc37e4a897c6abe3ab8e6764a0b0c565edcd7dfaf839e7283a9,136,training
6,7f16285219ce6006bbb4325181731fc4e1f02c9ac79a4ec89c94af7a36d817fb,137,training
6,198c382f40d2cc4101e2f17c28bd62a6e08717289edc9105e0f94c92b8a5506a,138,validation
6,4f399b7003773a7456966b37337b2dcd36f0e0bc228718af8d119e6fe1b0f8a2,139,training
6,4db7a0643a1d800bcb6970bc08967f25b6553abdcbf7b02dda8d2cff1735097e,140,training
6,efee4992d7b087c3140b510233e2e0b73fa8aadd345febb79b132a6b1b4254a5,141,validation
6,7735ba44038cba1db7d2846a433cdb93b7599ab135d235e05cecb0348a465f0d,142,training
6,4e8412dcdaaa5d1a0cd9e8174ede5c55eaf2a1d271aa4ab7e8c2131547e96040,143,training
6,b2ef5f2a729ff50289aa000469e24d24ba9ef8800abbaefbdc38e5b8aaed6940,144,training
6,5c9901f77a2fc22b188e29071f413e336c34925df7bea5a3d3e1e76e6b1bbed0,145,training
6,298abb772817a9078d38b75321bfb3e82184afb26f012393c9c1046c0a59f0a8,146,training
6,cde755cd4fa27c58ea570cfbdbde8ee1cd6b319d6c2da9ba4ff474d923247e05,147,training
6,f8a175fb03d33840f67c6142c40585d20ace00e61b9ed8c0ba0133638a7b41ad,148,training
6,cc5b87c0d5daf16add32217ecfadafdcf371628e55cb09a45a7257d33d6a5065,149,training
6,51e49f672bb42c48a7a366af598d348a85eafb29fbf2d353ae52cc5613d5a04e,150,validation
6,b38035f1aa19816bafc2a8a4fecd1d8f83f87d15094a324eed1b295533fffd5f,151,training
6,f298534bff452c8014f4d343d6f31f8290bc01246b381ca34629217539a722b9,152,training
6,c872b387a40a0ade2b6a2efde6c714862855db58029d4e4d6ffcba7e63a14d4e,153,training
6,8d64e01ff3acfe785aee0eb0c7ef5a82abbd8e98b56329ce6b73ce138577c0b4,154,training
6,a2bb9cb845e318f9808138b1fd31d16db1182eb0ed5cc652ea4015b60208a980,155,training
6,ec39162f180b13bf5219d8b44a77b7db9c4a9ec25763aff0ef71d69ef5e07706,156,training
6,da263802e94c0f9d02d5c6fff971d8b2f1e47fcbe3d3a6b12b5f7f2be4b8c60e,157,training
6,5f560041e28e30fbed3eb81975c435831951649c0c61cde4683ba62aa6f55106,158,training
6,c1a681a727d482d13674993a197f50b0bceb603913996b5c8fbd92f6a3ea8522,159,training
6,813a6c98c4fb3cd0d92b7e4013b13cc42f711cd849415b8cfbec11bbc5994637,160,training
6,7bd288cf33263d4cd1609bffbd144819ea6050a117b2028bc26ed0c1388b3f40,161,training
6,df05d3ea873f9b6294ce38aeb0f75ac2e194884c69cbccc70fc87d97bdd5e003,162,training
6,9072c41c5855101e448115fb9b2821c95249927897f4ccea17782627cd66d521,163,training
6,26b74b46fed0351b7af8e3a65b5aa9fb84706a677ae96194ca3e55d48eec4857,164,training
6,097f8378b8e05af70bd74732c0ecd27e23276c7e079943856aab97f05195f576,165,validation
6,79460651b952962d20efc86c73afe9e9935380e98361e5402d8c943ef602a0d8,166,training
6,78b6041a99c5e52eca19d6c0c1e1fa6343e5ffdaafb23d81375ee116786cf124,167,training
6,628c895623429084aaf338df60e8d65632d431abe2d0dda1f1a57fdffe01e0ed,168,validation
6,97ae9f37c5010d70a8c5d5b752b64d7f898be966aab5bfd8b9670450867e473f,169,training
6,4b2712012834beda528a63f617d19701b3057400b396046bcf8a3a102be66222,170,training
6,01758ece1ee4380d97fca200fe982f4032fa7c596a922f90ccdb854f245139aa,171,training
6,fc9307d68ca4c7eaf844bb1c503404dada0beee152505f5c425354bdb43da502,172,training
6,e4de70f85e7c060215dc45044638cd6ed03b5ea53751b196e5c25322ef146597,173,training
6,da3c276c609e38cb898591832b5beedd465134146d844018cffa191a60f9d82f,174,validation
6,9b4eb8b9c14739a30067075fa0acb19ecbc1e8b8f70424238acd8edcf36f250c,175,training
6,0fe2287a83234f37b016d4205daadf597a9ef30faac41b6d5f2a0ed7b80b528e,176,training
6,f9aebaa63fe72bfe5665daee5741c8808686ce29dec7e8c078180391b3d61793,177,training
6,adc9ce5a1cabcc89bbdcd3e6ae87322cbbb733b9f3c4cc56a61ab7d0174d4576,178,training
6,1c23c156becc8f2bb958886a72028c89a34d0e3b432038c2abe05a25817d9297,179,training
6,c7ef3aac2aa87604ec254111a842a87ef076d177619dc66fa0a16675128a0910,180,training
6,19c8a8ffbe8b389ffebe38086e263b2e50b466dde210b2b706396c49e1ded6fa,181,training
6,90735311b8c634c155fde55028c0612e169d75632af381239b657e6cc74972e3,182,training
6,3d59e7b6db5d8400f78d935e6e5732e4d573b9d453eac713db6db526fad5cec5,183,training
6,3e0a717cfb8662f327e18b28241573b8d25ffe0cf81e0e43608705e81e2158d8,184,training
6,ce5cd8ae20a909c973542162573a0b9140a903a42b207be1f823260165da1432,185,training
6,c1fd011d8b7847c45faa97d9fc4602812afcaedef1d694d971470afbb62af28b,186,validation
6,405b86bf6b458160cc877d47ba05f7f0f20a8da3a65b79f1f9d4f433de7d5728,187,training
6,71f3b2c555b48fd0447b63ad0cb86adb8078debd130824095e1176403c6fcf0c,188,training
6,3db81c2d397644342624a9f92a69b515995c95a7e6b607ca324909d9bcaf37f6,189,training
6,2f58395749c0422373060bfffca027fb1c06e27b6d3bac231479fbe747a99d46,190,training
6,d3c6b6f1c64a318e381aacdd465032fec066e25107de3608ad5e0535839dcfbe,191,training
6,d2f7c4163e6b050edbc02cfb776a8a5a5883253721dcd7170402e335e375cd3f,192,training
6,8c06486349bb3ed2b806aacbef00a6fc20fcd03d502dc1183fa2f51e56998572,193,training
6,f2e7f046f8f822df07e6f682bdef0f98f199dd3124035ee34aa4731962da236c,194,training
6,dbf05fbc4c903176dd39aef48c5b313f5479d93afaa1a00ce7b25f34be39c8c0,195,validation
6,f6b921bab025f3fa30640a15dba255745cd4c413869961188db268087ab16b5a,196,training
6,45f9e30cf24aaab7e42ed16263262427a8fec3e42626dd474b7c816380f59013,197,validation
6,87e4eb85da5654702b07690c8eacb317cb78a3441dee64fb587190417a4af2e0,198,training
6,7efd02474533b52dd2f7fd02b223849df988041658612ea88935060dbfe56be9,199,training
6,069443e75ead0237c145c257a5d9caad7d24d755e395db28916eaf0c9dcff0c0,200,validation
6,130985c3a9c0afe2603848accd3f9c9cb1bdd0b25781b4e03584b2cbc66c6877,201,training
6,5202286f83bd6de0102e49ca42443dd68f0fef13f7b3f1000e8b0540aebbcf46,202,validation
6,722141868039e9707a1ee066abfbd9767a4a126bba64c0896138e14b8a0879f5,203,validation
6,331e45c4513a0796800f9966a8e43774068bcfd7f1ffad2cce7973978b066bbb,204,validation
6,658c3b1e9f259639a9e686b794c8594a7ad3d4efda1b40812ba3317b60123fe2,205,training
6,20e256f5b860685f39127b0d2bd1ac980a33ec682b70e99d8ee14df4cc8da367,206,training
6,55e65ecfd07f188c6af57cf21ad31cec4393144ee11b4d4ff4246ef201cc6114,207,validation
6,fd2244556e1081140a3398bc69e16b596a5418357028a203ee47cad5e70a5928,208,training
6,109aa3b564fa771b27587dde240d74c2e592527de416fd550f98a8f7d91518f3,209,training
6,19ebf3cdbcb60ed5e3aec287f1074b9c1f19b890b3cb8da888f6fc96004079b6,210,validation
6,ed63cadc670d60d0e5b07c356c9a84ca67947b8a78279891c6cdfc40b46c711b,211,training
6,160cadcf3630347b181b1a424162dcce5aa2cd121fdbab24b8a198c6e3a4a8ff,212,training
6,9e1f7f3d6baeb7a270c9c72769666a97d3718cbb10139d5151c1db3cc4fd187a,213,training
6,5c5c54eed61853306cc5ef8f15a8cad69a413e2e830e90a7597684b01201f26d,214,training
6,ccbffe6ccffae8c4f5ce30748d1cd2958b2a044be6642362f175202b3f9fd2dc,215,training
6,872bbc854203a9e43272d042fbe6a269550800fe83132a937256f359304538bc,216,validation
6,ffcc04d9d864d209b375ace73bf7d2d04548784ade7f95ec2514615ae441b091,217,training
6,6857d3ce31b4b3da86577fbf740637e1b1a216e8fe098df65f0408f2ac430be1,218,training
6,20fe917298668ae00be7a999b9b57b5b370d428c1cbe30482b9b5d66efb859ec,219,training
6,0b908434b7706824e29420ded56c56c28581007403845f6fb19fddb090d7f224,220,training
6,736c5bf158adf0757625c63caaf8ae29987e9cf61b99c5f1b3ad68e6521141ab,221,training
6,a62b0f3d9879d4b7fc078d305ebfc5bda1633764789174e65997d4e410fcede5,222,validation
6,b75356dde40a154078647a8bf7316372704ebd5a5b59697583db3560e9a175e9,223,training
6,91383f8e80ec604fa39efc803e386112b42d220934dff7f7483820870f3fb283,224,validation
6,96f5e818033e15640da5d1ea080f23762b34aa8fce4331750c09572a494f20e7,225,training
6,87487cc6821d4f1edcb77fdceaa749cc8f3840ad9f6d80ad16c79c0098afda0c,226,validation
6,41cdc16690915fc4463cf6c97243055e9533fc497f8dcc8b4f266deb7c707405,227,validation
6,324a3e80fa2fa8675c5b3d51c750295bcc0e113dccb4bd0446a29388ff88054b,228,training
6,cf41100f4cfe1d294d3ca57f1cd5231d89e672aa15ee0c65393ccef40f72e8c5,229,training
6,2c9b398cea45f9c62e233e36dd828abacdd34182dd1030b8648cfbf501828381,230,validation
6,64c7161f1a21b2c0d622fc1475d93a5fd15d46efc810414e862ba2ac48ddb301,231,training
6,854e6afb82eb66563bd359b5e68925babecd0dca3d7a416327bf9d86f1567c08,232,training
6,4a671f738bd15d463fe267535bc7bc02c7c71c4326eaaa4677f2ea541f2fd15f,233,training
6,a70ae96bc9dc14980ee2737f158d2c3c84038c0c9aa8aad369b9197355ad222b,234,training
6,d695e980ac7f4b1dbc517abde6c55b95b481ae995cbde02f4cc28a57c9143e2d,235,training
6,137bc979304a79a9728c7a59eca49eec9bfddbae068ad61899fb960bf21308f2,236,training
6,905472814e2c0352432419c94f4fdc7eb1e16ee37e7bd7b7ed16ee77ca5b380d,237,training
6,78b7c99e03835f5ca72da3ec2d3c10d5e3c82fd970f020c993d5d44ad0b14405,238,training
6,a981b859d26695429dc65c9d12e5bcaa606f29b223a3bcd5209e40357463365f,239,training
6,bbd6261e0876a0cd3bf93f7cdd9c42725469d736c7264be494e38544afcdb064,240,training
6,6334418210f69d510a17771893160d2efeae95bcee2e144baaa066e6e3510299,241,training
6,4130c1753ffdd532d8e3d1b9e58c79486ffd115c22013ed9482c7ffa35af5b70,242,training
6,0bc3bed82bf088f8eacd52e2c4405a5856a996c8abe3547e2974f79a3db3d622,243,training
6,b6680f7110a3eae9d1c6eda4f2f4b30c1b9c19e25c66dafc81a4696c898feed8,244,validation
6,1a70e001ee1b0a999182f502d7b28ed8591a962cbdb5265bbe37a176b991e34f,245,training
6,7b63c99bcffd69a9ad84955321e8fc92bdca15539b68419fbc5e8de0b21bc6c4,246,training
6,6fdae9ad8f5ae3bb10081bee3bf26183fc571a4e279cebcd3e2df5e9095b01da,247,training
6,a155b0a53aa394edb7b255ec513dad81dd3ff07f0371f4f7569a61a567a67658,248,training
6,8487c9391e288fd7ff2156911117c8418bbbbb321fe6d482e6c8b2978969d2cb,249,training
6,6e54e898977c9e4ac289c5d0861205c07827f3cf6889a0349f9c36c10073a6b4,250,training
6,4a29956b5c37ad2ab5f6ad323a36a20e14d6546e0a91c0c59ffd66cf7f27c594,251,training
6,70e10040b3eb19dac9ddd29438c0d1b3331ed46c8101d16650f528c9cb1c802d,252,training
6,d0bcebc8ec1d1c9fcadf14ef005caec86a668b57ecf4c75731c40faf313050fb,253,training
6,c0891b2bdc69f4423d6e1081005188a6b244d7fed1268d5ee4afd6d98f33cfbb,254,training
6,4e5cd8c9d15ed8efe50348993e17e5b3637134f5115c3b38641b54419eb8c7f4,255,training
6,7505c6c4492fd5ff511d697d72f19e2e9b1beb442d34b609ab99934b5b01dccd,256,validation
6,a4f6da325e3cdd5e7ed629408d858d3ba9a83c83d92139be35f91b2343cbca4d,257,training
6,383a561574a797cf436281903ce8379b2c0d21f9730877804de7825dccf2f3b3,258,validation
6,f10ae4db5649c5adb37c8911277a5010079561441633a0bb59518246d3a0954a,259,training
6,c2397eb7159c01b301ece92ac21e51263809a0d995fc44c8e4de56b43014af9d,260,training
6,fa35a4dce08ba774f6876bafb7a57c0c3b5ad1e43f85abaeb4b7797de2ff4c4b,261,validation
6,78c1fdd75c49b779833070c74e7010cca1551955e143a58b253cf9d50b4e22db,262,training
6,b619b605dcf08eda2b14de116a6e9b37c98ec07b03abd34481d2ada21be67ad9,263,validation
6,f3c901f16b76dd7dff1023e7a01821447fe7996a1bf23b17abf7b8f5c59fd27b,264,training
6,21e7011435f358b28cfe4accfe740f3dff9876a836e291982355e279fd48d780,265,training
6,8ad502f3b58667e6f33d9b29b5cd22e7f34437b7f4c2b7de5b3fb501984309d4,266,training
6,55f8ff87b56037e23f38bc768f7b291cb8f083f22b0bb324aee6b7bab4dd7e42,267,training
6,1f3d8e0894b17303483697a0c65542ef338d3e1db7323a0864bd8e48db0e2cc1,268,validation
6,144463faa97ad0e10c153b7b1578cd98bf03867a526e9bead2cde2c900ea4a5b,269,training
6,1bba302d438397ae12225196907a36530fae538ad2032b02f8007d879341ea27,270,training
6,ff76ad78659ac80e840071f16fc98919f6142bf7c2c4fa6024d27bf3d54a6856,271,training
6,0845dec2127ee39fdd8eaef26947b0921a6d9de96837ba16c2906d613b4aace2,272,training
6,258113906e22c1a00a81f7338df1a8cc2e90a9fab01de3ee7b5986db66e19e97,273,training
6,a4f93dee878eaf06554ef5fbded12cd1f19d0c62707fe86b1ecc6f00d4bdc492,274,validation
6,88a4f129af87bef822f535a11206d4b2ffa3335911282343c7af5d0b2d1c208c,275,training
6,e2c888889739907cbcdefd3edb45047ca223f5ad7277cd11b817e29c85c7342e,276,training
6,f71f6414ef16750774803dc1800fc9b6480dda9cc0e34c3170e7ceb16c6579c6,277,training
6,6e5672e5a09249101961d25b38b29559f51fa466cc4b6b8edd93d94845cdca57,278,training
6,e4f319692b3cf224c23ed73af3af09cbb55f26a114412a34460dc4fe78ac18f3,279,training
6,f9d60e2797e5ec0805b59439bdbf41ba4c63f943109365cb83eea76f0bd7db57,280,training
6,24e6bf430594584927f4e8c5acb56cf2a649de7320a83233fda0d7404b065f8b,281,training
6,986daf3f43fbb806ddfc33a59c1ab95811492864764ea5fe79ec2d1e15779e0a,282,training
6,2a50676cb100afccc1476e557b806e663f84a974fbea840dc563318a5c0d9f7d,283,training
6,95638150c695f1f0e94472c1af02b5d69122d760ca45ecaf2a4cc09d856eb9f5,284,training
6,d310e16ef0cefccc11db27306e12c966c9ec0f5dd9eff7a6892e7d02ff8e2629,285,validation
6,009eff0a8c5070cb52023b02442f355a6492efb599fbe66719c81b5c858ec4d9,286,training
6,d2c4619182309060bf21d6ee901fb6ee711cb553a7e5f34e2d4c4d0c478fce64,287,validation
6,fbe31026bd23e143ce31238fc7cd51be701fb97a933d9ccbce806b5e98dbca8b,288,validation
6,e41c4ac2396644194caca5febda991df5508c99d8143597eb9c214cc9d64b1d2,289,training
6,b7b5af0466b8a79a146086c3db809e9e31551b6285d42eed119ebba4fcacc450,290,training
6,126a93a863b40a208183b92d269606ddbda6b9ce9e9e1eb9e18d8ee404e050c8,291,training
6,2d266854edd48eb4f26a1e41e0edcdc6328d8de0f5071916f549da2d9ef17294,292,training
6,4ccbdda786b53fa3852ddcf40337a7e14d61f7f18c971fc95a8b067910068a3b,293,training
6,8073b8dc8f2614df344025ce98a393657d29e506248908d74473b3625924fffe,294,training
6,2ee363ae2e49ab5f304deff166d7b59ad3b6efa64259a6cecd7bd7b147b75b42,295,training
6,56754596c09c5368b489488a810b9712ce33980ef40418e5dfb2a094f6c6a1ee,296,validation
6,e23d58ef5b57701f73cb209f69f32b13652267d63beee0386bd8ba9432b619a2,297,validation
6,41f7071d47aec490b5ac5e4d7a65961033353ae5883714cbe3bebcfd3cd1e667,298,validation
6,6e43a89d289ab828e8b1e96b89cb10b326ad7210854396dcba3712673df684b0,299,training
6,7916a037ffb291d2bbd5be660ebb9a1d71a040055566dd72b786f2297cbcdbd1,300,validation
6,e8c619c9a781dc1a95543cb225593b24e7581dea86ffd177b09df86581a75f16,301,training
6,0b610a31d88bc7302e3ad7a4b84125c71e2f801eb66717cdea22fb0ec2dfe883,302,training
6,a95ef8ae53bddf44a3f9a74cbffe630970fc1d406b1b31bdc09aca51de2e88ac,303,training
6,24ba6ef0a7556d395a4293b8828afcc4d1b7cf6af3b6e06c9aedefeaca1663e9,304,training
6,ecce260f855201e97e9c5c34444d11ee7d71b1e917c452decb72559976cc1e69,305,training
6,5a1085460571c9a4c6afb45d12ddc1ee538bb1400b9adc8b973ba37401be021b,306,training
6,6c184cb837d57fb63f530bba91a2f2f0ccac22573b8e80864ea9f3ff5b8a1db5,307,validation
6,f5e07a69a962e1db4f25e06eb4f3ba5f44bb7584e0220b7e022123f3e7bed872,308,training
6,7fee5b1b8a19afb167c558f7d4e73fba7ad069a884b101f37a2f4a29045d4bfe,309,training
6,748ca31ab18951a0b15d7a4da68c73b8b1bb018edd562942785a31e3a7584851,310,training
6,cf1e883e3c3c9a88b02511ed04f8cb7f6b43ad5226eea6483acc338fb430b085,311,training
6,aa03415e9605fb76130b7da4e3741d5b09639c539b43d03680267da98f39772f,312,validation
6,c09a302fb6b4d96798a411e44eb66d6c1bfdfaead21cc1250fc118e73ea80f5e,313,training
6,7e27e170bed81afa3d90d21e4b6100a35bc7dcca98bd43c88a36009d0c4d98e7,314,validation
6,38cfd14f61813a924936e955dab36a528ce4e9a4c7962b4b5f8d557808e0f9fd,315,training
6,4fc4700ac1af3f6dacdb3fabe1918fea9b20c620baca7f856651760bf57d5b18,316,validation
6,39eb8583eaee01d555aa650b702a6984e8b982b841fbb8c263817342644065f2,317,training
6,3fed1da74eacb11743ef52ff5a8e021db00e4c60fbf98fdf8101a696edbcbdb0,318,validation
6,4dd1c2851f94dca939978d23efb6cf2760ed78b989e92329cda20d0d258fd7ce,319,validation
6,9d35b899513e3da74e56ff7a7ba690101d488eb6102bc79a6af3fd28d6227a1f,320,training
6,c641ee94332467236f492ac8a6bdad5ce41fd28b01eeeba8df30d09b184c62df,321,training
6,8accbd50a099e643a1b48818714ce3dd13f44579d51ec4e2fa7d48cf5aa7779d,322,training
6,ce2e59f37a80c782740309b7c28ea3ec213627abcd9534a9011d1f41869869d3,323,training
6,6f629cab56c2c8313a74d0b76b5dfd0862451eb994439db13720490978726e86,324,validation
6,65587dcb8f9a4f9112f6f78ca7ef831a36ea38abccca099d13c727c42946183d,325,training
6,af481978ff10fa85ad46811b1fcedff7ac1598a24cdf844fd936fd59a1e550a8,326,training
6,a804e73d8c15ed3f9009df5dded629065c47dfe9d1fe46befaae7d0ac6fd1688,327,training
6,7a157171f2a7a016c6fab196889e16d68840f72a8ab33adc62eb2c3d64cffce4,328,training
6,2dd711c2aa6fbdc36ade22cc2b2589da2af296f0bfdd025197fc7a956d2a32fa,329,training
6,357e1b11650145656bc6ef1fbf06b3af4256119c46b8f698c44e5458c8cfd196,330,training
6,db8b469526008a19d713cdc1ea2fa98ce59721b472cf089a6234b71d846d755c,331,training
6,22e0977bc822413b10a725959779f2f41a93690df9d7adeb8465f34c6d111fd6,332,training
6,4c25abbcb56b53b29a7335c22b2f5817fd7cbe3062780167b1a85d6eb69688b7,333,training
6,22fa6abc490471e22d9773669599763122cc45b3e9460d2b78361eff5482f1e0,334,training
6,325f8a9564527c41578a8e0d30eee49ee7713e919e43875077569b2218c4b011,335,training
6,86312f3034c1c8da0d6e3702d02977e4dd5eec55f4eefe4272b3a57bb5caccd2,336,validation
6,49591223ad88cebd9f82f9dcce0daca1ee849aeb7fa7bfc6cf3d6a473e77eb8b,337,training
6,894aea74f7710ad11404c659988a24923389e7c6e2a9975ea401feaca325dd9e,338,training
6,0e5ffff15ebbee89d53eed8315ebfb29a182457cb7968885387befee0c3274c0,339,training
6,ef9e9775c5e59df6535898e4f14f6661831ef29ddc4fbb6753ad4ffaad126e4d,340,training
6,b90dcb84be724d2a95e6c8e3f2ac96f9a74c64ced7d17e3804fe5f164c97e15b,341,training
6,6071e5cbe51d60e46e9e18047c57c2cda117e6aa4e93125faca08e252b4d1475,342,training
6,7374514d0f26ec90f7779f28bd8ab6e496707cd2fbd7d506fad9f201419d919b,343,validation
6,f94c812313895ed4ddafe09baf006208bb022b2a06cb116dbc79d709b4f8ad90,344,training
6,abc80b79c2ad8fb488a3b62e186e32de0b2d166b4f2739804a7a7a3baabbd03d,345,training
6,0832f41d090854d9689bbacd1db23f719d02b012ac2d3cd4124b767d7fb79a19,346,training
6,cba6dff4b43ea8984ba8c9d9933b441219986ba58e469ae9f12248eb7e340583,347,training
6,e4ed9a108c5ab3d7b0ebdf97e01d7bb51c14dc4a9ab0eb1b15200fe644d055a0,348,training
6,550a3a51133c99616f3f70153d17b6448d22313aef429d49852990e161478693,349,training
6,1b9970b761b912351363e2a8969e0b09fb8a88182303648a726d69095e503fbe,350,training
6,1b659e124ba7c2332ef80a18ec74288b21dc3c30fee8fbce8fc21669491f295c,351,training
6,b4efd170b17b8438272b4e93ed7352d2dc3a9b196355005fe01d37628cb34e8d,352,training
6,3e09ad161a27f3f6edc48b785d502a6385818bc13541a6ba8aed62bbf8e0031e,353,validation
6,dbc986585070b73144868fcc4d08acec236cf3cbf834b934a97d5565bebf0b8a,354,training
6,53ddfecbd7a8f431aac86b3b5dc3cc40a5915b12346b7b009d4e63a16210f43a,355,validation
6,d14c2e888f4e8e751386902024312a3ca79b63d60acd6dca1c05e245bdf0a925,356,training
6,6cf666121498537326916cad4b9fce791a48e9dec1e4fe1f44a1d31f4a44a95e,357,training
6,73ae8e97a61f6823c84cece60f97ea1be335aa51ee7e3ee62bd76a4ea033adea,358,training
6,db8caead16144650e1da3ff05d9ad78c3984b224d7c928ca0625c2da82385ef4,359,training
6,34db5dc56e533bb71f28d2d71c0fe8b871feaae1edda91517296a4831687010c,360,training
6,c12d7cd37b47089f3ad9b5b8186726963ffaf5fdb262c28355bb93839c171bed,361,training
6,883e8ba9a594c62b818dd0f769ece2d95190895a514e6d69d00493b46739cd2d,362,training
6,09e78e245960368c4ef2e4b1e18e26ea551b884e76b4454a3eab7c03255707a9,363,training
6,98dc8c82f349e68c94135572110cc67f9e668d3b6123c0b207ae844c5961c0fa,364,training
6,94cede75ae6ed729aff2cc9367f8e101149244cbe5dddc680ec8cd8ac91b1453,365,training
6,baf89a63776e6e14eb47f9cffa1ed554b7f455fb99d585532235394674c0c430,366,training
6,9cd93855670496c851a98158724956b842db5a5731964fe2d951930de47df279,367,validation
6,f53285364ce4bc9db88e29bfe079ba0aaa236075a475485db9b97a34dc239bde,368,training
6,8818dc05eea238e11cca3faab7184ce99592605d87b30aa3d9f995fb4f54e0ef,369,training
6,13adb241488d3658af8ad17341a6502b761c268ab212490f772821f0920ffaca,370,validation
6,4ce7c4973ed8ebc0783ce2e73f4e49b66f01259cef7e843965beb70228b9c8c7,371,training
6,2554b7808966b4a5fb5fd793a3a188fdf98c3e102d28e9a26fac940bb2f27161,372,validation
6,9fd0545e0ed62cfe7eced361475a1778d85b052d6244b202656f6baebf8f54ae,373,training
6,eb48e7177b4808a31d51db3f3ed5f1a6f6ab0f4d8d5b8d9a5f2345e2f33edcf9,374,validation
6,3e62376864e102bd47ade2960a58cea17e27948374210e10b175c4a47a1a7d18,375,training
6,05cd77b33b57a5790394ffac8071b72e3e84c3e27f4fc81092a72a97428897dc,376,training
6,844e7c3485c1ed73782b1b80832f3f2d9ae7ea64644eafa4f78562141b522122,377,training
6,411a0194220400ef56decb27e6733b9fe4a248a7f0688752d1d6603cf1a0bee4,378,training
6,501aa1c618df4108da3e15107f8a7b293b83d09b782fa3f95ef759269975dd18,379,training
6,49d2bbd0e5ff73de7f2a579c0cd942d1f0ba0a81b701f3a3c5754f1c387b21bf,380,validation
6,94b76479225a84582d4b74df21f896c659bc213aebdea1fb46c8056e643b1706,381,training
6,5b755894c9f678614c770df89c572e3fc38ed5b09e1d725d0caed5067e679a60,382,training
6,1e80f7b0a15f863616dcc4fe497332dc07a39d7ef28e1b6e121672c3fea92175,383,training
6,4659dd565a91d0f8633c7dce20c9b21dbcc54409788ec06b3674ee0ab7dd2f0b,384,training
6,d2737ae5ccf818311a7582b4f1c257345a9884f7cfe4a4ba6e6d8756093a7a3c,385,training
6,8ec5b1741a3757d64d81f486861918dff8569c7b8960c8e61dffc82ba2488d57,386,training
6,2767d97f1152e2c290999655ab1e69e9101ca9ca700e7acbfe2693382c57c879,387,training
6,b770caf5aa87b078f83607b4a48bfc2b94a41b713b5577497ab867f25f6f9bff,388,validation
6,51d5ab4f280ad2f5350552b156fc04ecaf53faaf7949aad4a1af7c0eee6e7c36,389,validation
6,e416f3a8d970de2c3bef936648fc9151e9a3068c5adca5e0c4ae30eed334c070,390,training
6,61e511c99a83e5e87f9ea26780fc2b968a40f00ccaef5d79eff75acc7ed3c35d,391,validation
6,9990083e7ae988299fdfa8d79dad5b8a31e72e072c371ddabf9fe1fa69ccd521,392,training
6,f702503e08157efac977a0ab85f1519ff91b549ddcf6a8d0a231a009e23b656c,393,validation
6,cce26bf6f9ca143fbc4b88293f75509ed1adf486218aae7c247fffb421b811f2,394,training
6,ce33c0bad6d4f1544523a2b3627023a3d066a9931d314e4296aa5a7b5718b6bc,395,validation
6,e7cbe194babc5ee887865be822694b0fa0b406051a71bec09f18f6b36667c4b4,396,training
6,a29a218cd25aab9f6f8f633b24cd5fdf9f097d3f9b14cf6e096764688dbf6560,397,training
6,77c05f9338c01d7ba05626c8fca6a638baabd90ca0eaa58ce3f254574716535e,398,validation
6,61fd9a69e8b407ec3b770dc030ef95c68e333e1e409ee62211112fa9142edf12,399,training
6,cc57a21b01be6b24dade0c6281919bab577e8fb1a94eca36dec290c5f8a4f7ae,400,training
6,1f72c4d59f303f6a59227b38f0d2989a2f9f535f39dbccbf6056cd9f6ddabc53,401,training
6,47a1ca005c0aa48655a7ea151d15ab4673cd5b2a65b8cf492216c29cfc164988,402,training
6,a7e62cc63900f1b6bcc4261fbf8a1d37972999a4ac773906a615d3b3f5c1a691,403,validation
6,34b6569a9e37902965f2e34c8cfeb1f16386f7cc3a9aafcea5aeb167732a13d2,404,training
6,7ce1d6beb4bf010ad51869b33b841633b187a33453aedda85e405044713d458d,405,validation
6,ed10f418ffe32f4f517ef3dd852e23a7269dac1225b25088d6c7dbd01f839e64,406,training
6,0e4f279a1c47aeb6f53357a5e5abab4b741e56790eb1993cefa14dc184a77519,407,validation
6,fda9a610a6bba0cd0137441c54fe58a38d213d68f3deed9ca08f2f65c5b05273,408,training
6,fe41307c715dcae2a9ce727970b60cda0bcf496f8034b466827c714129f5c4ce,409,training
6,e958d35969987883bebde3bc2c6ed6d4ac89f1996df2966353ad841848c54f18,410,training
6,a9d8919eb367307af53edb33c620831a513a9a1fc1862ee7e0b9c000905eebdb,411,training
6,937cc36efea8a6de8127a62b892885a6ce21d125d181d6aa17815944286347b7,412,validation
6,e43dd854b66c312c853f32f8397494985ccf7af5a72da5d9a5b93a274c0aaf60,413,training
6,f3ad1dc58b27ff741f9104c9d0ef7903dba9e1a40f829dfe8647dcb566dea5c3,414,training
6,b338a27854eb54df9405403157f145682ebffe7697c2d80cddcf1f4f99824d7b,415,training
6,01d2f734c98f314381080633ab8a0a9eb54665b2e242e8a465538eda778d5268,416,training
6,5ccbe45f3a99db20bc054bd04634a3f0b9bed1b4161acecf3b8385363260adc4,417,training
6,1484665891e9120b65f672f27015b04f4c4f34033f0f687c08042e1549de85cf,418,training
6,55756a1f5ab1ef974a97d8346d32d015a948e8247eaa12dc9985a5081cfc0030,419,training
6,3a4ac9409f6d1c184a635798f8e156dd079d472d17a3e5959a82596d520d8836,420,training
6,1001ea1d6b3d9e72350283de6ac5c35c90db7900cab27409265cc44c99dc2932,421,training
6,e07a947d76c11ab909fa8b2c7bdd07d6a6eb4b51b765958ea2d30124c26b046d,422,training
6,d0942ce3d066e90eeb97db4a8455f8e0be1af04ee68685b5241df8959629ed5b,423,validation
6,d27c14827dcd4d41529ee879f99f611eb86c195af0d9cb617f90a6b598818d30,424,training
6,e043391b1ff9b06ee18edcb6fda37af018fcf1385662d26d7c902971c70720d3,425,training
6,a565233fd6c8269b78bbc5034738c60c45e10b7701bf05c1e54ac537eda8b6fe,426,training
6,35a3cc21f72c273ad9ca94949e41e626cb6b8cf2d121c306aeb7657246f8b654,427,validation
6,d5de78ef7275ff48b918c9d4451de3c7fd716a4f9b2c70723d45a3cb6eaf0668,428,training
6,a77f6919112cacaede7ff17225a6289f1c8eeea8a9dd3047b6957a0403ca1c97,429,training
6,fb1d5d34e43c36bcc4e37b4ccd4ecc8a3d5369b1571684edeb84b8c4a8730db8,430,training
6,3e767d3f68931eef19c40973e39141c97281fbb4d95f624d5c4cbedc55391088,431,validation
6,a396b9d59df1652759e5afa555ddbd165edf8e2604311550ef05f6b5a0fd5af9,432,validation
6,ffc0cbc48ff5e6ea281602863bd4f6217dd6997011833f1cb5fe4664cb1397fa,433,validation
6,c8483ac403082fff6bef07341c11fe23a7df7dea14f7a83ab23122558426f10c,434,training
6,e0352d7a6893fd9be2ed9c8071154b7c0c55a9e3804c6683938fef97e0b92a89,435,validation
6,89bbda318f279285982941f15f0a402e2ad2096ce69822d68bab54e1f335682e,436,training
6,64eb8dba192c07679d843182e8d24c81ccb3e5692dad04d2067f804237be5f21,437,training
6,661e944270aa33b10273535d2375a30d0f89b10dbcd1e4e6459bf92ce69b57e9,438,training
6,8b96fe795d85f58c8f5d216d34b1a0467d958e562358f0a255fe14990bfa90f3,439,training
6,aae032d1c1fc4823719f426698f5801571a171978f9cea3fa582fe5d0e3e6a2a,440,training
6,d7dcd090c8cfca77c2ebb91a00087dade30ac40c75cb9d538e86b6019be509b9,441,training
6,5eaf24ef06d213b119a2cb13904c591d2fdaeff0c00e5f1ea188a704dd5857f6,442,training
6,e301bb74a7a6d86128cb1f22ef3d0aa9acb0ec4f776c6d5338e1ce50824756b1,443,training
6,b2f512583c1a0e9c6d706873183ae6cf712ad010c8de790df9b5430c61e1050a,444,training
6,ed2b00ca68929460384bd5eeff8eae8dbb0cfb8c7eac614134586dc7ebe69dce,445,validation
6,aff7d0a94526867a8f93a8ffe25e8fb9537430313edfd044b694c42bb1789c69,446,validation
6,51c6409bd9320fed52123a29d6d5d383f3d7a8ed7be047101bc8e8c5018b22e0,447,training
6,6345d07fa93d5b11e947b53733801a5816f0fb4490766529a5a85ede2e1e6a6a,448,training
6,4f18ef016715d58fb3db07677b3c55eb8ecc1646b539fa4c730fe99b78d24b96,449,training
6,cfbd673a43931be3a88ab2e7afe398792e932a5a2deccddc9cdd26c8362de71d,450,training
6,a92a32985652ce1b114b9fde77f40c934462cf31377cc24de477086d281ecce7,451,training
6,1f811cb1e05136588d90fc08585ba0787f197232a0f9e481835d70d0438a40c4,452,training
6,6769eebd460a5a1034ef1c41b821e36a663102d69d3dc0b7aa11c36483f69f1f,453,training
6,7d5c6ee4a04c8ec0f1fc7297c960a42a20931bcbc0cc82d470bd6c8bf254402d,454,training
6,f42d72cc66f16bed758909b4ded604cf811b260ff13136aa77b313b6d19451f5,455,training
6,be83a719ec7a59807502fd1798af4333b042cd4e9aa0930ec8139cacc83c4c1f,456,training
6,50a77cccfccbf19761daa716de14a1ff04de68df1ef8bdbad3c8d48f42ba169d,457,training
6,212aaae934489cb5ab350056ee4e69a0acd055d74152e7051dc51145c1a386b1,458,training
6,ddec07a7e92e066f60c16274ed49e3915d571d906e16c05657dbb11934f1015e,459,training
6,cd400999e70754e6e1ab5d4dcc5c1bb23fc597ccd1aa914e184432f650c877d8,460,training
6,52558485bb71b94288f10328ff92a02c96e8d6a396c480a937f939f97a40ab04,461,validation
6,b0e6db5a68903175b9dd503c50be36b382932febd31eeaf6880150b7eb05d484,462,training
6,b02d0fe5a3c4bc71c0270d1e87a5d9740d952e8185d88ccfd30180b1abe4aeea,463,validation
6,4c9403aad9e985723eb47634e0535203d95b58e9da5e92fa28f66bddd38c80ed,464,training
6,f07dcb15f6696a4bf79d5e69a050a31b06a5303bfdba1101ce5da226c8edce39,465,training
6,45ef282c1ced5d7511a7f79e9291a8ec67a5418b13cef8acd3c37056c017a218,466,training
6,015f18aa337cd9b54429b0863800da6724a59671c96e1b347e827de3ab566122,467,training
6,ce5a7ed195df2fc3e6bc780053b0a3b78a4fcd3baa3ba5b697b85408e0afbc31,468,training
6,416433e4c10a3498b27b36cc72674120d93b43f563d074776294da56766eb638,469,training
6,84a2442a4b4d491292012e244b8947567e1a2d38d9ccd4702a549aca6101b8a9,470,training
6,b56b2c331b5664f7f250a97c1fd192aee2795b497aeba853f60622b72a7debfe,471,training
6,6822e8a8f1262af77bc9941aa9f2ab9d3b3c21e2667d57ad2cfc3fd5c4d95407,472,training
6,6fc7ae246e10cd840aee50c4263817759068321bc8d199a2f229678ff66dfad2,473,training
6,aad5e53047a5b8fc22d0e30b6070a0e96990c4b34f8f6333d48214cb2818cade,474,validation
6,1c0e0233c9cec0375b426de688951834428e0ce3751928df9caf91aabb6a6232,475,training
6,3a0b2a1716d981e321f53b3923e98633510a5db57cbe04d1976c912da8d3a03a,476,training
6,de590f4af331149bf3b9b0304f40c153019bbcb65786645a2b99a6cb92efaa0f,477,training
6,84277840eb1cac1fc8bd90f18388a0286d535deab842534f2545343995e07c55,478,training
6,8d37ba2635bd7b5440f349a230d1e4df3f19758f30ed1a210dd5d21fb1a268c6,479,training
6,4449f95faa14525e655d32ceeaefb6f9ef4eaf3106997416e929f7552674c6bf,480,training
6,5779befecef5159e732d79069f4fb71f678ffbd384cc65ff67193e5e4682e723,481,training
6,aa1ff540cf46a4be7da92e53845db83afdebdff0b7aabbeba536eb7bdada9a89,482,training
6,39a07467c7f8d5d025cf3c3690d5aecefbd5ab406364b7bc0c5e05e6e4ebcf65,483,validation
6,f3a0300839d4c4fb574cbd51286ac40b945c8515f92f3d883c941d01f4c9d3b2,484,training
6,12a51f9291159f0c75042e95907529c796b69a5902e7d1fa95441ad63d718463,485,training
6,7dc1618496d3796139fa4489434de5c823d87c57f47608586b54efacdbb17961,486,training
6,54b9d03d8f186bcef5539f7b09469bc543ad28bb2d3ade45939bcefd081a305d,487,training
6,5e3be02b6dbd524e1da89b88cad8de5edaf5ac80582616903d621d70442da53d,488,training
6,85a8c5aa770dca1195bcf31ba16ebfc8249c43d24c7c87987ea662465bede2ce,489,training
6,81d99a046c73323c37536be9762bc8aa936b328434de437fdd039b32941ebf07,490,training
6,43b988aa2dcb1eaca0812173198cd9fbf846fcd61528d7b5f278186b3bdbdf14,491,validation
6,67125d7f393202e49bb98588d30cc50ae8738a2fdfa543a24a5f2299ae368dbb,492,training
6,4ff2ca045eef98f7806b3f7e5cc2af4e6778c9469dd151283d31aa384ea2ae99,493,training
6,a01e87139dded59a94b70c32ba5bba68f3222c0856e4e562828e3618c9fb0f59,494,training
6,7c5db869cca9403b17e39442326959b4dc2f45d59a194987210b42e7519ba88b,495,validation
6,b818380b180c45701878f7f3b420d0d5ea232a0b35f581cef5a94bd1075ae605,496,training
6,8416fd6b77a47d5a6afe3862f04e3b759a7f29233edfaf122d94769dcd846167,497,training
6,f381b72ad9d4e443b8ba1e8fb9f8b6ced6b4b769450817ff639176616f64e33a,498,training
6,238e1f23ebf3d2bac1d33affd0ff51af197a2f63eaf97aee5015e5cdb0706344,499,training
6,8c86b8f6585bccbc5124ff7374eda9d851aafa4150e589bf4cb91d669b4ca409,500,training
6,5f9a9564ecf50ee63a78eca3b2ab70b3eb78017d5bf31da36ca02cecdca100b8,501,validation
6,322370844bcf57958f5a1f15a6a6c8f817349a0c93ca3a3387e2eeca3d6609c5,502,validation
6,96eb5dc6825351bad41ce1f5420ddbc1cd6d8f3cbe79cf66bd960e7ee6353739,503,training
6,3ea9aa8b74e30398199b491ca1858da80e80710be5dcb502d1941098da9b097c,504,training
6,860fa1c8aed512b6e1857fc0172c84c59d504e3bdadd6f8a512f23340d061ca6,505,training
6,09301d2c08b0a20f750a0a1402b175b33bd5826fe9f69fb19005ef83301ab535,506,training
6,fb3206d62ac1fc36d16304e74e4d29d88b875145ca7d57916bf346554a7c5028,507,training
6,936df724e2ea88ecba2075bb9f5041a50106a1d522dd6758e64f2f7df4254c5f,508,training
6,1cf69e8f76487169e07e76e80b1e4fd8c61b16d4fe72f778d810b7931135ff24,509,training
6,5526104f97a8decce9f32c3072b8ebbfc1547cdd953ece56f5d185bd9f98e853,510,training
6,f206e1139cbd9e09337de63930d197a8fd8e271b8c9430397cd096bb4b3a688f,511,training
6,64d53d4a1a005f283d5e9df2611b54c3ca3b37c8a6e29bb2ded74424c369bc3a,512,training
6,82f862fa8d5d5adde546a28fb4e372ff1fef9606b8bec60cc3c86a9c793af3a9,513,training
6,d3c87b99d732eae6a0b4f3eb3083836ff80f78ea8d0d0b98b0b210dc3f2bfe79,514,training
6,7422f3811375a444d15cdfa47c21853bdf0143e6fe1928a30cc62b6ac01845bb,515,validation
6,f9ddad49371e25a4e0ddbf13e58354659ae6fb1dfac5dfcad3f1ff0f8e8ee186,516,training
6,90ea3c14f1f5bc915e293dd160efe083cc68dd7f19253bf67593c288ab6c91ab,517,training
6,9fc4fde1d39b7470cd2427e5daf66d6168ea994f5a9328f1aadb51a5515fab40,518,training
6,b8eeb24c9c45a4e1b808cdbd78a9ff95b912fd268c2c10db8b7d86b5afa84747,519,validation
6,50bb4b7ee940e358903c5ee18165706646b197868af3d2e22b605bb07e6b99dd,520,training
6,bae663640812b5043804ebb2661cd9be5833cea8270c449827f406d69d720258,521,training
6,c94da24d7340ad2903593aa9d02e67b0a3f5337c0e0da58d4fe82f2178ae70b3,522,training
6,f17d603b4e75d64147bfbba01ba2a809399fb9dfcba70f385e6f46b69743810c,523,training
6,aaff5d6fb18942db654c9c6d14395ce99927600befdb47816217e1be9537a3cb,524,training
6,ef42f47714f705e3ff0dced1e80e3ae6cd9cb867cf1a6c694e166e60aa51f82c,525,training
6,e24457a021878d118937134ce62220ef4cdc5da070d72872d11d70e0cf93dc57,526,training
6,c6066975e2d490144edb377cea2416a580175810ebdd479501b27610d36b85f6,527,training
6,ba3bbadccd54b5db1bad7f0860025963e7627e8e51d5acdb6c1195e9536c2097,528,validation
6,c018d9c032c559fab68337c933ac514aa0119140b308cbf159a307447d830ddb,529,training
6,a1072137a2f3b1093a5b338aac63236fdd5aa4b2d231f9332ae30ee93efcfe13,530,training
6,69af79a77257ddab67941d5131a36b565f29ea40379ae0ce345e25504231976e,531,training
6,70f0ef76cddf4347785d4486da700e13065c1215cf0657728f552054b09dc73f,532,training
6,08086be29a5399ae626fee5d00338153cabb82bdb194844b56a4166662b0b547,533,training
6,8f39515c7d81f5395ae2aa22d079487835e9c12d36a810f0ec6b40e483f12fcc,534,training
6,f8bd3bd92f783a001d2a3d3d061b81cd9ff86b3da247563afdce67caa2680a7d,535,validation
6,a54e7c68e5fc6178173b2ca156016984766deb4a7255888b33e8f01b0788e9ba,536,training
6,c794b057244e872841cf162c1c4a51c74f61c97d572714655e658b6248b731f6,537,training
6,b1b8f70b9a267a495545d1b633a608313fc75427878f5f4ce8cd63b0afe2c09b,538,training
6,3fba728f3809dc9e0d9c471da096fa99814daaba5e32a6651af11a7a0b406789,539,training
6,2e81bc963ad18bd61aa0b434239de3db928c27f5076d49a5e9a51f74a5340d2b,540,training
6,9670de7550f2cca7c911b66781222bc4cf6337ef347c65ab50bdb7664bb0bcfe,541,training
6,d29f301671951c3c8ff2401df8015636fff93c3eb0a7ab29c0097ebe45a06d82,542,training
6,370b794b8b72eaa5d19fba31830b174fa627610aa7eb185d2f0e6a5057cf090b,543,validation
6,af9ab39cc67037d02ad2a46feaab525e0f8cb755bcec1d37610b4697f0e7315c,544,training
6,3f3b16c2452964c6e4484512a2a665b667db0f517c1aa4650b902c9706f3583b,545,training
6,dc98df0fab305d7745713b693da4fbb0d6dbb1bc2dc1ed2170c420b824d28421,546,training
6,aa12fcaf3b872140ed085478c5d3aa65b3ec2c1f44aef27f390e24b041a23efa,547,training
6,e1c691aa338d30f7b060e2abb6a0d41229acfbc4fa59cdbcc777ba218c96ce5a,548,validation
6,e6ca9298cdf88846ee4dacf9ac47ab622743a7dce5b0f03b218f46ed24eb5acd,549,training
6,621ef10b6c809da69c01c565d915729fc0fb68706589431775762d4b5e6bb8e8,550,validation
6,6d6b40613b6ae8cc4b367924cbfd447047eb7c4f2a5b4e64840a982cd3266098,551,training
6,639c1a87acadc19b47b4745493d773cc17e5fd367eac6100b12f43c42f99ed91,552,training
6,9acf7ee21381a5332fcbd4eda77a50ee2a38d8fd6dbf9329da173358e2899c27,553,training
6,0a1f592e05df6ff3fa1439c722defb5015d68100e88132ab8a790b8fd8d20ccc,554,training
6,68ba93187820769beafae3ce7001e0a69421acb57b5d9fe6c63ecb5fd78f3cd3,555,validation
6,ca2d5a12af85a705ea96e85787a7268c97626fb69a173e733aee79f154a27949,556,training
6,8f73aaf8d8d90307a6643e41ed3058b12f89022ce46a2bd4a15778bbb18b594d,557,training
6,ed018438ec852ecc5f87a1e696ee40be57eed5502429f83ee36b0f6705a231b5,558,training
6,ba59ac4b70e818f9a48e8ddd17ebcf217c1ac1a2a25fb43e43ca47a1baf33620,559,training
6,b2e2a2c2ffaeaa42dbc2e3d0196b4114b50d2550c3d2b7933e933290908bee06,560,validation
6,4e2da43cd41af02070c917c2a7d4dfac3b9daf246fddb2eafa5c9d343bf65355,561,training
6,d7ab0592b2f8b985fd420d515f1005b4ddbc805a7aff0da3ac19ddaa067b0ec5,562,training
6,78614c329a19fa392e74e1e7714b4a54c582ef00dbbe85e4b10f1a29fc1a09df,563,training
6,161600fddaa0c50e5356e79943520ec1663a3e8ba8c21c93f8e7d33ac8de0d7a,564,training
6,8ec32ae2646ca428242f26c8a6825eeffb28d179ebeaf66f3090533460a487e4,565,training
6,e68fb958b733ce67ecb5cc6cc220a7415331158713e6d251f9cff07809e1d3eb,566,training
6,804cce1ed82e8d2edc9e838afc2ba2ba883b981883e2ef4fd4bbd02ce20fc1fe,567,training
6,44aa691cf11e262c1beeb5fafe61be82e25fca5fc24739ea2c3bad8fe80419e3,568,training
6,757087400b1dffce9ca7160c4ee164afe11ca33dbe99b92c5dbd3b56ed6c4295,569,training
6,4851638aebe4e3a6b3d9ae6994217eafd3c4b63d0f1d5d7d232a5fe69a35f8d3,570,training
6,14e131d75640dc163c74414dc8a9ec809a2b98cbc290ee0f950c6911a549b740,571,training
6,ffc83c5d04de77aab13a309199a55be56756257d31d34a590a16cce996b68df8,572,validation
6,8e5fe5a443896603589e91846fa1be919be619f51ce0c856ac143d0142679902,573,validation
6,1225cc2a9eecffa806e26430a2c58da2e6aef5ece3989f074e141322e9fe1822,574,training
6,1bdbe4496d4842668169fe865c56b6182f582464a6248b3bef33ee3f4a40d52c,575,training
6,d1727b55bfb5f1dc1996a99f45da3f31c80e509e21451743bced363b68ca6920,576,training
6,5a8d806717443868ef9be76f5794b85bf807add0b2dbf8525618c7cede2e6c3a,577,training
6,207fbcad3ec0441723083c0ea05df123485f4a6a97dd15450b99769e8453b1f0,578,validation
6,4ae3c019bbc8310f88adf8a5dd802223bb75a6ed9238d31fb66113daacf68961,579,validation
6,94fef9af774d397eed0fdb4b1a1e8afe6c62e5156ec4253559a71d8c67b1c1df,580,training
6,50b0a4899503a0a2dbf8468522890ca7a8321b819f7ecd0690edac20df83f81a,581,validation
6,93889449f9f2fd79155e47ef50e3a57da10f18f1d74fd63bb3c2d38735d2526e,582,training
6,6a93f65b6e1097df56829d5d61350512a40b9f65934ed0557e864fc321ec7c51,583,validation
6,a9f2763bfdc7dfeea46a06d426143399bfafbccb48d6911cc355b9f1f9958853,584,training
6,4002a1fa9b4e2f7d0345f661931b6b89a371d9fcd6206e1a5242beda4209d999,585,training
6,4c529589620f9cb4ee78dd4eb0915b1c8a08ba7d554a8e35b7fc643910739b57,586,training
6,4d8665ad076ea31d9a4a446d71e0157668b2629c2d20afe0eeea925c163dd670,587,training
6,afd1a7470367f275df84c12f11d2ca438490fd48f7c61342504b1fff4e436bdd,588,validation
6,64fc3f9e616869f06bc99e76c7c833fb40b5c31481d217befd89758a3e549435,589,training
6,c8a1d62c60aafeb75e26fb8bcfa0db9abf926e4a7b6b61773882d454c952067f,590,validation
6,998287e223dd19c3d49af7a625dfc47c942dd7066a0fda179a632460a06aec71,591,training
6,bbdab5944cc2a1dd4da58ecb687b4a8c26eac2bbcd55a689dc06e83a859a5f62,592,training
6,08b5be6de5f22989f164909aadf9aa0f9fa07701ac5246009f762dbf9fb28d58,593,validation
6,133b3f477ad37acbe14a92f5a3dee467540c7ba60d61914b137c213f1d0e12b8,594,validation
6,3b8f6d07f8a2cc52af5372c6e7f352f917e827fae7c677088bb05efe14dfb06c,595,training
6,71b9d03bea3fe5a44652ef21eacf416325c25109bacc50ce36d4b9f6436fa250,596,training
6,e0e424b26e3c3de2eea4b2541a8d695ddbd4c62e7ebebd0c1456a33fc68592df,597,training
6,6e1ee00e800c75f396d7dec1a5680614cb4b9f077b74d21cec67c69cd6c77b18,598,validation
6,810e2d1133f65bc14565b543713b9aa0cc76a0d890c4ca7ba4845678e915f5ae,599,training
6,1d983af7ed8a8ee35caf6419298cb68c7d81bc8b682b0aa8127efdd7d9c921b8,600,training
6,aa9a7ef09e15c148bdd4443a59f44af39ac16232bfc7570e6a865b38f19db1f8,601,training
6,5e5d0d5063446331817cd62ab03a4f9a8287c7e9d998f49a705b41e60bfcfa1c,602,training
6,c646385ffa3c3e8e56004b2d5b81fa060dad81259d5bb3895d935b8f6f636608,603,validation
6,5df60a8975fac86583e0ffd9684ce4aa26680e53ab04147bc9bbd3dfb0abc0af,604,validation
6,ee82a3099d3a6de96c2c55ad3516a253ecacc20aaaf79f0e89f7c17675855639,605,training
6,066d327a548754ca8589e282420c9fae3f90d5addeaf9cca6747638aa2121e35,606,training
6,1f065dac14cd16f9144c153af04894f722fd837a39823c322cc494928ea6b44e,607,training
6,071d09b628044a8abfbfa56eba111cb84307d711be410af554e40f37653692ed,608,training
6,ab19b7dbaba4c042d598ff2a693762c5efff2faca8d94f32750485c6ae4c22ca,609,validation
6,142879cb1a45acc98fcb1b1acc5d046085d73185fa7f92d194eaf8043bc40571,610,training
6,5a5ab7a32af8d2e9e2bca8953286fdcc3033be3ef87c6a7b3676022e4b331596,611,validation
6,f1db600c56205fba9ea1900bfbd54bd8ba517bf115c6534be44d6d37e2995eff,612,training
6,756dfcd499602e6e4b7eb24d8ccf99623474abee10c0338c82998b2fe8167396,613,validation
6,cb08917e8da92f0f8ad66072e38d070edd40a389644bd4b38631cf48ef5bb48d,614,training
6,35fbabffc6e0cbcbbab1f987d8626c7103dd6f0c4667a1a729d41463f790966f,615,training
6,b51209a05dad7d943bbff79a3a86bdaa1d4e0b5f0deace3a442b2d65d5ec1977,616,training
6,1a655fa0e6fef002bd6356c1bc5a284e2ecf0e1cb698b3985d195a285c6a231d,617,validation
6,bae064542a3e4580c9bd9dc59e3331eeea92c4186f504c003ad45c3f1e4d8731,618,training
6,86830be12081d58afb883902122b6b423e41d3baa0a0ea41c7a6ae2607ea8457,619,validation
6,f6c30166acee72d57588fbf59f5a14d232b9c995fbbeb58393904b57dd1557ec,620,validation
6,2f6ac99b405d8839e1e2c4f961d01466a0a36a44aa424fb200075db0be90c5c8,621,training
6,ffa11bab6ecb43d63d93d7a9ef001f8f0e9bd795ac1ac8cf2800f831a5a81275,622,validation
6,8c239a4223a54884305ad84b64ea7bf9f6a3030c7c1eaa31c2757710788bed61,623,training
6,2557fb2e1d1ccee2d51e0c0e04d86c4be7907ca2e2cbc2341f3a2dc8a286d877,624,training
6,7797051fc8b0b4f1ebb65a299feac3f5c41f7b31f9fd47c44ee214bcd4f7f9ad,625,training
6,fed91697fc43722ec0551171e26f71c4483f21fc1c6057db3715cd2d581ce9b9,626,validation
6,14a52fa750506765537f80ab34ce3b231b8a3b302e8e3b22c3f486cd9cd71417,627,training
6,92b0fc1323590f42b310ee6fa861431a88c3ae868b04817afd74e2f564c02837,628,training
6,283c7a0fb5b940d12ca4b3ccc68f3e8fd3eb5eb4bc4ccf76829d07c58824d318,629,training
6,5f854c42cb14ed66e711c84b97f03dda38ec08103cc2d69db3b29f54ec943947,630,training
6,627445b11d564c3659639ecc4a58d6e6077baa22ddb0715024d5684685848f8c,631,validation
6,88133bfef481dbd4a9c6c4d531814f8415f202bb5939fc0c308a445a32284542,632,training
6,9e77899107abddb6b26a70de1ee1364888adfdc7868aa47d02cd6e7e8c32cc9b,633,validation
6,0c5f6a28821254625d07ea9166dbc6f63e6aa5ed8dea13a5f418cdb2ec960eee,634,training
6,472f31e5a0eb7e3fcbebec8c5e6eb86419132fe2b47b5b4388948be1d37e802c,635,training
6,14f2a1be43718c94343fb5722061ee6610487a43c20c1712d323061334899d18,636,training
6,02dbcd6b5a9d197807fa2c53cc6d31df0fbb56e6eee2b8e6c06512255bae2e8d,637,training
6,5a8874bfd99c51e00af8a7829a4cc6fcdc41e9457ab848a26f48bb86c4865546,638,training
6,a69223c53b296b2f176966985977b9d4aa7a007f1041e0af96ef7f730effb41f,639,training
6,b2da1127ff5f5003e66df47e62a6b36d365a0a509adb25013d81e859bcc5d728,640,training
6,2d37af5f7aca2016ed87c910beca4f979fd8126ff2f295da2de7e6bae784f0cd,641,training
6,28d6b3e66ad5ab9b5afe74a72873fb26234c75a6789ef011f23bcdaacd06980e,642,training
6,bd462b12dd157d5d84ef74e589000be4ae24d62c66f535ff04dab9c6218c2eec,643,training
6,9c71fcef263f49de7355a8ec1164b86ca7766b1464d1d1069d2a56225a329926,644,training
6,a2a47f555b26bfba308841d09ca6a1096eef36fc812c85a7ea344213402a762c,645,training
6,eb2a01b3fe93e5cffef5946a93899c1641e94869f9de34dabe1458393a636743,646,training
6,c8ecd54804ea3f8aadead2e438730d687c8d7b6a34687fe2078f265ac981685e,647,training
6,857f5085561e07ea07d0f7538aeb7258655d9f742c9bbc1af6ae9410b7704681,648,training
6,1ecbaf25e77461ac4ff82acb168c6ac7ab2c0f55789e839bb76c44e95442175b,649,validation
6,0c03822b16143a520e1d9ce2066196bc1234616bc76159a9bf99e73f2cfe7a18,650,validation
6,86025e13bfaf65afb7dd20a7fce5c90b2282215facedb56a1f9560340e8c4d34,651,training
6,df0cecac73e291478357b3d4cf56dd84163340adadcbad14c3c2fb8495f721e1,652,training
6,d602ef8aaab661380f7881dc1df38e41b050e3a7b9a8727df897f648520d23a7,653,training
6,9db6e8d8d95aeca5ecbb95808dd60facdcdf4dc43cd79c078317a33892f51c51,654,training
6,c5c27ecd93134ef4148c6c06e754c6651edda0e70f62a3786e5585ff0fea4e8c,655,training
6,240e4a3d25e7d894043f4394c090c36787435a46912740ec2d0ad0ed7d05635d,656,training
6,37014565bcba2c68d394f4f330aa916c7515f3da2a74fcb1f176c90e567d0bc4,657,training
6,5961ddffb45ebe981a2f90bbaf1cd6f9fb9fbf6fe1c8576b6f05b8317bd4bb16,658,training
6,cc61fabde45baebb7d62f74321a4df5fe05426e148b867d2ae7224edbf563af5,659,training
6,bf4d7da169c37b949dbcacbfcb194321e7008b23a1147e73d6844b294006409c,660,validation
6,9b23041fb250c67b47c800392522eed16ed42e20bb489d2b9814608026585c84,661,training
6,47417d64d688c63690f6cf0d6634613d547e6b4693b83880251b0be3be1ea8de,662,training
6,c46aebf3f99a3580a31c37ad9d0610bce1120c0264e4830edee99fe8db2941e5,663,validation
6,c99da6d7ff90675e6ad58033343658bf5da289f8dd9d6fe2682b80294cdb8e92,664,training
6,3ce82bbd0dfd90a330cf9b5a5fae49c9978c060274b3189abd44b14e34a65d28,665,training
6,313d6a37735efe3b3e9d36150e3e18526777ac72a3c6c182573ca654602c1c2e,666,training
6,211f391d489ee071a88d121a6a3bd3d8ab74f5ee052e1f9da51cc6a753edcf57,667,training
6,fc86edd966b831257bfbfa533c072741a60cce0fd8b173361682a4772048425f,668,training
6,85af0c552ee1a1834a82c3ce09f30de44a8f2543632508e294c2169a1fc91833,669,training
6,5af27227e55e4dc3c6aa56e6717e6f2b388b8675ef3a4f20fd1292f6f47db83e,670,training
6,8a08a7dec25e8c9b63ef9c4670164cb93baf40fcb4d9b2e96fd3e880fe97c4c2,671,training
6,2bfbbebb865f5c414b695ef7b30711286d00c2384a00cdcdb5348877cd4f81f5,672,training
6,aa895302bf42f23c2eb0224f590fa1200b485ee6d8ffc304cb3ade3b6e4ab2b2,673,training
6,609e2c20d7d5020082bbc875c4b3fb7adfcd14f112fd1af8ca073ae4b87b2c5e,674,validation
6,977f645d66d9ff7102a73b4947d755e28bc2c6f39bb5da3a418dff00c6740bfa,675,training
6,f65d34aa019ac05e9ea2d612d25a0d6c93a8cb3edc5cbe0b3793bc4a6340d79a,676,validation
6,68f83ec567990c85155915a77e129179f4c4f3557f90cc10294fed66a7455a38,677,training
6,eefd48299129f3b18bd9bb7e1a05feaed12b76cd77371b2c6bbec2def97e911f,678,training
6,285a5e0ffcb11ec2812dbf1e7031901f3e2b74944416f34314dd2ebf205abc3b,679,training
6,75342934fd1cfb672d7c254abf1371fdd47f76f443150bf532b395d2cb91c966,680,validation
6,dbefd93fc3fa2c70d5070d79608d03613290b04fd2866da8fa7d560e6dc1e2a0,681,training
6,7539993e3a6434019a098e3160116b3ef4f882e6c6b681d5e132ef1490a4b183,682,training
6,bb0becc04a351806fa3467d20a577d66dedc0e85abc93c6fafde37e4dad39c29,683,training
6,915675dce61dc29d984596cbdd7386569d0cb50a23ab2381e1e648c54d3c937d,684,training
6,19ba7a7642d954695048e9b3ba87a3cafc2281b43b504fb5996f9a3d61536e8c,685,training
6,b63f3ff1bfce39d18c0474fd34b37b24bf4d292b414301bfbbdf94e5fa88ecb5,686,training
6,b041cf66016a8e4e4067221cf13f6d819ee265a3447177465e856fa0c50aac11,687,validation
6,7cba3bae8f6bd407b2d728c32b7c85008c84899bb1f282798c24634dc2ba5eab,688,training
6,a5090d5ec8428ed4ff88bceffed46e6d6411f9bf44500af6d4ce0c9b264087c4,689,training
6,7bc73925e1957a826f16a82286b52ecb7b2d7173d703889129c6017e1af71863,690,training
6,19581be2852dfea1aef1050546695cb55a2968953e06bd25b0d26f8f86f3a6cd,691,training
6,3ff9d74dbbc5e0e239126aead3542a93558017cc1771a8d0b0f209bc4f8fbefa,692,training
6,35279ab3702e05d7ce63334c21bd17aac775c4392a18d36f75b69fc9d6913fb7,693,training
6,9d86c4f07185bbe80e528e8b8718f555dc5c8aca66648c643237b24e4f9c3751,694,training
6,1ae6f477257d4729b077a8571ee0ac34b51bb24f68e1b8e873d5ded4e4802e2c,695,training
6,8948eb82d028f3bc430d7a65b776eb666dbd9675c7dba9a132ec4085ef093f6e,696,validation
6,4677f4a128f4c85c2bdf8f45128348e1baab445a23eaa7c6a34b1449ddbd8b4b,697,training
6,e3dcf3d0bff299aa9a27ffe2c720610978a63555cecaa5f1d089eb214463d805,698,training
6,ebbaadd2f7600293d1e7493fa37df8d686c3d8b5b8f5b69d23b1f1b5a7750a91,699,validation
6,8d7ae9e15df234c7956f7779704b5dcc0c9ae5cd1b4331b0c8d419fd337331d2,700,training
6,1874777cb1ef970dc0d29768605a6a2c910c857d343f70136c2540ccc13b9146,701,validation
6,e3335f5d2fd6727d56229855bea906d7f88d5510ac33b338d3a96c06a3e78a09,702,training
6,f1621c7467e4dfc744891592d77f16505f300f4a66341f0f8c7ad633130b8a83,703,validation
6,eb9618cdb42cb53dc724368984e6fdb5531e3ad5367a6b134e75de0f91a3102f,704,training
6,a5c62d740a06cee624301f94d96c728f6864c1308ec326ea4719d3a0ccae51e9,705,training
6,14df1ac84834512076a78cccdcf81c1d375c0b3f99eca0c717f5809a154c33b3,706,training
6,6632ac052b9be2bd71960c9775bb874ca90c740ee32e51e10d9bce7897110f2d,707,training
6,6c9764dd722330c3d659901794bd4bf5b7208b77da7bf72936333f40e2cc4cfe,708,training
6,d453351330c322a16c6489bf3adadf6b7c20f0cbd1e059ef7f1e685edac0781e,709,training
6,b05a04431e3a10d59d3da152f7a64ce0e916e5ba3c808072e809cae7c4a9d386,710,validation
6,c358c7bbb81a345186562c30fb98c6abc092b29469eca57955014c77e08a8dec,711,training
6,62442fc4c4a3016e4920e1c34cc282e2d9d636447f36803918131df139010321,712,training
6,fba53755e7a20b75417b7daaef62bfa1919f55f6be43934a8ecdd4c30e3ab528,713,validation
6,258a62953b3f97891fadfa89c8b3656867b1f36827172fd152555ff5c72a747f,714,training
6,a50ab2d953827bc99b9476149e84d58901ab504e3c22e54095490146e3cb6163,715,training
6,10f0214cb446b13f9f85d02a478d4539d4caceb6f206d2775a1abe4263597800,716,training
6,7bc25c27e531864a82ff81b7d034d0e6bd972e2a0b418edd3db849fee85d36bb,717,training
6,4bd71096f25e5ca25aa3b9e4160525d598489456914df86cd7d2f62642552ea4,718,validation
6,3ba57dce0169191c65b68ec9288fdba7b93f2bd2565a16f49f342759ffaf7dce,719,validation
6,0b9e11230f03063719020164936de7bdac67fca2259a06bd512afd2c7df3f835,720,training
6,5293f94c76ab9e2d6d8bc75aba35efd3351a382ce96d171ee44cb07653c445c8,721,training
6,28f5895eb8263f2ffeeada3a4d09e23c99146b8062221a3529004325fa2649ac,722,training
6,78ce2e571c2a248259fcaf29fdd95181f8e09f881b1507a4735f3cf7be1c8e97,723,training
6,111594cc24cb759bfd82b99212810a18990eb50cec05c68270bad678b1305417,724,validation
6,f700c7ddca0aacf74063cc4cab214eca723385de31a294fba6c72dfe144d5957,725,training
6,a78a39a75142c359f508f3407663c171f9ceacf2cdc4e0e1622c837aadceecc5,726,validation
6,5ee6e59bc14fb48a6e469ef50569cc5218a506566ee78fd649939d6c0a0aeec0,727,training
6,89309be17c67d27d712499f7323d7eedc12e55fff0edd1b89bd9c66fd93a8772,728,training
6,99571f0cdecddf547caedfe4cf510a435fa869e11fac145bb20b460ec1a66c7e,729,validation
6,b7ab841fb8d4a829a1a5abbcfe398601eaba81583f97df9deed187236381e39c,730,training
6,f2f71245143030b358cc9ac8726a219992c7d821a701f995cbeb052aa2910669,731,training
6,09524d09c8500be1dc086ce6b58fe74a251041229407f397a985eac9e76b5ee9,732,training
6,d453ced1fd3ea4c737f1989a648dba0aec22dbd2e5957ea7ab6828463ea475a1,733,training
6,eac8cd10ffe57aee638ae9427c73f4d5d6b9e079fc78debbc60c4b192d27b1b2,734,training
6,7cbe6c0e884ccbc6f7d1609b3acb80ecc08b80efbfe4fdd7c498f288d3d945dd,735,training
6,d355691b908e11431f2e521cd5b399c0a4caead93a6bd0b0f03f55f8bfde2fc1,736,training
6,73660788a166a90847418e6a6216d51ed536590ca08c9734cc627bada4011385,737,training
6,a5949e901add2efafcd728bfdb2e1c7ad85fb21f374434882561e90884330f96,738,validation
6,693fac70305799608b37002f166314c434e5664d103cfd2461032b9b3bdf2f36,739,validation
6,b92dad0c068c99de99d3180a1f304ac957a5e0dc004bc78f439890695f5c1c41,740,training
6,1a60c7e26d276a0f8bfd65da3da37827fd9eee6bcb7b54f1143cba5b62c38768,741,training
6,877e2e336c27a6c57986782c4a3d2476eedfedbf3061163b7851dc4cff29c73d,742,training
6,4ea6516161d8b568cf7b67127a8d852ffa6e4d8ea2f972bf0bbd47d191800134,743,training
6,026bce086508bb8a631493ea0f2d3c8c2c6e0c9199ddc01144c2688b436babb4,744,training
6,3dda4dfd78aa7a19013baad81507b702d001f04caa4906cef6deb4d4bbde3d05,745,training
6,0e5dbadf6947a9534928fcef6f2172cc94c7ca9b00c23340537521cddf3d73b0,746,validation
6,bc16e811d3894da496915fe52c28d8725bc837b4eff0fbae122781194cbd6c7c,747,training
6,ea19b5268f69602b41d80d8547aa478c11bf1c91f4022e9dc37816cd9015a25b,748,training
6,36ed919dae038b8889ffc12a41a19f5328d1f0e5a3bd7e5ed6c1b8ad6aaa753c,749,training
6,c932a1065c9dfc33f3d55e5f100b5e23c740a74d6974a5d763b42e2288ca5783,750,training
6,f838ad51bcacfd8f1a7aa4a695a8e403a518660516ac832cf1b9b848dd34d0d6,751,training
6,fc824bf254ce52e049c6d11dfa18b4b7e7d226a99cc55ce869cf9b584e82af11,752,validation
6,79ded22a2bfcbdfebd8cd187abe297b0fbf9265820cce022242e357967c8d995,753,validation
6,ac9d23d9cc952f8a55f72df8e809868bbeff3da74d85790dd78511085d2a8b71,754,validation
6,faa7bb1c87eccfd35d405d1668d36989b4472828e0db892a34b0baf3ca13e356,755,training
6,b9c0b9fd90eeb15d9c8e9c29286dc7626831294bcfb051f7af24eb9bbdbfbe92,756,validation
6,223272e0aca64bdb632e99cfb298d836ce389ee4b5896b385e4c8669ff3f6c5f,757,training
6,e1c5bbecdbdd4f0e7aba7d891afb6e7fd00e64a9acbd623684f2874aa904e684,758,training
6,b2df2175a581db2139325b4557a3cf0b00c7605ead6e4beb3962155406d81f85,759,training
6,e5abe8440404281da6c1fb6e2382206e9fb1d072fa179f83c057f0677adc3c56,760,training
6,25a8591e73e1a7a4917f21088fd67d320c5c46e7220b4622352585b5bcad3094,761,training
6,b488f17d7cde62037eda594bbf15b703cb046714d23457bd4b3462417270c4fd,762,training
6,96b422648c17e61a2677b756cc865817197347e625a02c0036205a8f805d5490,763,validation
6,36e5fc209bcb75e6d202f2dfb5fcecbd0b5e7a4ae7ad0489ea4823a1e9a5700e,764,training
6,03549cd501cb7fbaf6ae3e9f70362057a1e7b3b5fadc78ccfcd53a4ec7b17688,765,training
6,68a5ac81a47e88ff6bee6db7469cf97b534661bf5fa22d5e4edf63495372d304,766,validation
6,4518166869db13ac9f1af40e11ba608b4c6ab036d7d2d3eac6d16d30f3ee30c2,767,training
6,832de1fe9f3f7fed4587665a522c1912e743272069416b3fbf92b31857316e8c,768,training
6,62d1e87291329d2111091e95bdbd9ba9ff3c145e01c61a494b3b3c3ee017833d,769,training
6,b32ca38d0bd1cb9b2fdfcb8340f5974162b8b981e638b6a5271b68062384c1ed,770,training
6,c16ed41690fa520fee5cb41f1ac7580b4d927e7e744b84509cbe2ca77a8f4295,771,training
6,04b2e61c921e1e8eb4106c62d20c173c4d4efc488ad9990b98b0ecb73e6c58c6,772,training
6,b5fb8289557e6f7c20eba7a65b555e3064e59f2cdc37e27bcbe473ff5b2ffdc0,773,training
6,82272376ead2a62f5bc8695072f9941debd7f78a71db9c57dc98c8b108058299,774,training
6,9799b883e3468cdc77b7c55a89d45da56ed2d1803bb044b49919dc6b4b982edc,775,training
6,ae211f8aad4680bd744cd3b8ccd191e535deb83639baaef90c7399365fc0af0e,776,training
6,a443f207edc3e1c7bb61c37e7fd9a11c032a3f402fc063947a73883fa6eb4c91,777,training
6,d1ed57e9a6d0a597146a13f7f08f0364e6cfbf6d7b7d92ed1b9b394c38ae6e76,778,training
6,fe2bf49fad1439f8afa0438c4ce54dd97b075fefeca535a35d98e1642f7348d2,779,training
6,b46f48048ccf4e8c1c199d474a0f2a62326a9f6db7137379a75ebd715da361bf,780,training
6,7c62ae390929b62942e2fd9adb9b44324e58fd1bd1c5d3fcb40f2ace7c5e534c,781,training
6,002dd2b7e78c5ca481098888ad5e46b349576a1b32a3476405e346bbe06e670f,782,training
6,8b89c028614ea60fb15ef6fc0d2864b89e4901a0d5d94b6db685697e5da04d3b,783,training
6,5da7af2e2ee4dfc377a1aa94756e5512048b84eb58d48f85c1551fab99b269c8,784,validation
6,76d468e9f5848344c9e595d40bb3df9c7724ded38262d2f4c7d34bfa33550c60,785,validation
6,6efab892cf338b2a62262db08588cfd4d93ccb123002658f632206180dab413a,786,training
6,9f99554fc1cdd950ce6200db9ed8e580840325d60bc2b7e657355de25b9bbf53,787,training
6,2a784b9788fd84bcb0e80cab5d6402dfbbe2f8562c23b201e47563ad9ed73634,788,training
6,bcc2d28396aaaed20ba8ffa7f96efd01403d686f64a24cdedef27d958127c59a,789,validation
6,497c8a70b65c6aaf9196e91ac3aa464a41ae8bb05ee8ef64c7de8f15ee8214a9,790,validation
6,d6579d90aa1497eeb9d8fd2f486abc96539df01aee1e6dfcda2c4207089e6947,791,validation
6,d1dd28e292c35de0b68aa9a73862df1d5f3f5ec1871afe486b7654af4e2df773,792,training
6,fd7015344e3c6a35074c989a378e7420bf94a2e7c392896a10a2fdc932894302,793,training
6,08f8cd29d9b4c7a837dbdd68cade5140dec15bd36b87c5a3ab272a217f0c4090,794,training
6,3fdd97c98c663e1b8d44cd458352b1b1fc64c26ad5186253575704ac363bfc16,795,validation
6,fc8a3ae656d68b1a85af43bbc5358c53f8de8c5a9393e879a86f66ef996a957c,796,training
6,80eaa46b61795c071fcd71512c1ae04ed5758ea737bc12802c43205e0ac8ab39,797,validation
6,b980e75170207b8af8348ddff97372beeb012b13256104f8656b22ada4480cc5,798,training
6,5768a145c09fb15adbfef1660cc6e9c2b01e5935127a7b030cd24afda22f3050,799,training
6,752c3afd3647c62deaccf185c8666fb4a4b0d1f419761207b1ceb9b5556971cb,800,training
6,736d9e864f23666bc4dfa462660dd6fb51a2dedd5ff49ebc63c2673dd8a05ad4,801,training
6,edc66376fcc711294af005bc0c83cd768e5580511bbbe28d2fada4ff32c7f3a7,802,training
6,32d14f57af796ac503e173ec7c4e8adf270f34f83942d20d7a52c81c40993f4d,803,training
6,5f398a7aefb6e012ab013ded050f393db58f285801b1acec5dea7bfc0a633116,804,training
6,66bc1ab4f57bd487edb7501c6368a63d52be684db9abeefde17d16ca87a3aa24,805,training
6,61a7977cd7c970fbc228d9049b75f1d9b8727a76ec5b770754d5db8c73db7fb6,806,training
6,88cc081c86abebadb1dda42930748da08ac3f45966a9b58491004b175c28ba5c,807,training
6,11b1cb09cfe6d42ee4ac6b99a074ccbfa470d87b993f987715d3b22f3ca5af76,808,training
6,b84594155fe9f56d4d6c1fdaff041fc2f66efc073a2cc7c3e0212da9b3d8a377,809,validation
6,a3263851c1926cedad974ca8d52a94595ff28926621f1fdd1b42aad042360673,810,validation
6,07db4d2c8ce5d28d66717d1d1246a8c2c25d00a5799c00e595327146df97487e,811,training
6,7229b06e057ea1e27706b414db7ddf155ffb3036b154b618c4e28036fecf111f,812,training
6,728900fca2377f3a4c4ddf324ac5edd2d42d31c11f25ddb69cba908f22a85d1b,813,training
6,aab6cdf76648c5c1b462cc6b5c988afd808e8a64c083a287651173e53e10a845,814,training
6,46ffd1a18c363e97dea4f2fdb66429c4c82aa7b45113aa718e96394c9e3f4818,815,training
6,c664b2897d6fa8c0b76789e05c8ce73ccca504ae651c53af122093e3f0dfdaf7,816,training
6,188ac6118da7f7591aed90684fc263320e953e69f8a3677a8f84f775872ad28b,817,training
6,700ad983026efc8513d8e462ef286df30040d071eeb7600a792cc51df2fe4ec1,818,training
6,fa8c9128bcc9ac3ea350416d9feb23f3974a12eae56e5ec88a204c888bdf1836,819,validation
6,2598bfe71a26ebc3be276df8d4fcae45166b09507dc7ec28c146b7e3b39ae13e,820,training
6,6d3171930e2a325a70c7c9ad8cf74323054bbe996d2e2c1531f49d3ecc6431a0,821,training
6,71d0f0c006bbfd9c02b55880f9c5da25f44be9bc1a62f69801c33ac5ee94677a,822,training
6,507d3c51e576004c23b9b7bc3adedbd88f6097f06922c9f71f95f3dc30bf4f56,823,training
6,1237ae1fd4bf28687937095949242348c9701b55eeedf37f470858464e356755,824,training
6,98b8ee29bf6fb66868d02787927e8d498e2d5c3feb4de359c55ccd275ad7160b,825,training
6,600da3127ea355d3eb9ccf0adff284cf2951e10846d9ae3d9dc80f4d1b796262,826,training
6,3bd4ddbb65ddb307bee4e7f5fdd59c440aedecb61a8cbf6cbbc5dc990b5976fa,827,validation
6,77445103c972b6af0aa0b3cdbe9a6ff15893c98f3f4304a5fa8217bef963423c,828,validation
6,9f1337d117b4dd03d5fc2d8a6846ee46662d07fa54411d0fce72291aa4e0a62b,829,validation
6,940007289d96780544f587f4e900e49dd3253525de14476a7ca96a4314d5da05,830,training
6,5fb869efb680504ce3791be602423a98d33b5c29316644e2750de6cec8468f51,831,training
6,3b7f5eb51a9cfd5aae9f405cc835fec2fa49ad299f44f6ba11500cd156a81810,832,training
6,27f9f5c98f1b48be002b25083d82c763cfd6397d93aa62a94766c1642e29da3c,833,training
6,f60e99b83cdafcb34eb5ad6a838b0be2480039caaace4de77afa9d1ae735f47d,834,validation
6,15bbab5fb55e9ece7e557b196328adcb16919988446b220bd82915c0cd066811,835,training
6,719fe3730bc9ee1456e953c15d5017f69e5b21645be67daed70c4ad8b412616d,836,training
6,f777b003d76a657e004d34c889b495a20f1558bb132fe3deb51a84a3a5964ef5,837,training
6,17ab01285759214a36540ba839c893f7801bf8d79ce02e5c52a458aea6c68946,838,training
6,90d3a12a7a38720e417696baf2fbf74006661cb4390c67717726f6e4bbd099b1,839,validation
6,eb086d7c1cfc31ec42c4e258f7d89786aef5e24544a380f605bf446cc1858ced,840,training
6,549cd1f7c768ff522aaf19487d09b4f5dd1be703f06f7b26b5c01b2d545d5a0a,841,validation
6,988078a2089cd4f2cb7d05fba083f6f4759231ea1313191d104fc81decd6391d,842,training
6,85f2715fccd0ee6176421cdf3977a751366092cf816cacc29295be6cbdd64895,843,training
6,ea66383919c05f22d5dfc9ede33055279f7e6b9eb7974504415d90e3c467d08b,844,training
6,0da6d700c314d906347a85feac7db4d789f9f63186aa002f68f727f8b4fe6583,845,training
6,308e111bb0c430d1e1ef306ae4f68a279ff6e14fefed971749c9df3b0be3e5fa,846,training
6,63f68f541a58acab494cfcca654fa3fe5577d4e30d124be7e276e5a07eb86aa2,847,training
6,4ffe399c21c9d44a74c8f4e9874eafe6016706b6e0dbdfb1b8b864cb4c16298b,848,training
6,e4784bcf22fdb1cfa079a654c028a9019aa9416411f9183959f3d759553c7760,849,training
6,4d500346dba31afacaa30e50fffb6cce55bc3f0883587d3cd6a3e1987997991b,850,validation
6,20f3183dc501ea7c4103518a57fed3f99079df218bb8078692d1892544b25ea6,851,validation
6,7cf931ee234ec2753d88780209c9c87f5a664fd127ccbafa8ffc80c8640810e3,852,validation
6,bb19f68e96e094439af19a5515acf3dd5e16d41961203c58bf7dba5a87159042,853,training
6,59e3d5b488785d0256a827658230b9450b8c83a9947809081b4b36f284b7cf1e,854,training
6,ade8e7aed8080fa0b1bb18f6fd3f33a59592776c7aec2d11a7a59ff5be707a41,855,validation
6,2a76ffc602e3de280eae5db8aea9b067996d85c51abfd61abff964dc19858987,856,validation
6,6e4420f52160ab36763774b8bfd10ef42c7fd80c9a32ceb3f509799306d06df9,857,training
6,cb4b33533c73288080dac66cb51fe7817780ab25e2a03395a1218dfc6a563d77,858,training
6,d16b74f1506caae5214ea524ef830638425bd79324d0b4c170e8fedff6ad12e4,859,training
6,7aa31e427ddc2da46ec6624060679df360affdd1f040ca2b3d5c5a90c4c57783,860,training
6,f383fd1ba98e7f474d04408a1ef2d65b6f2fbfd14c1fd5fe547a4b4926bc56b8,861,training
6,02898c65f3cfcf38eaa0053dc33c35993b2d9df97f2b82f34e9df927188cba1c,862,validation
6,84dd9eeeb9f2ae7bcb0c906640c3f654ebb788eef7ed14d59271d797c1ff8efe,863,training
6,bc86038019a713a99c5c42e9cb752352ea0c735ecbdc555389e3a5ad7f680682,864,training
6,804f2cb49993865f97da3c7d8d5e4618016439feb9afc8818d9047e17cc31884,865,training
6,3c7b8d5dc280fd4782ca64112e5b9fe81ead952b4801c5937b77b2d02915ba00,866,training
6,7604cdd107d32b344af24269ad50f6dc93825fc8b4234dffb822615370b590e3,867,training
6,f7e73a181ad9dce9fac4956ec2bb9653ec40c63f00478e3996f3be7dec6d362a,868,training
6,68bf215a5abc3985b2c2399292b676851d383fb521f03d567d6304ad87cf92df,869,validation
6,11e664390bc3292d27f5c2fc2bbcd251f2ddbe2affe4bd2aa2da58071cfecc05,870,training
6,c2f05468c0da781509c8f51841194181bac74d87e729766fbc3e0013a82ef028,871,training
6,ec80bca97dc983fa730fc5fa4e19295da2d9397648a26e6e817dfbbb5f2a5979,872,training
6,d30426032628f4452716576f73a48dbda93a1ed9e9f9e235516634e83be48dce,873,training
6,e5c0989c862d9a42e6b13d56916c8b7e2f6db039d6bd3b284b723016f9332719,874,training
6,f23e545d91379336a00e59b1057a56c5f83ac31b90ded336220cee0182bd29d6,875,training
6,bf07cb1b83e0d621e51f81f7d1c96f715b31d7bbe29425c3552fe16e1424eb4a,876,training
6,11da476b2970a5b11903d9a71627e155b646f3a8af3a8517c351c8b948926a2e,877,validation
6,e27c43feb38a70d47f0407010844c3d7c2ea2db440716578924b23f8aec7d4c4,878,training
6,0b99c9b89befd8bf22b55602bba192e13975f91236173a050f9922a1b0c97808,879,validation
6,6402bc73bcb4275dedfc612258661c297bc5b0d6d5238d7dd5778b596838b10e,880,training
6,9df66c37dc507dfd94f4bb9988fd5781c34c3f3d75fa33ee2c6cf91ce61aa56d,881,training
6,ce35d675b4e4f0e44f8948ef161b746fe410bf64a5a00446c7a51d8c9de4bdff,882,training
6,1b9421937d8b48cf3a244bba02c525b8dd63baedd91cbebd121ba1863560414c,883,training
6,7408d163da43fe72fb448ea55dd69c429cdb00c73af4af6bc7cd46a5d1ebe792,884,training
6,6bcd989768e8eadda9f99c99747ce0ac182ede87ae34151bb33bc7aba7e7c396,885,training
6,b985bd7f029380f52dde67a28750f27364e6cfc8d3d8ec2d4e01eb4336e2b966,886,training
6,89bd74b569dc0eefb70ed2d6a81f440012c7928a281123b87cf0f64aa267ed08,887,training
6,acafe20b13f63a3516629f118301e90c4b3df2ba86e531bacd19e52fd016bb9a,888,validation
6,413a4c6b0ff88c01f554057413547ae75eb8f66e877214b4154cde84ce3177e7,889,training
6,4c3248867a424e926b298c074d250c19950201ff22003da019be2dec657c7ffb,890,training
6,0cc18278dd07cadc5bf318d03fb618593e11abd9368425acfb8715008f1144ba,891,training
6,f282d91f7af0b9caa768c4401d950558fc9123dffc9a45831ee79acb52487274,892,training
6,fa5d77c0ecf4fb70b1c36715dff0e62e9afb3dab52c6173f4860b25f8033e713,893,training
6,312c2aea3ca53e4e819efb3e0ad68928afa51f927ef54f0fcd2a74f4768b0a18,894,training
6,8a1bd5c257579df7757230b7dd56eef1a1115e120fb7fe103c4ea80fdd6f7b83,895,training
6,c1bf0fa86f9e6f354742d740e265899c94d25509f9291e711d743f2b958fdd2c,896,training
6,7b58422ee09547510e092d1d1149d43bac44101953d4457f9bcf6fd37fe966b3,897,training
6,8939a5cc267faced44c07b5c8e132b6df2eec394a5a88bd546a7345ec1eb22e2,898,validation
6,8fda745df23f31921bfed675688b468225776ce38e14a312a0cae6adf6966ac3,899,training
6,37587f35b1f233b615a1740aefffb6fb027007688d634b21c236b7b2662e631b,900,training
6,38cc499ec479e1eb1fbc37c07ddb77b9a27b7fe2bd32515060766163235391ed,901,training
6,4292da22a2db67b2a31dd767758fc09927f8b875e62089a2fb9d056256309a6e,902,training
6,5786061d170ad230af8812dad254ffe27cd95e77c34a940f16cc5e233e30dbcd,903,validation
6,8f358f0e469e2fdfe2e8cf23360627f4da0e00efd400b8467d99f8f1f71ed7f7,904,training
6,eecf3ab8040b7ef99483f9c49ecb3afc9d539bb8d4437200b34086bf09726927,905,training
6,772716b8c4b01225cd792922eab2dbbe52e42774d448d9b5989f2e3e08a59ccb,906,training
6,0c961caa310679289b4fed8a60c1ae72f7d09c41c58b35709dcb9d6bd68e8720,907,training
6,0d82366edc936efc01cdc0ffab4862bd7c40a77b9cab9ec4fe82a2a5c31817e2,908,validation
6,6932cb1edd4257654cadaff9659937683cfca7655e99e1e7ebc1181c4d7d9774,909,training
6,36f56b54711b229e91d52f2630706f07436ddda1255724431298ce916b8e081e,910,training
6,369a9713a383a95f4b1c90796c40a6bb44a414e1b0aedd0e7046bea68de74d30,911,training
6,77951648b3827ad3d16c93960d97bc752ef17d7b465c3b53bafa5c006d9349fc,912,validation
6,47b2823e46eb853cc0ca92335914403c0b8969c86ade691826e56d118a2b0313,913,training
6,80051adc75bbfe801e0ceda52558a9fc316016f3650dcb38431b1387cc5c2ac1,914,training
6,89af27a32da4a2b9953e275909405b5d6a3bd113adb7f63fa75b6d1e938e67da,915,validation
6,8025ab5a13dafc77c2d58c66e428401b08b6c412544b0b0364384f0aadf4a7d1,916,training
6,a7e74e217c248f0dfb1bc4b52b7d4ee7ba5c9e8fed514d47afda154e8e886bc1,917,validation
6,e1cfeacbf057a081be47fb9094761f27b2aee4576c4d02094c1860ef38dfff0b,918,training
6,435d696d95fa73992cbace21e90051a9b308e60d1bf982844153690a3a67966d,919,training
6,7de3bb72f8c8c64563336fbd8c548719953f0f14255e8b39c7ceeb75370f429f,920,training
6,af9f2f07939ef4960226dd46f0bd65d97bc1d05ec32325f481c3a9a7dc375c4b,921,training
6,8ce38cb002e200804fef9db898dac0e49a1d4ded8a176a880c8e1bf24b53cda0,922,training
6,1f0be98c0f887fc50df85f7cc081d7dc72c90f26c8fc1cc02a0ac5e298889561,923,training
6,4522d0cd03ae381859690c6c16217a0d970a556b9b3f20ac49c13f09edc09489,924,training
6,c26177bd1f073b88e51c16d0a4ccf5c1dbb01fe53cda92b95e7caba8dec3f5b2,925,training
6,d0c2b63106c9abe5c6800b150f47b34101c4472b932cb71b269f4dfc473eb33f,926,training
6,0226bbbbf4724ac2d19cd0ef6e805e8341b9c42cc43707cbb4bf1d849e2d25c0,927,training
6,73ffcdf95f043875eb3175c7c0356ddca1d779684dfe5f897a55136a5b290bc2,928,training
6,bd686c642335f03649a07a1f845826776a3cfad06f3ce8387c8cc337fbf735b8,929,training
6,010bf0d4502c26f41a8193bb1c4551b0b350b597fdd57b343be068b2c458b286,930,training
6,d3693d1ef147f872ffb0e7c3f1108ff2a5cfe9bf0191aa15500b4a50ef2f57e4,931,training
6,24b32b74954ee504a12b61b26271afcd2baf3bf7c04c168ce469e4417301522e,932,training
6,28382bbbe3d71c3ead21f8a0e70cf5108b42be98c9de751c78b4af09fafcb443,933,training
6,68cc1d90d75f3fa20565c0c78fe3e3206bedcac7fe90c50bbc30426ab4bddb0e,934,training
6,7a2e81a5850aa6e05834664a0701f8f3e919c74903d134d3d7309cb27ce7b320,935,validation
6,1fb70b6c9b10a5d9baa8490216b79401ec3ad9876f4ed9e3f5aee2c995373cd3,936,validation
6,13090028f7ccb5cbbc2de77475bec747c04a502316aa112cde59282a036fe71e,937,training
6,fec724a07272445c7d4c8905e68629eb4e9e8d1c58bb656db99a92a49da90636,938,training
6,79d3414ef1afb3090938521587066e36a01e261d225a818571cbc2db04e15136,939,training
6,78dd7d5ea99131e1a80dc61fbf6c8a78bdc0ae0382b4c22320267d08c7f904e6,940,training
6,007a64a5ea15184adbbe964e81293fb512761c899147b931ab7572c2c0f273f9,941,training
6,24ca4f3cab8b054bac5ee58e17a568fd33c0382b3a11b428d5d8c1f79672ff9b,942,validation
6,6f5e73a0798be1b04c3a15e7c445dc1456229f8313e5f13aa15a06e42a884efb,943,training
6,8c822b117f48b2ad2313757280735b8730c2442851e1a75160a0dbb8cb71094d,944,training
6,23ff7cb5ee36c8cda6a8eaad09468f1aca2972a6b21db6a860219f4681f34b17,945,training
6,aa76cb3f2a0f993ebb0d9708b7106ab5172943aacf9747d5638dfaf29235bedf,946,validation
6,3e872e80cfcd62167adc579840c906aea8ed40f78ede233b7b1fa01a87551168,947,training
6,1eea9c07b29530e36027ec4ce9864abb566e60696d969039594458e650c27e54,948,training
6,e98f2984acdbae47a4fa1079bb02d0c7e00abc65d4329b7a8ed9786c3f6f7ac9,949,training
6,27f54a2b9a1ee43f7bc3ca5db2b9e9bff1cbf982da9614b717ff047ac8623edf,950,training
6,085c5776309cd2976ba261a0a2c4ee740e90213e00fd10a61a99fb7f33ac532b,951,validation
6,a4f7a8b99a5df350e750dd741d0490f0c75cfa2ea5ab22f096862b68014c17e3,952,training
6,3cca6c6eb28d629be993498201c646b966516b5b34d21bf3c46bac4550b2ed42,953,training
6,10154870985ab4562ba8514f0434075bc5b3a7ea131264a5a6728be7066319c1,954,training
6,c61cbd5e5a68ba8b4d475287cefb2c02b5f911ceeb449cffac799ba6a444f9ed,955,training
6,86e53b2895785e2c63f87385d4ce22a6ab7f958c6d2366f283ea57d11877a999,956,training
6,7c463517a96a509c2612cf69edb24323c05593813ae1410f6aebb59f1a91c75c,957,training
6,b73d4bbfb8a2b4b2399be12d98fad43d26a6e5e9db43ff8fa3519ecae10d98c4,958,training
6,f85f38f59d6b0a5daf625a8750c148eca29278ab5836e3938cff118ed2a20d1a,959,validation
6,f373c9e80342fa28721a3b87228baf907c03040ed636a47d2420ae9f550d8fb6,960,training
6,2d9fa130432c083054328ddbaa25f0489fe5ef5701db5ad9944d0ddd4a68adc9,961,validation
6,e2573bc6bd74f8621ae4a7953683a3f6d3ba318d75a66953edfa92c6e49b1fcc,962,training
6,9c13e7f0b39f58b82d30e884219ffa6212affd994f381167dced08ce24af7cca,963,training
6,0b4edf7fc30e667a8662d875b17b40460616d7908d6446c590df090fee9f65cd,964,training
6,d352f8d1d9e4adcef1c9dc1c513a779adb486210376491f4ffd98031f1fdfda1,965,training
6,889d268aea8f3dfcc04934d51487e35aa0e428bd6913de4a93c693397a046740,966,training
6,3fede78a4b22e913667480afd661429cc300483f97daa890128be5469580f742,967,training
6,6f3ef4fc9ddc136964ea266f7db1a42b8b66c62108368bf14858252f0f619a12,968,validation
6,21cb32aca32f27f9bc2e61e872b81167866d5447e0e5c241a43ceda9188494d7,969,training
6,0323284ccc1bda42dfa67fecfb46629633926e147d0075ecc02ed314a7001785,970,training
6,0430c6501b6df47656719f4cb4a22243fa64082a7e06b324a59cb8c2c7f4fef0,971,training
6,bdc81fb97c0434e4c5533601c51aab7c9f3ab4ea833b6cd65e75d0efa5468d1a,972,training
6,c0199bd89c84d66918365aff0da30415ba1c6979d453c2e1307b04dd56270daa,973,validation
6,574104e2a96a7ca9f4dcf4fe8863e6e9186c1c96d6d414a2a0b53bf45e48ba5f,974,training
6,86e2f5c983d59b6636e2d8d9215919bd15bb7784d75897a8d4134823d397a4dd,975,training
6,b570231a395c3c557c81e1c206d47c8bea850e60dcf00570af39bff65aae8598,976,validation
6,5d8e88c8a5eef10fa8c9a8ed5f0e649330ec0b3a1e74eab84be21f6cac2b8149,977,validation
6,4a0d56302b500fc6325a8be6410a636b23c8666764e8c043551ebff2f512e1d4,978,training
6,c9f251f36fe3402ea91ea71620cdbf02e612586eb290fb09f82c6f9cd26ebef5,979,training
6,8b9acedcf0a718aa75d65a23ba36b11db11ef5616ba52af3d8e152bf30b273f8,980,training
6,56dc8798cd30e680234e0d3fe8e4ae572eb72842801d705857726c1e9bfa5e30,981,training
6,0984b908d6fe915ec8d4e497b61f30052d1345971c7392ab8fb08e3ca0e8387f,982,training
6,61e0204b018ede3775a165c6d70c1ffef9a4311074a79d07a68fb5dee117ede3,983,training
6,b14f2d6ac706a44c7edb83c21c31c42aef0c900bd6e863e43769b1bb17de9109,984,training
6,31f944fcded596909c3688b54fc15742b57e4b8ec6945319b8cfbbe93c329982,985,training
6,da848b93a7bb65c3df42db20df0ab847093c45626319ebadb2d49e211bfa30c2,986,training
6,384518d7ce3414196df197a04393c8864d710f7cc43e4cd79bc2ab81e9452de2,987,training
6,091482f2b6feec1254ba9937bb112a1af912e37b9d31c80e2ae0188e06577308,988,training
6,e06f9174f8f778370d245aea1235a6f9ae7acf70da0035645aa76b7094c6a7f1,989,training
6,0cf03b04659578eb11efda0f9ddd767b7723bfb391a3a3456a52de406135f1b7,990,training
6,5d5697757538447842cac5eb9cc89eac91861c72d06e1916fa7bd61fa58458fc,991,training
6,ede851f578ee3c7b8786a9a30e588ffe4322eb6af44d54717e0f6d2895af98b2,992,training
6,c664d19442d8535b4cca0d17234932e7a443ec965fc4381fa0008d2d27b1ac78,993,training
6,2b2d1dd8460cd44ac60722b58a7ae50bd1fda275fc504be40179e1ec9cf43e58,994,validation
6,71b47f6f0daf0419525856e043ce1babaf86e7a00c8554d9c7728a0cdb1a5990,995,training
6,079173a3e10833d29b708fd09e58d97ba24acb5bd25ed6bbe5f100773679d0fb,996,training
6,c60666abb2c24e8719a584833e0d51d1058d9a82df8d5fed8fa0cb3ffda1be4f,997,training
6,cdc16fe34ecb7ed5f819454022dd5fccaba2eaed8ffa9e1591831da142bdf58f,998,training
6,b624128d418990b89b1e91463feb18ded2f33015776ce40748705380846e6da3,999,training
6,0b63a5b74e2b1c3dc9dca01da298d48a003b8977787381ab56e0f23549b70dec,1000,training
6,644d10260c09a620f0edb9c1846b8cfb9ddaa09abc61f0ee0e537de610be900f,1001,training
6,92b20ea67d705bc5df1848d4ec43edea342e2a868133468559c69a7e9162f4d7,1002,validation
6,0c0b6fca70357013c262108d044f9caa48095be8f6d04bbca76f3d10c1167744,1003,training
6,74a3a9283ba49405180a2ddb303f19776e9aca5e3b6b900d338e353cc56de700,1004,training
6,18410c496940c2b027ef40044f1cf5e24f3b36981e56607320916fa6c94e989f,1005,validation
6,f9d8db91eb6b2e65cc3f0662f1ef48c34fe23cd3f528c465fb7133254b5f85f4,1006,training
6,b6b4186b6a09fbc8bc396876344cca941fcf7c20f4ac3e27ffed339b16101d9e,1007,validation
6,e4a3e4c7ab3e2f7cf00a2ae67ffd1d3f8333680d1f614b23b037ef5872c7aade,1008,training
6,8ea46f6ff4a9649ce537c3958f421c5c6a0a59078a20bab2db5472b87acdff1d,1009,training
6,010cf4ba742b1988994a796020a6664f8c56ab35d2043896e12e6f394ee38c75,1010,training
6,4a0d6a3306d7e4f7e124ce0dccb2211b151241e00f47227d2e44bec8025eccb8,1011,training
6,05ba7f223f228992b379e02b65d2498cebd48f060ed3f652e83c7a113cfb7984,1012,training
6,472a3ace7439b410be6ea20488a96c29b023dc570fb098e09d16df44f8fb5a5a,1013,training
6,45c1ccb1a3251ff6082d2e9250db227574b853610e1cbb458e7a7217ca0217ad,1014,validation
6,a5b1749334d8432cd566847a68eb362ac0960558666961045c4ce943ec5f8145,1015,training
6,62334f010f7fc9f7aa88612d077944eaab0009b014f7776a9fa370a74087619b,1016,training
6,6b32aa11370f7ceac9b1d289045d74c538c1bd076089163ffc0d9297eadda63b,1017,training
6,c7f4daced2800749b03b7c63eae227ed7a840c266c09421e7f9c24a76c1fc077,1018,training
6,d1be896030e19d4983de2c5e07cf656fa614b7367d73e2632ccdedf6aa1381a1,1019,validation
6,4793b4938cf38cdab8d269d1d9f236bb597c0472672d6203ca4e23e5057164bf,1020,training
6,9dfaaaded8537589978fe27a4f11751fd5ae02db1bff06994475b91ea395bf96,1021,training
6,3f71938a05688d91fb7d9a48eb73b785316c7236a68619f6e8d7e7a577f55340,1022,training
6,6b2fa083764063759e9e401769b8e7091b66a3c572ba26528133c4c13305d0fb,1023,training
6,3efe378c0053be23a131d7cd80aa4c397d556b9a6433ceca3c761c25f9acce05,1024,training
6,0e7573101b766de2f3d85055ce96a630790ba72ab6907b5dddbcb1ee48ce9a74,1025,validation
6,0964ad19db1dc13628e31c9985386fa62b57347846111d9d71e944020fea3f08,1026,training
6,da4cd9b3d3efca450ad30b195c8717b509c9d5fffcec691ddedee39293799757,1027,training
6,b17ef85fafbc0c9e673b8c35158aeb09778a9b9c27f4d61bd90f3b212ca47c49,1028,training
6,da0e895cb455bf3ad9a9230202147688568685d0b7e99bd57a96d943cc7afb4c,1029,training
6,c6bd3c44e9ec558f9e832ae1d78a76d36faced7fefc9ec40003b5a17734e66dc,1030,training
6,bd38f6f46dd8e35c98b67eba0c902c6556c093218760272dbc25a48fc45a5c3d,1031,training
6,d3bbae5b46be41f2752a1aba6190cc5cbeb8e387753d735990238251eb2978c8,1032,training
6,006d4e38b538904984bc74f02cfe174e42c6e2c8f81a16c39e3590401d504181,1033,training
6,e13c07f64ca3d34469cc8378ca60d9bf5f9fe844a6bc9b02a023c8c25cb4df4a,1034,validation
6,859c1dc92067125cc877a69eeca0a53c774ebcbce699d94463100c672aff292e,1035,training
6,f7361f41495103bbee595c16d25a63c3e19b4953069ea2064e40c61983b289a7,1036,training
6,1de5ff65d13f3584ef5732547f2b383c17f29ac8d06233746c7c3c268dec277a,1037,training
6,b8bf27a73a1018ec1fba74e6bff001807a13a51fc139c203d64609d40c086f82,1038,training
6,174faec826cde7e584088ad8980f07fa855a22472fb066d8007b8a4e288eb6b0,1039,validation
6,35a2b65dffad020a7464bc22de769c4b7aa84a3f9f50ae838b424174d89470b6,1040,training
6,0b67b83abecc4f8542f9f123126c237c8563acd254a08129e73d42b2e3e92171,1041,training
6,e30724f1becb812bf04896bd14d59560a21562af13edd41e41c1b00b773bd5a6,1042,training
6,4826b3adab1973bf866a14453a36160c0444485379b78e996604d5be1b850d69,1043,validation
6,676468f6ad00150c295e190f0f2e5eb003d64b68d886e76302e7d850ea9548f0,1044,training
6,ae6aa5e05f74b13a5c638c95b5dc532307a5c12aae14fc50ee1a5606469199f5,1045,training
6,66062a95bc2c3e0c9aee012ca0a94b108bb2a93e3c837880802c0a7bf9a9f633,1046,training
6,d481e7771d25a03866ebdc6dbae3e4bc14b295ac06d8e61e38b1fa35bf78a1e7,1047,training
6,cda57e8ec2b08ae1092c547bfdf92f7ef51b18b9814002ad7df05be020175282,1048,training
6,81aea3059f54c1f7a36e7faba194a649b2071f4c1be07b4785d663b1787d2004,1049,validation
6,edd8c57f845f67efcb304590d443bc4356ba01ccfc83e87bc27d7a855f167adb,1050,training
6,251cdd69d2989fef85686279270eb1672f276831a5f4616c8686945e04d5400e,1051,training
6,976b24bf7be3b052b213ec91983abe65b418151025bd31e51ae6fcc5f263e10c,1052,training
6,3baaac837e3cff09ee4c8f884c0e1791eee30fd7bb65c9c78e208f364268acd0,1053,training
6,0ac7952432b518d326f8ba6d3a85133d53021965fb1c2e0aedb9eb8d853649b2,1054,validation
6,82ede048d0139d7a32faa53bdbe9e2d6baa63fda7e6dc07ea6e6564dde29eb30,1055,training
6,b3e61a3464e0c2b953f81347a456bc639803dcbf2ae588da44603ef5f6d518fd,1056,training
6,56f90a21577fc8a56a5fd61ab647d7cc4d97a1348379fca254a9b6a6590dc3a9,1057,training
6,3694329cbdb27efbc6e1c19581f3fa0edf6bfc22ef22593c577586b68b771f95,1058,training
6,bfd92cac1507a0975a8b54e72029708b42e99b4c4dc37c96881f9c094f18936e,1059,training
6,1c8417db638638a988ba02ef3ae6cf69389e35745e906c719295d7d611a0ffb9,1060,training
6,62f183a362d6a6ec9a843e20cb9bafee6509fc7306d5f46dea307203a7bbba35,1061,training
6,fc871051164ae67b582226f7f557f33364df47d3bd71134d104e3644e9defa8a,1062,training
6,1125180c110348689483657842f92da0cb3d44efe599c93f2ea5921a1f71d87f,1063,training
6,dbb099834a3f601531ffc7401345c3d2ba8bc2584dd84cb4fe5b9e80198d4751,1064,training
6,7c3a2b4f685b1207c4ce2bb4c12f0be44a7f96d408a6e9ecb97bc380f48b1264,1065,training
6,f0622b5caa64124bdf0ccd13afc71e51134fa79bfd583ddb8f443cdc8228a19d,1066,training
6,54a9248e12eeaee10fc8abb1e1ac3399a62d98bba485f4ffb550f00d2e83fea0,1067,training
6,6e38ef8b9c4a5c5186b5dcc7e4a8d9070c06ba0cf5b5525d8b3b01bf550985c4,1068,validation
6,a7f71f925fc938f456bcd4a2fea14977b172174719eab3d1d6ca1f8356630c22,1069,training
6,084ad401455f7d24bfebcb1c23a4e603b340aca69ed0654ec0d4439b015d45fc,1070,training
6,bec24d784415c0e7beb40c5aeffd0bc62b7ee4b59d03198c9b98bd6096eb29f5,1071,training
6,502ddb5e839ae80dc3919e52496009abf836ca072eb6900f1acf6760b7854b67,1072,training
6,afc227eb439d80a295480461e827ba586dde8b6a3f59aae0b33fcbfd4bc416b7,1073,training
6,65dc2cddd0dae8a25e4fb8374d8a64932192a34313a3080e4b8853110befc827,1074,training
6,04748056ae211811bc0bff18a5d3a4fe521202bbc20432f7905958eeb54a0c3f,1075,training
6,25eaa27db5b5b5ba6299c6cdddab7eea284dc1927d90c4c71bbd89ad92876566,1076,training
6,66e8b30f681ad021a8e9eae5429e00a91c74f9b1e6c05881cc47ed5b057f7cee,1077,training
6,446e008feea1b553b0f2fa7b3bfcff07423a541d82dff856d8e63fee96bae387,1078,training
6,69f58c8c8915b106c054918ed2e73189b67e0e57a97e7c781bb80420f07603df,1079,training
6,56a7330b7041c069d4ce8f025007d8f24588ea9c683e710474ccbff4bac13335,1080,training
6,6b80fa624e63466f4261d50f4bf1b5abe5db107021bc1fcf2a7f7a81c1f3df73,1081,training
6,b1959fad90e4e6e6577c317114bbc88c416d169395955103c2d4e51ec91d21a7,1082,training
6,c62c414ab608985836fc12ba5cb5aa15022c667c345d5e32d0d84f23b5e9883f,1083,training
6,9301876719df05053de7d15691b961103e20f4c6adac6b4ad420ac1157d1bf5f,1084,training
6,35ac5567fb06a15719a44c875276a7b9847b817a26a0d8902892627926e209ed,1085,validation
6,9a20f30dc2e203cece2156378504a9cc3a3c1e71d14453e90f5b88dd3e513e30,1086,training
6,85f1bdb09ffec310f1ebabe4ef8e3f5a8c39bd2ac51af66feb7eefe98518eef9,1087,training
6,b707de63e015a15bcf21d89fbb55dd65d1b42d11536c1fdee2522e1d7474933a,1088,training
6,50dba3be1b5ca064a204a13595c710c545014fb70b38b251759448b94d40ef6c,1089,training
6,2fb04f5dd1f2ed2a305fae91ac5fef759317ef23d742176a35fb3f7a5e808998,1090,training
6,da9c0a6bafbebee008087691e6ead3eac9c1510e33bf7780cd6b036d0169d1a9,1091,training
6,da15ed44a2d4616beadf558ad03739b7c36fe1753297d900861e5c37ce3401ce,1092,training
6,7ccb792719281b0d3fd2bc4993463f2274c9d127f5871574b5490fb245014fc8,1093,training
6,44347d4e2ca26b2d52c7dca5e98dc5694a6544c7ba337f443d5d6eb90de8c198,1094,validation
6,fce00daf22c50c828aa411fe94ee682957b5364bab43261aac386a7b115f63c7,1095,training
6,058eadab232efc7f01e47a1d2f1c2ec0258610c2ed07110d5c702d8df1d0a83e,1096,training
6,97eed92ebab4eb12f17e64d4f70ec09d137825e2bd2bb16f3e20a7244b3cae1c,1097,training
6,db15d5621746307f7f342db4ba1f794fd706c520f2d08028a21c6af32abf90a4,1098,training
6,7158f6d001f86edcac4ddc3e78fcc464d8f290c2cd0d272f32f74f8ed7477a6a,1099,training
6,56ae0e9320dc74699ac20c89cb187eca394009c0f16cbfe0dc4060e568af281e,1100,training
6,4408931d04334cb0abb98040ecd659151a808842a37460cfba0ba5b82498674f,1101,training
6,dd0e98be947bfb635f1bafe69edb1a058824af9ebca2fe2f35a80d64568180d7,1102,validation
6,65b1a8948318e5346faaf29fa48779bf3989f2abd3490af322a3454aa542aaad,1103,training
6,9cd6ab641efabaa230a69b8448c29b341940ad5ec38424ac9552ecf3f379e2b6,1104,training
6,758790e8a2ad19339006a2b35ca2d1fac40d3293207a3fae06e6e90d4e4a0b9f,1105,validation
6,2cb62cf365c8cdf9da88a2ee2a4bdba2a0c2caebffceca5e13242ca957df8cda,1106,training
6,d50f28ef0decc3bf6f117e06c35951d27c09aa404040728952555c58ba8d3ea0,1107,validation
6,da1ac79db6e04e7fd092133a5904ea5579333fb4d91d8cef20fd474c9cf37479,1108,validation
6,9a7e57c88131af1ea9fabb10b74d07892b4d8a1993ca0788108bb511050ba002,1109,training
6,e5bbf08435bb03808090f7a88cede9d7bf21f818ecc1f5934c399c5ad7e968f5,1110,training
6,70c7b6b418499a0e25a3a5996e4765cab2c711773c1cdf799edf2b921934452a,1111,validation
6,da2f977e2ed780aa7eb21a7d13fdbb56acdd1e89e6f05614a0a86696a3429e37,1112,training
6,ad09f14ab8b3ac0d0142e3fb2fda367282cf986d16532ff31c7dac5ea9e3d21f,1113,training
6,5e51d8bb6b4b04bd4b23a4d743e321609c74b4c60cb871ab2e23f0cc46129752,1114,training
6,97f778b00cc33f180e85ea10fb75121d81afa4cf95b72f4cf961a5dc5c6d0e8c,1115,validation
6,b0baa64a2a4aab44f2f60520e7b62465525f35c0c1479aa04d5a9a7e2f130fd2,1116,training
6,ec882bf0b541ce95bb86f894ea08a2c8cca1c2a5a149c8003e309e7433655e5f,1117,training
6,86d2db9aeb10e53515b6f43a734302654e0ac52f652e82f7dc3f193066b3fbca,1118,training
6,c8eb89072a80edea4bccbeaacca56b35921c15cd72e0842e5c9942d56e47375d,1119,training
6,28a9063cdcd98058f992ab1287ce82bcbd3e2d68b40232e01bae86784d7f75ba,1120,training
6,9026305005ddda42e6575bc7868c054bf5b7a6383651859f4c696768f34904f6,1121,training
6,2c1f4b61dbf0f16d90aaf3dea13e14eaa8ad800e57e2d1f4617692a600e4cb48,1122,validation
6,05cbfdfa983cd89e8ea51afb43ce3237e08982c50fac062ff715479eae5db03e,1123,training
6,b7f8c410625ef9c1fe59606008777629623e583394e1dfd7974981c2c38638fc,1124,training
6,90c7f5cee6816edaf89dc1bc8e6aaa5c196829a3eb2a973a2e34571d6959ea13,1125,training
6,18497e6984410adbdfec4c0db925f698e62244b7a78d297e83a39b86fecab1cf,1126,training
6,c6b8b891566689ba43fa344ee8235be1f55c106b38ac10326902d37d1e9d01df,1127,training
6,1f6fc97e92e9ff3d546b971becca53225daf1ee832eac3c9b3301eb4f4ccb13d,1128,training
6,cffefc1a25fb02b5c0779b99c2247df89e62f959f338bf010c47f394918a017d,1129,training
6,9f1d6fde3ce3db66563bdc4899633b36178b5678fb1f7f46d0d943ff3e536bac,1130,training
6,9a7c20bfe525d39f62b5d32644302f50aaaf64436b1697e48bde2c4928853caf,1131,training
6,1e452aa9d199d039b7c02ea7410e9b95d32efccc69ef5f951034da4bc0c188a2,1132,training
6,ca907b7ab17554f40882b947dc7014fc2fd2942fd1b1c2f52cce9f19c114cd37,1133,training
6,8fa06cd7335c3ca64272178b5c890bd60b0173bcb4461e5f0d5025fdd0268824,1134,training
6,14bccdaca18ded089db1e1e8ce7eb0964c4619ba1bb9f9c1bf90b7e8ae13e310,1135,training
6,d8645b56f0486dbe2f8c32513ac335d8fc1dd011b75151dd2c077ecd1fd5b8a1,1136,training
6,e496633c90363b12e7e9ae8d0d9df4aa19a956cff75fa2ebcc20161ebe7ea0c1,1137,training
6,b7433d6d29d7899fb0e59e7892357567c6f60dfbfa1d9828e85b85b7221633b5,1138,training
6,5da7b1d9b35e400720262a87071dc46a7763bf80c3c20a57052effc8a0c33b73,1139,training
6,ee61a3be4064f841fabf4edad3ef483423fa779430cce08743e04b64367a4a45,1140,training
6,10c66e2bfd2d3f5b01d65951bfeaf581ae837a0ca09253755c0eb5aee5ab654b,1141,validation
6,9cc8c52fb6088c410e2b857049af1a21b0adf0cb4ae215c403a09e863fef0110,1142,training
6,ddb00ead9f8d8da0b52a8b6748c5fd2d87a02556f91308a7c131643e18c03403,1143,training
6,ca1477b3a36c716042952aef39091df9c465a9ea0d8e4098f3372857cfad66a8,1144,validation
6,3635a43dcbd2ddc4c811fd34465a9739cd744a242aa8d8c4ec5ecf31490063da,1145,training
6,7c6c9c2175379c3d27e13356fa7e661a32942176059c00d93087cc39205d62a6,1146,training
6,b43552b68e5d868b5e9b03b9236158b9329b28d934962a4a1a82e8f811f054a6,1147,training
6,ddb57e21f60dae5ad680493aca37783f3607a7a72a6a65df542fabac42836347,1148,validation
6,4bd90cfa32076a210a54667e732b83ad8c2ec455e534eb899738795525149230,1149,training
6,72b8d3f7e7e7c9d41d0669b59f4549f4adff9ee4df81bb0a9d571b3ea31f4e27,1150,training
6,2d5a265dd1ebf7d4b896dad5914a8f925b72a1f658a47891f8a97c4a30c72891,1151,training
6,e14e50b8326e0c5e7aecf4165eecc90c0b69c0e172417364baa1e12485d78c9c,1152,training
6,66323f7e2b3b454cf1eecdb9cf68e8050395f58be8cdf852c1c34c372dfbf280,1153,validation
6,a0f9de3f15bc20cd22fc9ba2e36663dd5457ffcadfbcd28d9eed808aa95a7cdd,1154,training
6,8c8bc3d91e024e530d27a4d869fec3d1545feb0d133a3584b67aa0f26ef74ba0,1155,validation
6,7e6c6f28e0e3f9e002de8d7eed10ab55324187392b1920ba652f940c505953ae,1156,training
6,a2bd14a57f94d822c926f33d186d3b4d5881f3569b0e513a3608b49f2fda9235,1157,training
6,795d2962da6edce07a3b3f895971cc5f2e04d2f296955b9b4c88441052609404,1158,training
6,34cc46d7aa624a6799f82597909a436cdd6595d27399a890a0505d54c19eceec,1159,training
6,b2e5e1019dc6501a106f00d73cb2a808f053eada6fbccfc81e520a79b6d5fe1e,1160,training
6,dcb2ac00d3f9eb75d4263dc63850eabbae337e24a53144772dd66263306b7a8c,1161,training
6,fa43854af3f8022f4f8ce84f1da79be793738f9a0b7f8529945da5a85889df1f,1162,validation
6,a0a2cb63c99cc8bbce9f1186e4a96c1ef31d94ec797bae8d0dd1afcd3abb9ae3,1163,training
6,f7528324dce06e41bd5e34b062f406bfb33b69adeddc4c5474e03be3fac5e158,1164,training
6,b97d26259694b53d00abcebf0b285168f09b3eb7c31d574f58192b46545e6d7a,1165,training
6,e49f436dfed6cb94ccec51cae78c30ca4a5ac3377e473b7ba6baf1dd82286b6a,1166,training
6,d23fc4176ee6374a3f06c30a9d43912184647aa9e5950df2edeccde03762c661,1167,training
6,66a74ed766ffb4a927bf427de1cf0e155abed4be0de02936de0a7c88321d7c2b,1168,training
6,da06779a9b7d88df03c9a7f7a7a070fce58af75b7cb551f94f8f1041b53b0f2b,1169,training
6,3bccc155e67692a4538185135b347ff662015141b83f4ea1c599fcc644a06a50,1170,validation
6,6d6b214a3f0878eecc61cc2317315367eccd5339da7c5c5cb4196491be26e98b,1171,training
6,4a9021139d39ec447f6b33fe3d5a61f662693c2296fdb154d388e68707e9f3eb,1172,training
6,832d362e25647382104c140993fc4f821de44fe304e6afb78bdfeb7c280352bd,1173,validation
6,ff3566fe03b14324ad26bf34a9d7806cbea6c4c5ad0518ec6495f7fb19ff1ee4,1174,training
6,b920e8d93fe9ed9df7249c73bf21411bb5ca1b69522f02a48f0937bffce0bdba,1175,training
6,387a8b8eb616d8870f6807549dd5ad7eb36e83d58cbecc48e03c9e91bd99307b,1176,training
6,d6791249c6f3bf416fc45c7f821d7b201f8d01f995fc0ba09c0e2a949d08b5b6,1177,training
6,87bdc64372d51a82a34e209aaa79f0b268fc1e3a1df8f1e50ec0fc68f7134f0e,1178,training
6,45666bb69a363811fe2505038fbb3dc2ede2b6c770dfcffd82811f0621b60684,1179,training
6,260788b254dde3624f6322b525ad31d87ef7b36a387c94fefc280133d11a1df7,1180,training
6,d9b21a1d0e188bddbef40e0b507a31250be620d285f59f794ff76a82f9414fb7,1181,validation
6,8e9629bab939e884c951d25c995c3e6807b2b8001778e86c153d4a1dcab52729,1182,training
6,8df125708c6b1173d4af711ddb883d1cf3bcdc08eea8ec41998f6c4933def78c,1183,training
6,47b66ce84513fe0394570ee35a066e1b5390c390169bd0f89d9c733c76f0972d,1184,training
6,6f292270a081acb6d666420c008e4c9d96e36b9a754e9c3916425d54c9d46344,1185,training
6,6955208219080e69c1b52d14c45a2a737a2cddcc5b9059f194ff7490f5a8a247,1186,training
6,9d31d6871f97affcad72a3bfe748b9a4a0d5f055a4a94b547f8abc18831e72a3,1187,training
6,1a02bdd60cf7b61af317b0797fc95a130baa23e065ca6114786859f8ae05b216,1188,validation
6,f7e98dacf7c9b3c1317e843f6aa2cc45c8892135a756ed111085ffe7f874cccd,1189,validation
6,2a7ce90ca33184680c12538cf94a37e799bb4efd7232ab56c9d636047f69ba95,1190,training
6,b607b98a538473aa4e25ed1fcbfc392d14cd5be5341f2912114a36b6129d9b3e,1191,validation
6,5ff6b9d354983fc8acde44ee0fa0c31a6450bd67939996f8830b39274803de36,1192,validation
6,b3da43d523018d179d4af104f21061f71af26b9021e9b008e9746518e1b0b49c,1193,training
6,fbbe26dd939d5d52fbf7c2851c113eea5529fe1dbab19b0b17566883ab5d598e,1194,validation
6,ffbbcc488fde025a7f70c0033a4ec5cb7295e23975a4fb17a55d15963e27bb75,1195,training
6,34c48e38a013b4234a3d4d513be3d6fac9130310902c1cfb451e40b4d5d875cf,1196,training
6,494cc98c08b0c728f51cec0443f48afc28c76ee6b2cd270cf3058d133947d7b2,1197,validation
6,82b26be7c5f27c0bf900bb5262161bb060038b0ed8aa0ee7c7fdb8e207094afe,1198,training
6,4fba1071e620800399f60fcca82e9dc46b45173e27d67e4c7e9a7aa6b27f700d,1199,training
6,47580b766de3c020b8c5962f7d527a69beb05af688edc40f531b94d6b8e206b7,1200,training
6,491936ddd624ba81a67a94e781b2640369d2816188e803cc5afad2c907738620,1201,training
6,b46faf7368d417a152a6c0b29a4faac29cc61e2f0fc68b04dc40eb6de2e499ba,1202,validation
6,0e849fc18168e55685cc5d4247a9d39c35ffc3ab41b0359446b27a9fe635f080,1203,training
6,f6a6c5af0795af7850ab551fd5adfae453182c56a79235e78f28079feca5189e,1204,training
6,4270cfd132ed66e2c479e7121fd53e5503aab191785f82497c8db535b2b0b134,1205,training
6,a57cf74243eaba1272351b28b3f9b44e522399b831dd134ad26c2c7cbc72cfa8,1206,training
6,b175c696ed20effd76a8eb2f0701375276044a0987e15516ea0f589efd0646c6,1207,training
6,c96c0ba4746500c2d2eee56303bd28d68906981cf868508323f84e7edad9ff53,1208,training
6,0d591d22b18ba6d2892c1fdeffcb5bba3cac70303b510e7a686f1cdbce26d631,1209,training
6,6a6e17b9cc3046202385aaee579575d6d131fb49d7d46b446008b0b08d36fd0d,1210,training
6,a18998f561a3e9c14d6aa5d2083f7e7e4aee85aad9909d1328ae589873654176,1211,training
6,2c79b1d7a347f5d6a1dad621f06eb781ab9d5abdd0c14753a20bbafb883e1406,1212,training
6,1eccf73de8220da382cfe718e4a9f18c5b023198511d9ed7789d13b634ccf761,1213,validation
6,4987fad9a73e5285b8e078aab485baaa2c69f9c35642cd61817396a80ad51dbb,1214,training
6,5d0c49c0bc2fced29ca492c80eb627bb2a5f5784bcc88cc914d3d7c15a2c0aa6,1215,training
6,59dbef06d2bd2a060f966ce020b2f86e9717d57edd0c5e76ec71c204acc586d3,1216,validation
6,3f9b82c84b163b15ff56da812d36809319982b24a341d713f8da870249730e41,1217,validation
6,05ffea6b66e34f1d759653bf9166cf5e9f2cc54b1b6a02a5706a607ca57f81d0,1218,training
6,8d2726e07a96521ad3e49182f684453331a8072c03ceaca4041ec7e82f048f61,1219,validation
6,a66634e30ff8df903e1ffda1bb211764e5f8bd6d37830f7426c3b9e273412cfd,1220,training
6,961f949ff2a83b0fb83addc449632c72861dc1176beb2bea183e025cec026517,1221,validation
6,1e6b510b87a2424a19b6d0cc9ad733dd8dfd364dc0604201efe5c7afa0a696f3,1222,validation
6,48bc019874aab48d60784222d0373d7708b27656b9e45924718d63cf7f7065fc,1223,training
6,61ce9a13d2308ae6b3e42e4d84fce795153dde40eaf1548a988938a8ee8dc1bb,1224,training
6,9a94faabe60db4100167a159c9fdfae8b54466e6babb3e772bcc6a341c2f777d,1225,training
6,b5a1031dee3a01e931fdf28dc89da21714036e4abb5ec83de7b9352137fa1c36,1226,training
6,6659d3f1c531f1c96994d921ecb03dcb101d46843f76280f6e8248665706bc37,1227,training
6,709b07cf7b01ee6d78f4dac25bcdc68e7d687921b6e4ada29e83fc2645b61ea3,1228,training
6,690ea711485781cbc77a90e92143b97c7326e103bf6603a36b1b55e998cf2b2f,1229,training
6,00c186093df8ac4ca792ab11ffb3ba2c208d55f4729433cfc99d4b5a93b525dc,1230,training
6,b287ab7f07ef5dd8ff66eaec9b4ed297709055fe1ff38121c52fb22fe6ff1048,1231,training
6,7608589c240a3b71e5d7e356592aec22171d65b645f9c8f532d2d54f098ae627,1232,validation
6,496cb4f22fe7475b5c29fac4ce144a6aa984d0d67f6c2f34c1997d7089fe4fd9,1233,training
6,89290375652de1e76de80fd34fb874cb5a888ecb686bef245b013eacee6e7751,1234,training
6,11c0dfa9396b8a6dc69ed09aa0dba93d3cba21a06745bbd1495ef131634bdabc,1235,training
6,63dde9219996943c59fd93a28ed91ed7a5323d133a95ec95c3b6f8101272915c,1236,training
6,ddd81e5d9cde237e8a9bbed1a0337bfd91212205c83db6d5d9d3b20a844cfd07,1237,training
6,d90a34aac32f67cc6c816ad3b9d472d36f298fed9e38b6f321c8db7a96262e3b,1238,validation
6,28a58a4b1c65b6d8864f43a949e1ad7d0ac4bbb5565ea95f4e002bb6d8d8830c,1239,training
6,440d704e43c21ba5e7e606a0eb19b98d59b15538dcec047956e31d0683264343,1240,training
6,8d05e6bc40ae5b3500abfbea022e1d76e0fac1a604e6a5ef4e3edf134e90962c,1241,training
6,36ece760ae2cecf95b0929be2d66e202ee71a6e2f2fcc25899b02f62ba2d291f,1242,training
6,39faea21108daa1ddbce52fc33fb12537d9e742169e4e1ed9b33191579eb956b,1243,validation
6,947d793c6c9a7aba1f1670428d4ae6ad00a0c083c0cf3e84c4301808145c562d,1244,training
6,7911ba92fecdfa28a492d1d7202531077dd871013cd38819fdeb22d758bc82d6,1245,training
6,adbbe65ecad0df4c7d824b4fa46ca4c5e720aeb74987ef54e3b54b484371490d,1,testing
6,8c7ad330f586c533da159caf27e70af3205fbc00d3b7e94185fae7ba6bd2c9a7,2,testing
6,0df193dd8e20759c2024d500b00b39d0f3d36c90249030ca7cea6bd1c2d07e2f,3,testing
6,e947926d2789f3776b202d1fb0e6b69007df77346602b50c7d5a010d570594ef,4,testing
6,4020d5390d2bf9700364646aa515280499dd7dd7e21ffc6467771e5fad8213ff,5,testing
6,799464f9098fd743181245687c9ab606356ce4f0fa545ab65ca5d55cd7b8ce9e,6,testing
6,97de348bd3bf024d77415d4b423e6513c807add5ec734849bfa3a69710adbaaa,7,testing
6,387a1341936309c5301f8c9e6c35c1c8f135df517f214b8d06be24e8438e5f5a,8,testing
6,0c8df8ff54706988da49aa3c0e586179381ff6c2919ffc4fa14ce3e4819a0865,9,testing
6,75899698dee4bc86b1b6b0c0e2fed3b6828ac0ca0a810b0c93a7e778538e8119,10,testing
6,1504d22ed5fa4aede1527dc84748026b43e2a6e24a6691050cf6060371b94b78,11,testing
6,06f99cd644a259f1ba7ee0358bc4e8b9b41ba86de3d2f57d0346fb77f0b23b6a,12,testing
6,9b22175b90cb5a22352529126e41986f3dfc93417b421b501b7911338ab3f92f,13,testing
6,6a92ce9d960b89506578fe5d1fb3e27ae24155f66bd031ff84c3c52bfaf11c0d,14,testing
6,9a601a1b6b231a21419594eebca0b814245e7e277b3b6104c5b22df43038af54,15,testing
6,5801de120cff893ecefb4cff8c3259bcb7db9022162369dd9ba18eaf6d1eeb3c,16,testing
6,121055c757849fee0c4f663beb392df81070803b7a29a1b04b2965031b8d9b0c,17,testing
6,ec9c7880b48526f17f50df44dabd7a24ec2376a8930c90efc875bf805c30cb05,18,testing
6,2299659363e67336a5be5d01c53b218c216731209cdb1a17befe44964b68af66,19,testing
6,3dc8f48b46241fbc4b38a51c1d10fa309d38867a641bdff0db150ab3d5f22717,20,testing
6,df67e7f3f0d6ff604df34fcb4a852fcc1957136e3f4a881f6c6dcc346e7a41ea,21,testing
6,94eb4339b45c09dad98e6c84adae80028a1fbef3b725dd3abb24f69c6edfb2cf,22,testing
6,ed086344dd596985219778276041fbb05c5c8a19f2d4d0327e129b6d809a5886,23,testing
6,b26f6ff32556412ae88f51c01ff8d5026478dd2f815e271a4ee25f6c42249dc3,24,testing
6,6a84615c5782a2d7e8b0992698c58f39e25d9fcea36471da879c87888ed15365,25,testing
6,e4984325992502595389c30a3730ce9bcf191afc08f119529248b763311ee792,26,testing
6,c330ea616705e10ffebea014a78b90332cb5057217cdc6c01be6c2e67b8f8db8,27,testing
6,c68ef69d565956367924aee1e5385bafc526aac5c12f3ea94e6c5419338725a6,28,testing
6,27f56ff91aece29aa60e29b01afefce46c57a317ae2b6df359f63bbf2da58ff5,29,testing
6,773eac76fd4f0295aa0879b5da96075a1a4bebcbbc8f514b083007d09113719e,30,testing
6,10105193f0935637b80f6640c3155413e3e8c54df0b95b496af3dc896c04d13d,31,testing
6,ebb85314b5ed667d6264bdc15ce1792ab8b05dae596cdc39e0b6e621525c91ed,32,testing
6,93eb1923f8fe51964874ff8588771a9d17f4738adfb27d00aefdc5cfde10976f,33,testing
6,05dc85336ac55cec4bd2d7b0fa2de7e92f70ea70e42dd10fcecf1fe148a55c03,34,testing
6,4c7fad0478490ead88f22e02ff4ae6f2bbd56ff7cc5cb8f1d236e9e1387d90ba,35,testing
6,53c9456adf09a46e12b16aabb84a6534cc244e60a8599e805d39b6cb21d3c15e,36,testing
6,fe55443ea79a6d8a438c2c037032e469fbb8ebb55c1c92e807776f116c1ca1a0,37,testing
6,a6fded21303736ef8cb55982bc9df3d23f5077fdb194a3f08da97e6142da8caf,38,testing
6,d129dcdcdd868289b325bd62b8e8700bb16571ec1c328e39d2bcf44781bdc631,39,testing
6,64e1399bc2db3f6d74f7a3d2dd8785d5c513544e7b98bf96af03706932c2a053,40,testing
6,a8c27a7cbc4b3c5e46d9352a27f98f6323a1eb91d10b12d5daf42201b96abccf,41,testing
6,59528de4dfffad16e8010e400c7b4f20cbc8c580613c185d53cea77fdd168c56,42,testing
6,84356de3c422f4d9dc192de737029730ac42aefc53b0c9ebe7d7ff52107d0a91,43,testing
6,a3b39fef1cced73b5088ae4fd829c1f5f52fbff6d3d3cd255acab3feeda9b7df,44,testing
6,236737f67ed591f3895602cf0645c5d17d08d393bc02d222765718c226a85cec,45,testing
6,1320afbbc8fb5a384060e627ba6fd4d055eb5f037cf643dfbde3cd2701b16607,46,testing
6,11f6e9af7c3d0eecd0bf9fdcf3ee9279236ae6f411f9ba6d54db221e5f899345,47,testing
6,4798a6619a3171df040cd814e64853bbc24b01a4e20f26e96d33ffa59633dbec,48,testing
6,19c7266642e46dc176ce0459c8a0ea0ef528902d4b7e52d3e45de148a288a3ec,49,testing
6,c69372d5c5044d64168367c6ad6728a2627b58f41e8c1f3efe2512c4a9710aee,50,testing
6,0f8b6d06e7ec62fe8e12170ca4dcc762b169a8e9fd8b07fecfcfc356cf0f6621,51,testing
6,beb82bc73eeb827bedc2638e61e448652bdb1bf73f7caf35e6184ff59a3fe455,52,testing
6,0c8cfcb262e1289cd4d5016119b270f6bde9fd34badf74f607130fbaf49a18e7,53,testing
6,d11f57c31895a7768ff0a7ea3e12c45ce66b8302c4b654212092074be01c2d75,54,testing
6,0573b8f2eabdfec514e1d45c9a20934432aab37dae481f76ed16e3b487080b5a,55,testing
6,22bc25ee65e00cc1bef1b34765d3d762fde568cebf826e7ba5df65f42420bdb5,56,testing
6,83b5ffa5c4e0d9d2d61fe36cfc482ef0997da404dc5c1ad177758de8f6cab397,57,testing
6,88ad87fb6300593f5c1d0dd85683626f71505ed8d1e2d0f290125d7d647ce59e,58,testing
6,1850562e5fd93f08a0ad46e9e61a67480c41f7399d31d3747f743e6f737623d1,59,testing
6,cfa5edf56a97ed7e07dee4962a7bc3b898532547dcdf621c83970b81ebf15fca,60,testing
6,8831747d3b2f22e60734160a19496c92bbfcf49e5cad348d54285ddf2daf4cc9,61,testing
6,ec01f48ca48f1002647dc1df3c0901ea1d3391f63efe9ec6b39aa166cbcd93f1,62,testing
6,b6a6a5283bb8bb2585c3a4afe6c046306c41604b85378878a5c0c2715b230352,63,testing
6,3d87dd0b97e20b539f1c8761d6796b9ae4b3ebc06d797ec82e87a63d641c65bc,64,testing
6,8854930d9034a39f30760fcb8ccf8e5ffe8793f44d52ea2b93971bdaae26e834,65,testing
6,42ee7760c7b8798e340a33707bd260c3aea32066352429478614782db7a2c4e3,66,testing
6,517e745789a0b117cf14598f554507da5cc99e4fcf77d3855c900d24a6205cd5,67,testing
6,99e9e9ff6f0024c1471c018d82a161571e6472342288e3bf4e70f1f6b1643a3b,68,testing
6,dbadfce69bb4cf79801d4389cfd64cd1e5c883b4e4e921e8723ef50d4a7f18fb,69,testing
6,2cc7c145b781ecf2cf95d3afbfaf2be25c110d2191909167c9598f94a4d5a1f0,70,testing
6,99fcc5a29d8cd44df93b4ccde2c7c43833f2bfe595d8de0280bb10a46f14f10f,71,testing
6,d66f9b051d825b83d536ec2baf3d4b14376473761f56da7da2efce34ee3d6f8c,72,testing
6,efadadc7f3bde828b8dcf68e02f27b5aae6ae5c56207f3c5932ab95d0b183c9a,73,testing
6,569bce2a348d187a6296c563e347ea68e2f5a4b6ec1a77ba275b677c442e2c21,74,testing
6,c6f4e609e5c32b0cf63d24105243b5abd18f31527d6800036a2272bbae5c9f89,75,testing
6,de5f97cde1d87353dc106178effd8a7ec2db70b71626b65d004eff7f3aa0cc2a,76,testing
6,ccdfb77e3512d786097ef9e5a9f08968c613bf778e050edd010e41c4ca95e4ed,77,testing
6,5be27b30bb9b2aea5d95e3603be92fb7aed8cfc831aece56c4405f62912e76a2,78,testing
6,be89cef6253aa677ade08f8e92656d40dc000139d5928432b8ffc74f6c8e6e75,79,testing
6,7763b766ba592b04e3885a705caba03ea5edce2b228ca41b8a1599fcfda619ab,80,testing
6,eedc8136f0b04f9435c1e6213f3d643379c364970acc07f1c9cb515f02d86b54,81,testing
6,4c4779b1fb94ac8b0c0c3f81313692ba2f38575110165b3d59a71db7d4fc7daa,82,testing
6,243a82d4b1af021bedf7af3b39a30a601bcf32c8e81f80ffb41d582f3220bae4,83,testing
6,00884720714f3b64b2b2aa09d7944d1ad65b17ac517605868fcf91056cfe8250,84,testing
6,b25aa625a80ce4da2a39163b3d8850b52cd6c3735b0236fd7bca8c19db8b7a66,85,testing
6,505572c8bfdaaa30cbf41c16973145bcf9bb10b9d99b62c54fdab5661c8cc2b0,86,testing
6,5c1ba5a03fc51737daf1f935054f4b8dd9a3272c8bf56785f1f6e372c4220475,87,testing
6,44d2e17867d151fc2e46a2f44298c643aa83f3608b49bb5789250c9bfffab1f5,88,testing
6,316018832ef8b555e2c8fd213dc29bc3ba8cc11ca874fadcb0da1ee483d36c53,89,testing
6,32ff360e461ca9c50049a65a63015b53896bbce0bcedbb76a63430a69709f19e,90,testing
6,540812d4282b47da2ae4e7426cce64b71cbc5bca61dcd03e26d37c81f167af68,91,testing
6,b8dc21adc4466b42e1718256cd7f07d1e722fabae2028673bbeee668c83c59d3,92,testing
6,8bb245167b98c78f53107d1b98982b0efaa07fb9cbfe7dfd306b3bdde5796c94,93,testing
6,2aafbccb3f87bb7e5eac974d098c5d80deb0af0aa2f573a9b07a343a000d8720,94,testing
6,1a71bb04ba75001ab086e29b71ca45e1b85532772baadfb624b47ddff210fdaa,95,testing
6,4deca1c98a9f6f301c62f0f6fac559cb718cb25e754950b4a4bd6068a87f0cf2,96,testing
6,9ae9d9462a070ee4ddb5b0edc9988f3c7336d1e0a8bf0a88fa7c54b8de52800c,97,testing
6,b7aa59af8deb5bfb97e34f280d622d36f3687e10abba48c1dec628571c8edc2e,98,testing
6,e00ef9b79914d1a0319c09997422ce323282f3d59402f0b0cebde87631107ff8,99,testing
6,a925f6c54818f823616828475ebaef234b259a9947f0109814e720f85e56480d,100,testing
6,d1c0846b01bc3e4d7f577827e41bc69ca872c850aee992c98405626e29ca6599,101,testing
6,a8f5a07a670855b13a6dc3a22533fe3d40bd2dade302fde156e6b8e7444eecde,102,testing
6,d7e14ff2a1b3c746c5cc689e453edff77869adbe55d19572a4d3fb77a3cb2648,103,testing
6,9b57b2a7a775d5202cec6d1a9dd3be0704c7929090d311b41c66adb7a2136699,104,testing
6,87bac96be157cb2ccb68ddfee47a736fa10df50692a45ddfafb639eb4696d4d0,105,testing
6,7d328a60e59b1a0054b2e225914ee6cd3be4ea0c59d42fdf1185bbfe2d6e1e23,106,testing
6,95b0236743fbe91364afdd566955653fc9d7c5bb56d695174cd6fdc33e99daea,107,testing
6,901236ed8a3742bbc2119bd3e19aa6008cb2b31fb6c5935cbaaf02aae88a7dce,108,testing
6,e6cf3216dfe3d66c05d770cf869988c1701795212a62cf278568f2efbc2e54d2,109,testing
6,3c6f3d5ab2024519b35842a43316120c0359438630543c25e068aa69cabd0034,110,testing
6,d0fa0bea92700d38aa436d5f9d2ee049f3e52dd5e07b510a1ba45646d4f121e3,111,testing
6,5f161aeb287efa4204ce5bdef4d043943ed34b890970e14b421ea4f15b8bc2f7,112,testing
6,a29dfc61ff75b44b952d1c2fabab83c99811ae966906bfc3d09832b4a79ae122,113,testing
6,47f825d411fe360a0091b498dfc094cca4b46f1b700c5e1dfc927cd63d4aba23,114,testing
6,f764583035010421e76d660225baf9506850ed7d1f85be1c14da960d4beacae4,115,testing
6,e0179e0c38b026d4c99e9ff58007b9a9ae8da90488a67f1d2f384ef22aa2ac57,116,testing
6,ca3b54806ce4829fe003660ef35623e338156373addf19eed48d0af8677134fc,117,testing
6,f5d035b9f471a41eed4f97a780b103949e6f98286db11a93a310ed3c0a4935b5,118,testing
6,75797eb59ef8b352f31b82e72d121c1c06b92b96a2c42a351109eb47d238b635,119,testing
6,32f116da5730e306a633323c26ce21f028f5a9b2824091a3cc1570a54504d7aa,120,testing
6,45ede7f09227800f1c839134cc8335411cc89163003d28d36ad8ce6b448ec7eb,121,testing
6,7a7975fea671426da88938a3c76c341356320fb99b012e00dc33a8799ec01c72,122,testing
6,16620547f83fc9321aeb21dd89566f6cc2c432f35a7401da9aa34783a7b385e3,123,testing
6,0faa4ff057e07a2130a15c44367ac610c10a1a1732c284f01587682eaabe869f,124,testing
6,e32788e7e1226b99d5d8a50ba75b33c093270ca9032be3daf0da3621eb80185e,125,testing
6,a8d2e55857ebf64548f7fcd2656dbbc16f97d05797511ea13dedb64927abdcef,126,testing
6,e06baefd49afc2822523ec293930d32cbec27de0f0ee930af62c4f9691fc6590,127,testing
6,c26db3bbd51279252aa8a684c21c126568776152a6f88c13dca5d30d61a16b00,128,testing
6,8abf8300a79d6232c50a97235296fd7cbf1b838193cd5ff89c34173484f01bca,129,testing
6,a3ab7145cdbfd4e9c2a3dbe34cff66887eaf9bfd79218f35e0f5b05ca6443e91,130,testing
6,629955f2664a440f47606ec8deab1a19fbbdfbe380f6f9d01897fa8877d2b028,131,testing
6,0db4ad3b225cf4337044e3c201bdd822a1fe62dfd568145f85301ca01641840d,132,testing
6,65fa8f6054b19a3e9abe8e4f2f7650382082937d4b0484de5a615592f0f06dfc,133,testing
6,6327bb3ee5bfe21e67b4f040e0085bafe20fdf8c3c907636cd44afa0bd1c39ec,134,testing
6,4e2a38df997c1beb0d9fce3773077c0e211b14343ae30153a0a7d2b43fe60077,135,testing
6,f3e243709cb8c15f2b34478fdb1478922b7dce8551cd02d6dfd0d926cab3d5d9,136,testing
6,cb4055057eb50505e1634c54eecade81a6e7beed958b7bb2feacec17e36d3f91,137,testing
6,72fc834e553ef80e5484cb0c27dd7b4d0965696d5d282250e46062179124c07e,138,testing
6,56b99a5ead74d8861097b2f20d9422d7edb1f1ea33332c975ab0ba878d60356d,139,testing
6,4a822a2320c8f545e301e4ce607b0c4ee1f4bb98e74171b5ded96fc174cf68aa,140,testing
6,79553a2364e8e214511980dbe283fe385faa0146600fd41690f12a2ad2606a9e,141,testing
6,3341edc8d8bfad00c144c9321dc1b7b789267f62382b495316711dc3bd7155a5,142,testing
6,0a2aed3c3b2d4314e93529fed7dd8fb71ab0afb893b032dae67575661e803990,143,testing
6,d5270739781f5280a377572a3288624bd46019f54c38fdbaf0462d23563e224d,144,testing
6,8f375689742102d61343363db84108ef0334a65266215ce42d44620fe47d11b2,145,testing
6,a2ecf61f2278b31fcb4335667eaeaae6821d5afef285fd46a1cceff75a48cbc6,146,testing
6,f4ccee4df8e635f1811aa8617e883f4a6168f0f8530903fc64ca516811e91c72,147,testing
6,d80f373387ebda551b54742d9949477b7ffcc5eecef6f111eed52d2c2066735e,148,testing
6,fa2694ba044e2668c83486c791d99ad7fafa2f715a86c0ab617813eaf30def08,149,testing
6,9b33cece3e45a8bdc1bb66f4213a18fe4001bdbc8507914e8ffca7f2a54e2a99,150,testing
6,ded5f423baa7864dd33655752efd627b623c049efd3d140116c433cfb1d387e8,151,testing
6,6a2c9ae45ef9ddd399520fccd3bc13ace8923cc8c884edee3e96bd5c137f219a,152,testing
6,4fa14a715ad7d59635c9f6c03bd112d78806c6cedfa5fa128e384e8f3759d57c,153,testing
6,0d5e4bf5c3d0a3ee2c105ea7c527d35e012dd44d7cc5a3ffe376a10cefc7db6f,154,testing
6,037863be4e84403cb6713cea6d9298a915205c63345fd6e52b8ebbb3974b607a,155,testing
6,c9ddd927b9d7f5e420f03dfb16959f08fd481523b4a5c2d95455f8b6652b0ad2,156,testing
6,0f3d66f081b56bc2fc78c67c0c3dc53e1a2e55cfa823a8243504082329e8e247,157,testing
6,c7114aba5c524a8da65bd9efd96f22e89670c10612cfaba5ca72aced6d0451fc,158,testing
6,8d6124cb86a300de711e2bbd33f8205c75c813efa3df8d2bc6d3bbfcbd4efb5f,159,testing
6,176923d7dcf6ab71f3941984856c0eeb0ad76f5d64a45e05286f590ba1b90622,160,testing
6,b8abc3a0e8c346e6d59808b5eab2ece87752bbad78f9513086449f7a6694572a,161,testing
6,2f53f70a23a651e94bf8e0c6d0fbcde8c45ff5a3a786734023cc2bab08cd48b0,162,testing
6,d9492696cffc7387a2e3a16a8ce1294faab51e7b629d19c4b96fcd219a5a126e,163,testing
6,9922b74ad6a502da64c3e20ecc9c73c4779b7285ccb370e9b60af80bc6697371,164,testing
6,83f811327c834d0c7047152ebbc571815e14763133de89241e00dd32ea76ceb5,165,testing
6,53a718634407bb19bd0de1380bf3965c2c56a1cec4c7a2a7ff43b9d4f239c618,166,testing
6,f8c33206c56d3e4c339157a72607f3ca659eb5cc3c3cea4e8e511a53a3c40ba6,167,testing
6,eabe7d3e8e05f151d313913f111da01d1a19f6890d037a5a9ca73c62efc3c824,168,testing
6,671493dce0cde5ccc4a421d7bddaaef7713611919671c1e21a86f65267c7db2d,169,testing
6,4f308d5837aa7f7a946b3fbb68016b70093b9934ef5bdb8fc2e3c888542d7596,170,testing
6,c173faf4817c20123249b8c4710c4df6f44c9f636a158314f730253f9f536817,171,testing
6,e7f41d471a2481880d602e25a6eef68536d56234f40748eb911a7d41e45da406,172,testing
6,b4ac6459d3bc6eb9802a05779c3ac4e46b60b112c1acf1465ae025572c7886f1,173,testing
6,a44aa84c3e0a459bbdc835bcb472407b94a61f838220510cf41303a847247320,174,testing
6,46262ee0f108f14b220065dbddd83186042168b2aa8d429ecadfe713d5f0f944,175,testing
6,6730dc53dcbb577ca31cbc773bded9417a4de1bc1044d6bc34830068c23c723f,176,testing
6,8f753a5c4616bccb8525314ce2693886d4ceabcf9bb4608edd9227c474cdeebb,177,testing
6,4534fa0b0a50fd76a06fde0e1a06e95067fb5f69eed9108bba4deef78ca814fa,178,testing
6,11446b6e90a3c076162701c4f47dee14f0ae0d69d7ff9a1ed1851eabfd4d5fb0,179,testing
6,2da4cc9949e26f6006fa7b2e59f95ae87996853c0fed462089976ac22f252c15,180,testing
6,7e11dfeac90baee45850b3d0a41017195238171f5c2dffc331a3d48a67794c81,181,testing
6,dfa37a9ec15fe20f1636be5511ee12a220107bbeacce65048db5b9fe25a1fdc2,182,testing
6,a4c9883aa3006b10ac4825f908953036085722da0210a3b33cf95bb8857101d2,183,testing
6,39eaa993929ba7631771908ab9a7ef6e58b20aaef5070408b54818a1cb08effe,184,testing
6,45cb273edcbf667c427656907cef9901560efc928a7c07c99fb9c9b8d44631f1,185,testing
6,89ab43c2c7b15c81133c298b59c560effb99f54d3387565417ff55b7916ee8e3,186,testing
6,42110395db369d10e932dc6898e092b57ad2ec23e36058bb64596bf0c64c1f2e,187,testing
6,b68f7bbd869697ee0abfe259c176446757fd737dafad59307cf4cb2b8ed2afd7,188,testing
6,29ae87228b577be44cc507a6367c48b69a4e28c713a7ff581576b09849475db3,189,testing
6,0b2d233cac40a9406eb506691cfa2002650f9891a1aa93e2796964b35e817698,190,testing
6,9143a18708b52dfd4f254fc950ad2f0960039f0bee795a5d05fb472d3043211c,191,testing
6,ffe242528c5b7b6937c31592fc4528acfb1d1851889e1d79bb9b19202aa8bc11,192,testing
6,afc7559b5161a6e47ad09fc3307015a5f7d1f3b561cf3dd714f4fc32c12951d4,193,testing
6,7be9d6695da86de3d0f376f1f0909c8763fa64310b83a5c4301104bcf395cbe6,194,testing
6,190d1ddbc01eb238cbea7d1dcbb12fb64a36624b72902616298629a496dc8723,195,testing
6,4e036f5999a9cbdec247d49dbb3e44671c353299598cdd1820d93ae388b3a001,196,testing
6,89c20b6e187c5b2e701a610c690894feafed04f166e49130c3b33bf191144c3d,197,testing
6,fbbf4f2d8f67fe6254b29d0fef13916a28ef0a00da04cd2e977abdc305b06e5b,198,testing
6,63bcc36023bcc07c6fb7d680e67a4206b073900ed0d28091d806dcbf75ecceff,199,testing
6,dc06df6b1d0c082c63268da7938e42f82c3da386d4f0abf13cab1c53053cdc5e,200,testing
6,e2cfbc418d0aab1eefb8230944ded21c7d3850ee35e4f39611893cc1bff46c8a,201,testing
6,c46a21a4cb39553a0f87384ea88f10e92de72f8cfeff344bc1b054a72b58638f,202,testing
6,c5f0f1019db008bf26f0c669fa0bed82be01edf9046d6900b36caf6c9b37c509,203,testing
6,f726e92ecdaba3e134ebfef91804ae8abebad0f14b95c39481cfb74d259dd927,204,testing
6,0a7fe9c432f3c4772596a4893ab0fe5a14b64c4298ce189df3675c850de0716f,205,testing
6,ef84dd547a2fd0d0fdeaeb84449faf982cbcd9407cf8dfbbc535c649a0bdee14,206,testing
6,32cf68ed2edbb5c3c0ac10441d97ff56d24be5a89bea0d5324406ba6bc1037f2,207,testing
6,cd224611005fb9bab3572fbadc1d91307abfd983c6f489d0ea99c82111e6cac2,208,testing
6,4f52903f86d90795a95eb1fed2307b580b4a476fe0b4f2f0765d918cafe57e59,209,testing
6,d5bd4bcb7945001d0c65f5823bbb6bec89e35768a5df57ed2ed11091d356dad5,210,testing
6,2b370c5d5de86608826cd615b0a3131d4381450fb8daa1dbe044d9568a27619b,211,testing
6,1fd21d5ada7de839670a187232b834630e026e81f0ce58d0c7fb2028337d90f3,212,testing
6,c6b023c29909b3fbdf1bf9fb6defd1025172ab33a049a6179a9ef3878f1d4587,213,testing
6,d92d5c743c27e295657696a07abe5a7399d892ebff3bbee5cb0f68908a1f758e,214,testing
6,018065758fd6e5e71ce6b825b60d7b59d19e64b7f57a39730f74f2fe091c0027,215,testing
6,70043fc835c2a14556a88421f8a9c061a82b232f3141dd49988e6ac614546b04,216,testing
6,d0eac8b9852885742c914a4318d20c95f7b9debfcec03dc909ef14bc8fe47e7e,217,testing
6,ffd9f7d1aa0bf75ebd348e9e26029a2d689dcb693605ffe8ecd272cff27d6433,218,testing
6,308916e68d5bf19e32441b6d53c7beb1cd73616f6bd740196d59001c067b6fa8,219,testing
6,10193fcdc224ef27c32fa26cbf30e50693a812e8b1361ffa67eb2358f60df9d6,220,testing
6,519d01c2cc028bb4e32d021bf672d54e8c7ea3a4cb108b99878326527d271e70,221,testing
6,6c5872d52b9b99a4953612552c301805e55c8654350742cf736973b5ce80d0d1,222,testing
6,76fa47246ee2e8830ed24870d57908a1cdc7fb730b6897974fea89a6cf786b5b,223,testing
6,44fc2038b3f0849ce75c9992ad4e190499222f71c60e3a08e34ce033aba3136e,224,testing
6,df1d875a326d96ccad0a29070eff0087cea83353dfeb407b29b2a642fab05d28,225,testing
6,334edda6df9660c0bbdc63669bc9dc9d9212823d94f4b4f3e2ce4ada4c5e4620,226,testing
6,2bf4a366eb6c6eaf3dc1c758e4db052a0588fa1fb322502358350a605126c286,227,testing
6,be7fa2d805956d106e143879e58b3880144a7142c9ee03d8e3efaa49e6b4196c,228,testing
6,d3661cacdc9d75e34932e14eeb23b7a90680164ae7a591ce1299fd76ac22c30d,229,testing
6,20a306769626d2f1000c8a9175130f6731c2eddd717e59fff870cd913444c4ed,230,testing
6,552f2983538f87575473532bbd475f225b80eb91a3338b3febca10738956fa77,231,testing
6,77918254333cbf66557f03f97d3b5273b1e8575286905e468d45087805b4f7e4,232,testing
6,96f11cad2e91944afdfec2a0b1bc08eabffdc649cbd983ee25c9c68fd72a3166,233,testing
6,f00a1d3406bfe3911ab9d7671381f9d94a887c7ede2af30c73961c9e2d31586e,234,testing
6,4c9b90f0ede13a855f4840f3ff24d1b2f86d69d76d64a817ef009fb74791c082,235,testing
6,9364755ebc00bd730a8a13c92675aaa27073e0558e9fe8c4862de75bd89bd0d1,236,testing
6,7d7abae8b0d16a84793208343db233e2a5136118e8df05cd2dc7df8484daa136,237,testing
6,afb7e251d682e07ae0217f1d6a58750fbe65bad93c1859e7d60a8eaf53739d6f,238,testing
6,9f0434c0d39145dc0a7f2f392bf26ec7d493d50dfad1757692c067c8bd8c6c09,239,testing
6,de890071aaab92460d15408b388af76fb9c95b95628476135be929e7ebaa5494,240,testing
6,af7e72a89da6e3f4767cfcbb0c6c797b395652a4aeb6380dcb303b0e7318b452,241,testing
6,f555e37f5ee741fbd163a18ecbd07ef66f1c526d3916945d96b3a6d898fdb190,242,testing
6,973a1bf47d1bf3c5eca235e882ec118f94bc611bd473375272efdeb7e66353c3,243,testing
6,5b44eb62ca64a5904409a9cf584d41e1b4f9c795bca223a8dce7aebfdd6962cb,244,testing
6,386e34d17c32c287cbe38907ff2fb73233f7b429d10d294accdba714c4f934e9,245,testing
6,5b215015b25681a7480c3322a0b697ba543554ee03d3a38847e3f438833c44e9,246,testing
6,06468640cebd3f3bb0d7442bc73114f89dc1644c9f3782eab3706ad1e6a05972,247,testing
6,19e0221846eb5c72e53a6295874fe9780bac73768a82ac23f60a6338262f88b3,248,testing
6,a41ee6bc43847104dcf77c7767f142548151e34dcaab18f271e20fdd08edfef3,249,testing
6,8bca975288782aa196a99d3a9206d667f8ac6d9b1d285a2ecf3672b30b2f6d1c,250,testing
6,67ed7122789a0606954de767433839a92e71e526c62becdc5515dbe872fad047,251,testing
6,001d13856efff85ddbfe23904de04508795a68b57c7819ab51d56e7778f22818,252,testing
6,232dd5e2e36264a8c14522a95aaabe1edf2ff36b2ff3b75ee85f24bc66f77261,253,testing
6,394a797eccf9a882a00c81434221e79434d123a403e24603f11253a4d9ae7fc7,254,testing
6,cd2f51ad51b89f71ed8ee742ffd2e6c1ff0056f6a3cb6bc7c24f572dc27d2d34,255,testing
6,5a745571023eba14dcb14daa7e5d9228e1a5d2b2726967352f38ba800a52df32,256,testing
6,3f714ef4b5363c9c2331f3ad80405f69e35e742a7397b1b97c1830b285248a28,257,testing
6,dec51c457bf9821f845f7fdcfc0d5a6066ddfd52297c5d330ae1d9c72a6f5543,258,testing
6,db67eaa9e52d519594c9fe0a30222e4152883a8f1147b65910845a9547012d51,259,testing
6,1efb7d13f9525f13e5eaf0c2e6f85af2c495b23f5700f5c80d4486e2cd87ea04,260,testing
6,917e744ce83db6b2364def45798bf67e087d80e49e3fce2b51759704c9b22b26,261,testing
6,8b695f3362e689621e28d381e2320f9a59d509dbd0856b3453fc57e8fc24ab50,262,testing
6,c3f839ae26850731246bee18b378a710b63ad650c092e8b916aa4dd9056598fe,263,testing
6,bc4dcb89f0ea8c4964e40a0219780624c154b9e788138be325def19f21758c8b,264,testing
6,4141b51b064d9c5bc78c4ca3850dd8697dd5a7980d6a5eb346a940eaadb92d51,265,testing
6,732215063f3cea939b3c47519275be6ade29d197d5f2a94b1127b26c9261c7a2,266,testing
6,157f7b3191111479844a5a315b0fb9f1314e57b6e27619b400770f080366bb02,267,testing
6,56c96265a2c7371f92f726470e018c88115f0084b3beacb1d820581f74d87f19,268,testing
6,a1b8f80014087881ab1e47e04f4f1db326a853e7ee71159a17580a028fb332b4,269,testing
6,9d3f9bac0ae6b1a4f6eca189b16119244d94248494110c86741414f3dbe9cb20,270,testing
6,1a45d89e2b21c026721754176d91cea6b621d517136345fb975429febd240357,271,testing
6,7e7f635cc9911f99da56645b7df77c52aeb074024a214bb04e1edb2b17d215bc,272,testing
6,98566463d030d13b7452d7b7af049c9a9902b59999223727efcaac62d719bc9a,273,testing
6,8a11fce861f8a319d44edb3bdf776802a015a3d7a8407220da3aebe20bea6a29,274,testing
6,122654ef9d7165dfdc1965fd400d7eff28b376441136af8bd7dfcf8dd7a6e5d9,275,testing
6,eca2fb4977a830b6dcce549ac780f823b098ea604432cbe619bcbd496eb096ff,276,testing
6,c15d5292428bc14a55747f1e6506ab0a7bbc15128520dc8f56ee557d5572ebc1,277,testing
6,4d8bbf280e70ec46b35421bcb423c12fd4f6bacd140f062ed59e21f88b2ecc49,278,testing
6,9826f57f25744316fadbfa972772f5461d197c96ba169df54e53082c41012efa,279,testing
6,cdd42f1218b4b3b312d3a85fb3fc6bd2472aa8cdf821436b0158c4aff7d4f339,280,testing
6,2b1db4ffc52a0ba589b550615d7f326420863b03dd3562fba65972214506388e,281,testing
6,349e8cd0f3fabd9d76213eae819fd71f69a8f344edc26b8eecc8f3c49d8bc00e,282,testing
6,4a4e255688bc0bf18d9002ebfa228e9452189d8e349bb83a72625002e33c8d1b,283,testing
6,82e16b54ab51af2d80622c20e643a1778ed0bd0b22a5c574edb018d078031548,284,testing
6,decca08be15a022d659fcc45fb8c337e2df48c1431fa51173fc9578d566c7fad,285,testing
6,8cd8b59aa6e1d36c1eaece2b9f0a9df23f836fc189d808bc2a4be95a919e0377,286,testing
6,11c954a5895c0d96bb46302fd7d66b9366eb9ca8d44aeb07fcadfb99f632857c,287,testing
6,624ac98dfa495ac7c3d20eda21f4055c06e2ec36c59bd0c691b81410fc1184b3,288,testing
6,3b58493bc6139d59c3330487f25669b6d3ff8eb38fca4be2db5dd12f4716e76d,289,testing
6,de18eeec895ff1342e678d61c4ac29d750850721fa763d54b633dee31427e73e,290,testing
6,7c86598c2427a2a968a501dbaddfc17733ffb0b4d276a6d53b17b53945093430,291,testing
6,084b56c91febcf090a0b946ed031678942a8458cf70bcec45c6b43dd4afb2f85,292,testing
6,09c36a76c84954fe7e7380589f1b55c1c2575b3fa72af0bccca8eff8268b4cce,293,testing
6,8ad9600f963d19171e5f72881918e6619ef37f45b22f0badc4d7bc7f19049d51,294,testing
6,3514cd39dbd22aa8bc516a47abb639f0d1f8aed18df995b9bf5d45b4b70b2215,295,testing
6,5e9e83d34e99a8395abe53fc1d986577648c2b59e356982352485f4eed937cbf,296,testing
6,10ebaea1b9a86d348167f6895426d30b414c5c20d92d176cc63df094c939f7cd,297,testing
6,331e0b468d74c99c8263f496453efafd064447baebf9f9049adf9a16a5f681e7,298,testing
6,745ac4e5fa1ab1a5cfc8dfad573c693fe3fd1b8b7d9d20f997d580eaafa189a8,299,testing
6,59aa1025e429b0cd777f2a9601030175065b185e069fc72deab6a4f5a86c28d0,300,testing
6,a4699a24e81ff06c2eb5936caaf240063d5546b3f22ce8748ef313ab1b85a0c3,301,testing
6,5e2462827b19b5f283000daecf748b350197dcda102db5713a5282b5fe1620c2,302,testing
6,58af406c9dee5ece459deb3667bea09bb8c69a95543f72f93a2f72dd7aeb8244,303,testing
6,8f52d172bb97b464ed021645405dd9a7b08f34f393218721cabc876d3493f2d6,304,testing
6,503e8aab436e15ba79148b3bf92f13bd797be12f9f11925234194b3903da8249,305,testing
6,66d6fb04bc6e90eab520be762f62f10a61f0bb4194555cb52224ebfed7e6b91b,306,testing
6,041d16c987fee7eeb6e319e1272fe4ba14c64a5883f74471950ecfc2c58375f1,307,testing
6,1d1d7ea5d5ecdfeeeb3668f2d97db77ff90a6acec0eddac6001b45cbb23cb5cf,308,testing
6,77a71cc1cc75a948fd6fcbeea0bbe949dc0df77515b74839d81ec6486de224d6,309,testing
6,09f26c5ae415bb66ab9a9f7a5b92111d40d4cbc23d5d1edeb8a2a5d0c790092a,310,testing
6,e387c15d24c6a0d92770c0ff1967ce6f3bbdfaaae851c71f43caa55d5f7a5af1,311,testing
6,aedd6b604e1fbce15e20783db3f3c13616f78bcb724db000e7d1bb5c04b3d270,312,testing
6,8e585686ae98089a0d6827dde6d0e827629c968e32a801e698d4a321829c64fd,313,testing
6,c1e8c674fa21296c496ce7166558a27f7c0cf55a1c1f0d46a63681fb9b395935,314,testing
6,0e524dcfd422bbd5faa6f88ea8c173e5b52057a33d93f3d08571757d95133617,315,testing
6,507b6d2af49a61d47ba25ab4ed1cb92539c627fbc3bbf2dfe688b83b3d67f5b6,316,testing
6,c41a1549767fff6aa7aa6ebb8fbb1b4bc330c450f174bfa619ebd638698ab84b,317,testing
6,3e0164dca77c81d00ef7095be9f2d9d5f337a782b89cfe0c8c9e7f959b8716fd,318,testing
6,362fe2be551f8894b1ca75512d7962cd1604495036c369cd1b4f7aa77b9b4f51,319,testing
6,f2926b030005ad9f58e0c40e5fe7d0cea65a09355913e30a7a3347f610ed9b34,320,testing
6,a2ae066481b3d31f6d3257c30ddbb71d6b0f8406b9e2cb7db5de9fda53b404cb,321,testing
6,73bf62a4cb425c8a49dcd12c21fccdf0206db63e230af64801ff38fb15f009ca,322,testing
6,e3ce3057e73a5c787c4d862a0f0ba56d2abdd092d58b1e2973630bacae7deca7,323,testing
6,63ae5dc6414ce95f253b48ce532a84ada138eaae2f53529e3fdac7f87732ab32,324,testing
6,0493d51bb7ded6aaf1873dd4dbf7081175478d83363bf1fab44fd19a5dea7827,325,testing
6,910fbdd48b10086fbb1a636e3e3da5da9efe8871aad22afd29c808ec7207c492,326,testing
6,4acaeb87de754cc6eb2a57fd5aad68c2457089e73578fa13907df719adf849eb,327,testing
6,33faeadfa409a92ae17a1d30ebb7cccfef22810274aedb5e5185e212721177f2,328,testing
6,dde262f90303b92ee15ae9e7ebd1cc3a3522360fe886ab18a97a159e1a45a68e,329,testing
6,b33de97f9eb99792084ce5adc32e8eaf7c0ea42928299dcf3c4c07b0a5645742,330,testing
6,27f959c318617fdecd75779759b8a19cd763a94fb16ece5fc37540ab525364f2,331,testing
6,50a44d0b39dec33fc7246e29f9b73f78b90f7c2e6fb9c458d8e6ab4d250020fc,332,testing
6,86cc788e44d9eb141789421509851f65e4de608231719b6ea35f8f5e93bd4070,333,testing
6,c962dad250f0e00018cc80d3ca55ef58e3c26a20d532d87495aee6f6f183c235,334,testing
6,ba5ef6809bc0bd19940745d009474d902962bae6c9182a1600e820272b9e1ce4,335,testing
6,233937f70a4240b1ca140d5cbb612c14ea472576057c5020393b84a4f44f1ef5,336,testing
6,833886c60a1651269009e2bd6fba85385bc6f6951b44c7e9f6d18323badcc206,337,testing
6,44cf61ff7e96c2eb62241e77cd5c44273a43d029339b3c74aa22dd0bb90927f1,338,testing
6,171aeaef23b8c1e6d4c7f9fadc47a0a8a8b3d0c1da09574889caf3843b8d790a,339,testing
6,c23c3a39b7a12d4727c21c7117f595d5cda983c932234a36434d0334c54db4fb,340,testing
6,1bf7153fc54c96d15468a9bee6b1c87a95c60fb5548f67eb4788030ae1bfa83b,341,testing
6,b3adc78104e1d1565d06c3f71697fcb2e08ea022f6e30be56a0ce08a0f3c050a,342,testing
6,f14f4883269619788444f695afc31d44a880177b68d7932f75d6e5baff69a638,343,testing
6,27bdf74a79e77a611d35d10a97a36b21b4374a8d3c5aeefa90e55ab0745bdab9,344,testing
6,a108f826216ff33a155d1101ac10d09443de64889806b3ea97afd69f439a0cbd,345,testing
6,b8a07357905715be6828bd8941bd619b3e4ce29d13a6d51de6eaa533f16b7985,346,testing
6,778fbc59141fed8d5a5da9423c1980b3acb684c6532fdba74f13b98f2ffa1545,347,testing
6,d0fbad2c1268ef10030c1045181d0df86083ddb26d8d6d0dc417a8f2b7133a88,348,testing
6,16023ff6a809e5fd72de958db2480723c41316321aac1616b5fd5a3e949ce26c,349,testing
6,04b1812f8d4b60fc26629013864cc8b355c07d92cfc1d8744fe3688ca0858b96,350,testing
6,108f5701449cbbee86b7de3b6b42f1ff5b560898c228a2fccedd027424682d4c,351,testing
6,735e561200a25f360d9ae1f358892c0d076b24572943b96819d91ca48be3233b,352,testing
6,530a5b5a201dd1df6106f8cd1ca965a246c371fde07c9287c739184abdef8d21,353,testing
6,ee3b8496a9492cc0d97dfa415703e4779eb914ca9e2c4acf9249efc418069469,354,testing
6,150242759223d8d28c9af4d2482e5b03ffbee4d95709ea21dc78f55f043d38e6,355,testing
6,e49f927d36bd88172038251506e3f7e93b45a0a7dc75020110de6025e6e0cbc5,356,testing
6,47b432d8f8d2303f3dd8efb100f49fe5ec22d769ab9cf10e61f62c1adf4a6470,357,testing
6,8ae68652c920d87ab31d2718a87de86fec6ece43cbf6edbe5c3aee46d7a0a49e,358,testing
6,1df06d66e573145090b8a7cd64cfe0507de2abb37ad08384210d4021717c2430,359,testing
6,32eefea50453e951a0171a46184f77c6cfd98727a2ade70fbe2407ed3abfea68,360,testing
6,db09e69f3783da72956622393647b1a930968232197febc0492f5f8ba082b841,361,testing
6,e2850561019fbefe3c5867d325dd84387694972d20ca6ba024d202bc707450f5,362,testing
6,6ee753d98f7370cc7a01304af2fe45e8ba89bbe848540a164b4beabc67b83d0a,363,testing
6,b08bff21bf416ab816d1bcec23623b85b8c69b387f63b7ea5e65ba107c67745c,364,testing
6,c5281d1b6afedd4b35deb50c61831078484cde1c24d223630de4b597ce344b59,365,testing
6,6c28a8c065fc6e0c88ef6c5358234ccdaa67fbe45ed0cf3ef4e1a79a5a1294d5,366,testing
6,54a8d5e6ce02f563ca5a41cbd4bc792a51dbc8f0937e8321e27e703209ea19b2,367,testing
6,6158f44c5ac2e912c6f5dcd392d0cd0a5c4e67e16824a80374accf6594b9a25e,368,testing
6,795195a8f319428f4cff336fe0eb03ba674fb4fc6b2b4d75d6daf33294120476,369,testing
6,c892c18c9915fc45af65d1a05fb63e6848466a8e67f674f79794120c179b4555,370,testing
6,373d8b63784995360e91f51d4beb875f31a8ea7329e5d0219ffe9c7db43b6cc4,371,testing
6,deaa482b95eb9dd6a7e98fee55ba4d986063f80a73b713a196ad5f15cef29ffb,372,testing
6,dbd5e661b6559bcfcc6bd6148bf98e75f03954e27a99b749847e0efe3c31f7f8,373,testing
6,9b40672800eaed0dad1f3b861a90c6605707d96d29df064ba998274302231a69,374,testing
6,e6455421803bdd0d408caa3541df753a926de0b06b2e9978d9f9729efd2e4394,375,testing
6,3c6621a510ecb43e389af0f6bacd9c2fd4b91aae8db1448e2f53e129f4389c38,376,testing
6,c66f9cb48ee9155cc01ad1752c08bbbf2b05cb6d1857a6ff0b466e2337301008,377,testing
6,b4b328239536680c62d513cd0cfb12b11209bd7f8cc62669c432533ffdda5e68,378,testing
6,95cb9b6ef644b88627ce236cb8e87194b696091c92df7723b3c4d3ca905a24a4,379,testing
6,f49fd6ab6e34f01365213692fa431d93215b38cf1e1a54af15a705b8d3c9110e,380,testing
6,30f0546b458c3604c93c6d3436dbad93d2ab816a3019f1a42300f02675eff0ef,381,testing
6,9d7d54dae3ea08be7fdbd78b7135cb09c0742a056b227004ab3ca8dd6e852566,382,testing
6,510a109221e186ad45fe556688c0d74ab9d8eda26ccc03aa045153dad43df7dd,383,testing
6,610463689fa9ee06e40bebfbf3113c1a69704af25fa2bcce87a6e812a7ae4b32,384,testing
6,b0c13ed97ef0eb8ef35e0dee9f964f5fb5e28416579a65b2a76447668e365d4d,385,testing
6,500e4192807729d9374c2339f15a12de815b63548e16c3e632cf189609120085,386,testing
6,fe90e844072ab4ff4ba64a34606ae8c8880396bf986008f0808fa340b2dd96c8,387,testing
6,685784b020f8773113d9eca27ee6910e33355b695251f317447eeb1de730968b,388,testing
6,e1d917b8aa927ebaa2f96370dc37435ccf7403691c3b971e18bdda4478210fbf,389,testing
6,70655d96e07b74bc33c9db11efad8be4aaaf4b1775c4dd26847b7a4fb5262176,390,testing
6,fd2c458a6ace19ce5b837c091b9e74967599f2abc791fc24f50116c89ae9986b,391,testing
6,f5c3f4977d4c590edda771b93848d2fa6ef94cf15e60f9deb41e05a2e2d66ce1,392,testing
6,61524ca9337a0ba770557cee2d9829d7bea2f2f48779017c1f96ca420dd164a3,393,testing
6,9490dbae6dce0ce943ef6136408d5f6f6f84bc45f4486e7ff436090c4e992984,394,testing
6,2cf20e204cc8595568d34a75e089a40c103a89d58a21d39edd58c2236a38f07a,395,testing
6,70ef7a2943edf3891e7389cc3e61ffed12cb96e851ccb328f12bca2e71a23bd9,396,testing
6,429f05c88d8959c3c44f5901ec5daff3d7d877e126ef1742d7c9ecc3bd7bf8a5,397,testing
6,ff1d0bf437edbb7d9a16dba81a12446ebc88ae1508445ed9fd0f16a3d9220baf,398,testing
6,31c70754a2c2072eca48c10c4bfd05b2268dde38712189a4722c69a43605d165,399,testing
6,7978cfc0bb111eedcab857c504168f36fb967f1e0e8fc575603d26fca5f6745c,400,testing
6,af15e142314d53d628749cd1068bd4dddc22d0c3a8f877b7ba8596d40f648d69,401,testing
6,523cc9ff39326301279cf63b09d72263c3b433a8fece8cdcbac9700c8f162e86,402,testing
6,d9b648e255d6086fa1a6984657383123909740952e719ef0db4d847c4ec03527,403,testing
6,1ba713c40cbfa0655dac19c3b077f390b2f9426777050679bdb1d1d7fb5cab06,404,testing
6,dc86c53c91a4aecce24f09ba4662af0d95bc8cce19899b8d5df829518cb9388e,405,testing
6,d6c2db4916de65ced354f5f62b567e1fc0d46694e9a2089c0867b472fb2a01f0,406,testing
6,989aed30f70e6c1dee1c14ae109516aa6297726b7f70e7a79bdf5260b608399f,407,testing
6,1add31654ca1fa552f762df2bfb2ecddf65acd45d6e51718d1ae6b0caf660f9c,408,testing
6,fc8fb5d7ca958af8f4e68b86537ed92547f653630463439889d5d16df4e09105,409,testing
6,9a51e7ffd14ff2e8a8bef804f35001acf096b404156da06a0de39a3736f08f6a,410,testing
6,93da97cf120c7085b6e49bf20007b3d39040e2838a248ec1ceb18d2d49c2c853,411,testing
6,63b75fadc9879eb3bd6eabb06eea1ac30007c5ca6108c3c6c250132d3e1f32d0,412,testing
6,78821b3ec060dc7faf984c91ff6840cab124f795c591e7fe8e4dca8b5bf751bf,413,testing
6,2c47ea19ff5071c26bcd4fc0a22a9a4ec9eebe88dfc2abfad3f6976f07b10e4e,414,testing
6,f0010c77c9a5c18c89987b7bc2427d5fb04aebe3c2f6aede5064d825b7344a8c,415,testing
6,f2a39e4de9f96df9c02fb958a1243f937025cf79940c6247ee9ee479eca9438e,416,testing
6,88704b9b7fead05c8c53b508cf95fdab13d300e31864a683298ca67a83295054,417,testing
6,95293eb24fd6e90162b2b4b16fe6bd282b272470a209f93795651183e6a0c8c1,418,testing
6,d0feba8cab482946ffab1e39ae74c5729199a4d2ef8aa40acfa88e35e8173b36,419,testing
6,6c1f37fab5b947bad940290f6bd2e9d8edff3bcafc9c55d03d293215f384efc1,420,testing
6,640ce6e3d460ed6b5f87ce31abf81409254ba36fbee872c3cf9db9b0030e1492,421,testing
6,354659a050fd5b9116259280566bfd8b44a511ecf4433c0b8d340cd636fcdb28,422,testing
6,0b2f08de047892df188b0a714f3b00983a07471d656e11248189ae27c2fc2196,423,testing
6,5ebd795086dc1f1b55ccc97d69d48015f2b51d8aea30f219ca6976ede9e0a076,424,testing
6,1b87cfe9924b080fae719f7051d992edec92929a7420438bf474db2328704008,425,testing
6,53c391a0a329c3275e7ab6bd7938e0c9e8a44c3d21ca375512c1b115ac8d85f7,426,testing
6,91436016ffc4ed9e9ab59c6fe493773bbd8f9a5cac531875cae4501405b0f3c9,427,testing
6,93c24fa690d8a7ed3e240c12a3a452a82d2b44a6ec61ec4bf644389bbb608035,428,testing
6,0734bbef5be935faa9fb6179eb0c40c401c03505f844d6f6cbaca0300e9b3f48,429,testing
6,ca373469af6712cd742d1d29867485fd130051ebd8bf7f8ac43e2d8f46914996,430,testing
6,b419a33476a318a5799730aaa054f3fe5d30cc965f1c27cc000dd10409d58417,431,testing
6,20a04907bebf26f92652da9b937199a4678b9511b34e58d15dfcc5c3c8f4e9de,432,testing
6,deeaae207f1b8047aed3acfaa42bf7530a7d6d01b5f01df2a82753846f291941,433,testing
6,283a1b440d1384796715321d29c535e5f294ab757537ca6daf83cdfb7e48eada,434,testing
6,136589a18db0c31de8569196d8957a3f662f96cb291598362932412abcc71f40,435,testing
6,d96a135a897a9f1b7ed9414c495b5052a7b8a76ce286823badf040419b35eecd,436,testing
6,cc0ba8f1c28bf01e57366a2dd6548a013ea2e338b35371070ee3baf3d25c0a2c,437,testing
6,6a90f2b995b55fca1e5c11cc7fcfc4de3642797650f384e0f98a55da91fca37f,438,testing
6,8786fedce57e39207bf6d5a17b41483c400da061db2974edcd0f7f42f4ba9312,439,testing
6,731f4ae5a4d60ff16a01272bb38973b55b09dcca8b533f432a82b9dfb7e18d47,440,testing
6,978fa520cc9088e4e93466ad7b5a1d4fe784aa2f36209e7ed102b959e323e611,441,testing
6,58e86f832f821ba490355cd5ddaa113be9c5608a111bacb70c1f1ead05ac4c98,442,testing
6,6c5040a042521ed8c0bc64e9576cf3d1f74f5c870b368278853b03aa72db0d7e,443,testing
6,28aaf1546f54c0584d05b3d718a0a6c59bcafcc294f9d9a9354bc5b55433487a,444,testing
6,658f4c20a379bc2b2c07c0cdd9dd57f680ce7bab318d76d8da2fb67f310e9f70,445,testing
6,5b36f74e3673dbcd868456bf35ead44e3b569bf148634fa4d420922fe09c6828,446,testing
6,fbd87425530bad502379ddc48e215fa4596673d8dd7671268e68c839371c287c,447,testing
6,136080a503598fcf67bae981d65760eafffbc9f1c585edaada79a9773b66d09b,448,testing
6,7d4d43de5a0b5585db7649a34d0fbef3a16d5ec41c738e2077c13d1eda21a227,449,testing
6,83f23f1df5d869e15293aa52c6a93a187eb6c754c0d9d29c989679b46aff7363,450,testing
6,c89eb4315b287d8460b238ba5b8a107d4bdc383b2cc8e832e14310619c544a90,451,testing
6,630be183c97ede4aee3e5cc51daf8ca18142c4affc5a90b3678a23970979e064,452,testing
6,b6bacf8a5fc3a953962fd95d9b338ceab34a71f44c03059ee263d75a645adef2,453,testing
6,97f7115e33facf5bed18bdbb2729483608a0edc97d49ae8e128abbbe887029d1,454,testing
6,75d808b3458d4ae3e006bedddc65ebead5946fc89d2bfa5f211b4b656768ae72,455,testing
6,d880f706248b920c38e209b883634a27464d6286ccbcb6f927a6f2fd95e6ba0c,456,testing
6,5bfbcb796cfeb9c2909b943cdf47d6e4189faa4667e5ea951d58a87d9284cf3a,457,testing
6,64e7e4115cde9e6f0545b26f2189829aa6bad181c1c9e24290f75c15efd7ea1c,458,testing
6,aefed5c6cd255e203431f50f29ca60d5b6b7e6b8d4223e04da7279ba237625be,459,testing
6,6b2b6cca13d03b14cc903a077020dc70a638be5f2fde5a05bf9e6016097aeba6,460,testing
6,92b4981ac56e9623bee445385102cf7e0237f77c12711c7b84f40de92c437ba7,461,testing
6,eb3d67094c0512ed8dd5c77066e2ccd06451a173b2424093237d031ffaa2c031,462,testing
6,55f42caf6320b868f5651a46f0566c04233cfbb8f94bef325692f80210678062,463,testing
6,5fd64f8e014f73da98c9b2bbba0cb2afe478ad8a162a0d181869f2010bcb794f,464,testing
6,2eef60b6e4d468418b4db09b8269fc72c9ade8e65f3418237bc6a97d331cda34,465,testing
6,448e7ead720e9be6aef0aeb88875cccb950052e5d556bdb16f8c5b29abd03929,466,testing
6,c38844abce48a3a043afd23f2875d0fa03c397c9768057865e059df4cf7c36dd,467,testing
6,9fa4d74f6185d82afd5be1aa7d3cdde9349c9a4dd63546b09aea408342496421,468,testing
6,c89a381f74eb979265072acff8a92d056a12b58ce7ddab8ae266f521a9dd77e8,469,testing
6,d2077cb1d20cfba21e4ea31d40bc213889c3f205769ae950501f9b9e53ee74c9,470,testing
6,b3d50b2f6fd43c1a8a10155229430d71f9ca17ff086f67bc4dd2803115315198,471,testing
6,934b7a8fcc6cfeda9da95bbf2a72f3d77bbd613bfeff176a2b00239dc1134725,472,testing
6,866d2fcf3897969a32f4d852951592d8cfa85d0917565cbfeedd13c7562870de,473,testing
6,015415457854f9e4277fdafd652de8973c15447b00dea3387ad9560db8ed6fba,474,testing
6,15cefe8ce77db6ebeb663d97be6e6a4687ddec635746342d62cecd4f5ade1a68,475,testing
6,de8fd7ecf0275562debeaf448239e90f9bcd2064ee199dae514a1272fec7b1b9,476,testing
6,fbddc5bdc74490bc10445f16671d8a07d5a26a660baaea5100f47d0bf2359047,477,testing
6,9990ef6870e013b8fce7538a9d54c832b57bd5fcf2765c68393ad92ee2959848,478,testing
6,9ae49adb90b3aee3210960e9dd25be6f70fc741a0d00f87cc997ce7e4c97a11f,479,testing
6,149e9aa150f411d9979bcd182c57ab6d5ae0673de24a7319e15ef81cc5fbbcce,480,testing
6,0ee65ef7b2dcfff94e50aac88910fc6bf240cc58425a0d9a5b03e9ca37e2762d,481,testing
6,41494410081fe68efb3fc5ad1e3f208b5efe186f288333d495b58a377f40de62,482,testing
6,caa3b054163588018805517d349da48fe0f5ba77c3c792f2df2a2950c32ebe8f,483,testing
6,bbaad82e7052039be46f995ac500ebf2afa85925b1e3c9017eb3cc0deb06ad65,484,testing
6,f7529f1f82fbcd417bc8dd551bb9a0466f9a7c101b83c2c7438a3d2805f61c27,485,testing
6,e42529cc6575be5aee7c2679680cf1e570c822cd40e631d46f2c26cbfcbc748b,486,testing
6,5265a9822f42cee1c392d4d5f6305f0fcc53b512da202a7a3dd8fd433014582f,487,testing
6,f7c570483b9212f4cdc4a55addb504cbcaa0b322f0c8a481bdf1fccd3297eaed,488,testing
6,476790e392988fc34f34fd7d75b279fd518ef698759c70b18f66fae0ac33a677,489,testing
6,cd6c459466d50ef28c466ea20858d14c6d4ca01ee13a27ed1964ade8b562dedb,490,testing
6,dc084c2aa713635ac54567b88ed35ffe2680eab7801b33282608d95537a86f2c,491,testing
6,c12cbf87809532b0218cbcfb5d0120de5af5edfcc8d3c9053957a51610a1a383,492,testing
6,ca1b78360103d0b2f6c3c1b4e95a2ec86e7356d355d66e13e7f243c343b1bc81,493,testing
6,c8d8097ae025e74e6169b217538b436ca76c063ce012c8d7b8bb7d0ce60082c1,494,testing
6,32dd6c2b8429032574d317accd3ef7580a1852d439801e2784848a2abaa6a577,495,testing
6,7bb590f1ca23c23c86b181537398395480b3555fbc8cb8e852fdac749ff0fd30,496,testing
