intersection_id,SiteName,source_row,timing_plan_key,timing_seen_in_train,max_degree_of_saturation,severity,observed_weighted_delay,cosydelay_predicted_weighted_delay,cosydelay_error
1,withoutShortLanes,2,90.0|A:14.0|B:38.0|C:6.0|D:8.0,True,1.2736842105263158,moderate_1.0_le_x_lt_1.3,32.001105263157896,32.14268506535714,0.1415798021992458
1,withoutShortLanes,3,120.0|A:23.0|B:57.0|C:6.0|D:10.0,False,1.536842105263158,severe_x_ge_1.3,38.02620689655172,39.6364004171953,1.610193520643584
1,withoutShortLanes,11,80.0|A:11.0|B:33.0|C:6.0|D:6.0,False,1.2,moderate_1.0_le_x_lt_1.3,32.01402366863906,29.520069462445164,-2.493954206193898
1,withoutShortLanes,13,150.0|A:34.0|B:57.0|C:9.0|D:26.0,False,1.796783625730994,severe_x_ge_1.3,62.0303547314539,60.68132047508001,-1.3490342563738906
1,withoutShortLanes,16,100.0|A:21.0|B:41.0|C:6.0|D:8.0,False,1.5311653116531163,severe_x_ge_1.3,35.43207380693107,36.07255981042497,0.6404860034938977
1,withoutShortLanes,17,80.0|A:12.0|B:32.0|C:6.0|D:6.0,True,1.6875,severe_x_ge_1.3,29.48647416413373,29.38669829997156,-0.0997758641621722
1,withoutShortLanes,19,90.0|A:15.0|B:38.0|C:6.0|D:7.0,False,1.4210526315789471,severe_x_ge_1.3,30.987500000000008,30.36679663377947,-0.620703366220539
1,withoutShortLanes,26,100.0|A:21.0|B:42.0|C:6.0|D:7.0,False,1.7050264550264551,severe_x_ge_1.3,35.67230650732115,35.67720927893951,0.0049027716183545
1,withoutShortLanes,28,150.0|A:28.0|B:57.0|C:10.0|D:31.0,False,1.698830409356725,severe_x_ge_1.3,64.36551156667477,59.162323051505325,-5.203188515169444
1,withoutShortLanes,29,80.0|A:12.0|B:31.0|C:6.0|D:7.0,True,1.2516129032258063,moderate_1.0_le_x_lt_1.3,29.55455479452056,28.66518595472649,-0.8893688397940664
1,withoutShortLanes,33,80.0|A:11.0|B:32.0|C:6.0|D:7.0,True,1.3125,severe_x_ge_1.3,29.071770186335407,28.97800269738444,-0.0937674889509665
1,withoutShortLanes,42,80.0|A:8.0|B:35.0|C:6.0|D:7.0,True,1.3028571428571427,severe_x_ge_1.3,28.13646666666667,26.460228439310654,-1.6762382273560128
1,withoutShortLanes,43,150.0|A:25.0|B:68.0|C:7.0|D:26.0,False,1.66421568627451,severe_x_ge_1.3,59.60464984810735,56.29649678906191,-3.308153059045445
1,withoutShortLanes,44,80.0|A:14.0|B:28.0|C:6.0|D:8.0,True,1.4285714285714286,severe_x_ge_1.3,31.38040540540541,30.32206741844182,-1.0583379869635898
1,withoutShortLanes,45,80.0|A:6.0|B:36.0|C:6.0|D:8.0,True,1.2999999999999998,moderate_1.0_le_x_lt_1.3,24.738129496402884,24.6163193053948,-0.1218101910080875
1,withoutShortLanes,46,90.0|A:11.0|B:43.0|C:6.0|D:6.0,False,1.3116279069767445,severe_x_ge_1.3,28.666892230576448,30.848638444956958,2.181746214380506
1,withoutShortLanes,48,150.0|A:37.0|B:56.0|C:6.0|D:27.0,False,1.956845238095238,severe_x_ge_1.3,56.87989496798694,60.58197921780273,3.7020842498157904
1,withoutShortLanes,50,150.0|A:26.0|B:58.0|C:10.0|D:32.0,False,1.635057471264368,severe_x_ge_1.3,68.34356467939601,62.08977443634151,-6.253790243054503
1,withoutShortLanes,51,150.0|A:26.0|B:58.0|C:6.0|D:36.0,False,2.0761494252873565,severe_x_ge_1.3,58.89644540954267,58.246861207565736,-0.6495842019769356
1,withoutShortLanes,54,90.0|A:16.0|B:34.0|C:6.0|D:10.0,True,1.4941176470588236,severe_x_ge_1.3,31.357507082152978,32.5049342884917,1.147427206338719
1,withoutShortLanes,57,150.0|A:25.0|B:56.0|C:6.0|D:39.0,False,1.6785714285714286,severe_x_ge_1.3,68.42607724131402,61.0978620852686,-7.328215156045417
1,withoutShortLanes,69,150.0|A:29.0|B:59.0|C:6.0|D:32.0,True,1.9858757062146888,severe_x_ge_1.3,56.760076216075,57.25339263647965,0.4933164204046534
1,withoutShortLanes,71,150.0|A:25.0|B:59.0|C:8.0|D:34.0,False,1.884180790960452,severe_x_ge_1.3,61.17342154340886,59.17314920029553,-2.000272343113324
1,withoutShortLanes,72,150.0|A:11.0|B:70.0|C:6.0|D:39.0,False,1.5547619047619046,severe_x_ge_1.3,54.89695699400116,53.394740093792784,-1.5022169002083745
1,withoutShortLanes,77,150.0|A:29.0|B:58.0|C:6.0|D:33.0,False,1.7313218390804597,severe_x_ge_1.3,52.73394127979119,56.15049128654522,3.4165500067540293
1,withoutShortLanes,83,140.0|A:22.0|B:72.0|C:6.0|D:16.0,False,1.539351851851852,severe_x_ge_1.3,44.199073238439496,46.21914455122411,2.020071312784616
1,withoutShortLanes,86,80.0|A:14.0|B:27.0|C:6.0|D:9.0,True,1.6296296296296298,severe_x_ge_1.3,31.952218844984795,31.03100155997466,-0.9212172850101368
1,withoutShortLanes,89,150.0|A:24.0|B:45.0|C:6.0|D:51.0,False,1.8759259259259264,severe_x_ge_1.3,64.60264039546483,62.522681338228494,-2.079959057236337
1,withoutShortLanes,102,130.0|A:16.0|B:59.0|C:6.0|D:25.0,False,1.437099811676083,severe_x_ge_1.3,47.94336285058177,48.58751517351365,0.6441523229318804
1,withoutShortLanes,107,150.0|A:24.0|B:65.0|C:7.0|D:30.0,False,1.5448717948717947,severe_x_ge_1.3,60.971242774129855,57.80704256744847,-3.164200206681386
1,withoutShortLanes,113,120.0|A:28.0|B:44.0|C:6.0|D:18.0,False,1.6727272727272726,severe_x_ge_1.3,45.0475241779497,45.10191606411009,0.0543918861603884
1,withoutShortLanes,118,130.0|A:12.0|B:61.0|C:6.0|D:27.0,False,1.5142987249544628,severe_x_ge_1.3,43.94956315833426,45.54613102260824,1.596567864273986
1,withoutShortLanes,121,130.0|A:10.0|B:60.0|C:6.0|D:30.0,False,1.9138888888888888,severe_x_ge_1.3,46.80517750300506,46.56173463255397,-0.2434428704510978
1,withoutShortLanes,122,150.0|A:19.0|B:66.0|C:7.0|D:34.0,False,1.7752525252525253,severe_x_ge_1.3,52.00087441884949,53.72445626997515,1.7235818511256582
1,withoutShortLanes,126,130.0|A:12.0|B:59.0|C:6.0|D:29.0,False,1.8508474576271183,severe_x_ge_1.3,49.36487491981772,48.2260863416477,-1.1387885781700149
1,withoutShortLanes,129,80.0|A:14.0|B:26.0|C:6.0|D:10.0,True,1.3846153846153846,severe_x_ge_1.3,32.31950495049506,30.97006634246633,-1.3494386080287306
1,withoutShortLanes,130,150.0|A:28.0|B:60.0|C:10.0|D:28.0,False,1.7999999999999998,severe_x_ge_1.3,58.382041975422624,56.77564252997966,-1.6063994454429604
1,withoutShortLanes,132,100.0|A:19.0|B:41.0|C:6.0|D:10.0,False,1.3265582655826558,severe_x_ge_1.3,35.62643024870718,36.86172225872362,1.235292010016444
1,withoutShortLanes,148,90.0|A:10.0|B:36.0|C:6.0|D:14.0,True,1.5333333333333332,severe_x_ge_1.3,32.102880000000006,31.51728016997861,-0.585599830021394
1,withoutShortLanes,150,150.0|A:6.0|B:73.0|C:6.0|D:41.0,False,1.9063926940639269,severe_x_ge_1.3,51.79044173821234,52.71894920142759,0.9285074632152472
1,withoutShortLanes,154,80.0|A:11.0|B:31.0|C:6.0|D:8.0,True,1.535483870967742,severe_x_ge_1.3,30.992758620689656,27.744711224556237,-3.248047396133422
1,withoutShortLanes,162,80.0|A:14.0|B:28.0|C:6.0|D:8.0,True,1.3571428571428572,severe_x_ge_1.3,31.064771241830066,30.34997027809681,-0.7148009637332571
1,withoutShortLanes,163,140.0|A:29.0|B:50.0|C:7.0|D:30.0,False,1.8324444444444443,severe_x_ge_1.3,58.85039530391106,55.77574857704509,-3.0746467268659643
1,withoutShortLanes,164,100.0|A:23.0|B:38.0|C:6.0|D:9.0,False,1.358187134502924,severe_x_ge_1.3,35.00525110614089,35.93351342372167,0.9282623175807814
1,withoutShortLanes,166,90.0|A:17.0|B:33.0|C:6.0|D:10.0,True,1.3333333333333337,severe_x_ge_1.3,34.27576315789474,34.89413269948394,0.6183695415892032
1,withoutShortLanes,171,150.0|A:7.0|B:49.0|C:11.0|D:59.0,False,1.9013605442176869,severe_x_ge_1.3,58.78694558520322,59.264907185661016,0.477961600457796
1,withoutShortLanes,172,150.0|A:29.0|B:59.0|C:6.0|D:32.0,True,1.6878531073446328,severe_x_ge_1.3,62.53618898037429,58.808272901085225,-3.7279160792890655
1,withoutShortLanes,176,90.0|A:10.0|B:40.0|C:6.0|D:10.0,True,1.46,severe_x_ge_1.3,31.284005602240896,30.420237088874376,-0.8637685133665194
1,withoutShortLanes,178,140.0|A:27.0|B:53.0|C:6.0|D:30.0,False,1.8872117400419288,severe_x_ge_1.3,58.12322250881214,54.61788782301281,-3.5053346857993333
1,withoutShortLanes,180,100.0|A:22.0|B:38.0|C:6.0|D:10.0,True,1.3786549707602338,severe_x_ge_1.3,37.56642184568487,37.24668262381668,-0.3197392218681969
1,withoutShortLanes,181,140.0|A:11.0|B:72.0|C:6.0|D:27.0,False,1.5717592592592595,severe_x_ge_1.3,44.89044354983974,47.64283550777224,2.7523919579325025
1,withoutShortLanes,188,150.0|A:26.0|B:57.0|C:8.0|D:35.0,False,1.543859649122807,severe_x_ge_1.3,61.78740229473463,57.48596988441936,-4.301432410315272
1,withoutShortLanes,194,90.0|A:16.0|B:34.0|C:6.0|D:10.0,True,1.4705882352941178,severe_x_ge_1.3,32.791629834254145,32.8253758372928,0.0337460030386509
1,withoutShortLanes,200,150.0|A:23.0|B:61.0|C:6.0|D:36.0,False,1.8169398907103824,severe_x_ge_1.3,61.70447678032943,57.87789015324936,-3.8265866270800686
1,withoutShortLanes,201,100.0|A:19.0|B:42.0|C:6.0|D:9.0,False,1.4854497354497356,severe_x_ge_1.3,33.526767896625095,33.324721210115904,-0.2020466865091919
1,withoutShortLanes,204,120.0|A:25.0|B:46.0|C:6.0|D:19.0,False,1.5304347826086957,severe_x_ge_1.3,48.799721767594114,48.08785924267748,-0.7118625249166328
1,withoutShortLanes,206,140.0|A:10.0|B:59.0|C:11.0|D:36.0,False,1.6069679849340863,severe_x_ge_1.3,56.25364620770646,52.88569936127727,-3.3679468464291915
1,withoutShortLanes,207,150.0|A:27.0|B:58.0|C:6.0|D:35.0,False,1.9454022988505748,severe_x_ge_1.3,55.13169143250707,58.66032929062624,3.5286378581191684
1,withoutShortLanes,209,150.0|A:30.0|B:55.0|C:6.0|D:35.0,False,2.051515151515152,severe_x_ge_1.3,66.22111727445294,61.20436097537268,-5.0167562990802566
1,withoutShortLanes,213,90.0|A:19.0|B:33.0|C:6.0|D:8.0,True,1.478787878787879,severe_x_ge_1.3,34.70639436619719,34.93706647964406,0.2306721134468716
1,withoutShortLanes,218,90.0|A:15.0|B:37.0|C:6.0|D:8.0,True,1.5135135135135136,severe_x_ge_1.3,32.36699140401145,31.839065522558087,-0.5279258814533634
1,withoutShortLanes,219,150.0|A:24.0|B:68.0|C:6.0|D:28.0,False,2.0355392156862746,severe_x_ge_1.3,58.159689606721074,57.70906654101295,-0.4506230657081289
1,withoutShortLanes,221,90.0|A:11.0|B:42.0|C:6.0|D:7.0,False,1.2476190476190476,moderate_1.0_le_x_lt_1.3,27.55741279069767,27.988872290589043,0.4314594998913748
1,withoutShortLanes,222,140.0|A:20.0|B:60.0|C:6.0|D:30.0,True,1.4596296296296296,severe_x_ge_1.3,54.31393705765864,52.39363010010529,-1.9203069575533505
1,withoutShortLanes,228,150.0|A:30.0|B:60.0|C:6.0|D:30.0,False,1.8527777777777776,severe_x_ge_1.3,57.03014352107591,59.16088758406637,2.130744062990466
1,withoutShortLanes,231,140.0|A:20.0|B:58.0|C:7.0|D:31.0,False,1.821072796934866,severe_x_ge_1.3,50.42302840317409,53.39600731784382,2.9729789146697314
1,withoutShortLanes,232,150.0|A:29.0|B:59.0|C:6.0|D:32.0,True,1.9180790960451977,severe_x_ge_1.3,59.95193441349369,58.83734182788493,-1.1145925856087615
1,withoutShortLanes,238,150.0|A:23.0|B:75.0|C:6.0|D:22.0,False,1.84,severe_x_ge_1.3,54.62347809828574,51.888614461930985,-2.7348636363547527
1,withoutShortLanes,242,120.0|A:16.0|B:57.0|C:6.0|D:17.0,False,1.4035087719298245,severe_x_ge_1.3,41.3472968490879,43.68884668313644,2.3415498340485428
1,withoutShortLanes,245,150.0|A:17.0|B:68.0|C:6.0|D:35.0,False,1.8002450980392155,severe_x_ge_1.3,54.39595468737937,55.56963794584191,1.173683258462539
1,withoutShortLanes,247,80.0|A:15.0|B:27.0|C:6.0|D:8.0,True,1.3185185185185184,severe_x_ge_1.3,31.71241496598639,30.70435257885607,-1.0080623871303196
1,withoutShortLanes,254,150.0|A:23.0|B:66.0|C:7.0|D:30.0,False,1.8484848484848488,severe_x_ge_1.3,54.74010922194756,56.115856834453446,1.375747612505883
1,withoutShortLanes,255,90.0|A:15.0|B:36.0|C:6.0|D:9.0,True,1.3888888888888888,severe_x_ge_1.3,35.11521390374332,33.08306273222236,-2.032151171520958
1,withoutShortLanes,256,130.0|A:12.0|B:61.0|C:7.0|D:26.0,False,1.4622040072859743,severe_x_ge_1.3,50.367244286031685,48.65602272254159,-1.711221563490092
1,withoutShortLanes,258,120.0|A:24.0|B:47.0|C:6.0|D:19.0,False,1.5404255319148938,severe_x_ge_1.3,44.18771230502599,44.13975667058619,-0.047955634439802
1,withoutShortLanes,264,90.0|A:9.0|B:41.0|C:6.0|D:10.0,True,1.326829268292683,severe_x_ge_1.3,29.475638888888888,29.299217748250268,-0.1764211406386202
1,withoutShortLanes,266,90.0|A:18.0|B:32.0|C:6.0|D:10.0,True,1.6125,severe_x_ge_1.3,35.054394366197194,33.85411628523645,-1.200278080960743
1,withoutShortLanes,274,100.0|A:18.0|B:40.0|C:6.0|D:12.0,True,1.3902777777777775,severe_x_ge_1.3,36.026219650354534,36.34034219489123,0.3141225445366942
1,withoutShortLanes,279,120.0|A:22.0|B:49.0|C:6.0|D:19.0,False,1.7224489795918367,severe_x_ge_1.3,45.489225589225576,44.10159934413193,-1.3876262450936494
1,withoutShortLanes,285,150.0|A:15.0|B:66.0|C:6.0|D:39.0,False,1.8005050505050506,severe_x_ge_1.3,58.55991222269148,55.8105354549104,-2.7493767677810865
1,withoutShortLanes,286,150.0|A:22.0|B:67.0|C:6.0|D:31.0,False,1.6654228855721394,severe_x_ge_1.3,64.89796042905648,56.25310672586146,-8.644853703195018
1,withoutShortLanes,296,150.0|A:30.0|B:68.0|C:6.0|D:22.0,False,1.7291666666666667,severe_x_ge_1.3,52.14671418500025,53.3849336337709,1.23821944877065
1,withoutShortLanes,298,150.0|A:25.0|B:64.0|C:7.0|D:30.0,False,1.59375,severe_x_ge_1.3,62.90598434494143,56.52104521373634,-6.384939131205087
1,withoutShortLanes,303,140.0|A:24.0|B:58.0|C:7.0|D:27.0,False,1.7996168582375478,severe_x_ge_1.3,49.33199468697,52.620351155548605,3.288356468578605
1,withoutShortLanes,307,100.0|A:17.0|B:41.0|C:6.0|D:12.0,True,1.4932249322493223,severe_x_ge_1.3,35.187156125845235,34.93676790677619,-0.2503882190690447
1,withoutShortLanes,309,90.0|A:16.0|B:32.0|C:6.0|D:12.0,True,1.4,severe_x_ge_1.3,31.97078717201165,33.504746082851675,1.5339589108400205
1,withoutShortLanes,315,90.0|A:18.0|B:27.0|C:6.0|D:15.0,True,1.5851851851851853,severe_x_ge_1.3,37.26808673469388,36.95913706949945,-0.308949665194433
1,withoutShortLanes,320,90.0|A:11.0|B:37.0|C:6.0|D:12.0,True,1.3405405405405406,severe_x_ge_1.3,32.116322751322755,32.95394215963532,0.8376194083125625
1,withoutShortLanes,326,100.0|A:18.0|B:37.0|C:6.0|D:15.0,True,1.351351351351351,severe_x_ge_1.3,35.909519775618286,35.96375409622935,0.0542343206110658
1,withoutShortLanes,327,80.0|A:11.0|B:28.0|C:6.0|D:11.0,True,1.5000000000000002,severe_x_ge_1.3,31.455263157894738,28.511421206909716,-2.943841950985025
1,withoutShortLanes,333,80.0|A:16.0|B:27.0|C:6.0|D:7.0,True,1.3185185185185184,severe_x_ge_1.3,31.487335526315785,30.5399981368654,-0.9473373894503858
1,withoutShortLanes,334,140.0|A:23.0|B:42.0|C:6.0|D:45.0,False,1.8092592592592596,severe_x_ge_1.3,54.25878026780928,56.3941774866183,2.1353972188090182
1,withoutShortLanes,336,110.0|A:23.0|B:42.0|C:6.0|D:15.0,False,1.7518518518518518,severe_x_ge_1.3,40.96989204390894,40.71129987574398,-0.2585921681649594
1,withoutShortLanes,338,90.0|A:15.0|B:33.0|C:6.0|D:12.0,True,1.2484848484848483,moderate_1.0_le_x_lt_1.3,33.28543956043956,34.59670310379561,1.3112635433560555
1,withoutShortLanes,340,130.0|A:8.0|B:64.0|C:6.0|D:28.0,False,1.412847222222222,severe_x_ge_1.3,42.99754668401133,44.89917500489773,1.9016283208863956
1,withoutShortLanes,342,100.0|A:22.0|B:36.0|C:6.0|D:12.0,False,1.6558641975308643,severe_x_ge_1.3,38.15949337212284,37.80898060786096,-0.3505127642618788
1,withoutShortLanes,365,90.0|A:10.0|B:38.0|C:6.0|D:12.0,True,1.5157894736842106,severe_x_ge_1.3,31.02130653266331,31.53312706326254,0.5118205305992305
1,withoutShortLanes,373,90.0|A:17.0|B:28.0|C:6.0|D:15.0,False,1.4714285714285715,severe_x_ge_1.3,32.68601719197708,34.66686329836708,1.980846106390004
1,withoutShortLanes,378,110.0|A:11.0|B:51.0|C:6.0|D:18.0,True,1.4355119825708065,severe_x_ge_1.3,36.31176199729282,37.31532169334382,1.0035596960509992
1,withoutShortLanes,379,110.0|A:17.0|B:49.0|C:6.0|D:14.0,True,1.4529478458049887,severe_x_ge_1.3,37.12472034711577,37.3806642072115,0.2559438600957335
1,withoutShortLanes,381,90.0|A:20.0|B:29.0|C:6.0|D:11.0,True,1.5310344827586206,severe_x_ge_1.3,35.02829268292684,35.417284643010944,0.3889919600841054
1,withoutShortLanes,383,100.0|A:15.0|B:44.0|C:6.0|D:11.0,False,1.2904040404040404,moderate_1.0_le_x_lt_1.3,34.256937407401374,34.63793903043728,0.3810016230359068
1,withoutShortLanes,385,120.0|A:23.0|B:51.0|C:6.0|D:16.0,False,1.5843137254901962,severe_x_ge_1.3,41.07837887067395,42.26769425965716,1.1893153889832035
1,withoutShortLanes,394,100.0|A:22.0|B:35.0|C:6.0|D:13.0,True,1.4968253968253968,severe_x_ge_1.3,36.51279271513105,38.83822222533925,2.3254295102082025
1,withoutShortLanes,399,120.0|A:19.0|B:45.0|C:7.0|D:25.0,False,1.5466666666666666,severe_x_ge_1.3,47.57455128205128,47.32166392976198,-0.2528873522892993
1,withoutShortLanes,401,100.0|A:11.0|B:41.0|C:6.0|D:18.0,True,1.7371273712737128,severe_x_ge_1.3,36.72206341100882,36.54047861327538,-0.1815847977334357
1,withoutShortLanes,402,120.0|A:24.0|B:46.0|C:6.0|D:20.0,False,1.7217391304347829,severe_x_ge_1.3,43.341714801444056,44.12552993663889,0.7838151351948355
1,withoutShortLanes,404,100.0|A:14.0|B:44.0|C:6.0|D:12.0,False,1.35479797979798,severe_x_ge_1.3,35.13881661474181,35.60426767478428,0.4654510600424686
1,withoutShortLanes,405,120.0|A:6.0|B:40.0|C:8.0|D:42.0,False,1.49,severe_x_ge_1.3,42.40496093749999,45.281588493100685,2.876627555600692
1,withoutShortLanes,406,100.0|A:6.0|B:47.0|C:6.0|D:17.0,True,1.3451536643026003,severe_x_ge_1.3,31.355540314880617,33.33348899849744,1.97794868361682
1,withoutShortLanes,410,100.0|A:6.0|B:47.0|C:6.0|D:17.0,True,1.438534278959811,severe_x_ge_1.3,32.22526499539261,33.47789102706809,1.252626031675483
1,withoutShortLanes,411,90.0|A:18.0|B:33.0|C:6.0|D:9.0,True,1.6242424242424245,severe_x_ge_1.3,34.01849431818182,32.68461389965761,-1.3338804185242097
1,withoutShortLanes,426,100.0|A:14.0|B:41.0|C:6.0|D:15.0,False,1.4336043360433603,severe_x_ge_1.3,35.44588273535443,34.84289575667753,-0.6029869786769027
1,withoutShortLanes,430,100.0|A:12.0|B:44.0|C:6.0|D:14.0,False,1.5909090909090908,severe_x_ge_1.3,33.57908575039785,33.304930461796985,-0.2741552886008662
1,withoutShortLanes,438,100.0|A:14.0|B:39.0|C:6.0|D:17.0,True,1.4045584045584043,severe_x_ge_1.3,35.019634716806735,35.19563440446832,0.1759996876615872
1,withoutShortLanes,441,100.0|A:18.0|B:39.0|C:6.0|D:13.0,True,1.4558404558404558,severe_x_ge_1.3,36.35729250313047,36.1494542239041,-0.2078382792263653
1,withoutShortLanes,446,80.0|A:13.0|B:27.0|C:6.0|D:10.0,True,1.7037037037037035,severe_x_ge_1.3,33.058360128617366,30.689095198958825,-2.369264929658541
1,withoutShortLanes,447,100.0|A:21.0|B:37.0|C:6.0|D:12.0,False,1.4804804804804803,severe_x_ge_1.3,36.56362188744138,37.90922271311111,1.3456008256697274
1,withoutShortLanes,457,90.0|A:6.0|B:41.0|C:6.0|D:13.0,True,1.1414634146341465,moderate_1.0_le_x_lt_1.3,27.83559748427673,28.042387618511903,0.2067901342351739
1,withoutShortLanes,465,70.0|A:11.0|B:22.0|C:6.0|D:7.0,True,1.1825757575757576,moderate_1.0_le_x_lt_1.3,28.88032260596301,28.544505993074544,-0.3358166128884612
1,withoutShortLanes,467,90.0|A:15.0|B:34.0|C:6.0|D:11.0,True,1.5176470588235296,severe_x_ge_1.3,32.676684073107054,33.419530296294965,0.7428462231879109
1,withoutShortLanes,469,90.0|A:18.0|B:32.0|C:6.0|D:10.0,True,1.5375,severe_x_ge_1.3,30.904968749999995,32.97793740818418,2.0729686581841875
1,withoutShortLanes,470,110.0|A:11.0|B:42.0|C:8.0|D:25.0,False,1.7998677248677246,severe_x_ge_1.3,39.61009693912756,42.12217297924541,2.5120760401178543
1,withoutShortLanes,475,100.0|A:9.0|B:45.0|C:6.0|D:16.0,True,1.3246913580246915,severe_x_ge_1.3,33.86555809988714,33.4916812774267,-0.3738768224604385
1,withoutShortLanes,482,110.0|A:23.0|B:38.0|C:6.0|D:19.0,False,1.6837719298245617,severe_x_ge_1.3,41.752130886164586,42.825632949161786,1.0735020629972
1,withoutShortLanes,489,110.0|A:19.0|B:41.0|C:6.0|D:20.0,True,1.746883468834688,severe_x_ge_1.3,39.9198075487901,40.63477128099424,0.7149637322041329
1,withoutShortLanes,494,90.0|A:15.0|B:29.0|C:6.0|D:16.0,True,1.6827586206896552,severe_x_ge_1.3,32.72288515406163,34.4919476609798,1.7690625069181678
1,withoutShortLanes,495,90.0|A:17.0|B:30.0|C:6.0|D:13.0,True,1.6,severe_x_ge_1.3,33.56152238805969,34.79551749241625,1.2339951043565591
1,withoutShortLanes,498,90.0|A:12.0|B:34.0|C:6.0|D:14.0,True,1.5176470588235296,severe_x_ge_1.3,32.643324175824176,33.517843628993454,0.8745194531692775
1,withoutShortLanes,500,110.0|A:20.0|B:43.0|C:6.0|D:17.0,False,1.711111111111111,severe_x_ge_1.3,38.253773929052585,38.86141460472582,0.6076406756732382
1,withoutShortLanes,504,80.0|A:9.0|B:29.0|C:6.0|D:12.0,True,1.6275862068965516,severe_x_ge_1.3,30.08702531645569,30.01714257698036,-0.0698827394753287
1,withoutShortLanes,509,100.0|A:17.0|B:42.0|C:6.0|D:11.0,True,1.2566137566137567,moderate_1.0_le_x_lt_1.3,33.71719081376828,35.95163228486979,2.234441471101512
1,withoutShortLanes,511,90.0|A:10.0|B:34.0|C:6.0|D:16.0,True,1.2823529411764707,moderate_1.0_le_x_lt_1.3,31.65505813953488,32.274435912124204,0.6193777725893241
1,withoutShortLanes,514,90.0|A:14.0|B:35.0|C:6.0|D:11.0,True,1.3371428571428572,severe_x_ge_1.3,34.99133676092546,33.65433857004919,-1.3369981908762725
1,withoutShortLanes,516,90.0|A:11.0|B:37.0|C:6.0|D:12.0,True,1.4810810810810813,severe_x_ge_1.3,30.32633802816901,30.951193874102422,0.6248558459334141
1,withoutShortLanes,518,120.0|A:7.0|B:65.0|C:6.0|D:18.0,False,1.7784615384615388,severe_x_ge_1.3,36.86872699386503,40.221269125581685,3.3525421317166604
1,withoutShortLanes,519,100.0|A:8.0|B:48.0|C:6.0|D:14.0,False,1.4166666666666667,severe_x_ge_1.3,30.45222612524092,31.52029017352642,1.0680640482854995
1,withoutShortLanes,520,130.0|A:8.0|B:60.0|C:6.0|D:32.0,False,1.5527777777777778,severe_x_ge_1.3,42.60319764613742,44.64722404292686,2.044026396789441
1,withoutShortLanes,524,120.0|A:17.0|B:49.0|C:6.0|D:24.0,False,1.4612244897959183,severe_x_ge_1.3,42.1104537521815,43.7757331098808,1.6652793576993048
1,withoutShortLanes,525,100.0|A:18.0|B:42.0|C:6.0|D:10.0,True,1.2949735449735449,moderate_1.0_le_x_lt_1.3,34.14448084656538,35.30014671220611,1.155665865640728
1,withoutShortLanes,528,110.0|A:24.0|B:39.0|C:6.0|D:17.0,True,1.6923076923076923,severe_x_ge_1.3,41.96653203425701,42.75862360407884,0.7920915698218352
1,withoutShortLanes,529,100.0|A:16.0|B:38.0|C:6.0|D:16.0,False,1.5160818713450293,severe_x_ge_1.3,37.38922706459165,35.83120292305217,-1.5580241415394838
1,withoutShortLanes,530,90.0|A:13.0|B:34.0|C:6.0|D:13.0,False,1.4,severe_x_ge_1.3,35.27961832061069,34.17728666601008,-1.1023316546006114
1,withoutShortLanes,535,130.0|A:6.0|B:64.0|C:9.0|D:27.0,False,1.8495659722222224,severe_x_ge_1.3,44.16244124719113,46.21207536778552,2.0496341205943835
1,withoutShortLanes,537,90.0|A:12.0|B:39.0|C:6.0|D:9.0,False,1.6205128205128203,severe_x_ge_1.3,30.733628808864268,30.72264543637308,-0.0109833724911894
1,withoutShortLanes,538,70.0|A:10.0|B:22.0|C:6.0|D:8.0,False,1.4,severe_x_ge_1.3,28.00460643025087,27.527093488479984,-0.4775129417708861
1,withoutShortLanes,539,130.0|A:15.0|B:55.0|C:7.0|D:29.0,False,1.5783838383838384,severe_x_ge_1.3,46.597308165765234,48.58115557491132,1.9838474091460867
1,withoutShortLanes,541,90.0|A:15.0|B:31.0|C:6.0|D:14.0,True,1.4967741935483871,severe_x_ge_1.3,32.772849002849,33.985698077920894,1.212849075071894
1,withoutShortLanes,546,110.0|A:19.0|B:46.0|C:6.0|D:15.0,False,1.4082125603864737,severe_x_ge_1.3,38.23626851552852,40.09992596145646,1.8636574459279345
1,withoutShortLanes,551,130.0|A:6.0|B:59.0|C:6.0|D:35.0,False,1.546045197740113,severe_x_ge_1.3,42.75666240046832,45.09925459931607,2.342592198847747
1,withoutShortLanes,553,110.0|A:18.0|B:44.0|C:6.0|D:18.0,True,1.4541666666666666,severe_x_ge_1.3,39.833461238571,39.20003167164733,-0.6334295669236738
1,withoutShortLanes,558,90.0|A:18.0|B:30.0|C:6.0|D:12.0,True,1.346666666666667,severe_x_ge_1.3,35.12946835443039,36.98405352703161,1.854585172601226
1,withoutShortLanes,560,130.0|A:28.0|B:53.0|C:6.0|D:19.0,False,1.789203354297694,severe_x_ge_1.3,46.75576075700828,49.21705461395259,2.461293856944309
1,withoutShortLanes,561,120.0|A:22.0|B:47.0|C:6.0|D:21.0,True,1.702127659574468,severe_x_ge_1.3,42.568336755646826,42.60059119195598,0.0322544363091523
1,withoutShortLanes,567,80.0|A:12.0|B:24.0|C:6.0|D:14.0,False,1.1333333333333335,moderate_1.0_le_x_lt_1.3,33.13919463087248,33.41119121095081,0.2719965800783299
1,withoutShortLanes,568,100.0|A:15.0|B:43.0|C:6.0|D:12.0,False,1.5167958656330751,severe_x_ge_1.3,35.55689405426584,36.350533807162975,0.7936397528971355
1,withoutShortLanes,572,120.0|A:26.0|B:42.0|C:6.0|D:22.0,False,1.4476190476190478,severe_x_ge_1.3,45.73465729349737,46.24422597690525,0.5095686834078776
1,withoutShortLanes,575,80.0|A:6.0|B:33.0|C:6.0|D:11.0,True,1.3212121212121213,severe_x_ge_1.3,29.304139072847686,27.00371225052262,-2.300426822325065
1,withoutShortLanes,579,90.0|A:7.0|B:37.0|C:6.0|D:16.0,True,1.264864864864865,moderate_1.0_le_x_lt_1.3,32.311392405063295,32.33440050314965,0.0230080980863576
1,withoutShortLanes,582,80.0|A:12.0|B:28.0|C:6.0|D:10.0,True,1.4142857142857144,severe_x_ge_1.3,33.344242424242424,30.837047650026776,-2.507194774215648
1,withoutShortLanes,583,90.0|A:13.0|B:31.0|C:6.0|D:16.0,False,1.6774193548387095,severe_x_ge_1.3,32.5874705882353,34.04021719842883,1.452746610193529
1,withoutShortLanes,584,80.0|A:10.0|B:30.0|C:6.0|D:10.0,True,1.2266666666666668,moderate_1.0_le_x_lt_1.3,30.81380327868852,29.284496752935087,-1.5293065257534302
1,withoutShortLanes,589,90.0|A:17.0|B:34.0|C:6.0|D:9.0,False,1.4,severe_x_ge_1.3,32.84864864864865,31.833621759733788,-1.0150268889148606
1,withoutShortLanes,590,90.0|A:7.0|B:36.0|C:6.0|D:17.0,False,1.3,severe_x_ge_1.3,31.738191780821925,31.054377471950584,-0.6838143088713409
1,withoutShortLanes,591,80.0|A:12.0|B:27.0|C:6.0|D:11.0,False,1.511111111111111,severe_x_ge_1.3,32.30395498392283,30.31265706896233,-1.991297914960498
1,withoutShortLanes,593,90.0|A:10.0|B:36.0|C:6.0|D:14.0,True,1.3444444444444443,severe_x_ge_1.3,32.87286842105264,32.115672902049404,-0.7571955190032327
1,withoutShortLanes,599,80.0|A:13.0|B:25.0|C:6.0|D:12.0,True,1.392,severe_x_ge_1.3,33.110846394984335,32.704852335727246,-0.4059940592570896
1,withoutShortLanes,604,120.0|A:22.0|B:41.0|C:6.0|D:27.0,True,1.4341463414634146,severe_x_ge_1.3,51.11771126760563,47.56708732657635,-3.5506239410292797
1,withoutShortLanes,610,120.0|A:19.0|B:42.0|C:6.0|D:29.0,False,1.761904761904762,severe_x_ge_1.3,45.81882051282052,47.62246921542945,1.803648702608932
1,withoutShortLanes,613,80.0|A:15.0|B:23.0|C:6.0|D:12.0,True,1.6869565217391305,severe_x_ge_1.3,34.10217532467532,32.52295524685,-1.579220077825319
1,withoutShortLanes,614,90.0|A:13.0|B:33.0|C:6.0|D:14.0,True,1.6727272727272726,severe_x_ge_1.3,33.27978436657683,33.156345433009754,-0.1234389335670727
1,withoutShortLanes,615,110.0|A:22.0|B:43.0|C:6.0|D:15.0,False,1.3771317829457363,severe_x_ge_1.3,40.58089346790727,42.21462730663103,1.6337338387237637
1,withoutShortLanes,617,100.0|A:22.0|B:32.0|C:6.0|D:16.0,True,1.4253472222222223,severe_x_ge_1.3,38.63286249121516,40.061475572506765,1.4286130812916085
1,withoutShortLanes,618,100.0|A:12.0|B:40.0|C:6.0|D:18.0,False,1.5694444444444444,severe_x_ge_1.3,35.11992187726897,35.20270972436679,0.0827878470978191
1,withoutShortLanes,626,110.0|A:15.0|B:40.0|C:6.0|D:25.0,False,1.3704166666666666,severe_x_ge_1.3,44.97766248615542,44.94355081195572,-0.0341116741996998
1,withoutShortLanes,630,80.0|A:11.0|B:26.0|C:6.0|D:13.0,True,1.4307692307692308,severe_x_ge_1.3,30.038,29.88916454532393,-0.1488354546760675
1,withoutShortLanes,637,110.0|A:18.0|B:43.0|C:6.0|D:19.0,True,1.5348837209302324,severe_x_ge_1.3,40.4780731813142,39.668294233585705,-0.8097789477284962
1,withoutShortLanes,646,110.0|A:21.0|B:41.0|C:6.0|D:18.0,False,1.5411924119241192,severe_x_ge_1.3,40.40201267316797,41.1758939783474,0.7738813051794224
1,withoutShortLanes,648,90.0|A:11.0|B:39.0|C:6.0|D:10.0,True,1.6102564102564103,severe_x_ge_1.3,31.937553191489368,31.418858088118693,-0.5186951033706748
1,withoutShortLanes,655,80.0|A:8.0|B:33.0|C:6.0|D:9.0,True,1.4303030303030304,severe_x_ge_1.3,27.556996805111822,27.770025783928496,0.2130289788166699
1,withoutShortLanes,656,90.0|A:17.0|B:29.0|C:6.0|D:14.0,True,1.5310344827586206,severe_x_ge_1.3,34.287082152974506,34.45862760746433,0.1715454544898236
1,withoutShortLanes,657,90.0|A:12.0|B:35.0|C:6.0|D:13.0,True,1.737142857142857,severe_x_ge_1.3,31.85578406169666,33.20383722374227,1.348053162045609
1,withoutShortLanes,659,90.0|A:14.0|B:32.0|C:6.0|D:14.0,True,1.6625,severe_x_ge_1.3,33.997220779220775,33.81384343855474,-0.1833773406660341
1,withoutShortLanes,665,100.0|A:19.0|B:37.0|C:6.0|D:14.0,True,1.5570570570570572,severe_x_ge_1.3,37.42024557797386,37.999782152095,0.5795365741211427
1,withoutShortLanes,667,100.0|A:18.0|B:41.0|C:6.0|D:11.0,True,1.47289972899729,severe_x_ge_1.3,35.82456053075462,35.78705914148874,-0.037501389265877
1,withoutShortLanes,669,100.0|A:15.0|B:40.0|C:6.0|D:15.0,True,1.5499999999999998,severe_x_ge_1.3,35.379330150162644,35.76725922835523,0.3879290781925846
1,withoutShortLanes,671,90.0|A:13.0|B:31.0|C:6.0|D:16.0,False,1.367741935483871,severe_x_ge_1.3,32.4510632183908,33.84619679470411,1.395133576313313
1,withoutShortLanes,673,140.0|A:21.0|B:54.0|C:10.0|D:31.0,False,1.421604938271605,severe_x_ge_1.3,57.3347495045366,55.628244019913545,-1.706505484623058
1,withoutShortLanes,674,100.0|A:22.0|B:32.0|C:6.0|D:16.0,True,1.3506944444444444,severe_x_ge_1.3,39.38419249198429,40.88322160369442,1.4990291117101364
1,withoutShortLanes,684,70.0|A:12.0|B:19.0|C:6.0|D:9.0,False,1.6640350877192984,severe_x_ge_1.3,30.20015980706457,29.45750425426934,-0.7426555527952239
1,withoutShortLanes,685,90.0|A:17.0|B:30.0|C:6.0|D:13.0,True,1.4800000000000002,severe_x_ge_1.3,31.594537572254342,34.07903114672288,2.484493574468541
1,withoutShortLanes,687,130.0|A:26.0|B:44.0|C:8.0|D:28.0,False,1.626641414141414,severe_x_ge_1.3,55.586714849512646,53.20300932901233,-2.383705520500314
1,withoutShortLanes,692,90.0|A:12.0|B:36.0|C:6.0|D:12.0,True,1.4999999999999998,severe_x_ge_1.3,34.56536388140163,31.559882637177683,-3.005481244223948
1,withoutShortLanes,693,80.0|A:8.0|B:34.0|C:6.0|D:8.0,False,1.423529411764706,severe_x_ge_1.3,27.492331288343557,27.37731019002786,-0.1150210983156938
1,withoutShortLanes,701,100.0|A:6.0|B:47.0|C:6.0|D:17.0,True,1.6170212765957448,severe_x_ge_1.3,31.584403913815937,32.21423813163494,0.6298342178190062
1,withoutShortLanes,705,100.0|A:18.0|B:34.0|C:6.0|D:18.0,False,1.4003267973856208,severe_x_ge_1.3,37.53385756703081,37.84397457842589,0.3101170113950857
1,withoutShortLanes,707,110.0|A:19.0|B:43.0|C:6.0|D:18.0,True,1.553359173126615,severe_x_ge_1.3,39.78824282199361,40.87772170124426,1.089478879250649
1,withoutShortLanes,709,90.0|A:15.0|B:31.0|C:6.0|D:14.0,True,1.1870967741935483,moderate_1.0_le_x_lt_1.3,32.10191950464395,33.51187324801102,1.409953743367069
1,withoutShortLanes,712,110.0|A:22.0|B:45.0|C:6.0|D:13.0,False,1.7871604938271606,severe_x_ge_1.3,41.91412110786173,41.89964203616341,-0.014479071698318
1,withoutShortLanes,713,100.0|A:18.0|B:37.0|C:6.0|D:15.0,True,1.7507507507507507,severe_x_ge_1.3,37.43373205058425,38.08003062362413,0.6462985730398856
1,withoutShortLanes,718,70.0|A:9.0|B:23.0|C:6.0|D:8.0,True,1.2342995169082125,moderate_1.0_le_x_lt_1.3,28.8726356379753,27.624399085777576,-1.2482365521977243
1,withoutShortLanes,723,140.0|A:18.0|B:58.0|C:6.0|D:34.0,False,1.5448275862068963,severe_x_ge_1.3,54.0393718173556,53.51946557861567,-0.519906238739928
1,withoutShortLanes,725,90.0|A:8.0|B:38.0|C:6.0|D:14.0,True,1.6421052631578947,severe_x_ge_1.3,32.61900826446281,30.820203885308743,-1.7988043791540704
1,withoutShortLanes,727,140.0|A:15.0|B:67.0|C:7.0|D:27.0,False,1.7076285240464344,severe_x_ge_1.3,47.14573780671904,49.34089372198207,2.1951559152630296
1,withoutShortLanes,728,70.0|A:6.0|B:23.0|C:6.0|D:11.0,False,1.3915458937198066,severe_x_ge_1.3,28.2189244240785,27.384065838455477,-0.834858585623028
1,withoutShortLanes,732,80.0|A:11.0|B:26.0|C:6.0|D:13.0,True,1.4615384615384617,severe_x_ge_1.3,31.093848797250864,30.31862866625374,-0.7752201309971234
1,withoutShortLanes,733,100.0|A:6.0|B:51.0|C:6.0|D:13.0,True,1.5762527233115469,severe_x_ge_1.3,31.29110930233521,32.06782730915271,0.7767180068175001
1,withoutShortLanes,740,140.0|A:19.0|B:64.0|C:6.0|D:27.0,False,1.8435763888888888,severe_x_ge_1.3,47.05664569763632,50.91495341192251,3.858307714286191
1,withoutShortLanes,744,90.0|A:8.0|B:38.0|C:6.0|D:14.0,True,1.4,severe_x_ge_1.3,32.10527704485487,31.04779990861436,-1.0574771362405109
1,withoutShortLanes,746,80.0|A:15.0|B:26.0|C:6.0|D:9.0,True,1.5076923076923077,severe_x_ge_1.3,32.10189003436426,30.443950493682557,-1.6579395406817063
1,withoutShortLanes,749,100.0|A:20.0|B:32.0|C:6.0|D:18.0,False,1.625,severe_x_ge_1.3,38.21401132483252,38.96094888836846,0.7469375635359441
1,withoutShortLanes,754,90.0|A:20.0|B:29.0|C:6.0|D:11.0,True,1.6137931034482758,severe_x_ge_1.3,34.89395770392749,34.181289823665395,-0.7126678802620958
1,withoutShortLanes,757,100.0|A:15.0|B:37.0|C:6.0|D:18.0,True,1.6006006006006006,severe_x_ge_1.3,35.517107456594395,36.49893037007047,0.9818229134760728
1,withoutShortLanes,760,80.0|A:11.0|B:30.0|C:6.0|D:9.0,True,1.7066666666666668,severe_x_ge_1.3,31.144272727272728,29.780546247085336,-1.3637264801873918
1,withoutShortLanes,762,90.0|A:17.0|B:27.0|C:6.0|D:16.0,True,1.614814814814815,severe_x_ge_1.3,34.30778409090909,35.99249657258718,1.6847124816780903
1,withoutShortLanes,765,90.0|A:14.0|B:30.0|C:6.0|D:16.0,True,1.6800000000000002,severe_x_ge_1.3,33.57329577464788,34.515751293980465,0.942455519332583
1,withoutShortLanes,770,70.0|A:9.0|B:21.0|C:6.0|D:10.0,False,1.3907407407407408,severe_x_ge_1.3,30.57912700275305,28.48937194751328,-2.089755055239774
1,withoutShortLanes,771,90.0|A:9.0|B:38.0|C:6.0|D:13.0,True,1.6,severe_x_ge_1.3,31.725268817204302,31.217771563992255,-0.5074972532120441
1,withoutShortLanes,772,90.0|A:6.0|B:41.0|C:6.0|D:13.0,True,1.502439024390244,severe_x_ge_1.3,29.97869333333334,29.433531882265918,-0.5451614510674254
1,withoutShortLanes,776,80.0|A:10.0|B:30.0|C:6.0|D:10.0,True,1.6133333333333333,severe_x_ge_1.3,31.03539432176657,29.20771028800922,-1.8276840337573503
1,withoutShortLanes,784,90.0|A:15.0|B:32.0|C:6.0|D:13.0,True,1.6375,severe_x_ge_1.3,34.86063400576369,33.33240395785632,-1.5282300479073712
1,withoutShortLanes,786,80.0|A:6.0|B:33.0|C:6.0|D:11.0,True,1.4666666666666668,severe_x_ge_1.3,27.655959595959587,26.479093820554677,-1.176865775404913
1,withoutShortLanes,788,120.0|A:16.0|B:47.0|C:8.0|D:25.0,False,1.6595744680851066,severe_x_ge_1.3,47.03332775919733,45.41493713169138,-1.6183906275059528
1,withoutShortLanes,792,90.0|A:12.0|B:37.0|C:6.0|D:11.0,True,1.437837837837838,severe_x_ge_1.3,31.706640419947504,31.749936261746363,0.0432958417988587
1,withoutShortLanes,793,80.0|A:10.0|B:28.0|C:6.0|D:12.0,True,1.6428571428571428,severe_x_ge_1.3,32.36423566878982,29.776032638314152,-2.5882030304756647
1,withoutShortLanes,797,70.0|A:6.0|B:24.0|C:6.0|D:10.0,True,1.3335648148148147,severe_x_ge_1.3,27.600150413913717,25.666077682489902,-1.9340727314238109
1,withoutShortLanes,799,80.0|A:14.0|B:25.0|C:6.0|D:11.0,False,1.36,severe_x_ge_1.3,32.7028762541806,30.98752712991985,-1.7153491242607473
1,withoutShortLanes,801,70.0|A:7.0|B:25.0|C:6.0|D:8.0,False,1.4077777777777778,severe_x_ge_1.3,25.024853937547853,25.12301492285457,0.0981609853067162
1,withoutShortLanes,803,90.0|A:16.0|B:32.0|C:6.0|D:12.0,True,1.5125,severe_x_ge_1.3,35.248697916666664,34.47518689904629,-0.7735110176203719
1,withoutShortLanes,806,100.0|A:6.0|B:49.0|C:6.0|D:15.0,True,1.5430839002267571,severe_x_ge_1.3,30.3880503219259,32.41492847763477,2.026878155708868
1,withoutShortLanes,807,130.0|A:11.0|B:61.0|C:6.0|D:28.0,False,1.6066484517304191,severe_x_ge_1.3,43.02892903633927,45.04006664316702,2.011137606827752
1,withoutShortLanes,808,100.0|A:23.0|B:34.0|C:6.0|D:13.0,True,1.6356209150326797,severe_x_ge_1.3,38.28693887065093,39.02307424136131,0.7361353707103788
1,withoutShortLanes,811,130.0|A:8.0|B:59.0|C:6.0|D:33.0,False,1.4505649717514124,severe_x_ge_1.3,43.52231554376812,44.780856404616735,1.258540860848619
1,withoutShortLanes,813,90.0|A:16.0|B:33.0|C:6.0|D:11.0,True,1.3454545454545457,severe_x_ge_1.3,34.28026548672566,32.32299036039068,-1.9572751263349768
1,withoutShortLanes,816,90.0|A:15.0|B:32.0|C:6.0|D:13.0,True,1.375,severe_x_ge_1.3,33.521782178217826,35.47475437882368,1.9529722006058563
1,withoutShortLanes,817,100.0|A:8.0|B:48.0|C:6.0|D:14.0,False,1.4247685185185186,severe_x_ge_1.3,31.80745815164372,31.995965957931336,0.1885078062876175
1,withoutShortLanes,820,100.0|A:24.0|B:35.0|C:6.0|D:11.0,False,1.2682539682539684,moderate_1.0_le_x_lt_1.3,38.2037507458558,40.42529235144424,2.2215416055884347
1,withoutShortLanes,822,110.0|A:21.0|B:46.0|C:6.0|D:13.0,True,1.695169082125604,severe_x_ge_1.3,37.33277893689136,40.090754490982114,2.757975554090756
1,withoutShortLanes,826,90.0|A:11.0|B:38.0|C:6.0|D:11.0,True,1.6105263157894738,severe_x_ge_1.3,31.029022556390967,31.942122061312304,0.9130995049213376
1,withoutShortLanes,831,110.0|A:17.0|B:48.0|C:6.0|D:15.0,False,1.641087962962963,severe_x_ge_1.3,37.39625279071305,38.66279197828575,1.2665391875726968
1,withoutShortLanes,834,90.0|A:11.0|B:35.0|C:6.0|D:14.0,True,1.6571428571428573,severe_x_ge_1.3,32.23936813186814,32.04384476836841,-0.1955233634997313
1,withoutShortLanes,839,90.0|A:16.0|B:34.0|C:6.0|D:10.0,True,1.647058823529412,severe_x_ge_1.3,34.207739361702124,33.10133510398612,-1.106404257716001
1,withoutShortLanes,856,90.0|A:11.0|B:34.0|C:6.0|D:15.0,True,1.4705882352941178,severe_x_ge_1.3,32.327946666666655,32.8761928496375,0.5482461829708427
1,withoutShortLanes,857,130.0|A:18.0|B:52.0|C:6.0|D:30.0,True,1.4083333333333332,severe_x_ge_1.3,49.557742707319534,49.98808919221508,0.4303464848955443
1,withoutShortLanes,861,100.0|A:21.0|B:36.0|C:6.0|D:13.0,True,1.344135802469136,severe_x_ge_1.3,39.05167171291931,38.84461317872528,-0.2070585341940329
1,withoutShortLanes,869,80.0|A:15.0|B:25.0|C:6.0|D:10.0,True,1.392,severe_x_ge_1.3,31.15021276595745,31.05270101477099,-0.0975117511864596
1,withoutShortLanes,871,80.0|A:12.0|B:30.0|C:6.0|D:8.0,True,1.2133333333333334,moderate_1.0_le_x_lt_1.3,28.044782608695648,28.598108550646376,0.5533259419507282
1,withoutShortLanes,876,100.0|A:6.0|B:45.0|C:6.0|D:19.0,True,1.3506172839506172,severe_x_ge_1.3,32.110479613016906,33.03789789610975,0.927418283092841
1,withoutShortLanes,877,100.0|A:15.0|B:44.0|C:6.0|D:11.0,False,1.2815656565656566,moderate_1.0_le_x_lt_1.3,32.46066148343373,33.03173631189619,0.5710748284624572
1,withoutShortLanes,882,80.0|A:8.0|B:32.0|C:6.0|D:10.0,True,1.5875,severe_x_ge_1.3,28.733125,28.46087254385264,-0.2722524561473562
1,withoutShortLanes,885,100.0|A:12.0|B:45.0|C:6.0|D:13.0,False,1.3061728395061727,severe_x_ge_1.3,33.74744070513475,32.87990851852193,-0.86753218661282
1,withoutShortLanes,890,110.0|A:19.0|B:43.0|C:6.0|D:18.0,True,1.7494832041343669,severe_x_ge_1.3,40.9590339603954,41.98131296424152,1.0222790038461227
1,withoutShortLanes,894,100.0|A:17.0|B:40.0|C:6.0|D:13.0,False,1.6694444444444445,severe_x_ge_1.3,35.73201265323673,36.41075505300214,0.6787423997654116
1,withoutShortLanes,898,130.0|A:10.0|B:59.0|C:9.0|D:28.0,False,1.3893596986817325,severe_x_ge_1.3,46.88477583104204,48.38878279519595,1.504006964153909
1,withoutShortLanes,902,90.0|A:13.0|B:34.0|C:6.0|D:13.0,False,1.411764705882353,severe_x_ge_1.3,34.0411320754717,34.311153834126536,0.2700217586548348
1,withoutShortLanes,910,80.0|A:6.0|B:32.0|C:6.0|D:12.0,True,1.5625,severe_x_ge_1.3,28.133529411764695,27.930047187685563,-0.2034822240791349
1,withoutShortLanes,912,90.0|A:16.0|B:33.0|C:6.0|D:11.0,True,1.4181818181818184,severe_x_ge_1.3,36.0820424403183,34.30433060005043,-1.7777118402678695
1,withoutShortLanes,921,90.0|A:11.0|B:32.0|C:6.0|D:17.0,True,1.3375,severe_x_ge_1.3,35.026136986301374,33.970348803277005,-1.0557881830243687
1,withoutShortLanes,927,110.0|A:20.0|B:44.0|C:6.0|D:16.0,False,1.309722222222222,severe_x_ge_1.3,38.38148155577278,40.8713560480794,2.489874492306619
1,withoutShortLanes,928,100.0|A:14.0|B:40.0|C:6.0|D:16.0,False,1.2805555555555554,moderate_1.0_le_x_lt_1.3,34.785194380196465,36.68476670698528,1.8995723267888136
1,withoutShortLanes,933,90.0|A:13.0|B:34.0|C:6.0|D:13.0,False,1.5411764705882354,severe_x_ge_1.3,33.85126649076518,32.741709913605725,-1.1095565771594522
1,withoutShortLanes,934,80.0|A:10.0|B:29.0|C:6.0|D:11.0,True,1.696551724137931,severe_x_ge_1.3,30.37736677115987,29.865929670984062,-0.5114371001758045
1,withoutShortLanes,936,100.0|A:8.0|B:48.0|C:6.0|D:14.0,False,1.6087962962962965,severe_x_ge_1.3,31.911523779710546,33.12995556409911,1.2184317843885708
1,withoutShortLanes,937,100.0|A:13.0|B:41.0|C:6.0|D:16.0,True,1.5311653116531163,severe_x_ge_1.3,33.99589618609957,34.93104838190155,0.935152195801976
1,withoutShortLanes,944,90.0|A:18.0|B:32.0|C:6.0|D:10.0,True,1.425,severe_x_ge_1.3,32.44734328358209,33.475197413797304,1.0278541302152109
1,withoutShortLanes,947,90.0|A:6.0|B:36.0|C:6.0|D:18.0,False,1.1888888888888889,moderate_1.0_le_x_lt_1.3,29.7871835443038,29.670144127711858,-0.1170394165919397
1,withoutShortLanes,953,90.0|A:6.0|B:43.0|C:6.0|D:11.0,True,1.2093023255813953,moderate_1.0_le_x_lt_1.3,26.40482658959538,28.486067767793628,2.081241178198248
1,withoutShortLanes,956,120.0|A:13.0|B:53.0|C:8.0|D:22.0,False,1.569811320754717,severe_x_ge_1.3,42.44504000000001,43.7149991563366,1.26995915633659
1,withoutShortLanes,958,90.0|A:12.0|B:34.0|C:6.0|D:14.0,True,1.647058823529412,severe_x_ge_1.3,32.266897506925204,32.28926346984544,0.022365962920233
1,withoutShortLanes,964,120.0|A:7.0|B:53.0|C:6.0|D:30.0,False,1.5924528301886791,severe_x_ge_1.3,42.750882352941176,42.83593127933564,0.0850489263944638
1,withoutShortLanes,966,80.0|A:14.0|B:26.0|C:6.0|D:10.0,True,1.2461538461538462,moderate_1.0_le_x_lt_1.3,32.59359322033899,31.2891131685945,-1.3044800517444877
1,withoutShortLanes,973,100.0|A:17.0|B:40.0|C:6.0|D:13.0,False,1.7499999999999998,severe_x_ge_1.3,35.657515052479795,35.814299034245124,0.1567839817653293
1,withoutShortLanes,975,130.0|A:23.0|B:47.0|C:6.0|D:30.0,False,1.515130023640662,severe_x_ge_1.3,47.74702283096823,49.69562219029697,1.948599359328746
1,withoutShortLanes,977,80.0|A:10.0|B:26.0|C:6.0|D:14.0,True,1.4307692307692308,severe_x_ge_1.3,32.52305084745763,30.45221822213877,-2.070832625318861
1,withoutShortLanes,978,90.0|A:6.0|B:41.0|C:6.0|D:13.0,True,1.2195121951219512,moderate_1.0_le_x_lt_1.3,27.124657142857146,28.86996322188754,1.7453060790303958
1,withoutShortLanes,988,80.0|A:6.0|B:36.0|C:6.0|D:8.0,True,1.3111111111111111,severe_x_ge_1.3,27.392145328719728,25.521924934357497,-1.8702203943622315
1,withoutShortLanes,989,100.0|A:17.0|B:39.0|C:6.0|D:14.0,False,1.660968660968661,severe_x_ge_1.3,35.0165482943338,35.33260884364426,0.3160605493104569
1,withoutShortLanes,995,140.0|A:22.0|B:60.0|C:6.0|D:28.0,False,1.5737037037037036,severe_x_ge_1.3,48.77965431369905,51.48322283044161,2.703568516742564
1,withoutShortLanes,1001,80.0|A:8.0|B:33.0|C:6.0|D:9.0,True,1.4666666666666668,severe_x_ge_1.3,28.236718266253863,28.416540924647883,0.1798226583940199
1,withoutShortLanes,1004,90.0|A:20.0|B:31.0|C:6.0|D:9.0,False,1.3806451612903226,severe_x_ge_1.3,35.77916666666666,35.62373782057134,-0.1554288460953188
1,withoutShortLanes,1005,90.0|A:19.0|B:33.0|C:6.0|D:8.0,True,1.6242424242424245,severe_x_ge_1.3,32.448640226628896,32.77916224824839,0.3305220216194939
1,withoutShortLanes,1009,100.0|A:14.0|B:47.0|C:6.0|D:9.0,True,1.710401891252955,severe_x_ge_1.3,33.038944224075024,34.476250502465284,1.4373062783902597
1,withoutShortLanes,1012,80.0|A:12.0|B:31.0|C:6.0|D:7.0,True,1.238709677419355,moderate_1.0_le_x_lt_1.3,31.95498293515358,27.648250152768234,-4.306732782385346
1,withoutShortLanes,1014,90.0|A:12.0|B:41.0|C:6.0|D:7.0,True,1.395121951219512,severe_x_ge_1.3,30.302838196286476,29.466817682047623,-0.8360205142388466
1,withoutShortLanes,1016,90.0|A:13.0|B:39.0|C:6.0|D:8.0,True,1.517948717948718,severe_x_ge_1.3,30.02215789473684,30.854535327872277,0.8323774331354343
1,withoutShortLanes,1027,150.0|A:34.0|B:60.0|C:6.0|D:26.0,False,1.5527777777777776,severe_x_ge_1.3,55.346874802133726,59.3373138973241,3.990439095190375
1,withoutShortLanes,1028,150.0|A:26.0|B:59.0|C:6.0|D:35.0,False,1.5112994350282487,severe_x_ge_1.3,54.907118017935225,55.26011839604016,0.3530003781049302
1,withoutShortLanes,1030,130.0|A:21.0|B:54.0|C:8.0|D:23.0,False,1.5487654320987654,severe_x_ge_1.3,47.81207725432896,48.56769165214078,0.7556143978118257
1,withoutShortLanes,1034,120.0|A:25.0|B:49.0|C:6.0|D:16.0,False,1.6244897959183673,severe_x_ge_1.3,45.12643835616439,44.45726340588684,-0.6691749502775437
1,withoutShortLanes,1036,150.0|A:28.0|B:61.0|C:6.0|D:31.0,False,1.4098360655737705,severe_x_ge_1.3,60.438922170886585,58.43729789379831,-2.0016242770882755
1,withoutShortLanes,1039,110.0|A:14.0|B:52.0|C:6.0|D:14.0,True,1.5536324786324789,severe_x_ge_1.3,36.01978496912341,36.08435798010145,0.0645730109780444
1,withoutShortLanes,1042,90.0|A:12.0|B:38.0|C:6.0|D:10.0,True,1.663157894736842,severe_x_ge_1.3,32.450195599022,32.31178079275281,-0.1384148062691892
1,withoutShortLanes,1043,100.0|A:15.0|B:46.0|C:6.0|D:9.0,False,1.3043478260869563,severe_x_ge_1.3,33.70829778401308,33.54147592001988,-0.1668218639931993
1,withoutShortLanes,1045,150.0|A:20.0|B:75.0|C:6.0|D:25.0,False,1.6644444444444444,severe_x_ge_1.3,46.13124792432809,51.71509154659921,5.583843622271118
1,withoutShortLanes,1053,150.0|A:9.0|B:73.0|C:10.0|D:34.0,False,1.622146118721461,severe_x_ge_1.3,51.63155376070872,53.203118854711065,1.5715650940023451
1,withoutShortLanes,1054,150.0|A:16.0|B:67.0|C:6.0|D:37.0,True,1.7251243781094527,severe_x_ge_1.3,58.24606550965127,54.38580788342855,-3.860257626222719
1,withoutShortLanes,1055,150.0|A:6.0|B:63.0|C:6.0|D:51.0,False,1.9047619047619049,severe_x_ge_1.3,51.47287386892164,53.62934637165593,2.156472502734289
1,withoutShortLanes,1057,150.0|A:18.0|B:64.0|C:6.0|D:38.0,False,1.712239583333333,severe_x_ge_1.3,53.12642876107441,53.74934328386462,0.6229145227902109
1,withoutShortLanes,1063,140.0|A:8.0|B:69.0|C:10.0|D:29.0,False,1.7561996779388085,severe_x_ge_1.3,46.39292165577873,49.02542688029221,2.63250522451348
1,withoutShortLanes,1064,140.0|A:30.0|B:55.0|C:6.0|D:25.0,False,1.2797979797979795,moderate_1.0_le_x_lt_1.3,52.29052007188561,55.96627118890133,3.6757511170157215
1,withoutShortLanes,1067,150.0|A:6.0|B:82.0|C:6.0|D:32.0,False,1.780487804878049,severe_x_ge_1.3,47.11601261012667,47.7703518797878,0.6543392696611292
1,withoutShortLanes,1070,150.0|A:22.0|B:66.0|C:8.0|D:30.0,False,1.9457070707070707,severe_x_ge_1.3,62.411336973688826,56.460684827617925,-5.950652146070901
1,withoutShortLanes,1074,90.0|A:18.0|B:34.0|C:6.0|D:8.0,True,1.5647058823529414,severe_x_ge_1.3,33.643808290155434,33.163206092840774,-0.4806021973146599
1,withoutShortLanes,1081,140.0|A:26.0|B:54.0|C:6.0|D:30.0,False,1.666460905349794,severe_x_ge_1.3,52.15532180774799,54.29099465607184,2.13567284832385
1,withoutShortLanes,1085,120.0|A:26.0|B:42.0|C:6.0|D:22.0,False,1.5714285714285716,severe_x_ge_1.3,50.71155416012559,49.52351956881667,-1.18803459130892
1,withoutShortLanes,1093,100.0|A:21.0|B:39.0|C:6.0|D:10.0,False,1.6310541310541309,severe_x_ge_1.3,35.619864261159684,36.45405659675114,0.8341923355914602
1,withoutShortLanes,1102,150.0|A:21.0|B:65.0|C:6.0|D:34.0,False,1.6371794871794871,severe_x_ge_1.3,57.950136271397206,56.242982210725245,-1.7071540606719608
1,withoutShortLanes,1106,150.0|A:24.0|B:62.0|C:6.0|D:34.0,False,1.948924731182796,severe_x_ge_1.3,53.72771134145376,56.619959787206334,2.8922484457525783
1,withoutShortLanes,1113,150.0|A:34.0|B:52.0|C:6.0|D:34.0,True,1.676282051282051,severe_x_ge_1.3,63.99661605275783,60.82014494972192,-3.176471103035915
1,withoutShortLanes,1114,100.0|A:19.0|B:41.0|C:6.0|D:10.0,False,1.7073170731707317,severe_x_ge_1.3,34.88755562550464,35.99856286670128,1.1110072411966383
1,withoutShortLanes,1117,140.0|A:29.0|B:50.0|C:6.0|D:31.0,False,1.5353333333333332,severe_x_ge_1.3,62.79912538761462,57.38369418323828,-5.41543120437634
1,withoutShortLanes,1120,130.0|A:17.0|B:59.0|C:6.0|D:24.0,False,1.3697740112994352,severe_x_ge_1.3,47.18959247978808,47.30135852321746,0.1117660434293768
1,withoutShortLanes,1122,120.0|A:28.0|B:48.0|C:6.0|D:14.0,False,1.6666666666666663,severe_x_ge_1.3,44.9715088282504,46.13803866911892,1.1665298408685203
1,withoutShortLanes,1126,130.0|A:27.0|B:47.0|C:6.0|D:26.0,False,1.8470449172576835,severe_x_ge_1.3,52.946894113679214,53.01355544893063,0.0666613352514176
1,withoutShortLanes,1131,90.0|A:14.0|B:33.0|C:6.0|D:13.0,True,1.381818181818182,severe_x_ge_1.3,35.791645244215935,34.331849798701846,-1.4597954455140894
1,withoutShortLanes,1142,150.0|A:17.0|B:51.0|C:6.0|D:52.0,False,1.977124183006536,severe_x_ge_1.3,59.13694605662359,60.74844502976115,1.6114989731375573
1,withoutShortLanes,1152,150.0|A:7.0|B:71.0|C:6.0|D:42.0,False,1.6502347417840375,severe_x_ge_1.3,49.15594694281943,51.24116592026034,2.085218977440917
1,withoutShortLanes,1155,110.0|A:10.0|B:33.0|C:6.0|D:37.0,False,1.7333333333333334,severe_x_ge_1.3,42.25839845211412,43.05686551368973,0.7984670615756073
1,withoutShortLanes,1176,150.0|A:13.0|B:70.0|C:6.0|D:37.0,True,1.6738095238095236,severe_x_ge_1.3,48.37911572263872,49.03810893794825,0.658993215309529
1,withoutShortLanes,1177,100.0|A:10.0|B:46.0|C:6.0|D:14.0,True,1.6171497584541064,severe_x_ge_1.3,34.694512129100765,34.59309685518985,-0.1014152739109164
1,withoutShortLanes,1179,90.0|A:11.0|B:37.0|C:6.0|D:12.0,True,1.2972972972972974,moderate_1.0_le_x_lt_1.3,32.07920547945206,31.58615595009652,-0.4930495293555346
1,withoutShortLanes,1180,90.0|A:16.0|B:33.0|C:6.0|D:11.0,True,1.284848484848485,moderate_1.0_le_x_lt_1.3,34.79781671159031,34.71785656334218,-0.0799601482481264
1,withoutShortLanes,1182,80.0|A:11.0|B:30.0|C:6.0|D:9.0,True,1.586666666666667,severe_x_ge_1.3,31.901197604790408,30.50524898211794,-1.395948622672467
1,withoutShortLanes,1184,80.0|A:6.0|B:34.0|C:6.0|D:10.0,True,1.3411764705882352,severe_x_ge_1.3,29.33874999999999,28.40000111811215,-0.9387488818878396
1,withoutShortLanes,1188,80.0|A:8.0|B:34.0|C:6.0|D:8.0,False,1.4823529411764709,severe_x_ge_1.3,28.44800675675676,27.08851360633107,-1.3594931504256884
1,withoutShortLanes,1190,90.0|A:14.0|B:31.0|C:6.0|D:15.0,True,1.664516129032258,severe_x_ge_1.3,33.08903790087463,33.938950307505664,0.8499124066310344
1,withoutShortLanes,1192,110.0|A:12.0|B:46.0|C:6.0|D:22.0,False,1.3829710144927538,severe_x_ge_1.3,37.7026084510258,38.4592283377956,0.7566198867697977
1,withoutShortLanes,1206,80.0|A:10.0|B:28.0|C:6.0|D:12.0,True,1.5285714285714287,severe_x_ge_1.3,31.475075075075072,30.63631770284344,-0.8387573722316297
1,withoutShortLanes,1208,80.0|A:8.0|B:31.0|C:6.0|D:11.0,False,1.3806451612903226,severe_x_ge_1.3,29.63696793002916,30.240101550770863,0.6031336207417084
1,withoutShortLanes,1209,100.0|A:12.0|B:44.0|C:6.0|D:14.0,False,1.5,severe_x_ge_1.3,32.927229467763325,33.877995139710166,0.95076567194684
1,withoutShortLanes,1212,90.0|A:14.0|B:36.0|C:6.0|D:10.0,False,1.6777777777777776,severe_x_ge_1.3,34.17317191283293,33.21406482406165,-0.959107088771276
1,withoutShortLanes,1216,90.0|A:13.0|B:38.0|C:6.0|D:9.0,True,1.3157894736842106,severe_x_ge_1.3,32.44718749999999,31.24734136155499,-1.1998461384450003
1,withoutShortLanes,1218,80.0|A:7.0|B:30.0|C:6.0|D:13.0,True,1.28,moderate_1.0_le_x_lt_1.3,28.742331081081083,27.897638491007648,-0.8446925900734357
1,withoutShortLanes,1220,110.0|A:13.0|B:49.0|C:6.0|D:18.0,True,1.3382086167800455,severe_x_ge_1.3,37.20454171008311,38.14434876260405,0.9398070525209404
1,withoutShortLanes,1224,110.0|A:18.0|B:45.0|C:6.0|D:17.0,True,1.4761728395061728,severe_x_ge_1.3,38.98218809248273,39.06353398563576,0.0813458931530277
1,withoutShortLanes,1225,120.0|A:24.0|B:38.0|C:6.0|D:28.0,False,1.4526315789473685,severe_x_ge_1.3,48.441895093062605,49.45163846799327,1.0097433749306646
1,withoutShortLanes,1227,100.0|A:11.0|B:45.0|C:6.0|D:14.0,False,1.6,severe_x_ge_1.3,30.84147007141637,32.44514355384476,1.603673482428384
1,withoutShortLanes,1233,80.0|A:6.0|B:32.0|C:6.0|D:12.0,True,1.4874999999999998,severe_x_ge_1.3,28.99550632911392,27.631537006163477,-1.363969322950446
1,withoutShortLanes,1235,120.0|A:25.0|B:48.0|C:6.0|D:17.0,False,1.6416666666666664,severe_x_ge_1.3,41.16491007194245,43.70030293227314,2.5353928603306954
1,withoutShortLanes,1239,110.0|A:17.0|B:40.0|C:7.0|D:22.0,False,1.7493055555555554,severe_x_ge_1.3,42.34593396607092,42.576033709602086,0.23009974353117
1,withoutShortLanes,1241,110.0|A:15.0|B:47.0|C:6.0|D:18.0,False,1.4718676122931444,severe_x_ge_1.3,42.61113388127803,39.9552136435169,-2.65592023776113
1,withoutShortLanes,1242,90.0|A:10.0|B:33.0|C:6.0|D:17.0,True,1.272727272727273,moderate_1.0_le_x_lt_1.3,30.880883280757104,31.95041399378856,1.0695307130314546
1,withoutShortLanes,1243,100.0|A:19.0|B:40.0|C:6.0|D:11.0,True,1.459722222222222,severe_x_ge_1.3,35.730553381287365,35.00595746343156,-0.7245959178558081
1,withoutShortLanes,1251,90.0|A:11.0|B:36.0|C:6.0|D:13.0,True,1.4333333333333331,severe_x_ge_1.3,29.576755319148937,31.314833119461124,1.7380778003121868
1,withoutShortLanes,1256,100.0|A:11.0|B:42.0|C:6.0|D:17.0,False,1.533068783068783,severe_x_ge_1.3,34.38061717213809,34.203092470518406,-0.1775247016196814
1,withoutShortLanes,1257,80.0|A:10.0|B:28.0|C:6.0|D:12.0,True,1.4142857142857144,severe_x_ge_1.3,30.83339869281046,29.925070674387484,-0.9083280184229744
1,withoutShortLanes,1258,110.0|A:18.0|B:45.0|C:6.0|D:17.0,True,1.6622222222222225,severe_x_ge_1.3,39.922358466834766,39.41142212789106,-0.5109363389437078
1,withoutShortLanes,1259,120.0|A:12.0|B:49.0|C:6.0|D:29.0,False,1.836734693877551,severe_x_ge_1.3,45.17744444444445,44.78580312908952,-0.3916413153549385
1,withoutShortLanes,1264,80.0|A:11.0|B:30.0|C:6.0|D:9.0,True,1.76,severe_x_ge_1.3,30.21741379310344,30.41752872651973,0.2001149334162946
1,withoutShortLanes,1265,80.0|A:14.0|B:26.0|C:6.0|D:10.0,True,1.446153846153846,severe_x_ge_1.3,29.633949275362323,29.955005720855,0.3210564454926796
1,withoutShortLanes,1266,110.0|A:19.0|B:30.0|C:9.0|D:28.0,False,1.6275925925925927,severe_x_ge_1.3,45.09217881228384,45.46947104904633,0.3772922367624929
1,withoutShortLanes,1268,90.0|A:6.0|B:38.0|C:6.0|D:16.0,True,1.5157894736842106,severe_x_ge_1.3,30.23563025210084,29.623054478814023,-0.6125757732868138
1,withoutShortLanes,1271,90.0|A:15.0|B:29.0|C:6.0|D:16.0,True,1.2551724137931033,moderate_1.0_le_x_lt_1.3,33.844916201117314,36.65670164195334,2.811785440836026
1,withoutShortLanes,1274,100.0|A:18.0|B:37.0|C:6.0|D:15.0,True,1.46996996996997,severe_x_ge_1.3,40.452550043292014,38.20475466674437,-2.24779537654765
1,withoutShortLanes,1280,100.0|A:6.0|B:49.0|C:6.0|D:15.0,True,1.4535147392290249,severe_x_ge_1.3,30.56188792406603,31.290389827674037,0.7285019036080023
1,withoutShortLanes,1286,100.0|A:13.0|B:41.0|C:6.0|D:16.0,True,1.570460704607046,severe_x_ge_1.3,34.76344284706473,35.483686961004665,0.720244113939934
1,withoutShortLanes,1288,90.0|A:11.0|B:32.0|C:6.0|D:17.0,True,1.4625,severe_x_ge_1.3,31.7666091954023,32.08316161974551,0.3165524243432109
1,withoutShortLanes,1289,80.0|A:14.0|B:28.0|C:6.0|D:8.0,True,1.4571428571428573,severe_x_ge_1.3,34.62712166172107,31.05578067925331,-3.57134098246776
1,withoutShortLanes,1290,90.0|A:16.0|B:28.0|C:6.0|D:16.0,False,1.5571428571428572,severe_x_ge_1.3,36.34214501510574,34.901428945207044,-1.4407160698986985
1,withoutShortLanes,1295,100.0|A:17.0|B:39.0|C:6.0|D:14.0,False,1.621082621082621,severe_x_ge_1.3,38.73935551169635,36.77916928848127,-1.9601862232150824
1,withoutShortLanes,1302,90.0|A:13.0|B:35.0|C:6.0|D:12.0,True,1.3828571428571428,severe_x_ge_1.3,34.750338541666665,32.84912151978521,-1.9012170218814572
1,withoutShortLanes,1310,80.0|A:9.0|B:30.0|C:6.0|D:11.0,False,1.2266666666666668,moderate_1.0_le_x_lt_1.3,29.43143859649124,27.868294684463542,-1.563143912027698
1,withoutShortLanes,1311,80.0|A:12.0|B:26.0|C:6.0|D:12.0,True,1.769230769230769,severe_x_ge_1.3,32.078281786941574,30.88391006315632,-1.194371723785256
1,withoutShortLanes,1312,90.0|A:7.0|B:38.0|C:6.0|D:15.0,True,1.6421052631578947,severe_x_ge_1.3,31.069017632241813,31.74928397561635,0.6802663433745373
1,withoutShortLanes,1314,90.0|A:10.0|B:37.0|C:6.0|D:13.0,False,1.2432432432432432,moderate_1.0_le_x_lt_1.3,31.72376021798365,32.018029735984406,0.2942695180007568
1,withoutShortLanes,1320,110.0|A:19.0|B:47.0|C:6.0|D:14.0,False,1.548581560283688,severe_x_ge_1.3,36.6401713504894,38.04932439343592,1.4091530429465209
1,withoutShortLanes,1323,130.0|A:7.0|B:62.0|C:6.0|D:31.0,False,1.6319892473118278,severe_x_ge_1.3,43.15498549906111,44.71826066501736,1.5632751659562487
1,withoutShortLanes,1324,80.0|A:6.0|B:32.0|C:6.0|D:12.0,True,1.4125,severe_x_ge_1.3,29.50754658385093,27.85391569830361,-1.6536308855473223
1,withoutShortLanes,1326,90.0|A:13.0|B:36.0|C:6.0|D:11.0,True,1.6111111111111112,severe_x_ge_1.3,31.155282485875706,31.218299156902106,0.0630166710263964
1,withoutShortLanes,1327,90.0|A:7.0|B:36.0|C:6.0|D:17.0,False,1.711111111111111,severe_x_ge_1.3,32.596892950391634,32.292805182521256,-0.3040877678703779
1,withoutShortLanes,1331,90.0|A:16.0|B:30.0|C:6.0|D:14.0,False,1.7733333333333334,severe_x_ge_1.3,34.70101408450704,35.140799316923285,0.4397852324162485
1,withoutShortLanes,1334,130.0|A:27.0|B:52.0|C:6.0|D:21.0,False,1.7458333333333331,severe_x_ge_1.3,48.25211153770967,48.50460438567961,0.2524928479699397
1,withoutShortLanes,1336,100.0|A:6.0|B:49.0|C:6.0|D:15.0,True,1.5759637188208615,severe_x_ge_1.3,31.606949240183617,31.99082093962728,0.383871699443663
1,withoutShortLanes,1341,90.0|A:6.0|B:38.0|C:6.0|D:16.0,True,1.4210526315789471,severe_x_ge_1.3,29.107982456140345,29.07918253593912,-0.028799920201223
1,withoutShortLanes,1342,80.0|A:12.0|B:28.0|C:6.0|D:10.0,True,1.6285714285714286,severe_x_ge_1.3,32.05025806451612,29.804702614559204,-2.245555449956917
1,withoutShortLanes,1344,80.0|A:6.0|B:35.0|C:6.0|D:9.0,True,1.7028571428571428,severe_x_ge_1.3,30.31234421364985,28.222598238430685,-2.08974597521917
1,withoutShortLanes,1358,90.0|A:6.0|B:41.0|C:6.0|D:13.0,True,1.35609756097561,severe_x_ge_1.3,29.633425414364645,28.892982864309424,-0.7404425500552207
1,withoutShortLanes,1360,80.0|A:6.0|B:32.0|C:6.0|D:12.0,True,1.35,severe_x_ge_1.3,27.69684745762713,26.861441451848435,-0.8354060057786903
1,withoutShortLanes,1361,90.0|A:7.0|B:38.0|C:6.0|D:15.0,True,1.431578947368421,severe_x_ge_1.3,31.762239999999995,30.34113300252407,-1.421106997475924
1,withoutShortLanes,1362,90.0|A:13.0|B:32.0|C:6.0|D:15.0,True,1.4374999999999998,severe_x_ge_1.3,34.28702412868634,34.17034401415339,-0.1166801145329472
1,withoutShortLanes,1364,120.0|A:17.0|B:55.0|C:6.0|D:18.0,False,1.4181818181818182,severe_x_ge_1.3,43.16713128038898,43.59203191323852,0.4249006328495355
1,withoutShortLanes,1370,90.0|A:10.0|B:37.0|C:6.0|D:13.0,False,1.372972972972973,severe_x_ge_1.3,31.321413881748075,31.973244032064034,0.6518301503159591
1,withoutShortLanes,1373,90.0|A:6.0|B:38.0|C:6.0|D:16.0,True,1.2947368421052632,moderate_1.0_le_x_lt_1.3,28.439077809798277,29.913141154126325,1.4740633443280515
1,withoutShortLanes,1376,90.0|A:6.0|B:41.0|C:6.0|D:13.0,True,1.2585365853658537,moderate_1.0_le_x_lt_1.3,29.071272727272717,30.39146401844096,1.3201912911682427
1,withoutShortLanes,1385,80.0|A:13.0|B:27.0|C:6.0|D:10.0,True,1.2888888888888888,moderate_1.0_le_x_lt_1.3,33.98581993569131,31.803736912959533,-2.182083022731778
1,withoutShortLanes,1390,90.0|A:6.0|B:44.0|C:6.0|D:10.0,True,1.4727272727272729,severe_x_ge_1.3,28.30362204724409,28.60471767280117,0.3010956255570818
1,withoutShortLanes,1393,100.0|A:6.0|B:47.0|C:6.0|D:17.0,True,1.446808510638298,severe_x_ge_1.3,31.251777888402188,31.200975140824337,-0.0508027475778511
1,withoutShortLanes,1395,80.0|A:6.0|B:34.0|C:6.0|D:10.0,True,1.388235294117647,severe_x_ge_1.3,27.694322580645164,27.002033048124343,-0.6922895325208209
1,withoutShortLanes,1396,90.0|A:18.0|B:29.0|C:6.0|D:13.0,False,1.3379310344827586,severe_x_ge_1.3,34.37201657458564,35.04175610911292,0.6697395345272739
1,withoutShortLanes,1397,70.0|A:6.0|B:26.0|C:6.0|D:8.0,True,1.5690170940170938,severe_x_ge_1.3,28.885257958140667,24.93273672351268,-3.952521234627987
1,withoutShortLanes,1398,80.0|A:10.0|B:30.0|C:6.0|D:10.0,True,1.346666666666667,severe_x_ge_1.3,28.40970491803278,28.98155766283921,0.571852744806435
1,withoutShortLanes,1400,100.0|A:19.0|B:37.0|C:6.0|D:14.0,True,1.46996996996997,severe_x_ge_1.3,36.07245266674301,37.546734041208985,1.4742813744659813
1,withoutShortLanes,1404,80.0|A:14.0|B:28.0|C:6.0|D:8.0,True,1.6142857142857143,severe_x_ge_1.3,33.04096463022507,30.43680847685865,-2.604156153366418
1,withoutShortLanes,1405,80.0|A:9.0|B:31.0|C:6.0|D:10.0,True,1.5870967741935482,severe_x_ge_1.3,29.14366972477064,28.811191687134222,-0.3324780376364131
1,withoutShortLanes,1408,100.0|A:12.0|B:41.0|C:6.0|D:17.0,True,1.600271002710027,severe_x_ge_1.3,34.09490573102971,34.599437560445025,0.5045318294153134
1,withoutShortLanes,1410,70.0|A:6.0|B:24.0|C:6.0|D:10.0,True,1.4826388888888888,severe_x_ge_1.3,27.665456895220142,25.883432355668752,-1.7820245395513936
1,withoutShortLanes,1412,90.0|A:6.0|B:41.0|C:6.0|D:13.0,True,1.4926829268292685,severe_x_ge_1.3,29.777414248021103,29.21439532460159,-0.5630189234195164
1,withoutShortLanes,1413,100.0|A:16.0|B:38.0|C:6.0|D:16.0,False,1.4312865497076022,severe_x_ge_1.3,37.30494324076333,36.80995160618348,-0.4949916345798542
1,withoutShortLanes,1415,90.0|A:14.0|B:33.0|C:6.0|D:13.0,True,1.490909090909091,severe_x_ge_1.3,34.74167553191489,32.73355399963048,-2.008121532284413
1,withoutShortLanes,1417,90.0|A:14.0|B:36.0|C:6.0|D:10.0,False,1.6777777777777776,severe_x_ge_1.3,33.11074270557031,32.35373238922605,-0.7570103163442568
1,withoutShortLanes,1419,100.0|A:6.0|B:47.0|C:6.0|D:17.0,True,1.2340425531914894,moderate_1.0_le_x_lt_1.3,30.61636653093205,31.98907426115684,1.3727077302247856
1,withoutShortLanes,1423,130.0|A:21.0|B:47.0|C:6.0|D:32.0,False,1.8132387706855797,severe_x_ge_1.3,47.56639160814342,49.63814767886859,2.071756070725172
1,withoutShortLanes,1427,110.0|A:14.0|B:50.0|C:6.0|D:16.0,False,1.584,severe_x_ge_1.3,38.10648427704208,37.749485962842535,-0.3569983141995436
1,withoutShortLanes,1435,110.0|A:15.0|B:47.0|C:6.0|D:18.0,False,1.6083924349881795,severe_x_ge_1.3,38.645000843533886,39.41542980692111,0.770428963387225
1,withoutShortLanes,1436,70.0|A:8.0|B:24.0|C:6.0|D:8.0,False,1.5166666666666666,severe_x_ge_1.3,28.61171355817848,25.87000724248484,-2.7417063156936337
1,withoutShortLanes,1437,120.0|A:6.0|B:44.0|C:9.0|D:37.0,False,1.7,severe_x_ge_1.3,47.37694915254238,44.47582979146376,-2.901119361078621
1,withoutShortLanes,1438,90.0|A:10.0|B:41.0|C:6.0|D:9.0,False,1.151219512195122,moderate_1.0_le_x_lt_1.3,28.332127659574464,28.580372228881068,0.2482445693066033
1,withoutShortLanes,1439,90.0|A:10.0|B:40.0|C:6.0|D:10.0,True,1.66,severe_x_ge_1.3,30.54074168797955,30.49320049498463,-0.0475411929949203
1,withoutShortLanes,1440,80.0|A:16.0|B:23.0|C:6.0|D:11.0,False,1.4086956521739131,severe_x_ge_1.3,37.96495114006514,32.99165298287492,-4.9732981571902215
1,withoutShortLanes,1441,90.0|A:11.0|B:34.0|C:6.0|D:15.0,True,1.2941176470588236,moderate_1.0_le_x_lt_1.3,32.84947368421052,33.33342886161703,0.4839551774065072
1,withoutShortLanes,1443,90.0|A:11.0|B:36.0|C:6.0|D:13.0,True,1.6111111111111112,severe_x_ge_1.3,32.07977386934673,33.30778491660485,1.2280110472581214
1,withoutShortLanes,1445,100.0|A:9.0|B:43.0|C:6.0|D:18.0,False,1.4418604651162792,severe_x_ge_1.3,32.18310312153483,33.181691430325465,0.9985883087906372
1,withoutShortLanes,1446,90.0|A:12.0|B:35.0|C:6.0|D:13.0,True,1.497142857142857,severe_x_ge_1.3,33.09462184873949,31.10433301877077,-1.9902888299687227
1,withoutShortLanes,1457,90.0|A:16.0|B:33.0|C:6.0|D:11.0,True,1.539393939393939,severe_x_ge_1.3,33.03035326086955,33.26283423969506,0.2324809788255066
1,withoutShortLanes,1460,90.0|A:14.0|B:33.0|C:6.0|D:13.0,True,1.4424242424242424,severe_x_ge_1.3,34.4748548812665,34.03862270722625,-0.4362321740402493
1,withoutShortLanes,1461,110.0|A:20.0|B:45.0|C:6.0|D:15.0,True,1.4761728395061728,severe_x_ge_1.3,37.88629334506825,39.85509051558278,1.9687971705145275
1,withoutShortLanes,1469,70.0|A:9.0|B:24.0|C:6.0|D:7.0,True,1.5993055555555555,severe_x_ge_1.3,28.174838615274528,26.76058144121555,-1.414257174058978
1,withoutShortLanes,1472,100.0|A:8.0|B:47.0|C:6.0|D:15.0,False,1.3959810874704492,severe_x_ge_1.3,32.97874312823654,33.16312473152364,0.1843816032871004
1,withoutShortLanes,1475,120.0|A:23.0|B:53.0|C:6.0|D:14.0,False,1.328301886792453,severe_x_ge_1.3,40.229373848987095,42.83121118316493,2.601837334177837
1,withoutShortLanes,1476,110.0|A:26.0|B:37.0|C:6.0|D:17.0,True,1.6863363363363362,severe_x_ge_1.3,40.47898252349173,42.4114394080958,1.9324568846040648
1,withoutShortLanes,1478,120.0|A:7.0|B:59.0|C:6.0|D:24.0,False,1.7084745762711864,severe_x_ge_1.3,40.19149460708783,41.25997395245764,1.0684793453698165
1,withoutShortLanes,1479,100.0|A:18.0|B:35.0|C:6.0|D:17.0,True,1.885714285714286,severe_x_ge_1.3,38.3092281519307,38.36792471714689,0.058696565216195
1,withoutShortLanes,1481,100.0|A:13.0|B:42.0|C:6.0|D:15.0,True,1.58994708994709,severe_x_ge_1.3,34.88773999944603,34.9959866481636,0.1082466487175679
1,withoutShortLanes,1483,80.0|A:10.0|B:30.0|C:6.0|D:10.0,True,1.5199999999999998,severe_x_ge_1.3,31.255573770491797,28.84571432409485,-2.409859446396947
1,withoutShortLanes,1486,110.0|A:15.0|B:46.0|C:6.0|D:19.0,True,1.6433574879227053,severe_x_ge_1.3,38.15768483651559,39.07904114364919,0.9213563071336068
1,withoutShortLanes,1487,140.0|A:25.0|B:54.0|C:6.0|D:31.0,False,1.6146090534979425,severe_x_ge_1.3,53.63859306826187,54.81645200807238,1.1778589398105126
1,withoutShortLanes,1489,80.0|A:15.0|B:25.0|C:6.0|D:10.0,True,1.488,severe_x_ge_1.3,31.113636363636356,31.93707874014437,0.8234423765080159
1,withoutShortLanes,1491,90.0|A:14.0|B:33.0|C:6.0|D:13.0,True,1.818181818181818,severe_x_ge_1.3,34.37520107238605,33.70230783937985,-0.6728932330061994
1,withoutShortLanes,1495,80.0|A:6.0|B:34.0|C:6.0|D:10.0,True,1.2705882352941178,moderate_1.0_le_x_lt_1.3,27.496557377049182,26.43375905355914,-1.0627983234900462
1,withoutShortLanes,1497,100.0|A:20.0|B:39.0|C:6.0|D:11.0,True,1.487179487179487,severe_x_ge_1.3,36.08564206555296,37.40891736085302,1.323275295300057
1,withoutShortLanes,1499,90.0|A:16.0|B:33.0|C:6.0|D:11.0,True,1.5151515151515154,severe_x_ge_1.3,35.181956521739124,34.6358697883055,-0.5460867334336257
1,withoutShortLanes,1502,90.0|A:13.0|B:35.0|C:6.0|D:12.0,True,1.6228571428571428,severe_x_ge_1.3,33.14560321715818,33.057144923505106,-0.0884582936530762
1,withoutShortLanes,1507,80.0|A:15.0|B:27.0|C:6.0|D:8.0,True,1.437037037037037,severe_x_ge_1.3,30.18985714285713,29.80299386892578,-0.386863273931354
1,withoutShortLanes,1509,90.0|A:12.0|B:41.0|C:6.0|D:7.0,True,1.482926829268293,severe_x_ge_1.3,29.292604790419173,28.666988544628158,-0.6256162457910186
1,withoutShortLanes,1511,100.0|A:12.0|B:50.0|C:6.0|D:8.0,False,1.4644444444444444,severe_x_ge_1.3,31.00923179290334,32.770993702227884,1.7617619093245445
1,withoutShortLanes,1513,130.0|A:27.0|B:59.0|C:6.0|D:14.0,False,1.3697740112994352,severe_x_ge_1.3,41.07428168385195,46.22391247498376,5.1496307911318056
1,withoutShortLanes,1520,90.0|A:12.0|B:40.0|C:6.0|D:8.0,True,1.37,severe_x_ge_1.3,31.08989041095891,29.78521317805862,-1.3046772329002891
1,withoutShortLanes,1526,100.0|A:24.0|B:38.0|C:6.0|D:8.0,False,1.2953216374269003,moderate_1.0_le_x_lt_1.3,35.452726134927595,37.26504291027959,1.812316775351995
1,withoutShortLanes,1527,80.0|A:15.0|B:27.0|C:6.0|D:8.0,True,1.6740740740740738,severe_x_ge_1.3,33.90079510703364,32.486693471310176,-1.414101635723462
1,withoutShortLanes,1528,90.0|A:14.0|B:39.0|C:6.0|D:7.0,True,1.2820512820512822,moderate_1.0_le_x_lt_1.3,29.985482954545457,30.90222660977329,0.9167436552278332
1,withoutShortLanes,1533,80.0|A:7.0|B:35.0|C:6.0|D:8.0,True,1.4857142857142858,severe_x_ge_1.3,28.73665680473373,27.429492915454603,-1.3071638892791275
1,withoutShortLanes,1534,80.0|A:11.0|B:32.0|C:6.0|D:7.0,True,1.3125,severe_x_ge_1.3,30.519446254071664,28.527221407503884,-1.99222484656778
1,withoutShortLanes,1535,90.0|A:9.0|B:42.0|C:6.0|D:9.0,False,1.638095238095238,severe_x_ge_1.3,33.84796657381615,30.320214636382826,-3.527751937433329
1,withoutShortLanes,1537,100.0|A:19.0|B:44.0|C:6.0|D:7.0,False,1.1452020202020203,moderate_1.0_le_x_lt_1.3,34.26456197148923,35.061541503087675,0.7969795315984456
1,withoutShortLanes,1538,90.0|A:21.0|B:33.0|C:6.0|D:6.0,True,1.296969696969697,moderate_1.0_le_x_lt_1.3,36.7786612021858,34.53233563756482,-2.2463255646209745
1,withoutShortLanes,1540,80.0|A:17.0|B:25.0|C:6.0|D:8.0,True,1.36,severe_x_ge_1.3,34.00608695652173,32.111222679639205,-1.8948642768825223
1,withoutShortLanes,1541,150.0|A:34.0|B:57.0|C:8.0|D:27.0,False,1.9225146198830407,severe_x_ge_1.3,57.15361508498108,60.19045194323365,3.036836858252577
1,withoutShortLanes,1546,70.0|A:6.0|B:28.0|C:6.0|D:6.0,True,1.3708333333333331,severe_x_ge_1.3,26.38422251837711,24.06944700093386,-2.314775517443252
1,withoutShortLanes,1548,90.0|A:15.0|B:38.0|C:6.0|D:7.0,False,1.168421052631579,moderate_1.0_le_x_lt_1.3,31.065,30.150207178631245,-0.9147928213687528
1,withoutShortLanes,1553,150.0|A:15.0|B:80.0|C:6.0|D:25.0,False,1.8854166666666667,severe_x_ge_1.3,44.50132802268855,50.28386402321528,5.782536000526733
1,withoutShortLanes,1556,150.0|A:25.0|B:63.0|C:6.0|D:32.0,True,1.593915343915344,severe_x_ge_1.3,56.27285184871545,56.11190265845414,-0.1609491902613058
1,withoutShortLanes,1558,90.0|A:15.0|B:32.0|C:6.0|D:13.0,True,1.4,severe_x_ge_1.3,36.86914285714286,34.431817720893825,-2.4373251362490365
1,withoutShortLanes,1559,120.0|A:15.0|B:57.0|C:6.0|D:18.0,False,1.3333333333333333,severe_x_ge_1.3,39.3686877076412,41.77750655831227,2.408818850671068
1,withoutShortLanes,1567,130.0|A:19.0|B:49.0|C:10.0|D:28.0,False,1.6729024943310655,severe_x_ge_1.3,54.01033960052508,50.940333303841065,-3.0700062966840136
1,withoutShortLanes,1573,140.0|A:16.0|B:65.0|C:6.0|D:29.0,False,1.6429059829059829,severe_x_ge_1.3,46.11220165741569,48.92549729713343,2.813295639717744
1,withoutShortLanes,1579,150.0|A:17.0|B:61.0|C:6.0|D:42.0,False,1.855191256830601,severe_x_ge_1.3,52.688104140880775,55.402110590486735,2.714006449605961
1,withoutShortLanes,1582,150.0|A:25.0|B:36.0|C:10.0|D:55.0,False,1.777777777777778,severe_x_ge_1.3,63.9691085669938,65.27885945912247,1.309750892128669
1,withoutShortLanes,1585,150.0|A:30.0|B:67.0|C:6.0|D:23.0,False,1.8507462686567164,severe_x_ge_1.3,61.34058908311147,54.82332918886958,-6.517259894241889
1,withoutShortLanes,1587,140.0|A:23.0|B:57.0|C:6.0|D:30.0,False,1.7970760233918128,severe_x_ge_1.3,57.008109807482455,55.200287194192505,-1.8078226132899504
1,withoutShortLanes,1589,150.0|A:6.0|B:76.0|C:7.0|D:37.0,False,1.889254385964912,severe_x_ge_1.3,52.36502059381336,53.74916338601514,1.3841427922017786
1,withoutShortLanes,1591,130.0|A:23.0|B:51.0|C:6.0|D:26.0,False,1.4189542483660131,severe_x_ge_1.3,49.64581323584641,50.1600018808903,0.5141886450438875
1,withoutShortLanes,1596,150.0|A:31.0|B:59.0|C:8.0|D:28.0,False,1.7824858757062148,severe_x_ge_1.3,60.52128735452379,60.04967656629568,-0.4716107882281122
1,withoutShortLanes,1599,130.0|A:8.0|B:62.0|C:7.0|D:29.0,False,1.936021505376344,severe_x_ge_1.3,45.66920893771744,46.96852113449245,1.2993121967750056
1,withoutShortLanes,1602,140.0|A:27.0|B:52.0|C:6.0|D:31.0,False,1.7155982905982905,severe_x_ge_1.3,56.5455901166207,53.45198914862894,-3.0936009679917618
1,withoutShortLanes,1615,90.0|A:15.0|B:34.0|C:6.0|D:11.0,True,1.3411764705882354,severe_x_ge_1.3,33.79008021390375,33.462401604970246,-0.3276786089335033
1,withoutShortLanes,1616,130.0|A:22.0|B:52.0|C:6.0|D:26.0,False,1.5694444444444444,severe_x_ge_1.3,49.29926556923158,49.59600598860612,0.2967404193745366
1,withoutShortLanes,1617,140.0|A:15.0|B:65.0|C:7.0|D:29.0,False,1.8152136752136752,severe_x_ge_1.3,47.11545145270492,49.01697109799212,1.9015196452872016
1,withoutShortLanes,1619,150.0|A:17.0|B:67.0|C:6.0|D:36.0,False,1.8383084577114428,severe_x_ge_1.3,57.25919162172011,55.544394608963046,-1.7147970127570673
1,withoutShortLanes,1620,140.0|A:21.0|B:63.0|C:7.0|D:25.0,False,1.6123456790123456,severe_x_ge_1.3,55.02067589357506,53.12045896868277,-1.900216924892291
1,withoutShortLanes,1626,120.0|A:23.0|B:57.0|C:6.0|D:10.0,False,1.3192982456140352,severe_x_ge_1.3,36.97355963302753,40.51254661602253,3.538986982995006
1,withoutShortLanes,1627,150.0|A:19.0|B:70.0|C:8.0|D:29.0,False,1.651190476190476,severe_x_ge_1.3,53.09071377467632,53.558265663373824,0.4675518886974998
1,withoutShortLanes,1628,150.0|A:24.0|B:64.0|C:9.0|D:29.0,False,1.700520833333333,severe_x_ge_1.3,62.4053221248359,55.86002539103914,-6.545296733796754
1,withoutShortLanes,1630,150.0|A:17.0|B:64.0|C:7.0|D:38.0,False,1.75,severe_x_ge_1.3,60.58655909522208,57.206000565831,-3.380558529391081
1,withoutShortLanes,1635,140.0|A:18.0|B:56.0|C:6.0|D:36.0,False,1.7208333333333332,severe_x_ge_1.3,51.97546513721869,51.80397817714661,-0.1714869600720803
1,withoutShortLanes,1637,120.0|A:18.0|B:52.0|C:6.0|D:20.0,True,1.692307692307692,severe_x_ge_1.3,44.01225908372829,45.04383322064528,1.031574136916987
1,withoutShortLanes,1642,130.0|A:14.0|B:57.0|C:9.0|D:26.0,False,1.6560428849902535,severe_x_ge_1.3,47.04760557257381,47.34176741579291,0.2941618432191006
1,withoutShortLanes,1643,150.0|A:19.0|B:65.0|C:6.0|D:36.0,True,1.7910256410256409,severe_x_ge_1.3,52.179079432652536,55.17931097748686,3.000231544834321
1,withoutShortLanes,1647,90.0|A:15.0|B:36.0|C:6.0|D:9.0,True,1.3444444444444443,severe_x_ge_1.3,32.888303341902315,33.37012052635907,0.4818171844567516
1,withoutShortLanes,1648,130.0|A:13.0|B:55.0|C:8.0|D:30.0,False,1.5048484848484849,severe_x_ge_1.3,46.74120378936246,47.78629074227041,1.0450869529079512
1,withoutShortLanes,1653,140.0|A:27.0|B:56.0|C:8.0|D:25.0,False,1.7930555555555554,severe_x_ge_1.3,56.733358937435526,54.76488107371616,-1.968477863719372
1,withoutShortLanes,1660,110.0|A:24.0|B:45.0|C:6.0|D:11.0,False,1.3783950617283949,severe_x_ge_1.3,38.75428118548245,39.40351234523923,0.6492311597567806
1,withoutShortLanes,1662,150.0|A:33.0|B:54.0|C:6.0|D:33.0,False,1.6296296296296298,severe_x_ge_1.3,63.31877193646769,59.744637955830015,-3.574133980637676
1,withoutShortLanes,1670,140.0|A:20.0|B:55.0|C:9.0|D:32.0,False,1.8539393939393944,severe_x_ge_1.3,53.256299977196704,52.12497840112987,-1.1313215760668314
1,withoutShortLanes,1674,150.0|A:27.0|B:54.0|C:7.0|D:38.0,False,1.777777777777778,severe_x_ge_1.3,64.1215500761621,61.41811163491507,-2.703438441247023
1,withoutShortLanes,1679,80.0|A:12.0|B:31.0|C:6.0|D:7.0,True,1.5483870967741935,severe_x_ge_1.3,28.935345345345343,29.082612733061044,0.1472673877157007
1,withoutShortLanes,1688,70.0|A:10.0|B:24.0|C:6.0|D:6.0,False,1.3837962962962962,severe_x_ge_1.3,28.336191703543605,26.458748079430865,-1.87744362411274
1,withoutShortLanes,1700,150.0|A:6.0|B:53.0|C:16.0|D:51.0,False,1.849056603773585,severe_x_ge_1.3,62.07103794711104,59.09074167605909,-2.980296271051955
1,withoutShortLanes,1701,140.0|A:24.0|B:53.0|C:8.0|D:31.0,False,1.6303983228511532,severe_x_ge_1.3,62.634921809406656,55.07360937912248,-7.561312430284175
1,withoutShortLanes,1702,140.0|A:15.0|B:63.0|C:6.0|D:32.0,False,1.745679012345679,severe_x_ge_1.3,48.308753997545246,50.61089556763538,2.302141570090136
1,withoutShortLanes,1704,150.0|A:26.0|B:57.0|C:11.0|D:32.0,False,1.824561403508772,severe_x_ge_1.3,60.157211177094645,59.81071673527836,-0.3464944418162829
1,withoutShortLanes,1707,80.0|A:12.0|B:31.0|C:6.0|D:7.0,True,1.1870967741935483,moderate_1.0_le_x_lt_1.3,30.807455830388708,28.1746833311242,-2.632772499264508
1,withoutShortLanes,1712,80.0|A:12.0|B:30.0|C:6.0|D:8.0,True,1.5066666666666666,severe_x_ge_1.3,29.79888157894737,28.798275546349792,-1.000606032597574
1,withoutShortLanes,1715,150.0|A:27.0|B:56.0|C:6.0|D:37.0,False,1.7351190476190477,severe_x_ge_1.3,61.79313778676632,58.43941555245641,-3.353722234309913
1,withoutShortLanes,1720,140.0|A:31.0|B:54.0|C:7.0|D:24.0,False,1.689506172839506,severe_x_ge_1.3,55.05526802640319,54.37008344960389,-0.6851845767993012
1,withoutShortLanes,1721,150.0|A:19.0|B:69.0|C:7.0|D:31.0,False,1.7451690821256038,severe_x_ge_1.3,54.36944292574706,53.86793172031852,-0.5015112054285424
1,withoutShortLanes,1724,150.0|A:23.0|B:58.0|C:8.0|D:37.0,False,1.7313218390804597,severe_x_ge_1.3,66.26534769477186,59.02588471605553,-7.2394629787163325
1,withoutShortLanes,1727,140.0|A:15.0|B:42.0|C:6.0|D:53.0,False,2.0277777777777777,severe_x_ge_1.3,60.868465672495226,56.04058072366198,-4.827884948833244
1,withoutShortLanes,1730,110.0|A:21.0|B:48.0|C:6.0|D:11.0,False,1.5086805555555556,severe_x_ge_1.3,35.71118536162241,37.398931699988864,1.687746338366452
1,withoutShortLanes,1732,150.0|A:14.0|B:76.0|C:6.0|D:30.0,False,1.8684210526315788,severe_x_ge_1.3,48.39990101468419,51.52227003063021,3.1223690159460205
1,withoutShortLanes,1733,150.0|A:35.0|B:51.0|C:6.0|D:34.0,False,1.6160130718954246,severe_x_ge_1.3,63.37146813527733,61.87912416165345,-1.492343973623882
1,withoutShortLanes,1734,100.0|A:16.0|B:45.0|C:6.0|D:9.0,False,1.6617283950617283,severe_x_ge_1.3,33.10510383233593,33.49151802769956,0.3864141953636348
1,withoutShortLanes,1739,120.0|A:7.0|B:67.0|C:6.0|D:16.0,False,1.4746268656716417,severe_x_ge_1.3,34.79476874003191,37.885049765410606,3.090281025378694
1,withoutShortLanes,1743,140.0|A:28.0|B:46.0|C:6.0|D:36.0,False,1.2867149758454106,moderate_1.0_le_x_lt_1.3,55.63471030173822,58.82440324060017,3.1896929388619526
1,withoutShortLanes,1746,120.0|A:20.0|B:57.0|C:6.0|D:13.0,False,1.6280701754385964,severe_x_ge_1.3,37.03875232774674,41.48150147521224,4.442749147465491
1,withoutShortLanes,1747,130.0|A:21.0|B:57.0|C:6.0|D:22.0,False,1.5369395711500975,severe_x_ge_1.3,49.47126311858396,49.68126251148444,0.2099993929004782
1,withoutShortLanes,1748,140.0|A:19.0|B:58.0|C:6.0|D:33.0,False,1.5381226053639847,severe_x_ge_1.3,55.91769527659952,52.826884629964624,-3.090810646634893
1,withoutShortLanes,1752,150.0|A:27.0|B:67.0|C:6.0|D:26.0,False,1.5161691542288556,severe_x_ge_1.3,58.07114991688831,55.72204174311232,-2.349108173775996
1,withoutShortLanes,1753,150.0|A:21.0|B:68.0|C:6.0|D:31.0,False,1.7941176470588236,severe_x_ge_1.3,57.996774394432336,55.48342791377048,-2.513346480661859
1,withoutShortLanes,1754,150.0|A:23.0|B:65.0|C:7.0|D:31.0,False,1.8025641025641024,severe_x_ge_1.3,53.159648507043066,55.74519349187839,2.585544984835323
1,withoutShortLanes,1758,130.0|A:15.0|B:61.0|C:6.0|D:24.0,False,1.85528233151184,severe_x_ge_1.3,49.72974385214382,48.13287116046498,-1.5968726916788398
1,withoutShortLanes,1765,110.0|A:20.0|B:49.0|C:6.0|D:11.0,False,1.4941043083900227,severe_x_ge_1.3,36.82922824778754,37.02753113883711,0.1983028910495647
1,withoutShortLanes,1766,140.0|A:22.0|B:56.0|C:6.0|D:32.0,False,1.65,severe_x_ge_1.3,63.92532972203973,54.54920902855834,-9.37612069348139
1,withoutShortLanes,1771,140.0|A:28.0|B:48.0|C:6.0|D:34.0,False,1.5166666666666666,severe_x_ge_1.3,54.6622249041114,54.96517657538152,0.3029516712701223
1,withoutShortLanes,1775,150.0|A:29.0|B:52.0|C:6.0|D:39.0,False,1.830128205128205,severe_x_ge_1.3,66.96019843646778,60.85952021626633,-6.100678220201445
1,withoutShortLanes,1778,80.0|A:14.0|B:29.0|C:6.0|D:7.0,False,1.2137931034482758,moderate_1.0_le_x_lt_1.3,31.057689768976896,30.411272278169072,-0.6464174908078242
1,withoutShortLanes,1784,110.0|A:19.0|B:49.0|C:6.0|D:12.0,False,1.6899092970521543,severe_x_ge_1.3,36.93147197135595,37.50266286398183,0.5711908926258786
1,withoutShortLanes,1785,150.0|A:20.0|B:71.0|C:6.0|D:29.0,False,1.8145539906103287,severe_x_ge_1.3,56.50721206064644,52.62562498310293,-3.8815870775435135
1,withoutShortLanes,1786,150.0|A:36.0|B:58.0|C:6.0|D:26.0,True,1.8419540229885056,severe_x_ge_1.3,57.05246907905143,58.01204864524188,0.9595795661904488
1,withoutShortLanes,1791,140.0|A:19.0|B:63.0|C:6.0|D:28.0,False,1.682716049382716,severe_x_ge_1.3,53.39133327154129,51.792418749512194,-1.598914522029098
1,withoutShortLanes,1794,90.0|A:17.0|B:33.0|C:6.0|D:10.0,True,1.6484848484848489,severe_x_ge_1.3,33.8776811594203,34.942303737495415,1.0646225780751166
1,withoutShortLanes,1796,120.0|A:15.0|B:53.0|C:6.0|D:22.0,False,1.6754716981132076,severe_x_ge_1.3,43.5470653907496,43.282804699668574,-0.2642606910810272
1,withoutShortLanes,1798,120.0|A:25.0|B:40.0|C:7.0|D:24.0,False,1.57,severe_x_ge_1.3,52.69389507154215,49.95115251968118,-2.742742551860971
1,withoutShortLanes,1800,130.0|A:23.0|B:56.0|C:6.0|D:21.0,True,1.5140873015873015,severe_x_ge_1.3,45.06069952391006,46.337616350516605,1.276916826606545
1,withoutShortLanes,1803,130.0|A:13.0|B:57.0|C:8.0|D:28.0,False,1.9233918128654968,severe_x_ge_1.3,51.02950858957413,48.217772170390205,-2.811736419183923
1,withoutShortLanes,1804,150.0|A:28.0|B:60.0|C:9.0|D:29.0,False,1.726388888888889,severe_x_ge_1.3,61.082825322752605,57.85746951581916,-3.2253558069334503
1,withoutShortLanes,1805,150.0|A:30.0|B:64.0|C:6.0|D:26.0,False,1.8307291666666663,severe_x_ge_1.3,61.1566039494028,57.82893339500872,-3.327670554394082
1,withoutShortLanes,1806,150.0|A:14.0|B:73.0|C:7.0|D:32.0,False,1.6495433789954337,severe_x_ge_1.3,55.552265440999335,53.90194733266364,-1.6503181083356964
1,withoutShortLanes,1808,150.0|A:32.0|B:55.0|C:6.0|D:33.0,False,1.6651515151515153,severe_x_ge_1.3,57.9510972703041,58.09261973070673,0.1415224604026264
1,withoutShortLanes,1811,100.0|A:15.0|B:40.0|C:6.0|D:15.0,True,1.4194444444444445,severe_x_ge_1.3,34.94546664912556,35.48448670135651,0.5390200522309527
1,withoutShortLanes,1817,100.0|A:16.0|B:40.0|C:6.0|D:14.0,True,1.2902777777777776,moderate_1.0_le_x_lt_1.3,37.02292205380027,36.76260793262925,-0.260314121171028
1,withoutShortLanes,1830,100.0|A:20.0|B:37.0|C:6.0|D:13.0,True,1.4159159159159158,severe_x_ge_1.3,36.236210819290285,37.51612241573219,1.279911596441906
1,withoutShortLanes,1833,110.0|A:22.0|B:44.0|C:6.0|D:14.0,False,1.7,severe_x_ge_1.3,39.084612028253936,41.10988699003253,2.0252749617785923
1,withoutShortLanes,1834,90.0|A:8.0|B:38.0|C:6.0|D:14.0,True,1.4526315789473685,severe_x_ge_1.3,29.995747126436783,30.678142261484968,0.6823951350481856
1,withoutShortLanes,1837,130.0|A:9.0|B:64.0|C:8.0|D:25.0,False,1.8371527777777776,severe_x_ge_1.3,46.0926093749368,45.1833437783629,-0.9092655965738956
1,withoutShortLanes,1838,140.0|A:21.0|B:46.0|C:7.0|D:42.0,False,1.6519323671497586,severe_x_ge_1.3,55.87489793315071,55.25085884084532,-0.624039092305388
1,withoutShortLanes,1841,90.0|A:14.0|B:34.0|C:6.0|D:12.0,True,1.211764705882353,moderate_1.0_le_x_lt_1.3,32.76515492957747,32.7958170523862,0.030662122808728
1,withoutShortLanes,1843,100.0|A:13.0|B:43.0|C:6.0|D:14.0,True,1.366925064599483,severe_x_ge_1.3,34.23806809797761,34.544235234610554,0.3061671366329435
1,withoutShortLanes,1845,90.0|A:15.0|B:32.0|C:6.0|D:13.0,True,1.5375,severe_x_ge_1.3,34.5538,34.62814245650654,0.0743424565065353
1,withoutShortLanes,1847,130.0|A:27.0|B:52.0|C:6.0|D:21.0,False,1.723611111111111,severe_x_ge_1.3,43.96421668083181,48.20533313884901,4.241116458017196
1,withoutShortLanes,1850,90.0|A:18.0|B:33.0|C:6.0|D:9.0,True,1.3333333333333337,severe_x_ge_1.3,31.391089385474867,33.24533150428698,1.8542421188121128
1,withoutShortLanes,1851,110.0|A:13.0|B:52.0|C:6.0|D:15.0,False,1.700534188034188,severe_x_ge_1.3,35.57122617580605,37.99546230457753,2.424236128771476
1,withoutShortLanes,1853,90.0|A:11.0|B:38.0|C:6.0|D:11.0,True,1.4842105263157896,severe_x_ge_1.3,32.9820253164557,31.6113497196395,-1.3706755968161983
1,withoutShortLanes,1858,100.0|A:12.0|B:41.0|C:6.0|D:17.0,True,1.5799457994579946,severe_x_ge_1.3,34.26738342890309,34.7259115890658,0.4585281601627144
1,withoutShortLanes,1859,80.0|A:7.0|B:32.0|C:6.0|D:11.0,True,1.4125,severe_x_ge_1.3,27.940842105263155,27.289898738437724,-0.6509433668254303
1,withoutShortLanes,1869,110.0|A:15.0|B:44.0|C:6.0|D:21.0,False,1.6458333333333333,severe_x_ge_1.3,41.03286105564543,40.85879391188955,-0.1740671437558774
1,withoutShortLanes,1876,100.0|A:6.0|B:54.0|C:6.0|D:10.0,False,1.3559670781893003,severe_x_ge_1.3,27.246913779426205,28.40823092049295,1.1613171410667462
1,withoutShortLanes,1878,130.0|A:22.0|B:46.0|C:6.0|D:32.0,True,1.8181159420289852,severe_x_ge_1.3,50.06300618079002,50.62111423526972,0.5581080544796961
1,withoutShortLanes,1879,80.0|A:13.0|B:26.0|C:6.0|D:11.0,True,1.4769230769230768,severe_x_ge_1.3,31.266949152542377,30.379145609962126,-0.8878035425802508
1,withoutShortLanes,1883,100.0|A:11.0|B:48.0|C:6.0|D:11.0,True,1.525462962962963,severe_x_ge_1.3,32.497209587961564,32.756087780639646,0.2588781926780825
1,withoutShortLanes,1885,90.0|A:18.0|B:33.0|C:6.0|D:9.0,True,1.490909090909091,severe_x_ge_1.3,30.52947674418605,34.39895051643206,3.8694737722460095
1,withoutShortLanes,1896,110.0|A:12.0|B:44.0|C:8.0|D:22.0,False,1.8277777777777775,severe_x_ge_1.3,41.32050450373648,41.50342206164169,0.1829175579052133
1,withoutShortLanes,1898,110.0|A:19.0|B:44.0|C:6.0|D:17.0,True,1.8638888888888887,severe_x_ge_1.3,40.14857564989587,40.23781899652577,0.0892433466298996
1,withoutShortLanes,1901,100.0|A:10.0|B:28.0|C:8.0|D:30.0,False,1.8710317460317456,severe_x_ge_1.3,43.26025373535061,42.072018312845145,-1.188235422505464
1,withoutShortLanes,1902,80.0|A:13.0|B:28.0|C:6.0|D:9.0,True,1.1714285714285717,moderate_1.0_le_x_lt_1.3,32.076324503311255,31.016942479610048,-1.0593820237012077
1,withoutShortLanes,1906,70.0|A:6.0|B:25.0|C:6.0|D:9.0,True,1.3113333333333332,severe_x_ge_1.3,28.00566498662919,26.081427667198785,-1.924237319430404
1,withoutShortLanes,1908,110.0|A:22.0|B:38.0|C:6.0|D:20.0,False,1.674122807017544,severe_x_ge_1.3,40.46623176896031,42.34791493659306,1.881683167632751
1,withoutShortLanes,1910,100.0|A:21.0|B:33.0|C:6.0|D:16.0,True,1.4175084175084174,severe_x_ge_1.3,37.57811947725399,38.426025208995966,0.8479057317419745
1,withoutShortLanes,1913,120.0|A:10.0|B:50.0|C:6.0|D:30.0,False,1.688,severe_x_ge_1.3,43.67813586097944,44.09270178129823,0.4145659203187932
1,withoutShortLanes,1915,80.0|A:10.0|B:26.0|C:6.0|D:14.0,True,1.7538461538461536,severe_x_ge_1.3,30.46427152317881,31.50471141004448,1.04043988686567
1,withoutShortLanes,1916,100.0|A:20.0|B:39.0|C:6.0|D:11.0,True,1.6723646723646723,severe_x_ge_1.3,35.49172849932749,36.038813645824185,0.5470851464966913
1,withoutShortLanes,1920,80.0|A:12.0|B:27.0|C:6.0|D:11.0,False,1.6296296296296298,severe_x_ge_1.3,29.818761609907124,30.60001467377837,0.7812530638712509
1,withoutShortLanes,1925,80.0|A:13.0|B:27.0|C:6.0|D:10.0,True,1.2444444444444442,moderate_1.0_le_x_lt_1.3,32.52722972972973,31.471355679263333,-1.0558740504664
1,withoutShortLanes,1926,70.0|A:9.0|B:23.0|C:6.0|D:8.0,True,1.4084541062801932,severe_x_ge_1.3,30.906494170275938,27.50265213864947,-3.403842031626468
1,withoutShortLanes,1932,100.0|A:11.0|B:43.0|C:6.0|D:16.0,False,1.6098191214470283,severe_x_ge_1.3,33.721133018026585,34.30493931229803,0.5838062942714473
1,withoutShortLanes,1938,120.0|A:25.0|B:51.0|C:6.0|D:14.0,False,1.6941176470588235,severe_x_ge_1.3,41.97597806215724,42.62486498108228,0.6488869189250437
1,withoutShortLanes,1939,90.0|A:11.0|B:40.0|C:6.0|D:9.0,True,1.16,moderate_1.0_le_x_lt_1.3,30.26687500000001,30.12790195153961,-0.1389730484604001
1,withoutShortLanes,1942,80.0|A:12.0|B:27.0|C:6.0|D:11.0,False,1.2888888888888888,moderate_1.0_le_x_lt_1.3,30.02118032786885,31.25907095553617,1.2378906276673227
1,withoutShortLanes,1944,80.0|A:8.0|B:32.0|C:6.0|D:10.0,True,1.7125,severe_x_ge_1.3,29.49487951807229,29.00345525479669,-0.4914242632755972
1,withoutShortLanes,1946,100.0|A:15.0|B:36.0|C:6.0|D:19.0,False,1.433641975308642,severe_x_ge_1.3,36.64529362174059,37.00131830710975,0.3560246853691566
1,withoutShortLanes,1949,110.0|A:25.0|B:38.0|C:6.0|D:17.0,False,1.547076023391813,severe_x_ge_1.3,42.30763885250162,42.725800257689365,0.418161405187746
1,withoutShortLanes,1951,100.0|A:18.0|B:38.0|C:6.0|D:14.0,True,1.5891812865497077,severe_x_ge_1.3,38.728384535325866,36.88767046670976,-1.8407140686161083
1,withoutShortLanes,1952,100.0|A:7.0|B:48.0|C:6.0|D:15.0,False,1.2835648148148149,moderate_1.0_le_x_lt_1.3,31.659136435903083,34.01726533451612,2.3581288986130358
1,withoutShortLanes,1957,90.0|A:10.0|B:36.0|C:6.0|D:14.0,True,1.4,severe_x_ge_1.3,33.66445652173913,32.37982186370691,-1.2846346580322248
1,withoutShortLanes,1962,90.0|A:12.0|B:35.0|C:6.0|D:13.0,True,1.4400000000000002,severe_x_ge_1.3,33.273753280839905,32.696761818025905,-0.576991462814
1,withoutShortLanes,1966,100.0|A:10.0|B:49.0|C:6.0|D:11.0,False,1.4773242630385488,severe_x_ge_1.3,29.6779583373705,31.507814287704367,1.8298559503338647
1,withoutShortLanes,1974,140.0|A:9.0|B:63.0|C:7.0|D:37.0,False,1.8407407407407408,severe_x_ge_1.3,49.326478452712266,50.23309033182402,0.9066118791117574
1,withoutShortLanes,1975,80.0|A:11.0|B:26.0|C:6.0|D:13.0,True,1.2153846153846155,moderate_1.0_le_x_lt_1.3,31.530666666666672,30.8609353365232,-0.669731330143474
1,withoutShortLanes,1977,90.0|A:6.0|B:41.0|C:6.0|D:13.0,True,1.404878048780488,severe_x_ge_1.3,28.08675900277009,29.352551516681046,1.2657925139109558
1,withoutShortLanes,1982,90.0|A:12.0|B:35.0|C:6.0|D:13.0,True,1.3942857142857144,severe_x_ge_1.3,32.72985714285714,31.89883667526236,-0.8310204675947865
1,withoutShortLanes,1983,90.0|A:18.0|B:32.0|C:6.0|D:10.0,True,1.45,severe_x_ge_1.3,34.10758017492711,32.329733082677926,-1.777847092249182
1,withoutShortLanes,1985,100.0|A:23.0|B:38.0|C:6.0|D:9.0,False,1.3786549707602338,severe_x_ge_1.3,35.922690001762,35.73211928968081,-0.1905707120811897
1,withoutShortLanes,1988,90.0|A:17.0|B:32.0|C:6.0|D:11.0,True,1.6874999999999998,severe_x_ge_1.3,35.07864498644986,33.55892087169062,-1.5197241147592422
1,withoutShortLanes,1991,120.0|A:14.0|B:48.0|C:6.0|D:28.0,False,1.4166666666666663,severe_x_ge_1.3,44.01440972222223,44.25497903105533,0.240569308833102
1,withoutShortLanes,1996,100.0|A:10.0|B:43.0|C:6.0|D:17.0,True,1.366925064599483,severe_x_ge_1.3,34.68530801121916,35.6542723657799,0.9689643545607468
1,withoutShortLanes,1999,90.0|A:6.0|B:43.0|C:6.0|D:11.0,True,1.227906976744186,moderate_1.0_le_x_lt_1.3,26.08629310344828,27.44631279706513,1.3600196936168525
1,withoutShortLanes,2000,80.0|A:9.0|B:29.0|C:6.0|D:12.0,True,1.586206896551724,severe_x_ge_1.3,31.55379661016949,28.683150157842736,-2.8706464523267528
1,withoutShortLanes,2003,90.0|A:15.0|B:32.0|C:6.0|D:13.0,True,1.6625,severe_x_ge_1.3,35.17507042253521,32.84858531032251,-2.326485112212694
1,withoutShortLanes,2007,80.0|A:13.0|B:27.0|C:6.0|D:10.0,True,1.422222222222222,severe_x_ge_1.3,31.91906752411576,30.8697562925832,-1.049311231532556
1,withoutShortLanes,2010,90.0|A:6.0|B:40.0|C:6.0|D:14.0,True,1.5300000000000002,severe_x_ge_1.3,29.551479452054785,29.62355053742874,0.0720710853739561
1,withoutShortLanes,2011,90.0|A:10.0|B:33.0|C:6.0|D:17.0,True,1.4303030303030306,severe_x_ge_1.3,32.80741279069766,32.130754391826024,-0.6766583988716377
1,withoutShortLanes,2018,130.0|A:18.0|B:59.0|C:6.0|D:23.0,True,1.4774952919020716,severe_x_ge_1.3,43.95939520014286,45.9536080867577,1.9942128866148396
1,withoutShortLanes,2027,90.0|A:16.0|B:32.0|C:6.0|D:12.0,True,1.3375,severe_x_ge_1.3,32.979742857142845,33.041973415149755,0.0622305580069095
1,withoutShortLanes,2028,90.0|A:8.0|B:39.0|C:6.0|D:13.0,True,1.4256410256410257,severe_x_ge_1.3,30.98022408963585,29.96138584526708,-1.0188382443687694
1,withoutShortLanes,2030,130.0|A:24.0|B:51.0|C:6.0|D:25.0,False,1.4826797385620916,severe_x_ge_1.3,47.380595938769545,48.95851303054356,1.5779170917740115
1,withoutShortLanes,2031,90.0|A:18.0|B:28.0|C:6.0|D:14.0,True,1.7,severe_x_ge_1.3,35.783107344632775,35.490723710707734,-0.2923836339250414
1,withoutShortLanes,2032,80.0|A:14.0|B:24.0|C:6.0|D:12.0,True,1.5833333333333333,severe_x_ge_1.3,31.07883161512028,31.92610930931388,0.8472776941936004
1,withoutShortLanes,2033,70.0|A:8.0|B:22.0|C:6.0|D:10.0,True,1.437121212121212,severe_x_ge_1.3,30.794222169317727,28.115417695501414,-2.6788044738163137
1,withoutShortLanes,2035,90.0|A:14.0|B:36.0|C:6.0|D:10.0,False,1.5666666666666669,severe_x_ge_1.3,31.667095115681235,32.07241061871052,0.4053155030292856
1,withoutShortLanes,2036,130.0|A:23.0|B:44.0|C:6.0|D:33.0,False,1.836742424242424,severe_x_ge_1.3,49.58556864404285,50.85114910626448,1.265580462221628
1,withoutShortLanes,2041,90.0|A:10.0|B:37.0|C:6.0|D:13.0,False,1.2108108108108109,moderate_1.0_le_x_lt_1.3,32.51774104683196,32.37587434956585,-0.14186669726611
1,withoutShortLanes,2043,90.0|A:19.0|B:30.0|C:6.0|D:11.0,False,1.76,severe_x_ge_1.3,35.4950135501355,35.297366276357465,-0.1976472737780383
1,withoutShortLanes,2050,100.0|A:15.0|B:41.0|C:6.0|D:14.0,True,1.2981029810298104,moderate_1.0_le_x_lt_1.3,35.65020362349301,37.56372252770044,1.9135189042074288
1,withoutShortLanes,2051,90.0|A:16.0|B:31.0|C:6.0|D:13.0,True,1.6,severe_x_ge_1.3,35.0919689119171,34.671740770528864,-0.420228141388236
1,withoutShortLanes,2052,80.0|A:7.0|B:35.0|C:6.0|D:8.0,True,1.2571428571428571,moderate_1.0_le_x_lt_1.3,27.786246153846164,27.57186263098491,-0.2143835228612545
1,withoutShortLanes,2059,110.0|A:11.0|B:46.0|C:6.0|D:23.0,True,1.7310386473429953,severe_x_ge_1.3,40.07310738622125,40.25102247271455,0.177915086493293
1,withoutShortLanes,2061,90.0|A:6.0|B:41.0|C:6.0|D:13.0,True,1.4634146341463414,severe_x_ge_1.3,28.461447028423773,30.17453096382934,1.7130839354055674
1,withoutShortLanes,2067,90.0|A:16.0|B:35.0|C:6.0|D:9.0,True,1.3714285714285714,severe_x_ge_1.3,32.499817708333325,33.91480741808275,1.4149897097494275
1,withoutShortLanes,2070,90.0|A:15.0|B:30.0|C:6.0|D:15.0,True,1.6800000000000002,severe_x_ge_1.3,33.62470588235295,33.07272612336719,-0.5519797589857589
1,withoutShortLanes,2076,100.0|A:11.0|B:42.0|C:6.0|D:17.0,False,1.3624338624338623,severe_x_ge_1.3,34.16202845851902,33.56791434091428,-0.5941141176047395
1,withoutShortLanes,2077,110.0|A:20.0|B:40.0|C:6.0|D:20.0,True,1.5094444444444444,severe_x_ge_1.3,43.20010220658614,43.63587724447313,0.4357750378869909
1,withoutShortLanes,2080,100.0|A:15.0|B:41.0|C:6.0|D:14.0,True,1.619241192411924,severe_x_ge_1.3,34.68276295357698,35.72509145515646,1.042328501579476
1,withoutShortLanes,2091,100.0|A:6.0|B:47.0|C:6.0|D:17.0,True,1.5319148936170213,severe_x_ge_1.3,31.730390570424422,32.82553312503189,1.0951425546074631
1,withoutShortLanes,2093,80.0|A:6.0|B:31.0|C:6.0|D:13.0,True,1.6,severe_x_ge_1.3,28.84564356435644,27.79744013215602,-1.0482034322004203
1,withoutShortLanes,2097,80.0|A:13.0|B:28.0|C:6.0|D:9.0,True,1.5000000000000002,severe_x_ge_1.3,31.96599999999999,30.732808257705454,-1.2331917422945369
1,withoutShortLanes,2098,100.0|A:10.0|B:42.0|C:6.0|D:18.0,True,1.6666666666666663,severe_x_ge_1.3,35.659082350765445,34.85872648554853,-0.8003558652169147
1,withoutShortLanes,2102,80.0|A:13.0|B:26.0|C:6.0|D:11.0,True,1.5692307692307692,severe_x_ge_1.3,33.41771523178808,31.03341952971826,-2.3842957020698208
1,withoutShortLanes,2103,90.0|A:16.0|B:34.0|C:6.0|D:10.0,True,1.258823529411765,moderate_1.0_le_x_lt_1.3,31.60620253164558,31.514682319650102,-0.0915202119954763
1,withoutShortLanes,2104,150.0|A:6.0|B:75.0|C:7.0|D:38.0,False,1.4822222222222223,severe_x_ge_1.3,47.50800360251964,51.32894483050526,3.820941227985614
1,withoutShortLanes,2108,80.0|A:6.0|B:35.0|C:6.0|D:9.0,True,1.2342857142857144,moderate_1.0_le_x_lt_1.3,28.39777027027027,25.930522260870685,-2.4672480093995866
1,withoutShortLanes,2109,90.0|A:13.0|B:34.0|C:6.0|D:13.0,False,1.435294117647059,severe_x_ge_1.3,31.781873278236915,32.27927325313356,0.4973999748966449
1,withoutShortLanes,2110,100.0|A:8.0|B:46.0|C:6.0|D:16.0,True,1.469806763285024,severe_x_ge_1.3,33.529351398508865,33.31422869409202,-0.2151227044168422
1,withoutShortLanes,2112,130.0|A:6.0|B:65.0|C:6.0|D:29.0,False,1.606666666666667,severe_x_ge_1.3,39.69237137075028,42.90639470337086,3.2140233326205774
1,withoutShortLanes,2114,120.0|A:22.0|B:38.0|C:6.0|D:30.0,False,1.6105263157894738,severe_x_ge_1.3,49.42390243902437,48.089243057813086,-1.3346593812112886
1,withoutShortLanes,2116,140.0|A:17.0|B:58.0|C:6.0|D:35.0,False,1.564942528735632,severe_x_ge_1.3,49.60137314278706,50.646826184568646,1.0454530417815846
1,withoutShortLanes,2117,100.0|A:6.0|B:46.0|C:6.0|D:18.0,True,1.39975845410628,severe_x_ge_1.3,31.590171779141105,32.23445627592718,0.6442844967860744
1,withoutShortLanes,2121,110.0|A:19.0|B:44.0|C:6.0|D:17.0,True,1.4541666666666666,severe_x_ge_1.3,40.4393676895062,39.86489942491146,-0.5744682645947421
1,withoutShortLanes,2122,80.0|A:13.0|B:26.0|C:6.0|D:11.0,True,1.523076923076923,severe_x_ge_1.3,30.60736334405144,30.702607542618654,0.0952441985672187
1,withoutShortLanes,2123,100.0|A:15.0|B:45.0|C:6.0|D:10.0,False,1.5641975308641975,severe_x_ge_1.3,32.64173336000035,33.07374346611362,0.4320101061132675
1,withoutShortLanes,2124,70.0|A:9.0|B:23.0|C:6.0|D:8.0,True,1.4253623188405795,severe_x_ge_1.3,30.159015002161706,27.714873964469696,-2.444141037692006
1,withoutShortLanes,2126,90.0|A:17.0|B:28.0|C:6.0|D:15.0,False,1.3714285714285714,severe_x_ge_1.3,34.241735294117646,35.253386420499815,1.0116511263821693
1,withoutShortLanes,2130,100.0|A:10.0|B:45.0|C:6.0|D:15.0,True,1.3950617283950617,severe_x_ge_1.3,32.64999771299164,33.4945865149204,0.844588801928758
1,withoutShortLanes,2137,100.0|A:12.0|B:42.0|C:6.0|D:16.0,True,1.6190476190476193,severe_x_ge_1.3,34.220389770955485,35.26465441800998,1.0442646470544972
1,withoutShortLanes,2142,80.0|A:6.0|B:33.0|C:6.0|D:11.0,True,1.4545454545454546,severe_x_ge_1.3,28.191317567567573,26.955921082527325,-1.2353964850402477
1,withoutShortLanes,2144,110.0|A:24.0|B:38.0|C:6.0|D:18.0,False,1.4216374269005847,severe_x_ge_1.3,41.505020999303696,42.60882371017028,1.1038027108665815
1,withoutShortLanes,2151,120.0|A:23.0|B:53.0|C:6.0|D:14.0,False,1.3509433962264152,severe_x_ge_1.3,43.129756521739125,43.49273888195682,0.3629823602176927
1,withoutShortLanes,2152,80.0|A:12.0|B:27.0|C:6.0|D:11.0,False,1.2296296296296294,moderate_1.0_le_x_lt_1.3,31.520135135135128,31.400776631858008,-0.1193585032771196
1,withoutShortLanes,2157,110.0|A:24.0|B:37.0|C:6.0|D:19.0,False,1.393993993993994,severe_x_ge_1.3,44.59344931624736,44.05645602987397,-0.536993286373388
1,withoutShortLanes,2159,90.0|A:9.0|B:41.0|C:6.0|D:10.0,True,1.170731707317073,moderate_1.0_le_x_lt_1.3,28.95343324250681,30.095642837889656,1.1422095953828446
1,withoutShortLanes,2160,110.0|A:15.0|B:49.0|C:6.0|D:16.0,False,1.3793650793650791,severe_x_ge_1.3,38.15935241973307,36.639679317085736,-1.5196731026473316
1,withoutShortLanes,2161,90.0|A:7.0|B:41.0|C:6.0|D:12.0,True,1.375609756097561,severe_x_ge_1.3,30.31129675810473,31.416904310862847,1.1056075527581122
1,withoutShortLanes,2164,130.0|A:6.0|B:66.0|C:6.0|D:28.0,False,1.533080808080808,severe_x_ge_1.3,42.49952892111105,43.44513867295282,0.945609751841772
1,withoutShortLanes,2168,90.0|A:14.0|B:33.0|C:6.0|D:13.0,True,1.7939393939393942,severe_x_ge_1.3,35.057036082474234,33.83709323362842,-1.219942848845811
1,withoutShortLanes,2172,90.0|A:7.0|B:40.0|C:6.0|D:13.0,True,1.33,severe_x_ge_1.3,31.551409574468085,29.79797939797388,-1.7534301764942093
1,withoutShortLanes,2173,110.0|A:26.0|B:37.0|C:6.0|D:17.0,True,1.557507507507507,severe_x_ge_1.3,41.14908460637959,41.8956412315117,0.746556625132115
1,withoutShortLanes,2175,90.0|A:15.0|B:31.0|C:6.0|D:14.0,True,1.1741935483870969,moderate_1.0_le_x_lt_1.3,34.17862573099415,34.81886829308177,0.6402425620876215
1,withoutShortLanes,2177,150.0|A:24.0|B:60.0|C:6.0|D:36.0,False,1.7805555555555554,severe_x_ge_1.3,55.03723328470497,57.975013914231816,2.9377806295268485
1,withoutShortLanes,2178,100.0|A:15.0|B:41.0|C:6.0|D:14.0,True,1.3563685636856369,severe_x_ge_1.3,35.43717400082972,34.532001193848416,-0.9051728069813052
1,withoutShortLanes,2182,80.0|A:8.0|B:31.0|C:6.0|D:11.0,False,1.4064516129032258,severe_x_ge_1.3,29.366687306501557,29.55947866863572,0.1927913621341659
1,withoutShortLanes,2195,90.0|A:18.0|B:30.0|C:6.0|D:12.0,True,1.4,severe_x_ge_1.3,34.30727793696275,34.13032099036942,-0.1769569465933287
1,withoutShortLanes,2198,100.0|A:16.0|B:37.0|C:6.0|D:17.0,True,1.46996996996997,severe_x_ge_1.3,36.468191064921015,36.876690204146136,0.4084991392251211
1,withoutShortLanes,2199,90.0|A:16.0|B:35.0|C:6.0|D:9.0,True,1.497142857142857,severe_x_ge_1.3,33.62893617021277,32.39445731622461,-1.2344788539881577
1,withoutShortLanes,2201,90.0|A:6.0|B:42.0|C:6.0|D:12.0,True,1.3333333333333333,severe_x_ge_1.3,29.127084468664847,29.426299357773928,0.2992148891090807
1,withoutShortLanes,2204,70.0|A:6.0|B:24.0|C:6.0|D:10.0,True,1.5166666666666666,severe_x_ge_1.3,27.531897580875107,26.201944838704645,-1.3299527421704624
1,withoutShortLanes,2205,110.0|A:14.0|B:48.0|C:6.0|D:18.0,True,1.5417824074074076,severe_x_ge_1.3,35.31723721328398,36.10706434698509,0.7898271337011025
1,withoutShortLanes,2209,100.0|A:6.0|B:48.0|C:6.0|D:16.0,True,1.275462962962963,moderate_1.0_le_x_lt_1.3,31.89766490559689,31.356089314320485,-0.5415755912764055
1,withoutShortLanes,2214,130.0|A:9.0|B:56.0|C:6.0|D:35.0,False,1.6211309523809525,severe_x_ge_1.3,45.12250183236191,45.03743686443826,-0.0850649679236426
1,withoutShortLanes,2217,100.0|A:12.0|B:44.0|C:6.0|D:14.0,False,1.5176767676767675,severe_x_ge_1.3,35.07490352305004,33.18909418750979,-1.885809335540252
1,withoutShortLanes,2218,90.0|A:6.0|B:39.0|C:6.0|D:15.0,True,1.4666666666666666,severe_x_ge_1.3,27.348333333333343,29.148027707157272,1.7996943738239288
1,withoutShortLanes,2221,140.0|A:10.0|B:67.0|C:6.0|D:33.0,False,1.874792703150912,severe_x_ge_1.3,42.514812383712005,47.53423166954324,5.019419285831233
1,withoutShortLanes,2224,150.0|A:26.0|B:62.0|C:6.0|D:32.0,False,1.9032258064516128,severe_x_ge_1.3,53.737094588100014,57.25227439213213,3.5151798040321154
1,withoutShortLanes,2225,150.0|A:6.0|B:89.0|C:6.0|D:25.0,False,1.627340823970037,severe_x_ge_1.3,38.35493306337809,44.649545875933896,6.294612812555805
1,withoutShortLanes,2233,70.0|A:9.0|B:23.0|C:6.0|D:8.0,True,1.4084541062801932,severe_x_ge_1.3,27.6945728358783,25.80177355530365,-1.8927992805746496
1,withoutShortLanes,2234,70.0|A:6.0|B:24.0|C:6.0|D:10.0,True,1.6171296296296296,severe_x_ge_1.3,27.031148381446734,26.760469604496897,-0.2706787769498362
1,withoutShortLanes,2236,80.0|A:6.0|B:35.0|C:6.0|D:9.0,True,1.4057142857142857,severe_x_ge_1.3,25.53963414634146,27.180570705387424,1.640936559045965
1,withoutShortLanes,2238,100.0|A:13.0|B:40.0|C:6.0|D:17.0,True,1.609722222222222,severe_x_ge_1.3,36.07864861390712,36.4692723697609,0.390623755853781
1,withoutShortLanes,2242,120.0|A:21.0|B:50.0|C:6.0|D:19.0,False,1.624,severe_x_ge_1.3,44.17740279937793,45.26171914815667,1.0843163487787422
1,withoutShortLanes,2245,90.0|A:14.0|B:36.0|C:6.0|D:10.0,False,1.4999999999999998,severe_x_ge_1.3,31.59881313131313,32.4024918875928,0.8036787562796732
1,withoutShortLanes,2248,90.0|A:17.0|B:29.0|C:6.0|D:14.0,True,1.296551724137931,moderate_1.0_le_x_lt_1.3,33.68521739130434,36.24783693499696,2.56261954369262
1,withoutShortLanes,2250,110.0|A:20.0|B:44.0|C:6.0|D:16.0,False,1.7541666666666669,severe_x_ge_1.3,41.6543202914272,41.00794836498675,-0.6463719264404517
1,withoutShortLanes,2256,90.0|A:7.0|B:41.0|C:6.0|D:12.0,True,1.3170731707317074,severe_x_ge_1.3,30.39168341708543,31.177271139797234,0.7855877227118029
1,withoutShortLanes,2258,100.0|A:17.0|B:42.0|C:6.0|D:11.0,True,1.4947089947089949,severe_x_ge_1.3,35.18766417440897,34.961450242649214,-0.2262139317597586
1,withoutShortLanes,2260,90.0|A:6.0|B:39.0|C:6.0|D:15.0,True,1.2717948717948715,moderate_1.0_le_x_lt_1.3,28.715994236311232,29.09600723268102,0.3800129963697891
1,withoutShortLanes,2261,90.0|A:15.0|B:31.0|C:6.0|D:14.0,True,1.4967741935483871,severe_x_ge_1.3,35.13945504087193,35.0437990181366,-0.0956560227353335
1,withoutShortLanes,2263,100.0|A:17.0|B:39.0|C:6.0|D:14.0,False,1.2207977207977208,moderate_1.0_le_x_lt_1.3,35.55658257638316,36.39375736323207,0.8371747868489123
1,withoutShortLanes,2273,90.0|A:14.0|B:34.0|C:6.0|D:12.0,True,1.4588235294117646,severe_x_ge_1.3,33.13383597883598,33.72700327711523,0.5931672982792477
1,withoutShortLanes,2276,110.0|A:22.0|B:47.0|C:6.0|D:11.0,False,1.4887706855791962,severe_x_ge_1.3,38.3779652650388,38.1841412909645,-0.1938239740742915
1,withoutShortLanes,2278,80.0|A:8.0|B:30.0|C:6.0|D:12.0,False,1.4,severe_x_ge_1.3,31.860511182108624,28.7237148009954,-3.136796381113225
1,withoutShortLanes,2281,100.0|A:15.0|B:45.0|C:6.0|D:10.0,False,1.3246913580246915,severe_x_ge_1.3,32.61641234395948,34.46996029507205,1.8535479511125672
1,withoutShortLanes,2282,90.0|A:15.0|B:33.0|C:6.0|D:12.0,True,1.36969696969697,severe_x_ge_1.3,34.50218232044199,33.16849024204396,-1.3336920783980304
1,withoutShortLanes,2283,130.0|A:23.0|B:44.0|C:6.0|D:33.0,False,1.6906565656565655,severe_x_ge_1.3,49.60046956522677,51.282770801139705,1.682301235912938
1,withoutShortLanes,2284,140.0|A:12.0|B:67.0|C:6.0|D:31.0,False,1.8562189054726368,severe_x_ge_1.3,47.38391225694057,49.57180522901389,2.187892972073321
1,withoutShortLanes,2285,80.0|A:6.0|B:32.0|C:6.0|D:12.0,True,1.4625,severe_x_ge_1.3,28.345196374622358,28.1197200436102,-0.2254763310121568
1,withoutShortLanes,2287,100.0|A:12.0|B:45.0|C:6.0|D:13.0,False,1.511111111111111,severe_x_ge_1.3,33.94523096682264,33.50903928140132,-0.4361916854213206
1,withoutShortLanes,2291,110.0|A:22.0|B:43.0|C:6.0|D:15.0,False,1.51640826873385,severe_x_ge_1.3,37.90716948029086,39.65605877296848,1.7488892926776174
1,withoutShortLanes,2296,110.0|A:11.0|B:49.0|C:6.0|D:20.0,True,1.5589569160997732,severe_x_ge_1.3,37.58738679350707,38.05184482765871,0.4644580341516402
1,withoutShortLanes,2298,80.0|A:6.0|B:35.0|C:6.0|D:9.0,True,1.4285714285714286,severe_x_ge_1.3,28.0928,26.349469422566283,-1.743330577433717
1,withoutShortLanes,2300,80.0|A:6.0|B:34.0|C:6.0|D:10.0,True,1.388235294117647,severe_x_ge_1.3,27.246889632107013,25.8907486557325,-1.3561409763745118
1,withoutShortLanes,2302,100.0|A:14.0|B:45.0|C:6.0|D:11.0,False,1.3950617283950617,severe_x_ge_1.3,35.327907801333055,34.78221773379807,-0.5456900675349843
1,withoutShortLanes,2305,90.0|A:10.0|B:24.0|C:8.0|D:24.0,False,1.3166666666666669,severe_x_ge_1.3,38.135865921787705,40.03280851065559,1.896942588867887
1,withoutShortLanes,2312,100.0|A:21.0|B:31.0|C:6.0|D:18.0,True,1.6648745519713262,severe_x_ge_1.3,38.10367444940589,39.29595717839506,1.19228272898917
1,withoutShortLanes,2317,110.0|A:16.0|B:47.0|C:6.0|D:17.0,True,1.430260047281324,severe_x_ge_1.3,39.56079240927262,37.818166506722775,-1.7426259025498467
1,withoutShortLanes,2318,100.0|A:21.0|B:40.0|C:6.0|D:9.0,True,1.5097222222222222,severe_x_ge_1.3,34.66968708257878,36.08998949361693,1.4203024110381506
1,withoutShortLanes,2322,80.0|A:14.0|B:24.0|C:6.0|D:12.0,True,1.4666666666666668,severe_x_ge_1.3,32.31215017064847,32.00774971165944,-0.3044004589890292
1,withoutShortLanes,2324,110.0|A:20.0|B:41.0|C:6.0|D:19.0,False,1.6097560975609757,severe_x_ge_1.3,39.98889640207586,41.264571183856674,1.2756747817808147
1,withoutShortLanes,2325,90.0|A:13.0|B:34.0|C:6.0|D:13.0,False,1.6941176470588235,severe_x_ge_1.3,32.18350267379678,32.96480695498698,0.7813042811902022
1,withoutShortLanes,2326,120.0|A:20.0|B:43.0|C:7.0|D:26.0,False,1.832558139534884,severe_x_ge_1.3,46.038208,47.34111963322861,1.3029116332286108
1,withoutShortLanes,2328,130.0|A:7.0|B:52.0|C:8.0|D:39.0,False,1.5458333333333332,severe_x_ge_1.3,46.535141116978416,48.19224072315895,1.6570996061805303
1,withoutShortLanes,2331,80.0|A:9.0|B:32.0|C:6.0|D:9.0,True,1.2875,moderate_1.0_le_x_lt_1.3,31.566611295681067,27.964403676861277,-3.6022076188197936
1,withoutShortLanes,2333,150.0|A:15.0|B:69.0|C:6.0|D:36.0,False,1.8091787439613525,severe_x_ge_1.3,49.90928291794768,53.20338697538646,3.29410405743878
1,withoutShortLanes,2338,100.0|A:17.0|B:42.0|C:6.0|D:11.0,True,1.3994708994708993,severe_x_ge_1.3,35.30305867867145,35.6767908819999,0.3737322033284513
1,withoutShortLanes,2342,100.0|A:14.0|B:43.0|C:6.0|D:13.0,True,1.4974160206718343,severe_x_ge_1.3,32.591848393062406,33.7679887292681,1.176140336205691
1,withoutShortLanes,2344,90.0|A:12.0|B:36.0|C:6.0|D:12.0,True,1.477777777777778,severe_x_ge_1.3,32.64467362924282,32.72269641816783,0.0780227889250113
1,withoutShortLanes,2345,70.0|A:9.0|B:21.0|C:6.0|D:10.0,False,1.4277777777777778,severe_x_ge_1.3,27.915588940674297,28.09705174366673,0.1814628029924314
1,withoutShortLanes,2348,90.0|A:13.0|B:34.0|C:6.0|D:13.0,False,1.5647058823529414,severe_x_ge_1.3,36.2292819148936,32.78427170706793,-3.445010207825668
1,withoutShortLanes,2349,90.0|A:17.0|B:29.0|C:6.0|D:14.0,True,1.6827586206896552,severe_x_ge_1.3,36.17145077720207,35.91363379348143,-0.2578169837206374
1,withoutShortLanes,2350,140.0|A:23.0|B:61.0|C:6.0|D:26.0,False,1.527504553734062,severe_x_ge_1.3,49.99806317636,52.13759640927539,2.13953323291539
1,withoutShortLanes,2352,90.0|A:17.0|B:31.0|C:6.0|D:12.0,True,1.716129032258065,severe_x_ge_1.3,32.63834285714286,33.938679065827266,1.3003362086844064
1,withoutShortLanes,2353,120.0|A:24.0|B:39.0|C:6.0|D:27.0,False,1.8256410256410256,severe_x_ge_1.3,48.61551126516464,48.92254078591954,0.3070295207549023
1,withoutShortLanes,2362,100.0|A:9.0|B:43.0|C:6.0|D:18.0,False,1.41343669250646,severe_x_ge_1.3,33.69311971218312,33.73349478402611,0.0403750718429876
1,withoutShortLanes,2365,90.0|A:7.0|B:38.0|C:6.0|D:15.0,True,1.3789473684210525,severe_x_ge_1.3,31.53187667560321,30.32169941033581,-1.2101772652673972
1,withoutShortLanes,2371,100.0|A:15.0|B:39.0|C:6.0|D:16.0,True,1.7849002849002849,severe_x_ge_1.3,35.956625244114015,36.62655967249732,0.6699344283833
1,withoutShortLanes,2374,100.0|A:6.0|B:47.0|C:6.0|D:17.0,True,1.3534278959810877,severe_x_ge_1.3,31.08282014762652,31.459280230640413,0.3764600830138924
1,withoutShortLanes,2383,90.0|A:15.0|B:31.0|C:6.0|D:14.0,True,1.4967741935483871,severe_x_ge_1.3,32.34991253644315,32.97369252750034,0.6237799910571908
1,withoutShortLanes,2385,130.0|A:24.0|B:49.0|C:7.0|D:26.0,False,1.6404761904761904,severe_x_ge_1.3,48.4050154391262,49.99051814951074,1.5855027103845458
1,withoutShortLanes,2388,80.0|A:11.0|B:26.0|C:6.0|D:13.0,True,1.676923076923077,severe_x_ge_1.3,32.86271186440678,30.445497828720804,-2.41721403568598
1,withoutShortLanes,2392,100.0|A:22.0|B:38.0|C:6.0|D:10.0,True,1.4839181286549707,severe_x_ge_1.3,35.137234069191194,36.40110970767438,1.263875638483185
1,withoutShortLanes,2394,90.0|A:15.0|B:31.0|C:6.0|D:14.0,True,1.716129032258065,severe_x_ge_1.3,33.70786111111111,34.3309994291461,0.6231383180349894
1,withoutShortLanes,2397,90.0|A:13.0|B:36.0|C:6.0|D:11.0,True,1.3777777777777778,severe_x_ge_1.3,34.48948051948052,33.3238279549121,-1.1656525645684257
1,withoutShortLanes,2401,80.0|A:12.0|B:29.0|C:6.0|D:9.0,True,1.586206896551724,severe_x_ge_1.3,31.35112211221122,29.91903439365715,-1.4320877185540688
1,withoutShortLanes,2409,80.0|A:15.0|B:23.0|C:6.0|D:12.0,True,1.5130434782608695,severe_x_ge_1.3,33.57891803278688,33.44475931355562,-0.1341587192312587
1,withoutShortLanes,2418,90.0|A:12.0|B:34.0|C:6.0|D:14.0,True,1.7882352941176471,severe_x_ge_1.3,34.41572463768117,34.449462075377696,0.0337374376965229
1,withoutShortLanes,2422,80.0|A:6.0|B:29.0|C:6.0|D:15.0,True,1.3379310344827586,severe_x_ge_1.3,31.97437908496731,29.23241544860049,-2.7419636363668154
1,withoutShortLanes,2428,80.0|A:11.0|B:31.0|C:6.0|D:8.0,True,1.2903225806451613,moderate_1.0_le_x_lt_1.3,30.16171521035599,29.460509766421172,-0.7012054439348141
1,withoutShortLanes,2430,100.0|A:9.0|B:46.0|C:6.0|D:15.0,True,1.5917874396135263,severe_x_ge_1.3,32.84540117236159,33.17765676138513,0.3322555890235392
1,withoutShortLanes,2431,110.0|A:14.0|B:42.0|C:6.0|D:24.0,False,1.714021164021164,severe_x_ge_1.3,40.91085210868693,41.8390747162442,0.9282226075572666
1,withoutShortLanes,2432,90.0|A:19.0|B:31.0|C:6.0|D:10.0,False,1.8064516129032255,severe_x_ge_1.3,35.47320707070708,36.61387749583883,1.140670425131752
1,withoutShortLanes,2433,80.0|A:12.0|B:25.0|C:6.0|D:13.0,True,1.536,severe_x_ge_1.3,32.70382550335571,31.785534994923207,-0.9182905084325022
1,withoutShortLanes,2434,100.0|A:18.0|B:39.0|C:6.0|D:13.0,True,1.6823361823361822,severe_x_ge_1.3,37.12410990015739,37.95401174187235,0.8299018417149568
1,withoutShortLanes,2437,100.0|A:6.0|B:48.0|C:6.0|D:16.0,True,1.3912037037037035,severe_x_ge_1.3,31.97907477613722,32.43015670770092,0.4510819315636958
1,withoutShortLanes,2442,110.0|A:12.0|B:48.0|C:6.0|D:20.0,True,1.4666666666666668,severe_x_ge_1.3,39.22223352745473,39.39261281122474,0.1703792837700106
1,withoutShortLanes,2443,100.0|A:19.0|B:37.0|C:6.0|D:14.0,True,1.4159159159159158,severe_x_ge_1.3,38.49718536959194,38.27287537819663,-0.2243099913953088
1,withoutShortLanes,2446,100.0|A:17.0|B:44.0|C:6.0|D:9.0,False,1.4823232323232325,severe_x_ge_1.3,32.61687376057599,32.84318601205024,0.2263122514742477
1,withoutShortLanes,2449,90.0|A:17.0|B:32.0|C:6.0|D:11.0,True,1.7875,severe_x_ge_1.3,33.67610354223432,34.0570786074516,0.3809750652172781
1,withoutShortLanes,2451,90.0|A:12.0|B:33.0|C:6.0|D:15.0,False,1.478787878787879,severe_x_ge_1.3,32.24260869565217,32.663133551214024,0.420524855561851
1,withoutShortLanes,2454,100.0|A:15.0|B:39.0|C:6.0|D:16.0,True,1.5384615384615383,severe_x_ge_1.3,36.69849097348497,35.53228134103372,-1.166209632451256
1,withoutShortLanes,2455,90.0|A:16.0|B:34.0|C:6.0|D:10.0,True,1.4,severe_x_ge_1.3,32.869266304347825,34.84822443527004,1.978958130922216
1,withoutShortLanes,2459,90.0|A:15.0|B:32.0|C:6.0|D:13.0,True,1.65,severe_x_ge_1.3,34.729065934065936,33.31664376412512,-1.4124221699408182
1,withoutShortLanes,2464,90.0|A:11.0|B:35.0|C:6.0|D:14.0,True,1.6685714285714284,severe_x_ge_1.3,33.35273684210526,32.25455238013335,-1.0981844619719112
1,withoutShortLanes,2467,130.0|A:6.0|B:65.0|C:6.0|D:29.0,False,1.3844444444444444,severe_x_ge_1.3,41.876230199378085,44.09614272938563,2.219912530007548
1,withoutShortLanes,2471,90.0|A:19.0|B:30.0|C:6.0|D:11.0,False,1.44,severe_x_ge_1.3,33.81978193146417,32.7821872408369,-1.037594690627273
1,withoutShortLanes,2477,90.0|A:18.0|B:32.0|C:6.0|D:10.0,True,1.2499999999999998,moderate_1.0_le_x_lt_1.3,33.49845505617978,34.08603580799188,0.5875807518120979
1,withoutShortLanes,2486,90.0|A:20.0|B:33.0|C:6.0|D:7.0,False,1.4303030303030306,severe_x_ge_1.3,34.095749999999995,33.12114477014893,-0.9746052298510648
1,withoutShortLanes,2488,80.0|A:13.0|B:27.0|C:6.0|D:10.0,True,1.2888888888888888,moderate_1.0_le_x_lt_1.3,29.870179856115104,28.84676908254492,-1.0234107735701876
1,withoutShortLanes,2489,120.0|A:18.0|B:50.0|C:6.0|D:22.0,True,1.7839999999999998,severe_x_ge_1.3,42.821764705882345,43.84571681516698,1.023952109284636
1,withoutShortLanes,2491,120.0|A:19.0|B:39.0|C:7.0|D:31.0,False,1.6307692307692307,severe_x_ge_1.3,48.33549295774648,48.45500437684309,0.119511419096618
1,withoutShortLanes,2493,130.0|A:22.0|B:47.0|C:6.0|D:31.0,False,1.8470449172576835,severe_x_ge_1.3,49.111488687953454,51.142951915143335,2.0314632271898816
1,withoutShortLanes,2498,80.0|A:8.0|B:32.0|C:6.0|D:10.0,True,1.4125,severe_x_ge_1.3,28.29356913183279,27.482557537564475,-0.8110115942683152
1,withoutShortLanes,2500,110.0|A:15.0|B:50.0|C:6.0|D:15.0,False,1.5925555555555555,severe_x_ge_1.3,35.94104999995769,35.80780593968284,-0.1332440602748548
1,withoutShortLanes,2503,90.0|A:13.0|B:36.0|C:6.0|D:11.0,True,1.211111111111111,moderate_1.0_le_x_lt_1.3,31.50408408408409,31.841247276489074,0.3371631924049794
2,withShortLanes,2506,80.0|A:12.0|B:31.0|C:6.0|D:7.0,True,1.458064516129032,severe_x_ge_1.3,28.54264150943396,27.453054393151472,-1.0895871162824875
2,withShortLanes,2508,150.0|A:28.0|B:68.0|C:8.0|D:22.0,False,1.817401960784314,severe_x_ge_1.3,60.141853978422745,63.15644192176964,3.0145879433468963
2,withShortLanes,2510,150.0|A:23.0|B:47.0|C:6.0|D:50.0,False,1.5992907801418437,severe_x_ge_1.3,76.47533852309078,68.65098605934082,-7.82435246374996
2,withShortLanes,2512,150.0|A:36.0|B:54.0|C:7.0|D:29.0,False,1.844135802469136,severe_x_ge_1.3,77.76008431072408,71.29625922236013,-6.463825088363947
2,withShortLanes,2518,150.0|A:33.0|B:60.0|C:6.0|D:27.0,False,1.886111111111111,severe_x_ge_1.3,82.40492386741926,67.42569577843301,-14.979228088986249
2,withShortLanes,2522,100.0|A:21.0|B:40.0|C:6.0|D:9.0,False,1.4902777777777778,severe_x_ge_1.3,35.77289907893674,38.285905696420535,2.5130066174837964
2,withShortLanes,2523,150.0|A:31.0|B:59.0|C:8.0|D:28.0,False,1.7824858757062148,severe_x_ge_1.3,86.78047694899395,69.77385438031045,-17.006622568683497
2,withShortLanes,2524,150.0|A:35.0|B:56.0|C:6.0|D:29.0,False,1.706845238095238,severe_x_ge_1.3,100.2995619756421,70.95065750102684,-29.348904474615267
2,withShortLanes,2525,150.0|A:36.0|B:57.0|C:6.0|D:27.0,False,1.817251461988304,severe_x_ge_1.3,82.82877891601255,71.34679170875279,-11.481987207259763
2,withShortLanes,2528,100.0|A:24.0|B:37.0|C:6.0|D:9.0,False,1.578078078078078,severe_x_ge_1.3,37.00439129997472,39.30776724341035,2.3033759434356327
2,withShortLanes,2530,90.0|A:7.0|B:47.0|C:6.0|D:6.0,False,1.174468085106383,moderate_1.0_le_x_lt_1.3,27.673110539845755,27.761693784850824,0.0885832450050685
2,withShortLanes,2535,150.0|A:32.0|B:54.0|C:7.0|D:33.0,False,1.807098765432099,severe_x_ge_1.3,69.68563445499785,67.96917434890504,-1.7164601060928106
2,withShortLanes,2536,90.0|A:17.0|B:37.0|C:6.0|D:6.0,False,1.318918918918919,severe_x_ge_1.3,34.028776041666674,34.9391415715003,0.9103655298336264
2,withShortLanes,2541,80.0|A:6.0|B:36.0|C:6.0|D:8.0,False,1.3222222222222222,severe_x_ge_1.3,28.35350140056022,29.4207123974014,1.0672109968411831
2,withShortLanes,2545,100.0|A:21.0|B:39.0|C:6.0|D:10.0,False,1.6310541310541309,severe_x_ge_1.3,37.48560063456401,38.898662691777645,1.4130620572136363
2,withShortLanes,2546,70.0|A:6.0|B:28.0|C:6.0|D:6.0,True,1.4708333333333334,severe_x_ge_1.3,26.42694076503812,24.442494762712137,-1.9844460023259811
2,withShortLanes,2549,80.0|A:17.0|B:27.0|C:6.0|D:6.0,True,1.7925925925925923,severe_x_ge_1.3,32.822531250000004,35.93445058870116,3.1119193387011563
2,withShortLanes,2556,90.0|A:12.0|B:40.0|C:6.0|D:8.0,True,1.39,severe_x_ge_1.3,32.6562834224599,32.03902627817404,-0.6172571442858583
2,withShortLanes,2557,90.0|A:18.0|B:35.0|C:6.0|D:7.0,False,1.3828571428571428,severe_x_ge_1.3,34.87049586776859,34.008588500084294,-0.8619073676842959
2,withShortLanes,2561,70.0|A:11.0|B:23.0|C:6.0|D:6.0,True,1.4608695652173913,severe_x_ge_1.3,30.284757917844036,27.10317272498468,-3.1815851928593557
2,withShortLanes,2565,150.0|A:32.0|B:56.0|C:8.0|D:30.0,False,2.020833333333333,severe_x_ge_1.3,78.91537414365997,73.55666691265472,-5.358707231005255
2,withShortLanes,2568,80.0|A:11.0|B:31.0|C:6.0|D:8.0,True,1.4451612903225808,severe_x_ge_1.3,30.231518151815184,29.86052980966953,-0.3709883421456545
2,withShortLanes,2577,150.0|A:16.0|B:71.0|C:6.0|D:33.0,False,1.847417840375587,severe_x_ge_1.3,55.162689560644765,60.57667716668495,5.41398760604018
2,withShortLanes,2579,80.0|A:12.0|B:30.0|C:6.0|D:8.0,False,1.2666666666666666,moderate_1.0_le_x_lt_1.3,29.92935483870967,26.352476133568597,-3.576878705141077
2,withShortLanes,2583,80.0|A:12.0|B:29.0|C:6.0|D:9.0,False,1.2827586206896553,moderate_1.0_le_x_lt_1.3,32.98565359477124,30.55462539950273,-2.4310281952685138
2,withShortLanes,2585,80.0|A:15.0|B:27.0|C:6.0|D:8.0,True,1.5407407407407407,severe_x_ge_1.3,34.03503067484663,32.86538983125195,-1.169640843594678
2,withShortLanes,2589,90.0|A:13.0|B:39.0|C:6.0|D:8.0,False,1.3846153846153846,severe_x_ge_1.3,33.9875476839237,31.924509257564992,-2.063038426358709
2,withShortLanes,2590,130.0|A:14.0|B:64.0|C:6.0|D:22.0,False,1.7807291666666667,severe_x_ge_1.3,47.12671658735424,51.04551112152421,3.918794534169969
2,withShortLanes,2591,140.0|A:25.0|B:52.0|C:6.0|D:33.0,False,1.7155982905982905,severe_x_ge_1.3,61.68220268840328,59.93254127535144,-1.7496614130518395
2,withShortLanes,2594,140.0|A:21.0|B:64.0|C:6.0|D:25.0,False,1.8690972222222224,severe_x_ge_1.3,49.152562496341005,57.94845906891663,8.795896572575622
2,withShortLanes,2598,140.0|A:12.0|B:50.0|C:10.0|D:44.0,False,1.919555555555556,severe_x_ge_1.3,62.38087005638344,61.53034869831673,-0.8505213580667075
2,withShortLanes,2599,110.0|A:22.0|B:44.0|C:6.0|D:14.0,False,1.5180555555555555,severe_x_ge_1.3,40.78829459998721,41.517993357000094,0.7296987570128834
2,withShortLanes,2600,120.0|A:21.0|B:57.0|C:6.0|D:12.0,False,1.3543859649122807,severe_x_ge_1.3,40.15910569105691,44.434109423897816,4.275003732840908
2,withShortLanes,2614,150.0|A:24.0|B:65.0|C:6.0|D:31.0,True,1.8333333333333333,severe_x_ge_1.3,65.27254887081666,64.86800972619712,-0.4045391446195481
2,withShortLanes,2620,150.0|A:26.0|B:64.0|C:6.0|D:30.0,False,1.6067708333333333,severe_x_ge_1.3,64.74529977821955,62.43436499068154,-2.310934787538009
2,withShortLanes,2624,130.0|A:19.0|B:56.0|C:6.0|D:25.0,False,1.6998015873015873,severe_x_ge_1.3,52.33705178295243,54.16828273135025,1.831230948397824
2,withShortLanes,2626,90.0|A:7.0|B:44.0|C:6.0|D:9.0,True,1.590909090909091,severe_x_ge_1.3,28.65877492877493,28.60487198442491,-0.0539029443500211
2,withShortLanes,2630,140.0|A:12.0|B:68.0|C:6.0|D:30.0,False,1.411437908496732,severe_x_ge_1.3,53.795274268163695,53.79736606779713,0.0020917996334333
2,withShortLanes,2637,150.0|A:15.0|B:68.0|C:6.0|D:37.0,False,1.7230392156862746,severe_x_ge_1.3,58.77859137886994,58.01121381111503,-0.7673775677549131
2,withShortLanes,2640,80.0|A:8.0|B:35.0|C:6.0|D:7.0,True,1.1885714285714286,moderate_1.0_le_x_lt_1.3,26.3925090909091,22.89078252891937,-3.501726561989731
2,withShortLanes,2641,130.0|A:14.0|B:50.0|C:6.0|D:36.0,False,1.736222222222222,severe_x_ge_1.3,56.347073496369184,53.20993909501625,-3.137134401352931
2,withShortLanes,2648,130.0|A:22.0|B:49.0|C:6.0|D:29.0,False,1.6979591836734695,severe_x_ge_1.3,65.62961462024005,60.00003264499048,-5.629581975249565
2,withShortLanes,2651,150.0|A:26.0|B:67.0|C:6.0|D:27.0,False,1.6952736318407962,severe_x_ge_1.3,53.841231409083775,58.7043238120097,4.863092402925929
2,withShortLanes,2662,140.0|A:18.0|B:64.0|C:6.0|D:28.0,False,1.756076388888889,severe_x_ge_1.3,58.36506750513594,55.56326368122581,-2.8018038239101277
2,withShortLanes,2663,80.0|A:15.0|B:28.0|C:6.0|D:7.0,True,1.342857142857143,severe_x_ge_1.3,33.20151815181518,32.445841737308974,-0.7556764145062047
2,withShortLanes,2664,150.0|A:12.0|B:68.0|C:6.0|D:40.0,False,1.6936274509803924,severe_x_ge_1.3,59.75137733048506,59.85663974902452,0.1052624185394535
2,withShortLanes,2665,120.0|A:14.0|B:52.0|C:6.0|D:24.0,False,1.8846153846153848,severe_x_ge_1.3,52.92088989441932,50.47285567112017,-2.448034223299146
2,withShortLanes,2670,80.0|A:15.0|B:27.0|C:6.0|D:8.0,True,1.6444444444444444,severe_x_ge_1.3,32.86358974358974,33.60361007334645,0.7400203297567103
2,withShortLanes,2672,130.0|A:11.0|B:50.0|C:6.0|D:39.0,False,1.7838888888888889,severe_x_ge_1.3,57.05488715094633,54.423434591735216,-2.6314525592111124
2,withShortLanes,2677,130.0|A:22.0|B:59.0|C:6.0|D:19.0,False,1.7149717514124294,severe_x_ge_1.3,47.953712433424535,54.020634994463656,6.066922561039121
2,withShortLanes,2682,120.0|A:12.0|B:53.0|C:7.0|D:24.0,False,1.886792452830189,severe_x_ge_1.3,48.91431402439026,49.86211585088805,0.9478018264977948
2,withShortLanes,2691,130.0|A:23.0|B:52.0|C:7.0|D:24.0,False,1.5763888888888888,severe_x_ge_1.3,58.15501850747915,55.0820740913485,-3.072944416130646
2,withShortLanes,2701,120.0|A:17.0|B:47.0|C:8.0|D:24.0,False,1.778723404255319,severe_x_ge_1.3,48.3079491525424,48.58573866724106,0.2777895146986608
2,withShortLanes,2706,90.0|A:9.0|B:40.0|C:6.0|D:11.0,True,1.28,moderate_1.0_le_x_lt_1.3,30.04320916905444,28.3698591227232,-1.6733500463312438
2,withShortLanes,2710,90.0|A:18.0|B:32.0|C:6.0|D:10.0,True,1.2875,moderate_1.0_le_x_lt_1.3,33.76796344647519,39.24706048636224,5.479097039887044
2,withShortLanes,2717,130.0|A:20.0|B:42.0|C:6.0|D:38.0,False,1.391137566137566,severe_x_ge_1.3,56.84604036265308,55.15318123873186,-1.6928591239212167
2,withShortLanes,2728,120.0|A:20.0|B:57.0|C:6.0|D:13.0,True,1.6280701754385964,severe_x_ge_1.3,37.76925373134328,43.87964608004477,6.110392348701495
2,withShortLanes,2740,80.0|A:13.0|B:31.0|C:6.0|D:6.0,True,1.2774193548387096,moderate_1.0_le_x_lt_1.3,29.47173913043479,26.927312434908966,-2.544426695525825
2,withShortLanes,2741,120.0|A:15.0|B:52.0|C:6.0|D:23.0,True,1.5692307692307692,severe_x_ge_1.3,48.27697965571203,49.352141527469904,1.0751618717578708
2,withShortLanes,2742,140.0|A:28.0|B:61.0|C:6.0|D:21.0,False,1.777413479052823,severe_x_ge_1.3,52.89572388698814,55.83000442783698,2.934280540848846
2,withShortLanes,2745,150.0|A:22.0|B:61.0|C:6.0|D:37.0,False,1.920765027322404,severe_x_ge_1.3,81.52919781520019,72.05465501950549,-9.474542795694704
2,withShortLanes,2748,120.0|A:18.0|B:48.0|C:6.0|D:24.0,False,1.7999999999999998,severe_x_ge_1.3,53.57754122938532,53.258525182335084,-0.3190160470502334
2,withShortLanes,2753,110.0|A:24.0|B:45.0|C:6.0|D:11.0,False,1.3783950617283949,severe_x_ge_1.3,40.996911041551456,41.340580323567146,0.3436692820156892
2,withShortLanes,2756,110.0|A:11.0|B:44.0|C:6.0|D:25.0,True,1.536111111111111,severe_x_ge_1.3,41.36699119455059,42.088843514634064,0.721852320083471
2,withShortLanes,2759,140.0|A:11.0|B:63.0|C:8.0|D:34.0,False,1.5876543209876544,severe_x_ge_1.3,57.86813053360636,56.7954336173686,-1.0726969162377529
2,withShortLanes,2760,120.0|A:19.0|B:45.0|C:7.0|D:25.0,False,1.5466666666666666,severe_x_ge_1.3,51.50791666666666,51.78248576331496,0.2745690966482996
2,withShortLanes,2762,90.0|A:12.0|B:40.0|C:6.0|D:8.0,True,1.37,severe_x_ge_1.3,30.56887978142077,29.617253775071333,-0.9516260063494392
2,withShortLanes,2765,90.0|A:19.0|B:30.0|C:6.0|D:11.0,False,1.3733333333333335,severe_x_ge_1.3,35.9709604519774,36.94547928658142,0.9745188346040194
2,withShortLanes,2770,80.0|A:6.0|B:35.0|C:6.0|D:9.0,True,1.36,severe_x_ge_1.3,25.57003636363637,23.556096866864287,-2.013939496772082
2,withShortLanes,2772,120.0|A:25.0|B:50.0|C:6.0|D:15.0,False,1.376,severe_x_ge_1.3,43.28913370998119,47.29449679969859,4.005363089717406
2,withShortLanes,2775,140.0|A:30.0|B:53.0|C:6.0|D:27.0,False,1.6230607966457025,severe_x_ge_1.3,59.48051362189818,58.59458019487586,-0.8859334270223229
2,withShortLanes,2781,140.0|A:11.0|B:66.0|C:6.0|D:33.0,True,1.93973063973064,severe_x_ge_1.3,52.97779069311015,55.6611239335538,2.6833332404436447
2,withShortLanes,2788,80.0|A:14.0|B:29.0|C:6.0|D:7.0,False,1.4758620689655173,severe_x_ge_1.3,31.850716417910448,32.44472036098463,0.5940039430741848
2,withShortLanes,2791,140.0|A:18.0|B:60.0|C:6.0|D:32.0,False,1.473888888888889,severe_x_ge_1.3,60.3322888529322,59.20842818247313,-1.1238606704590737
2,withShortLanes,2797,130.0|A:21.0|B:54.0|C:7.0|D:24.0,False,1.8590534979423867,severe_x_ge_1.3,51.263429236009536,54.105434764693086,2.8420055286835506
2,withShortLanes,2798,130.0|A:23.0|B:51.0|C:6.0|D:26.0,True,1.7021786492374729,severe_x_ge_1.3,53.12000300841065,55.30576320402731,2.185760195616659
2,withShortLanes,2806,150.0|A:29.0|B:64.0|C:6.0|D:27.0,True,1.6809895833333333,severe_x_ge_1.3,59.03947899208654,62.32059673201102,3.2811177399244755
2,withShortLanes,2812,120.0|A:11.0|B:55.0|C:6.0|D:24.0,False,1.781818181818182,severe_x_ge_1.3,42.36207278481015,46.37295065409848,4.010877869288329
2,withShortLanes,2815,80.0|A:13.0|B:30.0|C:6.0|D:7.0,True,1.6666666666666667,severe_x_ge_1.3,32.08597667638483,33.00771999429384,0.9217433179090052
2,withShortLanes,2818,130.0|A:21.0|B:58.0|C:6.0|D:21.0,False,1.6760536398467432,severe_x_ge_1.3,48.714469022341866,51.945485779763146,3.23101675742128
2,withShortLanes,2821,140.0|A:32.0|B:51.0|C:6.0|D:27.0,False,1.8437908496732025,severe_x_ge_1.3,60.02680422207974,61.24814089024286,1.2213366681631186
2,withShortLanes,2822,110.0|A:17.0|B:40.0|C:7.0|D:22.0,False,1.5995833333333334,severe_x_ge_1.3,49.65479146299155,49.18604028601871,-0.4687511769728374
2,withShortLanes,2823,70.0|A:12.0|B:22.0|C:6.0|D:6.0,False,1.4724747474747475,severe_x_ge_1.3,30.80812762599893,28.34098513719656,-2.4671424888023736
2,withShortLanes,2826,140.0|A:22.0|B:48.0|C:10.0|D:36.0,False,1.5831018518518518,severe_x_ge_1.3,67.09120283095781,61.30674620459126,-5.7844566263665484
2,withShortLanes,2838,150.0|A:6.0|B:63.0|C:10.0|D:47.0,False,1.8862433862433865,severe_x_ge_1.3,66.48790694474961,63.81868278230264,-2.669224162446973
2,withShortLanes,2841,70.0|A:9.0|B:24.0|C:6.0|D:7.0,True,1.4,severe_x_ge_1.3,27.348223124820464,24.780522376090996,-2.567700748729472
2,withShortLanes,2845,150.0|A:15.0|B:45.0|C:7.0|D:59.0,False,1.5648148148148149,severe_x_ge_1.3,75.71577441787457,68.72360561358643,-6.992168804288141
2,withShortLanes,2846,130.0|A:19.0|B:53.0|C:6.0|D:28.0,False,1.441719077568134,severe_x_ge_1.3,57.87654731343219,56.79270273845331,-1.0838445749788832
2,withShortLanes,2847,100.0|A:16.0|B:45.0|C:6.0|D:9.0,False,1.3419753086419757,severe_x_ge_1.3,33.29197500756571,34.69335739446432,1.4013823868986108
2,withShortLanes,2848,150.0|A:12.0|B:46.0|C:6.0|D:62.0,False,1.6431159420289858,severe_x_ge_1.3,69.13040015661286,68.29190447114406,-0.8384956854687999
2,withShortLanes,2854,110.0|A:20.0|B:47.0|C:6.0|D:13.0,False,1.3782505910165486,severe_x_ge_1.3,37.092861002511775,38.526123461809256,1.433262459297481
2,withShortLanes,2861,130.0|A:32.0|B:50.0|C:6.0|D:18.0,False,1.6076666666666664,severe_x_ge_1.3,56.95044934871888,53.27541754561709,-3.675031803101788
2,withShortLanes,2862,90.0|A:6.0|B:42.0|C:6.0|D:12.0,True,1.5333333333333332,severe_x_ge_1.3,29.21720116618076,26.81366374252018,-2.403537423660577
2,withShortLanes,2863,80.0|A:12.0|B:29.0|C:6.0|D:9.0,False,1.4896551724137932,severe_x_ge_1.3,31.107122807017547,29.453100913756227,-1.654021893261319
2,withShortLanes,2870,90.0|A:11.0|B:35.0|C:6.0|D:14.0,True,1.2914285714285714,moderate_1.0_le_x_lt_1.3,33.6844262295082,35.05945056803195,1.375024338523751
2,withShortLanes,2871,100.0|A:10.0|B:41.0|C:6.0|D:19.0,False,1.7466124661246614,severe_x_ge_1.3,35.28374170993952,37.208178802731645,1.9244370927921253
2,withShortLanes,2873,90.0|A:15.0|B:29.0|C:6.0|D:16.0,True,1.2551724137931033,moderate_1.0_le_x_lt_1.3,34.99453781512605,39.65893381910175,4.664396003975696
2,withShortLanes,2875,90.0|A:12.0|B:39.0|C:6.0|D:9.0,False,1.3846153846153846,severe_x_ge_1.3,32.217111716621254,31.76482909976129,-0.4522826168599643
2,withShortLanes,2877,90.0|A:12.0|B:34.0|C:6.0|D:14.0,True,1.6352941176470588,severe_x_ge_1.3,33.64999999999999,33.4835823565496,-0.1664176434503943
2,withShortLanes,2899,90.0|A:9.0|B:38.0|C:6.0|D:13.0,True,1.5263157894736843,severe_x_ge_1.3,31.870052219321156,31.260897469558632,-0.6091547497625207
2,withShortLanes,2902,110.0|A:13.0|B:49.0|C:6.0|D:18.0,False,1.3382086167800455,severe_x_ge_1.3,39.84721889682918,38.84248903361482,-1.004729863214365
2,withShortLanes,2906,80.0|A:14.0|B:26.0|C:6.0|D:10.0,True,1.3846153846153846,severe_x_ge_1.3,32.633472668810285,35.62970059934874,2.9962279305384527
2,withShortLanes,2911,90.0|A:8.0|B:38.0|C:6.0|D:14.0,True,1.5894736842105264,severe_x_ge_1.3,31.59254593175853,31.11500469337061,-0.4775412383879107
2,withShortLanes,2913,80.0|A:9.0|B:31.0|C:6.0|D:10.0,True,1.2903225806451613,moderate_1.0_le_x_lt_1.3,30.68232081911261,26.936197711171214,-3.746123107941397
2,withShortLanes,2918,90.0|A:6.0|B:45.0|C:6.0|D:9.0,True,1.5555555555555556,severe_x_ge_1.3,29.19909090909092,29.74181830909171,0.5427274000007927
2,withShortLanes,2925,90.0|A:13.0|B:34.0|C:6.0|D:13.0,True,1.5647058823529414,severe_x_ge_1.3,35.74793565683646,34.32285320368285,-1.425082453153614
2,withShortLanes,2930,90.0|A:16.0|B:32.0|C:6.0|D:12.0,True,1.6749999999999998,severe_x_ge_1.3,36.4667716535433,35.58855962428775,-0.8782120292555575
2,withShortLanes,2932,80.0|A:14.0|B:27.0|C:6.0|D:9.0,True,1.4074074074074072,severe_x_ge_1.3,30.770283911671928,32.26227973431288,1.4919958226409484
2,withShortLanes,2934,90.0|A:7.0|B:43.0|C:6.0|D:10.0,False,1.3674418604651162,severe_x_ge_1.3,28.66660891089109,30.69802684731992,2.031417936428827
2,withShortLanes,2937,90.0|A:10.0|B:40.0|C:6.0|D:10.0,True,1.33,severe_x_ge_1.3,30.24794444444445,28.477526001884105,-1.770418442560345
2,withShortLanes,2938,90.0|A:8.0|B:40.0|C:6.0|D:12.0,True,1.36,severe_x_ge_1.3,31.683646408839778,29.86487545220619,-1.818770956633589
2,withShortLanes,2940,110.0|A:13.0|B:43.0|C:6.0|D:24.0,False,1.6741602067183463,severe_x_ge_1.3,42.68653123951674,43.49871258331192,0.8121813437951815
2,withShortLanes,2943,90.0|A:8.0|B:35.0|C:6.0|D:17.0,False,1.2914285714285714,moderate_1.0_le_x_lt_1.3,30.374016853932577,32.2665251456664,1.8925082917338223
2,withShortLanes,2944,90.0|A:17.0|B:32.0|C:6.0|D:11.0,True,1.5125,severe_x_ge_1.3,34.18087078651685,35.213474984730304,1.0326041982134555
2,withShortLanes,2945,90.0|A:7.0|B:36.0|C:6.0|D:17.0,False,1.711111111111111,severe_x_ge_1.3,33.7895039164491,32.95627693438927,-0.833226982059827
2,withShortLanes,2947,90.0|A:12.0|B:37.0|C:6.0|D:11.0,True,1.545945945945946,severe_x_ge_1.3,31.72783098591549,30.53699210013381,-1.1908388857816803
2,withShortLanes,2948,100.0|A:6.0|B:47.0|C:6.0|D:17.0,True,1.3617021276595749,severe_x_ge_1.3,33.09561540369458,32.35501134781225,-0.7406040558823292
2,withShortLanes,2958,120.0|A:14.0|B:56.0|C:6.0|D:20.0,False,1.664285714285714,severe_x_ge_1.3,43.412736,47.189503248171,3.776767248171005
2,withShortLanes,2959,110.0|A:21.0|B:48.0|C:6.0|D:11.0,False,1.5086805555555556,severe_x_ge_1.3,36.81340950117423,38.960720782824446,2.147311281650218
2,withShortLanes,2960,110.0|A:16.0|B:49.0|C:6.0|D:15.0,True,1.7547619047619047,severe_x_ge_1.3,37.50092313079693,38.821665034206944,1.32074190341001
2,withShortLanes,2963,90.0|A:10.0|B:37.0|C:6.0|D:13.0,False,1.2108108108108109,moderate_1.0_le_x_lt_1.3,32.61206043956044,33.075619682004294,0.463559242443857
2,withShortLanes,2968,80.0|A:15.0|B:25.0|C:6.0|D:10.0,True,1.392,severe_x_ge_1.3,30.316808510638296,31.84109226342967,1.5242837527913728
2,withShortLanes,2970,90.0|A:12.0|B:33.0|C:6.0|D:15.0,False,1.478787878787879,severe_x_ge_1.3,33.73394202898552,33.38269101545581,-0.3512510135297049
2,withShortLanes,2973,90.0|A:11.0|B:39.0|C:6.0|D:10.0,False,1.3435897435897437,severe_x_ge_1.3,31.087737430167607,29.31591974845057,-1.7718176817170388
2,withShortLanes,2978,100.0|A:11.0|B:42.0|C:6.0|D:17.0,False,1.6283068783068784,severe_x_ge_1.3,35.045311293205486,37.61525055513694,2.5699392619314523
2,withShortLanes,2979,90.0|A:17.0|B:28.0|C:6.0|D:15.0,True,1.3714285714285714,severe_x_ge_1.3,36.29,38.01990319862757,1.729903198627568
2,withShortLanes,2980,70.0|A:10.0|B:23.0|C:6.0|D:7.0,False,1.2867149758454106,moderate_1.0_le_x_lt_1.3,30.30917767229,28.184093915189848,-2.1250837571001533
2,withShortLanes,2984,100.0|A:12.0|B:43.0|C:6.0|D:15.0,True,1.2377260981912146,moderate_1.0_le_x_lt_1.3,34.45831300215361,34.78557136324152,0.3272583610879138
2,withShortLanes,2987,100.0|A:13.0|B:43.0|C:6.0|D:14.0,True,1.8049095607235144,severe_x_ge_1.3,35.55197722985238,39.08506099843982,3.5330837685874386
2,withShortLanes,2993,80.0|A:10.0|B:31.0|C:6.0|D:9.0,True,1.4064516129032258,severe_x_ge_1.3,29.539478827361556,29.69353467463322,0.1540558472716675
2,withShortLanes,2995,90.0|A:7.0|B:40.0|C:6.0|D:13.0,True,1.36,severe_x_ge_1.3,31.63908847184987,30.091956170536445,-1.5471323013134253
2,withShortLanes,2996,90.0|A:14.0|B:32.0|C:6.0|D:14.0,True,1.475,severe_x_ge_1.3,35.07562162162162,34.04510228572774,-1.0305193358938851
2,withShortLanes,3002,90.0|A:10.0|B:40.0|C:6.0|D:10.0,True,1.63,severe_x_ge_1.3,33.16862694300517,31.13434760738572,-2.0342793356194555
2,withShortLanes,3003,110.0|A:26.0|B:38.0|C:6.0|D:16.0,False,1.357309941520468,severe_x_ge_1.3,47.14846146762862,49.092555054397565,1.9440935867689435
2,withShortLanes,3004,80.0|A:6.0|B:32.0|C:6.0|D:12.0,True,1.5375,severe_x_ge_1.3,29.38183279742765,27.131694316321923,-2.250138481105729
2,withShortLanes,3010,80.0|A:13.0|B:26.0|C:6.0|D:11.0,True,1.2769230769230768,moderate_1.0_le_x_lt_1.3,32.87267326732673,34.79041115286564,1.917737885538905
2,withShortLanes,3017,90.0|A:16.0|B:29.0|C:6.0|D:15.0,False,1.406896551724138,severe_x_ge_1.3,35.358590425531915,38.39923879046072,3.0406483649288063
2,withShortLanes,3020,120.0|A:18.0|B:54.0|C:6.0|D:18.0,False,1.6814814814814816,severe_x_ge_1.3,42.97346416382253,44.87663217599783,1.9031680121752927
2,withShortLanes,3022,90.0|A:15.0|B:32.0|C:6.0|D:13.0,True,1.35,severe_x_ge_1.3,36.19994366197183,35.20668521384614,-0.9932584481256868
2,withShortLanes,3026,100.0|A:20.0|B:37.0|C:6.0|D:13.0,True,1.4264264264264266,severe_x_ge_1.3,39.739772420197845,41.39748775723108,1.6577153370332385
2,withShortLanes,3027,90.0|A:14.0|B:31.0|C:6.0|D:15.0,True,1.6129032258064515,severe_x_ge_1.3,34.869475065616804,36.271264444420254,1.40178937880345
2,withShortLanes,3028,100.0|A:19.0|B:39.0|C:6.0|D:12.0,True,1.435897435897436,severe_x_ge_1.3,38.646741899766894,39.46292949689024,0.8161875971233457
2,withShortLanes,3030,80.0|A:10.0|B:27.0|C:6.0|D:13.0,True,1.3925925925925924,severe_x_ge_1.3,32.50475409836065,31.46785003382659,-1.0369040645340597
2,withShortLanes,3031,100.0|A:12.0|B:44.0|C:6.0|D:14.0,False,1.5,severe_x_ge_1.3,33.60404721094318,34.30924928332098,0.7052020723778014
2,withShortLanes,3033,100.0|A:16.0|B:43.0|C:6.0|D:11.0,False,1.5723514211886305,severe_x_ge_1.3,33.56355837684407,33.37842649138698,-0.1851318854570891
2,withShortLanes,3040,80.0|A:14.0|B:26.0|C:6.0|D:10.0,True,1.4,severe_x_ge_1.3,32.21535947712419,32.267220416861655,0.051860939737466
2,withShortLanes,3043,100.0|A:11.0|B:42.0|C:6.0|D:17.0,False,1.3624338624338623,severe_x_ge_1.3,34.69538030339324,33.096152224255555,-1.5992280791376885
2,withShortLanes,3045,90.0|A:18.0|B:31.0|C:6.0|D:11.0,True,1.535483870967742,severe_x_ge_1.3,34.89079283887468,36.7047310814588,1.813938242584122
2,withShortLanes,3048,110.0|A:13.0|B:49.0|C:6.0|D:18.0,False,1.5913832199546487,severe_x_ge_1.3,38.43059941255866,38.96729389239797,0.536694479839305
2,withShortLanes,3052,80.0|A:8.0|B:27.0|C:6.0|D:15.0,True,1.4814814814814814,severe_x_ge_1.3,30.692458471760794,30.54330443682421,-0.1491540349365792
2,withShortLanes,3053,120.0|A:11.0|B:60.0|C:6.0|D:19.0,False,1.7666666666666666,severe_x_ge_1.3,39.8885396825397,43.2840005082592,3.395460825719504
2,withShortLanes,3055,120.0|A:10.0|B:58.0|C:6.0|D:22.0,False,1.7655172413793103,severe_x_ge_1.3,40.30631496062993,44.04665436166476,3.740339401034824
2,withShortLanes,3056,80.0|A:6.0|B:31.0|C:6.0|D:13.0,False,1.3935483870967742,severe_x_ge_1.3,28.153170731707323,25.3092976509102,-2.843873080797124
2,withShortLanes,3057,100.0|A:13.0|B:42.0|C:6.0|D:15.0,True,1.7804232804232805,severe_x_ge_1.3,38.41174258647476,39.95165482715537,1.5399122406806145
2,withShortLanes,3062,100.0|A:17.0|B:38.0|C:6.0|D:15.0,True,1.4108187134502923,severe_x_ge_1.3,36.87146883128969,38.94934583128143,2.0778769999917373
2,withShortLanes,3065,70.0|A:7.0|B:26.0|C:6.0|D:7.0,True,1.5540598290598289,severe_x_ge_1.3,25.975289647526427,25.41209162886813,-0.5631980186582979
2,withShortLanes,3066,90.0|A:7.0|B:42.0|C:6.0|D:11.0,True,1.276190476190476,moderate_1.0_le_x_lt_1.3,29.751026894865525,30.54981717870831,0.7987902838427843
2,withShortLanes,3068,80.0|A:6.0|B:33.0|C:6.0|D:11.0,True,1.4545454545454546,severe_x_ge_1.3,28.509628378378377,26.28182284116543,-2.227805537212948
2,withShortLanes,3069,130.0|A:14.0|B:51.0|C:6.0|D:35.0,False,1.6781045751633987,severe_x_ge_1.3,50.764722670705765,52.17142946824652,1.4067067975407568
2,withShortLanes,3078,110.0|A:7.0|B:53.0|C:6.0|D:20.0,False,1.4193920335429768,severe_x_ge_1.3,38.53265531856419,40.42294576563447,1.890290447070285
2,withShortLanes,3080,100.0|A:6.0|B:48.0|C:6.0|D:16.0,True,1.3912037037037035,severe_x_ge_1.3,32.42457818365171,32.112836306305006,-0.3117418773467051
2,withShortLanes,3085,100.0|A:10.0|B:38.0|C:6.0|D:22.0,False,1.736842105263158,severe_x_ge_1.3,38.83450707141011,41.69445591890639,2.859948847496284
2,withShortLanes,3087,110.0|A:22.0|B:42.0|C:6.0|D:16.0,False,1.5816137566137567,severe_x_ge_1.3,41.05885034241805,43.66939632373143,2.610545981313386
2,withShortLanes,3088,80.0|A:8.0|B:30.0|C:6.0|D:12.0,True,1.4666666666666668,severe_x_ge_1.3,32.22143749999999,28.62541675387337,-3.59602074612662
2,withShortLanes,3090,80.0|A:16.0|B:25.0|C:6.0|D:9.0,False,1.584,severe_x_ge_1.3,33.40104377104377,35.06654058146032,1.6654968104165562
2,withShortLanes,3094,110.0|A:18.0|B:42.0|C:6.0|D:20.0,False,1.5714285714285714,severe_x_ge_1.3,39.55765739014899,41.22469389344815,1.6670365032991583
2,withShortLanes,3095,120.0|A:11.0|B:55.0|C:6.0|D:24.0,False,1.549090909090909,severe_x_ge_1.3,44.47555379746837,46.08978746376928,1.6142336663009047
2,withShortLanes,3099,80.0|A:10.0|B:32.0|C:6.0|D:8.0,True,1.2125,moderate_1.0_le_x_lt_1.3,29.27316831683168,29.04082739955475,-0.2323409172769288
2,withShortLanes,3103,100.0|A:14.0|B:39.0|C:6.0|D:17.0,False,1.3532763532763532,severe_x_ge_1.3,36.07196356359096,37.97390303799909,1.901939474408131
2,withShortLanes,3106,90.0|A:13.0|B:35.0|C:6.0|D:12.0,True,1.2914285714285714,moderate_1.0_le_x_lt_1.3,33.46498673740054,35.671476548501815,2.206489811101278
2,withShortLanes,3108,110.0|A:20.0|B:40.0|C:6.0|D:20.0,False,1.5094444444444444,severe_x_ge_1.3,46.65333699780862,48.80260363118055,2.149266633371923
2,withShortLanes,3109,100.0|A:14.0|B:41.0|C:6.0|D:15.0,True,1.3468834688346882,severe_x_ge_1.3,37.781099426725696,38.39951032618355,0.6184108994578565
2,withShortLanes,3110,80.0|A:15.0|B:26.0|C:6.0|D:9.0,True,1.6153846153846154,severe_x_ge_1.3,34.32844370860927,32.433385587041364,-1.8950581215679063
2,withShortLanes,3111,90.0|A:11.0|B:38.0|C:6.0|D:11.0,True,1.663157894736842,severe_x_ge_1.3,31.71062656641605,33.89394096653702,2.183314400120977
2,withShortLanes,3116,120.0|A:24.0|B:50.0|C:6.0|D:16.0,False,1.616,severe_x_ge_1.3,41.32815789473683,44.0529886247532,2.724830730016365
2,withShortLanes,3121,80.0|A:14.0|B:25.0|C:6.0|D:11.0,True,1.296,moderate_1.0_le_x_lt_1.3,31.521730769230764,33.99763078129667,2.4759000120659067
2,withShortLanes,3126,90.0|A:16.0|B:32.0|C:6.0|D:12.0,True,1.6874999999999998,severe_x_ge_1.3,36.65189333333334,36.26113248807104,-0.3907608452623066
2,withShortLanes,3139,80.0|A:12.0|B:26.0|C:6.0|D:12.0,True,1.523076923076923,severe_x_ge_1.3,33.10705479452054,32.00512092148561,-1.1019338730349304
2,withShortLanes,3141,80.0|A:9.0|B:29.0|C:6.0|D:12.0,False,1.6275862068965516,severe_x_ge_1.3,31.707468354430382,30.372376546005576,-1.3350918084248065
2,withShortLanes,3144,90.0|A:17.0|B:31.0|C:6.0|D:12.0,True,1.703225806451613,severe_x_ge_1.3,35.01782967032967,35.673989751402566,0.6561600810728976
2,withShortLanes,3145,110.0|A:22.0|B:38.0|C:6.0|D:20.0,False,1.6210526315789475,severe_x_ge_1.3,43.73358129499288,47.12629143508808,3.392710140095204
2,withShortLanes,3152,120.0|A:22.0|B:51.0|C:6.0|D:17.0,False,1.811764705882353,severe_x_ge_1.3,49.6790453834116,52.998082017234026,3.319036633822428
2,withShortLanes,3154,100.0|A:22.0|B:33.0|C:6.0|D:15.0,True,1.5151515151515151,severe_x_ge_1.3,40.06542836019728,43.4236705756684,3.358242215471116
2,withShortLanes,3155,90.0|A:14.0|B:36.0|C:6.0|D:10.0,True,1.422222222222222,severe_x_ge_1.3,32.47589887640449,31.76629169746651,-0.7096071789379828
2,withShortLanes,3171,90.0|A:7.0|B:41.0|C:6.0|D:12.0,False,1.531707317073171,severe_x_ge_1.3,29.101358695652163,28.13517194007473,-0.9661867555774322
2,withShortLanes,3174,70.0|A:7.0|B:24.0|C:6.0|D:9.0,True,1.3335648148148147,severe_x_ge_1.3,28.56758991556448,25.668341708174665,-2.899248207389814
2,withShortLanes,3176,110.0|A:16.0|B:46.0|C:6.0|D:18.0,False,1.7483091787439615,severe_x_ge_1.3,39.5490848768688,40.215486606210085,0.6664017293412812
2,withShortLanes,3181,100.0|A:10.0|B:45.0|C:6.0|D:15.0,True,1.6172839506172838,severe_x_ge_1.3,33.69527522361619,34.04348256209995,0.3482073384837605
2,withShortLanes,3183,100.0|A:17.0|B:35.0|C:6.0|D:18.0,False,1.3603174603174604,severe_x_ge_1.3,37.70993450075336,41.485417071487085,3.775482570733722
2,withShortLanes,3184,90.0|A:8.0|B:41.0|C:6.0|D:11.0,True,1.3853658536585365,severe_x_ge_1.3,29.394048257372656,29.42055796978131,0.0265097124086537
2,withShortLanes,3185,100.0|A:19.0|B:40.0|C:6.0|D:11.0,False,1.4694444444444443,severe_x_ge_1.3,35.698213558368806,38.18603398929832,2.48782043092951
2,withShortLanes,3187,90.0|A:14.0|B:33.0|C:6.0|D:13.0,True,1.7939393939393942,severe_x_ge_1.3,35.31167525773196,35.88417545492947,0.5725001971975132
2,withShortLanes,3193,90.0|A:16.0|B:29.0|C:6.0|D:15.0,False,1.3379310344827586,severe_x_ge_1.3,34.13910144927536,37.50873373890333,3.3696322896279725
2,withShortLanes,3195,80.0|A:8.0|B:30.0|C:6.0|D:12.0,True,1.4266666666666667,severe_x_ge_1.3,29.88273356401384,28.543205923248564,-1.3395276407652723
2,withShortLanes,3200,120.0|A:14.0|B:48.0|C:6.0|D:28.0,False,1.4166666666666663,severe_x_ge_1.3,45.35626736111112,47.2348115079489,1.8785441468377757
2,withShortLanes,3209,90.0|A:11.0|B:35.0|C:6.0|D:14.0,True,1.497142857142857,severe_x_ge_1.3,33.257342465753425,32.446869284961075,-0.81047318079235
2,withShortLanes,3210,100.0|A:19.0|B:40.0|C:6.0|D:11.0,False,1.65,severe_x_ge_1.3,33.995421168485166,36.63202180721954,2.636600638734372
2,withShortLanes,3211,80.0|A:6.0|B:36.0|C:6.0|D:8.0,False,1.5222222222222224,severe_x_ge_1.3,27.71942307692308,25.167206704802787,-2.552216372120295
2,withShortLanes,3215,130.0|A:8.0|B:64.0|C:6.0|D:28.0,False,1.3688368055555555,severe_x_ge_1.3,45.676818063260775,50.57296342463582,4.896145361375048
2,withShortLanes,3226,80.0|A:12.0|B:26.0|C:6.0|D:12.0,True,1.5076923076923077,severe_x_ge_1.3,29.669144981412632,29.75343864436992,0.0842936629572861
2,withShortLanes,3230,120.0|A:23.0|B:51.0|C:6.0|D:16.0,False,1.427450980392157,severe_x_ge_1.3,43.73813308687616,51.25967044842865,7.52153736155249
2,withShortLanes,3232,110.0|A:25.0|B:41.0|C:6.0|D:14.0,True,1.5516260162601627,severe_x_ge_1.3,41.91917612976869,43.55715821605528,1.6379820862865913
2,withShortLanes,3237,80.0|A:12.0|B:24.0|C:6.0|D:14.0,True,1.6333333333333333,severe_x_ge_1.3,33.195527156549524,33.740054953855434,0.5445277973059106
2,withShortLanes,3248,100.0|A:15.0|B:42.0|C:6.0|D:13.0,True,1.3994708994708993,severe_x_ge_1.3,35.378915794752075,35.39688766878507,0.0179718740329946
2,withShortLanes,3250,110.0|A:19.0|B:30.0|C:9.0|D:28.0,False,1.6275925925925927,severe_x_ge_1.3,47.15589598779145,51.12800470277868,3.972108714987229
2,withShortLanes,3251,120.0|A:6.0|B:56.0|C:7.0|D:27.0,False,1.5357142857142858,severe_x_ge_1.3,40.60779411764706,41.40075525108541,0.7929611334383537
2,withShortLanes,3252,80.0|A:9.0|B:31.0|C:6.0|D:10.0,True,1.3548387096774197,severe_x_ge_1.3,30.188754098360647,28.023843419711152,-2.1649106786494947
2,withShortLanes,3256,100.0|A:11.0|B:48.0|C:6.0|D:11.0,True,1.525462962962963,severe_x_ge_1.3,32.78341020686104,32.88979072295208,0.1063805160910362
2,withShortLanes,3257,90.0|A:9.0|B:38.0|C:6.0|D:13.0,True,1.4947368421052631,severe_x_ge_1.3,31.990306905370847,31.202429486399183,-0.7878774189716644
2,withShortLanes,3269,90.0|A:12.0|B:32.0|C:6.0|D:16.0,True,1.425,severe_x_ge_1.3,33.64453216374269,32.788273108134376,-0.8562590556083123
2,withShortLanes,3271,120.0|A:25.0|B:44.0|C:6.0|D:21.0,False,1.4454545454545455,severe_x_ge_1.3,46.67617647058822,51.449810150442026,4.773633679853809
2,withShortLanes,3278,100.0|A:12.0|B:45.0|C:6.0|D:13.0,False,1.280246913580247,moderate_1.0_le_x_lt_1.3,33.906698962155325,35.85969836049125,1.9529993983359264
2,withShortLanes,3281,80.0|A:7.0|B:29.0|C:6.0|D:14.0,False,1.3655172413793104,severe_x_ge_1.3,32.59355263157895,30.1212820974503,-2.4722705341286506
2,withShortLanes,3287,100.0|A:16.0|B:40.0|C:6.0|D:14.0,True,1.409722222222222,severe_x_ge_1.3,34.47632155873707,35.094257708278064,0.617936149540995
2,withShortLanes,3290,120.0|A:14.0|B:59.0|C:6.0|D:17.0,False,1.810169491525424,severe_x_ge_1.3,44.16858131487888,45.37264738929521,1.2040660744163318
2,withShortLanes,3291,80.0|A:13.0|B:29.0|C:6.0|D:8.0,True,1.572413793103448,severe_x_ge_1.3,33.05281553398059,31.030024539749345,-2.022790994231247
2,withShortLanes,3294,90.0|A:6.0|B:42.0|C:6.0|D:12.0,True,1.2000000000000002,moderate_1.0_le_x_lt_1.3,27.15772727272728,26.688659990524968,-0.4690672822023103
2,withShortLanes,3295,140.0|A:6.0|B:75.0|C:8.0|D:27.0,False,1.3813333333333333,severe_x_ge_1.3,45.00983809598246,49.974812450165714,4.964974354183255
2,withShortLanes,3298,90.0|A:16.0|B:34.0|C:6.0|D:10.0,True,1.376470588235294,severe_x_ge_1.3,33.73202702702703,35.02168528584071,1.289658258813681
2,withShortLanes,3299,90.0|A:6.0|B:41.0|C:6.0|D:13.0,True,1.35609756097561,severe_x_ge_1.3,29.93423822714681,26.904458011939177,-3.029780215207637
2,withShortLanes,3300,100.0|A:6.0|B:49.0|C:6.0|D:15.0,True,1.4852607709750567,severe_x_ge_1.3,31.238303338969903,29.666878658196342,-1.5714246807735606
2,withShortLanes,3301,80.0|A:13.0|B:25.0|C:6.0|D:12.0,True,1.392,severe_x_ge_1.3,34.27921630094045,34.68861808743521,0.4094017864947616
2,withShortLanes,3304,120.0|A:17.0|B:46.0|C:6.0|D:27.0,False,1.608695652173913,severe_x_ge_1.3,50.332233676975946,47.38059543843806,-2.951638238537889
2,withShortLanes,3305,90.0|A:13.0|B:37.0|C:6.0|D:10.0,True,1.5567567567567568,severe_x_ge_1.3,32.915175202156334,32.49196970170696,-0.4232055004493773
2,withShortLanes,3307,100.0|A:9.0|B:44.0|C:6.0|D:17.0,False,1.5631313131313131,severe_x_ge_1.3,34.71450299518573,33.370213427287865,-1.3442895678978672
2,withShortLanes,3312,120.0|A:14.0|B:55.0|C:6.0|D:21.0,False,1.76,severe_x_ge_1.3,40.73862236628848,45.651234520642376,4.912612154353894
2,withShortLanes,3314,120.0|A:28.0|B:47.0|C:6.0|D:15.0,False,1.7106382978723405,severe_x_ge_1.3,44.6163670411985,47.14945643754481,2.5330893963463126
2,withShortLanes,3324,110.0|A:7.0|B:49.0|C:6.0|D:24.0,False,1.4367346938775512,severe_x_ge_1.3,37.91400698278908,37.17416465558329,-0.7398423272057926
2,withShortLanes,3326,90.0|A:18.0|B:31.0|C:6.0|D:11.0,True,1.3548387096774197,severe_x_ge_1.3,36.74170666666667,37.88042867801119,1.1387220113445196
2,withShortLanes,3327,90.0|A:11.0|B:34.0|C:6.0|D:15.0,True,1.4705882352941178,severe_x_ge_1.3,32.40277333333334,34.083282988619615,1.6805096552862722
2,withShortLanes,3328,80.0|A:10.0|B:30.0|C:6.0|D:10.0,True,1.4,severe_x_ge_1.3,32.71709897610921,28.62843942990193,-4.088659546207278
2,withShortLanes,3330,80.0|A:9.0|B:31.0|C:6.0|D:10.0,True,1.4838709677419353,severe_x_ge_1.3,29.60731629392971,28.28563429221749,-1.3216820017122188
2,withShortLanes,3332,80.0|A:9.0|B:31.0|C:6.0|D:10.0,True,1.1870967741935483,moderate_1.0_le_x_lt_1.3,29.59246575342466,26.976084818940286,-2.616380934484372
2,withShortLanes,3333,90.0|A:13.0|B:35.0|C:6.0|D:12.0,True,1.52,severe_x_ge_1.3,32.44395953757224,34.02619701038408,1.5822374728118405
2,withShortLanes,3334,100.0|A:9.0|B:46.0|C:6.0|D:15.0,True,1.5217391304347825,severe_x_ge_1.3,34.36602674112876,32.22899028503925,-2.137036456089511
2,withShortLanes,3339,110.0|A:24.0|B:38.0|C:6.0|D:18.0,False,1.4940058479532163,severe_x_ge_1.3,42.35182598183111,43.991837397414045,1.6400114155829328
2,withShortLanes,3343,100.0|A:10.0|B:43.0|C:6.0|D:17.0,True,1.5529715762273903,severe_x_ge_1.3,34.756152541320496,35.455015574173096,0.6988630328526
2,withShortLanes,3344,90.0|A:7.0|B:41.0|C:6.0|D:12.0,False,1.3658536585365857,severe_x_ge_1.3,30.544376731301952,27.45010673181033,-3.0942699994916225
2,withShortLanes,3349,90.0|A:10.0|B:36.0|C:6.0|D:14.0,True,1.6444444444444444,severe_x_ge_1.3,32.60615789473684,32.567034804935574,-0.0391230898012651
2,withShortLanes,3353,80.0|A:12.0|B:28.0|C:6.0|D:10.0,True,1.4714285714285715,severe_x_ge_1.3,31.007142857142856,31.07104918809264,0.0639063309497807
2,withShortLanes,3358,140.0|A:24.0|B:65.0|C:6.0|D:21.0,False,1.4586324786324785,severe_x_ge_1.3,51.209681519945256,50.06620208954838,-1.143479430396873
2,withShortLanes,3361,110.0|A:17.0|B:45.0|C:6.0|D:18.0,False,1.6174074074074072,severe_x_ge_1.3,39.79158468875813,41.55216005265218,1.7605753638940556
2,withShortLanes,3362,90.0|A:15.0|B:31.0|C:6.0|D:14.0,True,1.4064516129032258,severe_x_ge_1.3,33.55129943502825,35.23413047691232,1.6828310418840715
2,withShortLanes,3364,90.0|A:7.0|B:41.0|C:6.0|D:12.0,False,1.375609756097561,severe_x_ge_1.3,30.692793017456363,32.328688295704204,1.6358952782478404
2,withShortLanes,3382,100.0|A:6.0|B:48.0|C:6.0|D:16.0,True,1.3333333333333337,severe_x_ge_1.3,31.639021117498032,30.96887455430979,-0.6701465631882435
2,withShortLanes,3386,90.0|A:12.0|B:35.0|C:6.0|D:13.0,True,1.4514285714285713,severe_x_ge_1.3,34.523210526315786,32.95767065051768,-1.565539875798109
2,withShortLanes,3394,90.0|A:11.0|B:35.0|C:6.0|D:14.0,True,1.577142857142857,severe_x_ge_1.3,33.00252010723861,32.4406666921369,-0.5618534151017087
2,withShortLanes,3400,90.0|A:6.0|B:41.0|C:6.0|D:13.0,True,1.297560975609756,moderate_1.0_le_x_lt_1.3,28.8757507082153,27.9343306434781,-0.9414200647372012
2,withShortLanes,3402,110.0|A:6.0|B:49.0|C:6.0|D:25.0,False,1.3718820861678007,severe_x_ge_1.3,38.1952260467973,39.15707623011861,0.9618501833213102
2,withShortLanes,3403,110.0|A:21.0|B:41.0|C:6.0|D:18.0,False,1.6097560975609757,severe_x_ge_1.3,39.758594233586415,42.25032964842779,2.491735414841372
2,withShortLanes,3407,90.0|A:11.0|B:39.0|C:6.0|D:10.0,False,1.2512820512820513,moderate_1.0_le_x_lt_1.3,30.71169950738916,33.95863441897547,3.2469349115863158
2,withShortLanes,3410,90.0|A:16.0|B:30.0|C:6.0|D:14.0,True,1.4666666666666668,severe_x_ge_1.3,37.79798408488064,37.98424276346131,0.1862586785806712
2,withShortLanes,3415,80.0|A:12.0|B:31.0|C:6.0|D:7.0,True,1.238709677419355,moderate_1.0_le_x_lt_1.3,32.43549488054608,26.73040964208398,-5.7050852384621
2,withShortLanes,3418,90.0|A:6.0|B:38.0|C:6.0|D:16.0,True,1.5894736842105264,severe_x_ge_1.3,32.88647214854112,29.67413746056341,-3.2123346879777053
2,withShortLanes,3421,110.0|A:18.0|B:43.0|C:6.0|D:19.0,False,1.5348837209302324,severe_x_ge_1.3,41.49207084400892,41.26225820742182,-0.2298126365870985
2,withShortLanes,3422,100.0|A:18.0|B:40.0|C:6.0|D:12.0,True,1.2,moderate_1.0_le_x_lt_1.3,35.24192826880125,36.41097914601439,1.169050877213138
2,withShortLanes,3427,70.0|A:7.0|B:21.0|C:6.0|D:12.0,False,1.6388888888888888,severe_x_ge_1.3,29.10092732465424,28.42676400652454,-0.6741633181297004
2,withShortLanes,3428,90.0|A:6.0|B:40.0|C:6.0|D:14.0,True,1.4500000000000002,severe_x_ge_1.3,30.22521857923497,27.96430637675391,-2.260912202481059
2,withShortLanes,3437,90.0|A:19.0|B:31.0|C:6.0|D:10.0,False,1.6258064516129034,severe_x_ge_1.3,35.54684615384616,37.68651977916816,2.139673625321997
2,withShortLanes,3439,100.0|A:14.0|B:40.0|C:6.0|D:16.0,True,1.2694444444444444,moderate_1.0_le_x_lt_1.3,35.833451962597216,38.618932844357886,2.785480881760669
2,withShortLanes,3448,140.0|A:14.0|B:68.0|C:6.0|D:28.0,False,1.8472222222222223,severe_x_ge_1.3,46.28639391213272,54.831244822198514,8.544850910065797
2,withShortLanes,3454,90.0|A:12.0|B:39.0|C:6.0|D:9.0,False,1.4871794871794872,severe_x_ge_1.3,29.119940652818983,30.37674300722733,1.256802354408343
2,withShortLanes,3457,80.0|A:6.0|B:32.0|C:6.0|D:12.0,True,1.325,severe_x_ge_1.3,29.34135646687697,27.24463209740181,-2.0967243694751616
2,withShortLanes,3460,110.0|A:7.0|B:48.0|C:6.0|D:25.0,False,1.708564814814815,severe_x_ge_1.3,38.32785237169794,40.38018917380218,2.052336802104236
2,withShortLanes,3461,90.0|A:6.0|B:39.0|C:6.0|D:15.0,True,1.5794871794871794,severe_x_ge_1.3,30.82832869080779,28.86001158643576,-1.9683171043720336
2,withShortLanes,3464,80.0|A:8.0|B:32.0|C:6.0|D:10.0,True,1.25,moderate_1.0_le_x_lt_1.3,26.780966542750928,24.36827549739253,-2.4126910453583967
2,withShortLanes,3466,80.0|A:11.0|B:30.0|C:6.0|D:9.0,True,1.32,severe_x_ge_1.3,30.253490566037733,30.779791331328106,0.5263007652903688
2,withShortLanes,3471,90.0|A:12.0|B:34.0|C:6.0|D:14.0,True,1.2235294117647058,moderate_1.0_le_x_lt_1.3,34.31209366391185,35.0222307346725,0.7101370707606449
2,withShortLanes,3474,100.0|A:13.0|B:42.0|C:6.0|D:15.0,True,1.5423280423280423,severe_x_ge_1.3,35.060849924080166,35.13304097167503,0.0721910475948632
2,withShortLanes,3480,90.0|A:6.0|B:39.0|C:6.0|D:15.0,True,1.7230769230769232,severe_x_ge_1.3,32.21792349726776,31.586226286670268,-0.6316972105974941
2,withShortLanes,3482,100.0|A:17.0|B:40.0|C:6.0|D:13.0,False,1.6694444444444445,severe_x_ge_1.3,36.95592709093078,36.98746868670111,0.031541595770328
2,withShortLanes,3484,100.0|A:6.0|B:47.0|C:6.0|D:17.0,True,1.3534278959810877,severe_x_ge_1.3,32.42043486053902,30.146015977193777,-2.274418883345241
2,withShortLanes,3485,80.0|A:8.0|B:31.0|C:6.0|D:11.0,False,1.3806451612903226,severe_x_ge_1.3,30.28865889212828,31.070341629467283,0.7816827373390005
2,withShortLanes,3490,80.0|A:14.0|B:27.0|C:6.0|D:9.0,True,1.748148148148148,severe_x_ge_1.3,32.033820598006635,33.80506445604084,1.7712438580342038
2,withShortLanes,3500,80.0|A:8.0|B:32.0|C:6.0|D:10.0,True,1.5875,severe_x_ge_1.3,31.80584126984127,27.617393370565637,-4.188447899275637
2,withShortLanes,3504,90.0|A:14.0|B:30.0|C:6.0|D:16.0,True,1.5333333333333332,severe_x_ge_1.3,33.20664756446992,33.718582852958704,0.511935288488786
2,withShortLanes,3505,100.0|A:14.0|B:34.0|C:7.0|D:21.0,False,1.5522875816993462,severe_x_ge_1.3,39.9846935143709,40.80465358019229,0.819960065821391
2,withShortLanes,3513,90.0|A:14.0|B:40.0|C:6.0|D:6.0,False,1.4500000000000002,severe_x_ge_1.3,30.422740112994354,31.30614151780455,0.883401404810197
2,withShortLanes,3521,80.0|A:12.0|B:32.0|C:6.0|D:6.0,True,1.35,severe_x_ge_1.3,29.133814432989688,27.070120267270507,-2.0636941657191805
2,withShortLanes,3522,100.0|A:19.0|B:43.0|C:6.0|D:8.0,False,1.479328165374677,severe_x_ge_1.3,35.273001251993634,35.78138214088007,0.5083808888864354
2,withShortLanes,3527,150.0|A:8.0|B:81.0|C:6.0|D:31.0,False,1.698559670781893,severe_x_ge_1.3,51.91119743400733,56.01823976352168,4.107042329514357
2,withShortLanes,3531,90.0|A:13.0|B:39.0|C:6.0|D:8.0,False,1.5692307692307692,severe_x_ge_1.3,32.548720626631855,31.89771531643455,-0.6510053101973057
2,withShortLanes,3540,90.0|A:13.0|B:38.0|C:6.0|D:9.0,True,1.4421052631578948,severe_x_ge_1.3,32.9147341772152,31.93159325726643,-0.9831409199487702
2,withShortLanes,3543,110.0|A:17.0|B:51.0|C:6.0|D:12.0,False,1.5445533769063182,severe_x_ge_1.3,36.53461414787921,38.10188024834529,1.5672661004660782
2,withShortLanes,3544,150.0|A:23.0|B:77.0|C:6.0|D:20.0,False,1.953463203463204,severe_x_ge_1.3,65.71493547545597,65.59311842429604,-0.1218170511599368
2,withShortLanes,3548,90.0|A:15.0|B:33.0|C:6.0|D:12.0,True,1.7696969696969698,severe_x_ge_1.3,34.8291959798995,39.34911810567598,4.519922125776475
2,withShortLanes,3550,150.0|A:14.0|B:65.0|C:6.0|D:41.0,False,1.7538461538461538,severe_x_ge_1.3,63.141212159075806,59.35005815550055,-3.791154003575258
2,withShortLanes,3551,150.0|A:23.0|B:47.0|C:6.0|D:50.0,False,1.8475177304964536,severe_x_ge_1.3,72.95909082495461,71.47146245488644,-1.4876283700681796
2,withShortLanes,3554,130.0|A:32.0|B:46.0|C:7.0|D:21.0,False,1.460144927536232,severe_x_ge_1.3,62.307675651715705,59.79510175069731,-2.512573901018392
2,withShortLanes,3556,130.0|A:15.0|B:62.0|C:6.0|D:23.0,False,1.644802867383513,severe_x_ge_1.3,50.63764496099199,52.39495345298233,1.7573084919903366
2,withShortLanes,3558,80.0|A:15.0|B:27.0|C:6.0|D:8.0,True,1.614814814814815,severe_x_ge_1.3,33.264480712166176,35.24517900494476,1.980698292778584
2,withShortLanes,3563,130.0|A:14.0|B:57.0|C:9.0|D:26.0,False,1.6560428849902535,severe_x_ge_1.3,47.30954509197027,50.79296661670819,3.4834215247379205
2,withShortLanes,3566,120.0|A:22.0|B:40.0|C:6.0|D:28.0,False,1.47,severe_x_ge_1.3,53.59766211604096,55.37757615221924,1.7799140361782833
2,withShortLanes,3571,130.0|A:21.0|B:50.0|C:6.0|D:29.0,False,1.7434444444444444,severe_x_ge_1.3,59.16403169753652,55.000061254195046,-4.163970443341476
2,withShortLanes,3572,140.0|A:25.0|B:58.0|C:8.0|D:25.0,False,1.8693486590038315,severe_x_ge_1.3,69.78594919162697,64.34528619798076,-5.440662993646214
2,withShortLanes,3573,80.0|A:9.0|B:33.0|C:6.0|D:8.0,True,1.490909090909091,severe_x_ge_1.3,30.212695924764887,28.62232106636698,-1.590374858397908
2,withShortLanes,3574,90.0|A:16.0|B:31.0|C:6.0|D:13.0,True,1.3806451612903226,severe_x_ge_1.3,34.48132394366198,37.44676904562892,2.9654451019669423
2,withShortLanes,3575,130.0|A:28.0|B:54.0|C:6.0|D:18.0,False,1.71059670781893,severe_x_ge_1.3,69.9410620584813,52.53553780230641,-17.405524256174886
2,withShortLanes,3577,150.0|A:11.0|B:70.0|C:7.0|D:38.0,False,1.926190476190476,severe_x_ge_1.3,52.544570467505615,61.151296323760505,8.60672585625489
2,withShortLanes,3585,130.0|A:8.0|B:65.0|C:6.0|D:27.0,False,1.501111111111111,severe_x_ge_1.3,41.49872999581848,44.74138524942955,3.242655253611069
2,withShortLanes,3587,150.0|A:16.0|B:67.0|C:6.0|D:37.0,False,1.7139303482587065,severe_x_ge_1.3,64.95991847730838,62.72672327202575,-2.2331952052826267
2,withShortLanes,3595,150.0|A:24.0|B:64.0|C:7.0|D:31.0,False,1.7252604166666667,severe_x_ge_1.3,68.33978057289819,64.68271317478627,-3.65706739811192
2,withShortLanes,3598,140.0|A:14.0|B:61.0|C:7.0|D:34.0,False,1.8092896174863389,severe_x_ge_1.3,62.67025811124461,61.31198082643992,-1.358277284804693
2,withShortLanes,3601,130.0|A:6.0|B:82.0|C:6.0|D:12.0,False,1.5219512195121951,severe_x_ge_1.3,30.204581459099437,36.613615958979686,6.409034499880253
2,withShortLanes,3606,150.0|A:31.0|B:60.0|C:6.0|D:29.0,False,1.5138888888888886,severe_x_ge_1.3,85.6253619471686,70.09104088256937,-15.534321064599226
2,withShortLanes,3608,110.0|A:8.0|B:53.0|C:6.0|D:19.0,False,1.7814465408805031,severe_x_ge_1.3,40.65562518775197,42.83457557174437,2.178950383992394
2,withShortLanes,3611,130.0|A:24.0|B:50.0|C:6.0|D:26.0,False,1.4877777777777776,severe_x_ge_1.3,61.62514643379211,57.5784908641103,-4.0466555696818105
2,withShortLanes,3612,70.0|A:12.0|B:22.0|C:6.0|D:6.0,False,1.3098484848484848,severe_x_ge_1.3,30.89110799243289,31.246117062666045,0.3550090702331552
2,withShortLanes,3615,130.0|A:7.0|B:63.0|C:9.0|D:27.0,False,1.783774250440917,severe_x_ge_1.3,47.63252980086284,51.510696507814735,3.878166706951895
2,withShortLanes,3617,140.0|A:31.0|B:50.0|C:6.0|D:29.0,False,1.728222222222222,severe_x_ge_1.3,62.57622026778662,62.73790945700332,0.1616891892167018
2,withShortLanes,3618,130.0|A:12.0|B:55.0|C:6.0|D:33.0,False,1.6506060606060606,severe_x_ge_1.3,50.42346784250687,53.32153091599617,2.898063073489304
2,withShortLanes,3619,130.0|A:25.0|B:50.0|C:6.0|D:25.0,False,1.5513333333333332,severe_x_ge_1.3,66.52642295952629,56.75483413845947,-9.771588821066814
2,withShortLanes,3622,80.0|A:12.0|B:31.0|C:6.0|D:7.0,True,1.5225806451612902,severe_x_ge_1.3,29.323702422145328,27.85052661655255,-1.4731758055927775
2,withShortLanes,3623,140.0|A:24.0|B:60.0|C:8.0|D:24.0,False,1.9535185185185189,severe_x_ge_1.3,59.86952264191663,60.83039131301207,0.9608686710954472
2,withShortLanes,3626,130.0|A:13.0|B:57.0|C:9.0|D:27.0,False,1.887914230019493,severe_x_ge_1.3,54.4798870387074,55.5651821023138,1.0852950636063952
2,withShortLanes,3627,140.0|A:7.0|B:64.0|C:6.0|D:39.0,False,1.53125,severe_x_ge_1.3,48.96321714039596,53.17450762448564,4.211290484089673
2,withShortLanes,3631,140.0|A:31.0|B:55.0|C:6.0|D:24.0,False,1.7521212121212122,severe_x_ge_1.3,60.229831291689,61.9830149889895,1.7531836973005
2,withShortLanes,3650,110.0|A:21.0|B:47.0|C:6.0|D:12.0,True,1.582387706855792,severe_x_ge_1.3,37.83042354973139,39.04704162578905,1.2166180760576566
2,withShortLanes,3659,140.0|A:27.0|B:53.0|C:9.0|D:27.0,False,1.606918238993711,severe_x_ge_1.3,65.03936114033174,62.89776252366112,-2.1415986166706134
2,withShortLanes,3664,130.0|A:21.0|B:60.0|C:6.0|D:19.0,False,1.5202777777777776,severe_x_ge_1.3,55.835650975427455,54.67122189163983,-1.164429083787624
2,withShortLanes,3665,90.0|A:6.0|B:44.0|C:6.0|D:10.0,True,1.3,severe_x_ge_1.3,27.98761904761904,26.716668018297277,-1.2709510293217647
2,withShortLanes,3667,90.0|A:14.0|B:33.0|C:6.0|D:13.0,True,1.6848484848484848,severe_x_ge_1.3,31.6578787878788,36.85704730375328,5.199168515874476
2,withShortLanes,3669,80.0|A:15.0|B:27.0|C:6.0|D:8.0,True,1.6888888888888889,severe_x_ge_1.3,30.710787671232875,33.42973551724382,2.718947846010945
2,withShortLanes,3670,130.0|A:23.0|B:51.0|C:6.0|D:26.0,True,1.489760348583878,severe_x_ge_1.3,52.07985734096897,55.67715949569963,3.597302154730656
2,withShortLanes,3671,140.0|A:31.0|B:54.0|C:6.0|D:25.0,False,1.6967078189300413,severe_x_ge_1.3,55.76770782520196,58.82143774165047,3.0537299164485106
2,withShortLanes,3672,100.0|A:19.0|B:44.0|C:6.0|D:7.0,False,1.6085858585858586,severe_x_ge_1.3,34.00665886151585,36.81332522047017,2.806666358954317
2,withShortLanes,3684,80.0|A:14.0|B:26.0|C:6.0|D:10.0,True,1.5846153846153843,severe_x_ge_1.3,32.32235668789809,32.55397468648503,0.231617998586934
2,withShortLanes,3689,80.0|A:12.0|B:27.0|C:6.0|D:11.0,True,1.3777777777777778,severe_x_ge_1.3,29.41252707581227,31.180679642239436,1.7681525664271618
2,withShortLanes,3691,100.0|A:10.0|B:40.0|C:6.0|D:20.0,True,1.5499999999999998,severe_x_ge_1.3,37.8354369880042,38.80262256137588,0.9671855733716797
2,withShortLanes,3694,80.0|A:15.0|B:24.0|C:6.0|D:11.0,True,1.25,moderate_1.0_le_x_lt_1.3,33.31855172413793,33.39442851561687,0.0758767914789402
2,withShortLanes,3699,90.0|A:18.0|B:32.0|C:6.0|D:10.0,True,1.425,severe_x_ge_1.3,33.077232142857135,34.531457524002974,1.4542253811458394
2,withShortLanes,3711,100.0|A:7.0|B:49.0|C:6.0|D:14.0,False,1.4126984126984126,severe_x_ge_1.3,31.1160052965265,29.874835171450275,-1.2411701250762237
2,withShortLanes,3713,90.0|A:17.0|B:32.0|C:6.0|D:11.0,True,1.4374999999999998,severe_x_ge_1.3,34.32448087431695,36.16324899191698,1.8387681176000328
2,withShortLanes,3714,80.0|A:12.0|B:28.0|C:6.0|D:10.0,True,1.3,severe_x_ge_1.3,31.68958064516129,32.94514331464565,1.255562669484359
2,withShortLanes,3715,120.0|A:24.0|B:44.0|C:6.0|D:22.0,False,1.7272727272727273,severe_x_ge_1.3,50.51609374999999,52.75736509303315,2.241271343033162
2,withShortLanes,3717,90.0|A:9.0|B:40.0|C:6.0|D:11.0,True,1.4900000000000002,severe_x_ge_1.3,33.438167938931294,31.468488173976805,-1.9696797649544884
2,withShortLanes,3719,90.0|A:10.0|B:35.0|C:6.0|D:15.0,True,1.7257142857142858,severe_x_ge_1.3,32.13862359550562,32.2865800935791,0.1479564980734764
2,withShortLanes,3724,90.0|A:8.0|B:38.0|C:6.0|D:14.0,True,1.5473684210526315,severe_x_ge_1.3,32.14298200514139,32.07113603625383,-0.0718459688875583
2,withShortLanes,3726,110.0|A:6.0|B:50.0|C:6.0|D:24.0,True,1.5595555555555556,severe_x_ge_1.3,36.08694415974427,37.25303972708283,1.166095567338559
2,withShortLanes,3742,90.0|A:15.0|B:34.0|C:6.0|D:11.0,True,1.2705882352941176,moderate_1.0_le_x_lt_1.3,31.45765395894428,32.19741873028084,0.7397647713365565
2,withShortLanes,3743,110.0|A:7.0|B:57.0|C:6.0|D:16.0,False,1.4248538011695906,severe_x_ge_1.3,34.226507811656155,37.66234368995335,3.4358358782971976
2,withShortLanes,3744,80.0|A:6.0|B:32.0|C:6.0|D:12.0,True,1.4,severe_x_ge_1.3,27.20510416666667,25.55649054671709,-1.648613619949579
2,withShortLanes,3747,70.0|A:12.0|B:22.0|C:6.0|D:6.0,False,1.34520202020202,severe_x_ge_1.3,27.3205700629613,27.65695759727691,0.3363875343156124
2,withShortLanes,3749,80.0|A:10.0|B:29.0|C:6.0|D:11.0,True,1.6,severe_x_ge_1.3,30.140371517027862,30.208324641588188,0.0679531245603257
2,withShortLanes,3750,110.0|A:19.0|B:45.0|C:6.0|D:16.0,True,1.3593827160493823,severe_x_ge_1.3,42.91462215290533,43.012727373136926,0.098105220231595
2,withShortLanes,3753,100.0|A:13.0|B:42.0|C:6.0|D:15.0,True,1.5806878306878307,severe_x_ge_1.3,35.564406740595096,36.12324416069327,0.5588374200981718
2,withShortLanes,3754,90.0|A:15.0|B:31.0|C:6.0|D:14.0,True,1.716129032258065,severe_x_ge_1.3,36.012185792349726,38.01932782714918,2.007142034799457
2,withShortLanes,3761,100.0|A:21.0|B:36.0|C:6.0|D:13.0,False,1.589506172839506,severe_x_ge_1.3,39.32630093207825,40.85451474959202,1.5282138175137732
2,withShortLanes,3762,80.0|A:15.0|B:27.0|C:6.0|D:8.0,True,1.1703703703703705,moderate_1.0_le_x_lt_1.3,30.128657243816257,31.71317236173991,1.5845151179236543
2,withShortLanes,3763,120.0|A:15.0|B:57.0|C:6.0|D:18.0,False,1.3333333333333333,severe_x_ge_1.3,42.20951827242525,44.737986967298845,2.5284686948735957
2,withShortLanes,3765,100.0|A:17.0|B:38.0|C:6.0|D:15.0,True,1.7573099415204678,severe_x_ge_1.3,39.94118525367143,42.420025251552445,2.4788399978810176
2,withShortLanes,3770,90.0|A:12.0|B:33.0|C:6.0|D:15.0,False,1.478787878787879,severe_x_ge_1.3,35.24438596491228,36.582665239854784,1.3382792749425008
2,withShortLanes,3774,140.0|A:20.0|B:57.0|C:6.0|D:33.0,False,1.761598440545809,severe_x_ge_1.3,55.90960152088957,58.269237744484094,2.3596362235945207
2,withShortLanes,3777,90.0|A:6.0|B:38.0|C:6.0|D:16.0,True,1.463157894736842,severe_x_ge_1.3,29.520736543909337,28.63393523975845,-0.8868013041508824
2,withShortLanes,3778,100.0|A:15.0|B:38.0|C:6.0|D:17.0,True,1.7792397660818713,severe_x_ge_1.3,38.78969977067148,41.57983221881651,2.7901324481450374
2,withShortLanes,3779,100.0|A:13.0|B:41.0|C:6.0|D:16.0,True,1.5027100271002711,severe_x_ge_1.3,36.820429114627935,36.13526878062373,-0.6851603340042018
2,withShortLanes,3781,100.0|A:14.0|B:39.0|C:6.0|D:17.0,False,1.7122507122507122,severe_x_ge_1.3,35.612950135361274,38.514671469502765,2.901721334141492
2,withShortLanes,3789,120.0|A:6.0|B:55.0|C:6.0|D:29.0,False,1.6145454545454545,severe_x_ge_1.3,45.167819905213285,43.88174310560312,-1.2860767996101643
2,withShortLanes,3793,90.0|A:6.0|B:40.0|C:6.0|D:14.0,True,1.3,severe_x_ge_1.3,29.393591954023,27.20430863701053,-2.189283317012464
2,withShortLanes,3798,80.0|A:11.0|B:27.0|C:6.0|D:12.0,True,1.6296296296296298,severe_x_ge_1.3,32.19196319018406,33.790556556587426,1.5985933664033638
2,withShortLanes,3804,110.0|A:26.0|B:37.0|C:6.0|D:17.0,False,1.557507507507507,severe_x_ge_1.3,44.00636978750836,45.0631236229985,1.0567538354901416
2,withShortLanes,3805,90.0|A:6.0|B:26.0|C:6.0|D:28.0,False,1.7076923076923078,severe_x_ge_1.3,36.6805352112676,39.05155476140813,2.371019550140531
2,withShortLanes,3809,90.0|A:9.0|B:40.0|C:6.0|D:11.0,True,1.59,severe_x_ge_1.3,30.312325581395346,31.638850492948556,1.3265249115532072
2,withShortLanes,3812,80.0|A:10.0|B:28.0|C:6.0|D:12.0,True,1.442857142857143,severe_x_ge_1.3,29.35802120141344,27.095162376061584,-2.262858825351852
2,withShortLanes,3817,80.0|A:12.0|B:27.0|C:6.0|D:11.0,True,1.5703703703703704,severe_x_ge_1.3,31.850961538461533,31.05318687294356,-0.7977746655179772
2,withShortLanes,3818,70.0|A:6.0|B:26.0|C:6.0|D:8.0,False,1.6467948717948715,severe_x_ge_1.3,28.82371142168436,27.314338174682064,-1.5093732470022978
2,withShortLanes,3823,100.0|A:6.0|B:46.0|C:6.0|D:18.0,True,1.5386473429951688,severe_x_ge_1.3,32.16084326758987,30.47639419693521,-1.684449070654658
2,withShortLanes,3842,100.0|A:21.0|B:36.0|C:6.0|D:13.0,False,1.6111111111111112,severe_x_ge_1.3,38.1196546299938,38.64968483911296,0.530030209119154
2,withShortLanes,3844,90.0|A:8.0|B:42.0|C:6.0|D:10.0,False,1.4571428571428573,severe_x_ge_1.3,30.23713888888889,27.43048371103273,-2.806655177856157
2,withShortLanes,3849,110.0|A:22.0|B:43.0|C:6.0|D:15.0,True,1.6372093023255814,severe_x_ge_1.3,44.475247165771215,44.73930457586864,0.264057410097422
2,withShortLanes,3855,80.0|A:13.0|B:27.0|C:6.0|D:10.0,True,1.3925925925925924,severe_x_ge_1.3,29.00269102990034,31.58081426851034,2.578123238610001
2,withShortLanes,3861,80.0|A:9.0|B:31.0|C:6.0|D:10.0,True,1.4193548387096775,severe_x_ge_1.3,28.91120634920636,30.41425606794597,1.503049718739618
2,withShortLanes,3862,70.0|A:6.0|B:23.0|C:6.0|D:11.0,False,1.3915458937198066,severe_x_ge_1.3,29.62648931994232,28.312253023241297,-1.3142362967010186
2,withShortLanes,3870,70.0|A:6.0|B:25.0|C:6.0|D:9.0,True,1.3113333333333332,severe_x_ge_1.3,29.218018472021583,25.978707953412115,-3.239310518609468
2,withShortLanes,3871,80.0|A:11.0|B:30.0|C:6.0|D:9.0,True,1.3733333333333333,severe_x_ge_1.3,29.06621993127148,27.789918190582465,-1.2763017406890107
2,withShortLanes,3873,100.0|A:21.0|B:34.0|C:6.0|D:15.0,True,1.565359477124183,severe_x_ge_1.3,40.22799420610187,40.539898885542215,0.3119046794403459
2,withShortLanes,3874,100.0|A:20.0|B:38.0|C:6.0|D:12.0,True,1.2309941520467838,moderate_1.0_le_x_lt_1.3,37.7327646167532,41.58248182847007,3.849717211716879
2,withShortLanes,3881,80.0|A:15.0|B:24.0|C:6.0|D:11.0,True,1.3333333333333337,severe_x_ge_1.3,33.734379310344835,33.34961241163559,-0.3847668987092447
2,withShortLanes,3884,90.0|A:16.0|B:31.0|C:6.0|D:13.0,True,1.3419354838709676,severe_x_ge_1.3,33.34210682492581,32.835128401273266,-0.5069784236525408
2,withShortLanes,3890,100.0|A:15.0|B:42.0|C:6.0|D:13.0,True,1.3994708994708993,severe_x_ge_1.3,34.95591115634914,38.33179632796983,3.375885171620688
2,withShortLanes,3896,90.0|A:17.0|B:32.0|C:6.0|D:11.0,True,1.4374999999999998,severe_x_ge_1.3,35.2539798488665,37.5802314793432,2.3262516304766976
2,withShortLanes,3898,100.0|A:6.0|B:47.0|C:6.0|D:17.0,True,1.4125295508274232,severe_x_ge_1.3,30.1898110878542,31.22098494433685,1.0311738564826527
2,withShortLanes,3899,110.0|A:20.0|B:42.0|C:6.0|D:18.0,True,1.342989417989418,severe_x_ge_1.3,39.84207034417432,41.321790090250616,1.4797197460762987
2,withShortLanes,3902,80.0|A:7.0|B:30.0|C:6.0|D:13.0,False,1.5066666666666666,severe_x_ge_1.3,29.332935153583623,28.342250722947675,-0.990684430635948
2,withShortLanes,3905,70.0|A:11.0|B:23.0|C:6.0|D:6.0,True,1.4084541062801932,severe_x_ge_1.3,31.668513081019245,28.104709501669905,-3.56380357934934
2,withShortLanes,3907,100.0|A:17.0|B:37.0|C:6.0|D:16.0,False,1.3303303303303304,severe_x_ge_1.3,35.28129052611015,36.52290500057998,1.2416144744698343
2,withShortLanes,3910,90.0|A:17.0|B:29.0|C:6.0|D:14.0,True,1.7103448275862068,severe_x_ge_1.3,37.590920716112535,38.40899451728896,0.8180738011764248
2,withShortLanes,3911,90.0|A:12.0|B:33.0|C:6.0|D:15.0,False,1.5151515151515154,severe_x_ge_1.3,34.28468827930175,35.812786489763056,1.5280982104613088
2,withShortLanes,3922,100.0|A:13.0|B:38.0|C:6.0|D:19.0,False,1.263157894736842,moderate_1.0_le_x_lt_1.3,35.986940172952664,35.66911927135792,-0.3178209015947431
2,withShortLanes,3925,110.0|A:25.0|B:40.0|C:6.0|D:15.0,True,1.7706944444444443,severe_x_ge_1.3,45.204755433037576,47.39013478608851,2.1853793530509336
2,withShortLanes,3926,140.0|A:20.0|B:60.0|C:6.0|D:30.0,False,1.766851851851852,severe_x_ge_1.3,52.80018280738491,53.07851078100256,0.2783279736176567
2,withShortLanes,3928,90.0|A:19.0|B:30.0|C:6.0|D:11.0,False,1.44,severe_x_ge_1.3,34.66240223463687,36.41755086168671,1.7551486270498344
2,withShortLanes,3930,80.0|A:10.0|B:27.0|C:6.0|D:13.0,True,1.5555555555555556,severe_x_ge_1.3,31.94259385665528,29.546790473122822,-2.3958033835324564
2,withShortLanes,3931,100.0|A:19.0|B:38.0|C:6.0|D:13.0,True,1.4005847953216377,severe_x_ge_1.3,38.17113352391018,41.7142487098952,3.543115185985023
2,withShortLanes,3934,110.0|A:19.0|B:46.0|C:6.0|D:15.0,True,1.4082125603864737,severe_x_ge_1.3,38.86996650508217,42.48964224217033,3.6196757370881656
2,withShortLanes,3936,100.0|A:19.0|B:36.0|C:6.0|D:15.0,True,1.3117283950617284,severe_x_ge_1.3,37.99798911279577,42.31647154859044,4.318482435794671
2,withShortLanes,3940,120.0|A:12.0|B:56.0|C:6.0|D:22.0,False,1.7428571428571429,severe_x_ge_1.3,46.18076119402984,48.201270167191616,2.0205089731617747
2,withShortLanes,3941,90.0|A:12.0|B:36.0|C:6.0|D:12.0,True,1.4999999999999998,severe_x_ge_1.3,34.41619946091644,31.939832724662143,-2.476366736254296
2,withShortLanes,3943,90.0|A:6.0|B:42.0|C:6.0|D:12.0,True,1.5523809523809524,severe_x_ge_1.3,30.8785393258427,27.732867598425194,-3.145671727417504
2,withShortLanes,3946,120.0|A:22.0|B:50.0|C:6.0|D:18.0,False,1.6,severe_x_ge_1.3,43.91039711191335,44.89763650775107,0.987239395837726
2,withShortLanes,3950,100.0|A:12.0|B:39.0|C:6.0|D:19.0,False,1.4772079772079771,severe_x_ge_1.3,34.88198821512307,35.186681118670904,0.3046929035478314
2,withShortLanes,3956,100.0|A:18.0|B:39.0|C:6.0|D:13.0,True,1.5484330484330484,severe_x_ge_1.3,36.28418169630138,39.61897849587946,3.334796799578079
2,withShortLanes,3957,80.0|A:12.0|B:28.0|C:6.0|D:10.0,True,1.6428571428571428,severe_x_ge_1.3,30.837507987220445,30.45587860770699,-0.3816293795134555
2,withShortLanes,3958,100.0|A:19.0|B:37.0|C:6.0|D:14.0,True,1.665165165165165,severe_x_ge_1.3,39.88133500239389,40.68645578967196,0.8051207872780708
2,withShortLanes,3960,110.0|A:18.0|B:49.0|C:6.0|D:13.0,False,1.346938775510204,severe_x_ge_1.3,37.43222373812592,38.46766860251178,1.035444864385859
2,withShortLanes,3963,80.0|A:14.0|B:23.0|C:6.0|D:13.0,False,1.565217391304348,severe_x_ge_1.3,33.88952054794521,33.66443036467079,-0.2250901832744176
2,withShortLanes,3964,90.0|A:13.0|B:39.0|C:6.0|D:8.0,False,1.5282051282051283,severe_x_ge_1.3,30.730245398773004,28.39961728875844,-2.330628110014562
2,withShortLanes,3965,90.0|A:16.0|B:32.0|C:6.0|D:12.0,True,1.2875,moderate_1.0_le_x_lt_1.3,33.422849002849006,35.27706634973992,1.8542173468909129
2,withShortLanes,3968,80.0|A:13.0|B:27.0|C:6.0|D:10.0,True,1.6296296296296298,severe_x_ge_1.3,32.77560509554141,32.11575543234718,-0.6598496631942297
2,withShortLanes,3971,90.0|A:8.0|B:39.0|C:6.0|D:13.0,False,1.2615384615384615,moderate_1.0_le_x_lt_1.3,31.608941504178286,28.749370922084932,-2.859570582093351
2,withShortLanes,3975,80.0|A:10.0|B:27.0|C:6.0|D:13.0,True,1.5555555555555556,severe_x_ge_1.3,31.79685358255451,31.15131798973233,-0.6455355928221778
2,withShortLanes,3983,100.0|A:6.0|B:48.0|C:6.0|D:16.0,True,1.3912037037037035,severe_x_ge_1.3,31.29484196192173,30.721529079408125,-0.5733128825136049
2,withShortLanes,3985,110.0|A:19.0|B:40.0|C:6.0|D:21.0,False,1.740138888888889,severe_x_ge_1.3,45.55528171003501,46.80932995938544,1.25404824935044
2,withShortLanes,3986,110.0|A:21.0|B:44.0|C:6.0|D:15.0,True,1.372222222222222,severe_x_ge_1.3,41.85436639615803,44.66443970702799,2.81007331086996
2,withShortLanes,3992,120.0|A:24.0|B:51.0|C:6.0|D:15.0,False,1.623529411764706,severe_x_ge_1.3,43.649555160142334,45.53160151900198,1.8820463588596468
2,withShortLanes,3993,100.0|A:8.0|B:45.0|C:6.0|D:17.0,False,1.280246913580247,moderate_1.0_le_x_lt_1.3,33.70837592413873,33.22088424798693,-0.487491676151798
2,withShortLanes,3997,110.0|A:22.0|B:42.0|C:6.0|D:16.0,False,1.705291005291005,severe_x_ge_1.3,42.379005011626845,47.06267136004176,4.683666348414917
2,withShortLanes,3998,100.0|A:21.0|B:36.0|C:6.0|D:13.0,False,1.3225308641975309,severe_x_ge_1.3,38.05034517048558,42.99964752652805,4.949302356042473
2,withShortLanes,4003,130.0|A:26.0|B:56.0|C:6.0|D:18.0,False,1.3567460317460316,severe_x_ge_1.3,43.39441947225052,49.96198952253663,6.567570050286115
2,withShortLanes,4004,90.0|A:17.0|B:31.0|C:6.0|D:12.0,True,1.3290322580645162,severe_x_ge_1.3,33.151348973607035,34.51137626071881,1.360027287111777
2,withShortLanes,4007,110.0|A:18.0|B:45.0|C:6.0|D:17.0,True,1.7151851851851851,severe_x_ge_1.3,42.10598143614806,41.61849118013119,-0.4874902560168763
2,withShortLanes,4011,150.0|A:32.0|B:63.0|C:6.0|D:25.0,False,1.6574074074074074,severe_x_ge_1.3,75.31067058296306,69.07684891692533,-6.233821666037727
2,withShortLanes,4019,100.0|A:18.0|B:43.0|C:6.0|D:9.0,False,1.4237726098191217,severe_x_ge_1.3,34.68704372389031,34.089073206045406,-0.5979705178449066
2,withShortLanes,4025,70.0|A:11.0|B:23.0|C:6.0|D:6.0,True,1.3036231884057972,severe_x_ge_1.3,29.442001782628505,26.49671981130201,-2.9452819713264944
2,withShortLanes,4029,150.0|A:27.0|B:59.0|C:7.0|D:33.0,False,1.7824858757062148,severe_x_ge_1.3,63.66904283658205,64.31136672515379,0.6423238885717382
2,withShortLanes,4033,90.0|A:12.0|B:41.0|C:6.0|D:7.0,False,1.2195121951219512,moderate_1.0_le_x_lt_1.3,29.94665,34.74075959747843,4.794109597478432
2,withShortLanes,4034,150.0|A:19.0|B:84.0|C:6.0|D:17.0,False,1.671626984126984,severe_x_ge_1.3,59.49668523057927,55.77404254523464,-3.722642685344624
2,withShortLanes,4039,90.0|A:21.0|B:31.0|C:6.0|D:8.0,True,1.5096774193548388,severe_x_ge_1.3,34.2813698630137,38.876560507522655,4.595190644508953
2,withShortLanes,4044,80.0|A:10.0|B:32.0|C:6.0|D:8.0,True,1.4125,severe_x_ge_1.3,29.93827692307693,30.72893018162061,0.7906532585436779
2,withShortLanes,4045,90.0|A:21.0|B:33.0|C:6.0|D:6.0,True,1.4303030303030306,severe_x_ge_1.3,37.13441734417344,36.15234039443304,-0.9820769497404028
2,withShortLanes,4051,90.0|A:11.0|B:43.0|C:6.0|D:6.0,True,1.3116279069767445,severe_x_ge_1.3,28.77877192982456,32.7276155906537,3.948843660829137
2,withShortLanes,4053,150.0|A:34.0|B:57.0|C:9.0|D:26.0,False,1.796783625730994,severe_x_ge_1.3,82.7878414256572,70.98001504723088,-11.807826378426329
2,withShortLanes,4055,150.0|A:32.0|B:62.0|C:8.0|D:24.0,False,1.5940860215053765,severe_x_ge_1.3,84.10779762652925,67.21153401077945,-16.896263615749803
2,withShortLanes,4057,140.0|A:30.0|B:57.0|C:7.0|D:22.0,False,1.5923976608187134,severe_x_ge_1.3,64.39989920007984,60.86953738587015,-3.530361814209698
2,withShortLanes,4061,150.0|A:20.0|B:66.0|C:6.0|D:34.0,False,1.91540404040404,severe_x_ge_1.3,68.20818537647102,65.74601770152492,-2.4621676749461017
2,withShortLanes,4062,90.0|A:20.0|B:32.0|C:6.0|D:8.0,True,1.65,severe_x_ge_1.3,34.99596256684492,37.08124339865004,2.0852808318051217
2,withShortLanes,4065,90.0|A:19.0|B:34.0|C:6.0|D:7.0,False,1.2,moderate_1.0_le_x_lt_1.3,34.028388888888884,37.35651848798679,3.328129599097906
2,withShortLanes,4071,150.0|A:27.0|B:56.0|C:6.0|D:37.0,False,1.7291666666666663,severe_x_ge_1.3,72.35737200687706,65.16563029464544,-7.191741712231618
2,withShortLanes,4074,80.0|A:9.0|B:35.0|C:6.0|D:6.0,True,1.3485714285714283,severe_x_ge_1.3,29.51565217391304,27.814872369458968,-1.700779804454072
2,withShortLanes,4078,150.0|A:28.0|B:60.0|C:6.0|D:32.0,False,1.959722222222222,severe_x_ge_1.3,68.22695157252284,66.21659563350264,-2.010355939020201
2,withShortLanes,4086,130.0|A:14.0|B:56.0|C:6.0|D:30.0,False,1.978373015873016,severe_x_ge_1.3,54.50633788096338,52.21560902515737,-2.290728855806009
2,withShortLanes,4087,100.0|A:14.0|B:45.0|C:6.0|D:11.0,False,1.3950617283950617,severe_x_ge_1.3,36.00069997647817,35.946595476904065,-0.0541044995741017
2,withShortLanes,4088,130.0|A:14.0|B:56.0|C:6.0|D:30.0,False,1.6146825396825395,severe_x_ge_1.3,54.7705703722601,52.628496113878064,-2.1420742583820385
2,withShortLanes,4090,150.0|A:15.0|B:71.0|C:10.0|D:30.0,False,1.847417840375587,severe_x_ge_1.3,59.74421163034455,60.57049649598586,0.8262848656413126
2,withShortLanes,4091,150.0|A:28.0|B:66.0|C:6.0|D:26.0,True,1.7398989898989898,severe_x_ge_1.3,64.67067792173093,65.21320190155572,0.542523979824793
2,withShortLanes,4093,150.0|A:20.0|B:69.0|C:6.0|D:31.0,False,1.4951690821256038,severe_x_ge_1.3,57.55749424617618,58.33126110834824,0.7737668621720601
2,withShortLanes,4099,150.0|A:22.0|B:68.0|C:7.0|D:29.0,False,1.8112745098039216,severe_x_ge_1.3,65.46070324037856,66.08322506303332,0.6225218226547611
2,withShortLanes,4100,110.0|A:24.0|B:39.0|C:6.0|D:17.0,True,1.8772079772079773,severe_x_ge_1.3,49.17137143304205,50.52989046090603,1.3585190278639845
2,withShortLanes,4101,80.0|A:14.0|B:28.0|C:6.0|D:8.0,True,1.4285714285714286,severe_x_ge_1.3,32.85728476821191,30.37313818501921,-2.4841465831927003
2,withShortLanes,4103,100.0|A:16.0|B:42.0|C:6.0|D:12.0,True,1.8002645502645502,severe_x_ge_1.3,36.972453098003854,40.45699744306372,3.4845443450598665
2,withShortLanes,4105,150.0|A:6.0|B:90.0|C:6.0|D:24.0,False,1.612962962962963,severe_x_ge_1.3,39.870768659266126,46.95065890760078,7.079890248334657
2,withShortLanes,4106,110.0|A:19.0|B:49.0|C:6.0|D:12.0,False,1.411791383219955,severe_x_ge_1.3,36.89249040752803,39.33338380559737,2.440893398069342
2,withShortLanes,4109,130.0|A:10.0|B:64.0|C:6.0|D:26.0,False,1.437673611111111,severe_x_ge_1.3,47.771365726323786,49.969028774143446,2.19766304781966
2,withShortLanes,4110,140.0|A:15.0|B:60.0|C:7.0|D:34.0,False,1.82,severe_x_ge_1.3,61.13693377830064,58.77495719346118,-2.3619765848394607
2,withShortLanes,4113,120.0|A:6.0|B:64.0|C:6.0|D:20.0,False,1.6375,severe_x_ge_1.3,37.6489983844911,39.879720681034286,2.2307222965431848
2,withShortLanes,4120,140.0|A:24.0|B:61.0|C:6.0|D:25.0,False,1.6333333333333333,severe_x_ge_1.3,51.53917411854378,54.07167383686099,2.5324997183172044
2,withShortLanes,4121,150.0|A:21.0|B:69.0|C:7.0|D:29.0,False,1.716183574879227,severe_x_ge_1.3,51.06047851657229,58.60807698497421,7.547598468401915
2,withShortLanes,4124,110.0|A:12.0|B:43.0|C:6.0|D:25.0,False,1.6002583979328164,severe_x_ge_1.3,41.929454527397,44.06111914618999,2.131664618792989
2,withShortLanes,4128,100.0|A:19.0|B:44.0|C:6.0|D:7.0,False,1.5542929292929293,severe_x_ge_1.3,33.132405692356386,34.01812460098484,0.8857189086284549
2,withShortLanes,4132,140.0|A:19.0|B:62.0|C:6.0|D:29.0,True,1.935663082437276,severe_x_ge_1.3,61.73634221144813,65.21177336520853,3.475431153760397
2,withShortLanes,4133,90.0|A:16.0|B:34.0|C:6.0|D:10.0,True,1.6941176470588235,severe_x_ge_1.3,35.77374331550802,34.08539758955201,-1.6883457259560115
2,withShortLanes,4139,130.0|A:23.0|B:50.0|C:6.0|D:27.0,False,1.5599999999999998,severe_x_ge_1.3,61.15525787184428,56.178567492322536,-4.976690379521742
2,withShortLanes,4140,150.0|A:14.0|B:65.0|C:6.0|D:41.0,False,1.9628205128205127,severe_x_ge_1.3,59.90088703033995,61.16471060309351,1.2638235727535587
2,withShortLanes,4142,130.0|A:27.0|B:52.0|C:6.0|D:21.0,True,1.7458333333333331,severe_x_ge_1.3,55.08837759167065,53.82321458831638,-1.2651630033542671
2,withShortLanes,4149,130.0|A:15.0|B:57.0|C:8.0|D:26.0,False,1.705458089668616,severe_x_ge_1.3,53.87751356629631,54.59380598955179,0.7162924232554815
2,withShortLanes,4152,90.0|A:18.0|B:32.0|C:6.0|D:10.0,True,1.225,moderate_1.0_le_x_lt_1.3,34.87886363636364,37.86042972083821,2.981566084474572
2,withShortLanes,4156,150.0|A:15.0|B:74.0|C:7.0|D:30.0,False,1.7725225225225223,severe_x_ge_1.3,48.07398544504006,55.72036243913104,7.646376994090986
2,withShortLanes,4157,140.0|A:27.0|B:53.0|C:6.0|D:30.0,True,1.7654088050314467,severe_x_ge_1.3,61.108093109905205,58.61302175111739,-2.4950713587878184
2,withShortLanes,4158,90.0|A:7.0|B:45.0|C:6.0|D:8.0,False,1.3866666666666667,severe_x_ge_1.3,28.95555263157895,27.22019242015459,-1.7353602114243607
2,withShortLanes,4165,150.0|A:19.0|B:71.0|C:6.0|D:30.0,False,1.7523474178403755,severe_x_ge_1.3,53.156724152039615,57.14285130401386,3.986127151974245
2,withShortLanes,4167,90.0|A:15.0|B:35.0|C:6.0|D:10.0,True,1.6,severe_x_ge_1.3,34.5818449197861,33.908404715054715,-0.673440204731385
2,withShortLanes,4169,150.0|A:15.0|B:69.0|C:6.0|D:36.0,True,1.826086956521739,severe_x_ge_1.3,52.81645520654343,57.25427350149955,4.4378182949561165
2,withShortLanes,4172,140.0|A:26.0|B:63.0|C:7.0|D:20.0,False,1.5555555555555554,severe_x_ge_1.3,60.857125770746656,57.85304418930428,-3.004081581442378
2,withShortLanes,4173,100.0|A:20.0|B:42.0|C:6.0|D:8.0,True,1.371693121693122,severe_x_ge_1.3,36.43859584969938,38.447321562531336,2.0087257128319536
2,withShortLanes,4176,80.0|A:14.0|B:28.0|C:6.0|D:8.0,True,1.4571428571428573,severe_x_ge_1.3,34.93329376854598,32.438784187177525,-2.4945095813684546
2,withShortLanes,4180,140.0|A:19.0|B:67.0|C:6.0|D:24.0,False,1.8028192371475955,severe_x_ge_1.3,51.180805897431206,55.96725814499207,4.78645224756086
2,withShortLanes,4183,100.0|A:17.0|B:44.0|C:6.0|D:9.0,True,1.6452020202020203,severe_x_ge_1.3,34.11382466939535,35.76694336751322,1.653118698117872
2,withShortLanes,4184,130.0|A:11.0|B:60.0|C:7.0|D:28.0,False,1.6863888888888887,severe_x_ge_1.3,54.868377813816,52.397927292865006,-2.4704505209509904
2,withShortLanes,4190,90.0|A:17.0|B:36.0|C:6.0|D:7.0,True,1.5555555555555556,severe_x_ge_1.3,32.57783505154639,33.484183380722484,0.9063483291760974
2,withShortLanes,4191,140.0|A:27.0|B:47.0|C:8.0|D:34.0,False,1.9063829787234043,severe_x_ge_1.3,72.45197520472752,66.36079156521673,-6.091183639510788
2,withShortLanes,4192,120.0|A:18.0|B:52.0|C:6.0|D:20.0,True,1.446153846153846,severe_x_ge_1.3,48.54945945945944,49.30244807940708,0.7529886199476366
2,withShortLanes,4193,110.0|A:22.0|B:39.0|C:6.0|D:19.0,False,1.5794871794871796,severe_x_ge_1.3,45.29454319034085,48.13110313529658,2.836559944955731
2,withShortLanes,4196,110.0|A:22.0|B:48.0|C:6.0|D:10.0,False,1.4997685185185188,severe_x_ge_1.3,38.02086875652177,37.31857558397816,-0.7022931725436123
2,withShortLanes,4198,130.0|A:23.0|B:55.0|C:6.0|D:22.0,False,1.5350505050505052,severe_x_ge_1.3,56.5879560397986,55.157578388506494,-1.4303776512921047
2,withShortLanes,4200,120.0|A:12.0|B:54.0|C:6.0|D:24.0,True,1.4444444444444444,severe_x_ge_1.3,45.49225806451613,45.7976233221798,0.3053652576636665
2,withShortLanes,4201,120.0|A:22.0|B:43.0|C:6.0|D:25.0,False,1.711627906976744,severe_x_ge_1.3,50.90792452830188,52.19171286128373,1.283788332981857
2,withShortLanes,4202,120.0|A:19.0|B:48.0|C:7.0|D:22.0,False,1.8416666666666663,severe_x_ge_1.3,57.6647976011994,54.56605871812205,-3.098738883077353
2,withShortLanes,4206,150.0|A:25.0|B:58.0|C:6.0|D:37.0,False,1.4899425287356325,severe_x_ge_1.3,74.91152167894137,66.57471233130782,-8.336809347633547
2,withShortLanes,4207,100.0|A:22.0|B:36.0|C:6.0|D:12.0,True,1.7222222222222223,severe_x_ge_1.3,40.187404381448175,38.760401266945294,-1.427003114502881
2,withShortLanes,4208,140.0|A:14.0|B:63.0|C:6.0|D:33.0,False,1.5876543209876544,severe_x_ge_1.3,52.59642604562643,52.25571435342379,-0.3407116922026389
2,withShortLanes,4209,90.0|A:6.0|B:45.0|C:6.0|D:9.0,True,1.3422222222222222,severe_x_ge_1.3,27.32628571428572,26.930655951721214,-0.3956297625645071
2,withShortLanes,4210,130.0|A:27.0|B:61.0|C:6.0|D:12.0,False,1.580601092896175,severe_x_ge_1.3,48.394355091988125,47.04104172194019,-1.3533133700479354
2,withShortLanes,4216,100.0|A:7.0|B:55.0|C:6.0|D:8.0,False,1.2727272727272725,moderate_1.0_le_x_lt_1.3,31.44091623675106,33.13933833263714,1.6984220958860767
2,withShortLanes,4218,80.0|A:14.0|B:28.0|C:6.0|D:8.0,True,1.3,severe_x_ge_1.3,33.2258389261745,32.20703352914668,-1.018805397027819
2,withShortLanes,4221,130.0|A:19.0|B:54.0|C:6.0|D:27.0,False,1.563477366255144,severe_x_ge_1.3,54.6494624609351,53.86984627802976,-0.7796161829053432
2,withShortLanes,4222,130.0|A:25.0|B:46.0|C:6.0|D:29.0,False,1.5307971014492752,severe_x_ge_1.3,58.303365780270056,59.225750003738845,0.9223842234687892
2,withShortLanes,4224,120.0|A:26.0|B:50.0|C:6.0|D:14.0,False,1.392,severe_x_ge_1.3,51.6406158833063,53.98232676617545,2.341710882869144
2,withShortLanes,4225,150.0|A:18.0|B:71.0|C:8.0|D:29.0,False,1.5938967136150235,severe_x_ge_1.3,56.77678354744025,60.10938326292742,3.33259971548717
2,withShortLanes,4226,150.0|A:22.0|B:70.0|C:6.0|D:28.0,False,1.5773809523809526,severe_x_ge_1.3,63.469042644973,60.453894093290096,-3.015148551682905
2,withShortLanes,4229,150.0|A:26.0|B:61.0|C:6.0|D:33.0,False,1.836065573770492,severe_x_ge_1.3,64.08789557522292,66.63376254903294,2.545866973810021
2,withShortLanes,4231,140.0|A:9.0|B:65.0|C:6.0|D:36.0,False,1.8582905982905984,severe_x_ge_1.3,51.97051835688559,54.96498794166831,2.9944695847827205
2,withShortLanes,4235,100.0|A:16.0|B:38.0|C:6.0|D:16.0,True,1.5058479532163742,severe_x_ge_1.3,38.41804717315141,39.44874868215231,1.0307015090008989
2,withShortLanes,4236,90.0|A:16.0|B:34.0|C:6.0|D:10.0,True,1.4588235294117646,severe_x_ge_1.3,34.02677685950413,32.69364422262406,-1.333132636880073
2,withShortLanes,4242,140.0|A:29.0|B:51.0|C:7.0|D:29.0,False,1.6394335511982572,severe_x_ge_1.3,62.76416168663823,63.02022275098835,0.2560610643501277
2,withShortLanes,4245,80.0|A:18.0|B:25.0|C:6.0|D:7.0,False,1.504,severe_x_ge_1.3,32.565249169435226,33.11938213779278,0.5541329683575569
2,withShortLanes,4249,140.0|A:26.0|B:56.0|C:6.0|D:28.0,False,1.6291666666666664,severe_x_ge_1.3,52.65914158746956,58.8867148627175,6.227573275247934
2,withShortLanes,4250,140.0|A:23.0|B:58.0|C:6.0|D:29.0,False,1.6212643678160918,severe_x_ge_1.3,67.60467352575671,60.07033524074341,-7.534338285013305
2,withShortLanes,4252,120.0|A:11.0|B:57.0|C:6.0|D:22.0,False,1.4315789473684213,severe_x_ge_1.3,44.602052877138405,46.6949999662352,2.092947089096789
2,withShortLanes,4255,130.0|A:30.0|B:55.0|C:6.0|D:15.0,False,1.6440404040404042,severe_x_ge_1.3,65.14451365195654,58.75994389939122,-6.384569752565319
2,withShortLanes,4256,80.0|A:13.0|B:30.0|C:6.0|D:7.0,True,1.28,moderate_1.0_le_x_lt_1.3,27.594945454545456,26.48700758469416,-1.1079378698512947
2,withShortLanes,4257,130.0|A:16.0|B:58.0|C:7.0|D:25.0,False,1.7308429118773947,severe_x_ge_1.3,47.04215371991885,48.87262971520173,1.8304759952828815
2,withShortLanes,4258,80.0|A:9.0|B:33.0|C:6.0|D:8.0,True,1.5030303030303032,severe_x_ge_1.3,29.36111475409837,26.85232037211654,-2.508794381981829
2,withShortLanes,4262,130.0|A:20.0|B:53.0|C:6.0|D:27.0,False,1.6147798742138364,severe_x_ge_1.3,55.597980260268585,53.17265883758572,-2.4253214226828703
2,withShortLanes,4268,140.0|A:27.0|B:61.0|C:6.0|D:22.0,False,1.4497267759562842,severe_x_ge_1.3,59.21029481475727,57.548695886717546,-1.661598928039723
2,withShortLanes,4278,140.0|A:30.0|B:46.0|C:6.0|D:34.0,False,1.7567632850241546,severe_x_ge_1.3,66.28737024127712,64.74838518211378,-1.5389850591633376
2,withShortLanes,4279,140.0|A:16.0|B:64.0|C:6.0|D:30.0,False,1.8557291666666669,severe_x_ge_1.3,52.22952908800277,54.96009957838096,2.7305704903781987
2,withShortLanes,4280,80.0|A:12.0|B:30.0|C:6.0|D:8.0,False,1.4533333333333334,severe_x_ge_1.3,31.5315076923077,31.53244407659116,0.0009363842834595
2,withShortLanes,4284,140.0|A:12.0|B:69.0|C:9.0|D:26.0,False,1.768599033816425,severe_x_ge_1.3,49.54062240446,54.743005065073525,5.202382660613523
2,withShortLanes,4287,140.0|A:13.0|B:68.0|C:8.0|D:27.0,False,1.8586601307189543,severe_x_ge_1.3,53.62865913489172,58.94730486539633,5.318645730504613
2,withShortLanes,4288,120.0|A:17.0|B:36.0|C:6.0|D:37.0,False,1.5666666666666669,severe_x_ge_1.3,50.19521352313166,52.83019934890859,2.63498582577693
2,withShortLanes,4289,120.0|A:19.0|B:48.0|C:6.0|D:23.0,False,1.4583333333333333,severe_x_ge_1.3,48.76904109589042,50.025257815855056,1.256216719964634
2,withShortLanes,4293,90.0|A:10.0|B:42.0|C:6.0|D:8.0,False,1.523809523809524,severe_x_ge_1.3,30.068586118251933,30.420943000137573,0.3523568818856404
2,withShortLanes,4303,140.0|A:25.0|B:53.0|C:7.0|D:31.0,False,1.4264150943396228,severe_x_ge_1.3,73.55482561189994,66.88593298405598,-6.66889262784396
2,withShortLanes,4307,150.0|A:14.0|B:76.0|C:6.0|D:30.0,False,1.8684210526315788,severe_x_ge_1.3,50.46195991923777,56.07260916094173,5.610649241703953
2,withShortLanes,4308,140.0|A:24.0|B:62.0|C:6.0|D:24.0,False,1.6446236559139786,severe_x_ge_1.3,53.070257966555474,57.045546349673344,3.975288383117871
2,withShortLanes,4312,140.0|A:26.0|B:55.0|C:6.0|D:29.0,False,1.7309090909090912,severe_x_ge_1.3,57.432600403104814,56.70929270446104,-0.7233076986437723
2,withShortLanes,4324,130.0|A:11.0|B:62.0|C:6.0|D:27.0,False,1.6704301075268817,severe_x_ge_1.3,43.78142811586048,46.463683719866026,2.6822556040055474
2,withShortLanes,4325,150.0|A:18.0|B:75.0|C:6.0|D:27.0,False,2.0,severe_x_ge_1.3,65.74145153180662,61.77704573545579,-3.964405796350825
2,withShortLanes,4326,140.0|A:20.0|B:60.0|C:6.0|D:30.0,False,1.6203703703703705,severe_x_ge_1.3,62.18357705712802,59.54199932007132,-2.6415777370567
2,withShortLanes,4329,140.0|A:24.0|B:58.0|C:6.0|D:28.0,True,1.6212643678160918,severe_x_ge_1.3,63.27332150803793,56.78394194425369,-6.48937956378424
2,withShortLanes,4331,100.0|A:13.0|B:46.0|C:6.0|D:11.0,True,1.3478260869565215,severe_x_ge_1.3,34.49841401683613,35.574680255634725,1.0762662387985955
2,withShortLanes,4333,80.0|A:13.0|B:29.0|C:6.0|D:8.0,True,1.6137931034482758,severe_x_ge_1.3,30.869082278481024,32.018134536690056,1.149052258209032
2,withShortLanes,4336,90.0|A:20.0|B:30.0|C:6.0|D:10.0,True,1.5466666666666666,severe_x_ge_1.3,35.403664921465975,40.088365671943805,4.68470075047783
2,withShortLanes,4337,120.0|A:6.0|B:64.0|C:6.0|D:20.0,False,1.63125,severe_x_ge_1.3,38.64179844961239,40.41839737264816,1.7765989230357704
2,withShortLanes,4342,90.0|A:18.0|B:33.0|C:6.0|D:9.0,True,1.5757575757575757,severe_x_ge_1.3,33.446120689655174,33.56090153883326,0.1147808491780821
2,withShortLanes,4344,150.0|A:13.0|B:72.0|C:6.0|D:35.0,False,1.5891203703703705,severe_x_ge_1.3,54.64527283669839,56.26807933252638,1.6228064958279944
2,withShortLanes,4345,130.0|A:13.0|B:58.0|C:6.0|D:29.0,False,1.483045977011494,severe_x_ge_1.3,54.5279072076444,52.41212770031271,-2.115779507331688
2,withShortLanes,4346,140.0|A:28.0|B:48.0|C:6.0|D:34.0,False,1.5166666666666666,severe_x_ge_1.3,62.13156498954698,61.41306821378312,-0.7184967757638603
2,withShortLanes,4351,140.0|A:21.0|B:54.0|C:10.0|D:31.0,False,1.421604938271605,severe_x_ge_1.3,65.74167492839422,61.77388393055053,-3.967790997843686
2,withShortLanes,4352,150.0|A:17.0|B:53.0|C:11.0|D:45.0,False,1.5550314465408803,severe_x_ge_1.3,73.65621990657957,66.9303282175849,-6.725891688994665
2,withShortLanes,4357,120.0|A:23.0|B:47.0|C:6.0|D:20.0,False,1.6595744680851066,severe_x_ge_1.3,45.25308900523561,47.519705694660345,2.266616689424737
2,withShortLanes,4361,80.0|A:9.0|B:31.0|C:6.0|D:10.0,True,1.367741935483871,severe_x_ge_1.3,28.61288194444444,25.935764850518414,-2.6771170939260287
2,withShortLanes,4362,80.0|A:12.0|B:27.0|C:6.0|D:11.0,True,1.4074074074074072,severe_x_ge_1.3,32.29570934256056,30.73467083087496,-1.5610385116855952
2,withShortLanes,4371,70.0|A:7.0|B:23.0|C:6.0|D:10.0,False,1.5471014492753623,severe_x_ge_1.3,29.652361598732405,26.932280707364335,-2.7200808913680667
2,withShortLanes,4377,100.0|A:12.0|B:41.0|C:6.0|D:17.0,True,1.5799457994579946,severe_x_ge_1.3,35.54259051762975,35.2023398442365,-0.3402506733932497
2,withShortLanes,4385,90.0|A:6.0|B:44.0|C:6.0|D:10.0,True,1.3363636363636364,severe_x_ge_1.3,26.959040697674418,24.74038469123212,-2.2186560064422984
2,withShortLanes,4386,80.0|A:8.0|B:29.0|C:6.0|D:13.0,True,1.517241379310345,severe_x_ge_1.3,29.848640776699032,29.428105029404158,-0.4205357472948776
2,withShortLanes,4388,110.0|A:21.0|B:42.0|C:6.0|D:17.0,False,1.4957671957671956,severe_x_ge_1.3,40.4414062691976,41.173776280740725,0.7323700115431251
2,withShortLanes,4390,80.0|A:6.0|B:34.0|C:6.0|D:10.0,True,1.4823529411764709,severe_x_ge_1.3,27.59808724832215,25.11530416180157,-2.482783086520577
2,withShortLanes,4392,70.0|A:8.0|B:23.0|C:6.0|D:9.0,True,1.5301932367149758,severe_x_ge_1.3,27.875747893673985,25.87175793694428,-2.003989956729708
2,withShortLanes,4393,120.0|A:10.0|B:64.0|C:6.0|D:16.0,False,1.65625,severe_x_ge_1.3,35.816296296296294,38.86953615098862,3.053239854692329
2,withShortLanes,4402,100.0|A:21.0|B:33.0|C:6.0|D:16.0,False,1.4175084175084174,severe_x_ge_1.3,37.31002238197636,40.49742974034343,3.187407358367068
2,withShortLanes,4405,100.0|A:16.0|B:40.0|C:6.0|D:14.0,True,1.709722222222222,severe_x_ge_1.3,36.13997214474631,37.90502074770344,1.7650486029571295
2,withShortLanes,4406,90.0|A:12.0|B:36.0|C:6.0|D:12.0,True,1.2666666666666666,moderate_1.0_le_x_lt_1.3,32.707582417582415,32.598588380641935,-0.10899403694048
2,withShortLanes,4407,90.0|A:15.0|B:34.0|C:6.0|D:11.0,True,1.3882352941176472,severe_x_ge_1.3,34.67136612021858,33.67479708851968,-0.9965690316988968
2,withShortLanes,4418,90.0|A:6.0|B:41.0|C:6.0|D:13.0,True,1.424390243902439,severe_x_ge_1.3,29.80947658402205,27.096046829203623,-2.713429754818428
2,withShortLanes,4419,130.0|A:10.0|B:60.0|C:6.0|D:30.0,False,1.633425925925926,severe_x_ge_1.3,43.55387338872816,46.62335782521846,3.069484436490299
2,withShortLanes,4429,90.0|A:17.0|B:34.0|C:6.0|D:9.0,True,1.435294117647059,severe_x_ge_1.3,32.45385869565218,34.86911459769536,2.415255902043178
2,withShortLanes,4442,100.0|A:15.0|B:41.0|C:6.0|D:14.0,True,1.3075880758807588,severe_x_ge_1.3,36.04097177526326,36.75078798178291,0.7098162065196547
2,withShortLanes,4444,90.0|A:11.0|B:38.0|C:6.0|D:11.0,True,1.4947368421052631,severe_x_ge_1.3,33.50983783783784,31.232777388292167,-2.2770604495456688
2,withShortLanes,4446,100.0|A:12.0|B:41.0|C:6.0|D:17.0,True,1.600271002710027,severe_x_ge_1.3,34.82577412522082,34.93197953281673,0.1062054075959153
2,withShortLanes,4448,80.0|A:6.0|B:33.0|C:6.0|D:11.0,True,1.490909090909091,severe_x_ge_1.3,28.670374149659857,25.34624828983569,-3.324125859824168
2,withShortLanes,4450,90.0|A:9.0|B:35.0|C:6.0|D:16.0,True,1.5542857142857145,severe_x_ge_1.3,31.24770773638968,30.895933994949598,-0.3517737414400841
2,withShortLanes,4451,100.0|A:23.0|B:33.0|C:6.0|D:14.0,True,1.4545454545454544,severe_x_ge_1.3,38.284024870614125,42.44738403146294,4.163359160848813
2,withShortLanes,4456,90.0|A:6.0|B:38.0|C:6.0|D:16.0,True,1.4421052631578948,severe_x_ge_1.3,28.347280453257785,29.22543043957348,0.8781499863156945
2,withShortLanes,4461,80.0|A:12.0|B:27.0|C:6.0|D:11.0,True,1.5555555555555556,severe_x_ge_1.3,32.705918367346946,29.71093916116406,-2.9949792061828866
2,withShortLanes,4462,90.0|A:11.0|B:34.0|C:6.0|D:15.0,True,1.588235294117647,severe_x_ge_1.3,34.87739837398374,33.019390736429585,-1.8580076375541523
2,withShortLanes,4463,110.0|A:16.0|B:46.0|C:6.0|D:18.0,False,1.503864734299517,severe_x_ge_1.3,43.29895604627503,43.75468110552964,0.4557250592546111
2,withShortLanes,4467,110.0|A:6.0|B:59.0|C:6.0|D:15.0,False,1.6272128060263653,severe_x_ge_1.3,34.420932515835624,37.68627694542728,3.26534442959165
2,withShortLanes,4468,80.0|A:8.0|B:32.0|C:6.0|D:10.0,True,1.4999999999999998,severe_x_ge_1.3,30.456130952380946,28.925630394629952,-1.5305005577509938
2,withShortLanes,4469,90.0|A:11.0|B:38.0|C:6.0|D:11.0,True,1.631578947368421,severe_x_ge_1.3,32.572,32.904896764056595,0.3328967640565921
2,withShortLanes,4470,70.0|A:6.0|B:24.0|C:6.0|D:10.0,True,1.6171296296296296,severe_x_ge_1.3,27.10113525737493,26.987992260864463,-0.1131429965104686
2,withShortLanes,4473,80.0|A:13.0|B:26.0|C:6.0|D:11.0,True,1.6153846153846154,severe_x_ge_1.3,36.49233438485805,32.598846312446724,-3.8934880724113223
2,withShortLanes,4475,90.0|A:12.0|B:36.0|C:6.0|D:12.0,True,1.4444444444444442,severe_x_ge_1.3,35.23970509383378,32.6076782171233,-2.6320268767104764
2,withShortLanes,4482,90.0|A:16.0|B:31.0|C:6.0|D:13.0,True,1.4064516129032258,severe_x_ge_1.3,35.84798969072165,40.08245156918214,4.234461878460493
2,withShortLanes,4487,90.0|A:18.0|B:31.0|C:6.0|D:11.0,True,1.4451612903225806,severe_x_ge_1.3,37.08235135135136,36.00052713151091,-1.081824219840449
2,withShortLanes,4489,90.0|A:12.0|B:35.0|C:6.0|D:13.0,True,1.3714285714285714,severe_x_ge_1.3,35.358645833333334,35.1752770764603,-0.1833687568730369
2,withShortLanes,4491,100.0|A:14.0|B:45.0|C:6.0|D:11.0,False,1.4580246913580246,severe_x_ge_1.3,33.26257094278717,36.50397536319485,3.241404420407683
2,withShortLanes,4492,80.0|A:9.0|B:29.0|C:6.0|D:12.0,False,1.4758620689655173,severe_x_ge_1.3,30.63407766990291,29.29081135318077,-1.3432663167221364
2,withShortLanes,4494,100.0|A:22.0|B:34.0|C:6.0|D:14.0,True,1.223856209150327,moderate_1.0_le_x_lt_1.3,38.40164796604799,43.47440265730396,5.072754691255966
2,withShortLanes,4502,90.0|A:11.0|B:34.0|C:6.0|D:15.0,True,1.5411764705882354,severe_x_ge_1.3,34.06339285714285,34.12566914662972,0.0622762894868671
2,withShortLanes,4504,90.0|A:16.0|B:33.0|C:6.0|D:11.0,True,1.5151515151515154,severe_x_ge_1.3,35.70091787439615,36.970325592555696,1.269407718159549
2,withShortLanes,4506,120.0|A:10.0|B:50.0|C:6.0|D:30.0,False,1.688,severe_x_ge_1.3,49.39303317535545,47.83373411495575,-1.5592990603997023
2,withShortLanes,4510,110.0|A:10.0|B:51.0|C:6.0|D:19.0,False,1.5062091503267976,severe_x_ge_1.3,37.74129238149294,38.51560708454482,0.7743147030518784
2,withShortLanes,4516,100.0|A:13.0|B:43.0|C:6.0|D:14.0,True,1.3488372093023255,severe_x_ge_1.3,33.82351504434102,34.07049018618899,0.2469751418479688
2,withShortLanes,4517,100.0|A:11.0|B:45.0|C:6.0|D:14.0,False,1.6,severe_x_ge_1.3,31.086450344960376,32.118083973186366,1.0316336282259897
2,withShortLanes,4520,90.0|A:15.0|B:34.0|C:6.0|D:11.0,True,1.3411764705882354,severe_x_ge_1.3,33.20819371727749,34.442286673283014,1.2340929560055258
2,withShortLanes,4522,80.0|A:7.0|B:31.0|C:6.0|D:12.0,True,1.238709677419355,moderate_1.0_le_x_lt_1.3,29.68781931464175,30.04011483780868,0.35229552316693
2,withShortLanes,4528,90.0|A:13.0|B:37.0|C:6.0|D:10.0,True,1.3405405405405406,severe_x_ge_1.3,34.92873994638071,33.273971288741215,-1.6547686576394938
2,withShortLanes,4530,100.0|A:20.0|B:36.0|C:6.0|D:14.0,True,1.5771604938271606,severe_x_ge_1.3,39.24818121112671,40.860878855989206,1.6126976448625
2,withShortLanes,4531,90.0|A:17.0|B:31.0|C:6.0|D:12.0,True,1.5870967741935482,severe_x_ge_1.3,34.07275280898876,34.24819668568528,0.1754438766965194
2,withShortLanes,4532,90.0|A:18.0|B:31.0|C:6.0|D:11.0,True,1.535483870967742,severe_x_ge_1.3,37.36832432432432,35.17049508031297,-2.197829244011352
2,withShortLanes,4533,90.0|A:7.0|B:36.0|C:6.0|D:17.0,False,1.4333333333333331,severe_x_ge_1.3,32.604490358126725,30.59119044405412,-2.013299914072608
2,withShortLanes,4534,110.0|A:13.0|B:50.0|C:6.0|D:17.0,False,1.5754444444444446,severe_x_ge_1.3,39.83817138810974,41.83555933157409,1.9973879434643464
2,withShortLanes,4535,90.0|A:15.0|B:35.0|C:6.0|D:10.0,True,1.6457142857142857,severe_x_ge_1.3,34.81269129287598,33.67818334203446,-1.134507950841524
2,withShortLanes,4539,80.0|A:13.0|B:25.0|C:6.0|D:12.0,True,1.6960000000000002,severe_x_ge_1.3,33.26983870967742,33.70515074968498,0.4353120400075596
2,withShortLanes,4540,90.0|A:6.0|B:41.0|C:6.0|D:13.0,True,1.278048780487805,moderate_1.0_le_x_lt_1.3,31.31435616438356,28.24385225512378,-3.070503909259781
2,withShortLanes,4544,90.0|A:15.0|B:33.0|C:6.0|D:12.0,True,1.5030303030303032,severe_x_ge_1.3,33.87010810810812,34.54203341088266,0.6719253027745395
2,withShortLanes,4546,90.0|A:10.0|B:36.0|C:6.0|D:14.0,True,1.6444444444444444,severe_x_ge_1.3,32.605610972568584,33.37401460044321,0.7684036278746262
2,withShortLanes,4547,120.0|A:13.0|B:51.0|C:8.0|D:24.0,False,1.6784313725490196,severe_x_ge_1.3,50.055171385991066,50.60035066357581,0.5451792775847437
2,withShortLanes,4551,100.0|A:12.0|B:41.0|C:6.0|D:17.0,True,1.619241192411924,severe_x_ge_1.3,37.04143687345453,37.48768581454001,0.4462489410854786
2,withShortLanes,4552,80.0|A:6.0|B:32.0|C:6.0|D:12.0,True,1.4,severe_x_ge_1.3,29.589127516778515,26.04344350637714,-3.5456840104013736
2,withShortLanes,4553,110.0|A:10.0|B:33.0|C:6.0|D:37.0,False,1.7333333333333334,severe_x_ge_1.3,42.39371698214785,46.15102051783517,3.757303535687321
2,withShortLanes,4557,80.0|A:7.0|B:31.0|C:6.0|D:12.0,True,1.6129032258064515,severe_x_ge_1.3,29.144334365325072,29.461784531950094,0.3174501666250258
2,withShortLanes,4558,80.0|A:6.0|B:33.0|C:6.0|D:11.0,True,1.7333333333333334,severe_x_ge_1.3,28.488915662650594,30.02212546085845,1.53320979820786
2,withShortLanes,4559,110.0|A:19.0|B:40.0|C:7.0|D:20.0,False,1.5506944444444444,severe_x_ge_1.3,50.69318162352607,50.15841264297315,-0.5347689805529185
2,withShortLanes,4560,110.0|A:12.0|B:46.0|C:6.0|D:22.0,False,1.547705314009662,severe_x_ge_1.3,40.2925435432209,41.56200160567086,1.2694580624499563
2,withShortLanes,4570,90.0|A:16.0|B:29.0|C:6.0|D:15.0,False,1.7241379310344829,severe_x_ge_1.3,35.67526610644258,37.83380509361373,2.1585389871711484
2,withShortLanes,4572,100.0|A:16.0|B:38.0|C:6.0|D:16.0,True,1.4532163742690056,severe_x_ge_1.3,38.24300119793389,39.69946119515715,1.4564599972232557
2,withShortLanes,4579,100.0|A:18.0|B:38.0|C:6.0|D:14.0,True,1.3888888888888888,severe_x_ge_1.3,37.32595360111862,40.95273590165324,3.6267823005346216
2,withShortLanes,4588,100.0|A:15.0|B:39.0|C:6.0|D:16.0,True,1.497150997150997,severe_x_ge_1.3,37.90502687362454,38.716290337522736,0.811263463898193
2,withShortLanes,4593,90.0|A:11.0|B:34.0|C:6.0|D:15.0,True,1.3647058823529412,severe_x_ge_1.3,34.998502673796786,33.899454894263094,-1.0990477795336917
2,withShortLanes,4597,80.0|A:7.0|B:32.0|C:6.0|D:11.0,True,1.4374999999999998,severe_x_ge_1.3,29.95143302180685,28.554551574649214,-1.3968814471576323
2,withShortLanes,4601,110.0|A:12.0|B:48.0|C:6.0|D:20.0,False,1.391550925925926,severe_x_ge_1.3,37.14935939982421,36.64380616146983,-0.5055532383543877
2,withShortLanes,4602,80.0|A:10.0|B:26.0|C:6.0|D:14.0,True,1.492307692307692,severe_x_ge_1.3,31.26909698996656,30.400092423092502,-0.8690045668740538
2,withShortLanes,4603,110.0|A:12.0|B:50.0|C:6.0|D:18.0,True,1.3676666666666668,severe_x_ge_1.3,37.304353961245496,40.37238973569151,3.0680357744460096
2,withShortLanes,4604,110.0|A:23.0|B:42.0|C:6.0|D:15.0,False,1.7518518518518518,severe_x_ge_1.3,42.20853524223977,44.28325617378026,2.07472093154049
2,withShortLanes,4611,80.0|A:11.0|B:28.0|C:6.0|D:11.0,True,1.3,severe_x_ge_1.3,30.85864583333333,29.421438536338204,-1.4372072969951295
2,withShortLanes,4613,120.0|A:15.0|B:49.0|C:6.0|D:26.0,False,1.5183673469387755,severe_x_ge_1.3,46.688437001594906,49.2393802255207,2.550943223925792
2,withShortLanes,4614,100.0|A:22.0|B:34.0|C:6.0|D:14.0,True,1.6944444444444444,severe_x_ge_1.3,39.131524173797246,42.78337621699311,3.6518520431958654
2,withShortLanes,4620,100.0|A:6.0|B:49.0|C:6.0|D:15.0,True,1.4535147392290249,severe_x_ge_1.3,31.230387855422236,30.5134493411193,-0.7169385143029317
2,withShortLanes,4621,90.0|A:7.0|B:41.0|C:6.0|D:12.0,False,1.4146341463414636,severe_x_ge_1.3,29.98697547683924,29.051536392362344,-0.9354390844768972
2,withShortLanes,4622,90.0|A:13.0|B:29.0|C:6.0|D:18.0,False,1.6965517241379309,severe_x_ge_1.3,36.16059459459459,39.46744975966479,3.3068551650701963
2,withShortLanes,4624,100.0|A:6.0|B:46.0|C:6.0|D:18.0,True,1.5301932367149758,severe_x_ge_1.3,31.091212242070878,31.900971835656414,0.8097595935855395
2,withShortLanes,4625,90.0|A:15.0|B:31.0|C:6.0|D:14.0,True,1.4967741935483871,severe_x_ge_1.3,35.07849726775956,37.16670686441714,2.088209596657577
2,withShortLanes,4628,120.0|A:18.0|B:51.0|C:6.0|D:21.0,False,1.843137254901961,severe_x_ge_1.3,44.5207928802589,48.98041513597428,4.459622255715374
2,withShortLanes,4631,110.0|A:13.0|B:36.0|C:6.0|D:31.0,False,1.7773148148148148,severe_x_ge_1.3,45.81674222226268,48.15837641398959,2.341634191726911
2,withShortLanes,4638,120.0|A:18.0|B:49.0|C:6.0|D:23.0,False,1.5591836734693878,severe_x_ge_1.3,49.69735000000001,48.30661265254065,-1.390737347459357
2,withShortLanes,4639,100.0|A:9.0|B:47.0|C:6.0|D:14.0,False,1.3451536643026003,severe_x_ge_1.3,32.659522548865006,33.132816865587195,0.473294316722189
2,withShortLanes,4650,100.0|A:13.0|B:43.0|C:6.0|D:14.0,True,1.366925064599483,severe_x_ge_1.3,34.31322536520323,35.157162457104704,0.8439370919014735
2,withShortLanes,4652,110.0|A:18.0|B:48.0|C:6.0|D:14.0,False,1.3087962962962965,severe_x_ge_1.3,39.08722979417723,38.77145562600609,-0.3157741681711457
2,withShortLanes,4653,80.0|A:8.0|B:34.0|C:6.0|D:8.0,True,1.5294117647058825,severe_x_ge_1.3,31.33170028818444,28.293251767850897,-3.0384485203335387
2,withShortLanes,4655,100.0|A:12.0|B:43.0|C:6.0|D:15.0,True,1.4702842377260985,severe_x_ge_1.3,34.149695928498204,33.30590004518627,-0.8437958833119339
2,withShortLanes,4657,90.0|A:10.0|B:35.0|C:6.0|D:15.0,True,1.4057142857142857,severe_x_ge_1.3,32.716130790190746,32.391415941746146,-0.3247148484446001
2,withShortLanes,4663,90.0|A:10.0|B:24.0|C:8.0|D:24.0,False,1.3166666666666669,severe_x_ge_1.3,41.43374301675979,45.30891804255949,3.875175025799699
2,withShortLanes,4664,90.0|A:13.0|B:31.0|C:6.0|D:16.0,True,1.367741935483871,severe_x_ge_1.3,33.39985673352435,34.95205101585161,1.5521942823272568
2,withShortLanes,4668,100.0|A:18.0|B:41.0|C:6.0|D:11.0,True,1.570460704607046,severe_x_ge_1.3,36.337794756887895,37.0076490371814,0.6698542802934995
2,withShortLanes,4673,90.0|A:6.0|B:40.0|C:6.0|D:14.0,True,1.2500000000000002,moderate_1.0_le_x_lt_1.3,29.79363076923076,25.08219894375619,-4.71143182547457
2,withShortLanes,4674,100.0|A:16.0|B:42.0|C:6.0|D:12.0,True,1.4947089947089949,severe_x_ge_1.3,34.518918951465835,33.95172092212476,-0.5671980293410783
2,withShortLanes,4677,100.0|A:11.0|B:42.0|C:6.0|D:17.0,False,1.533068783068783,severe_x_ge_1.3,36.20180696057713,34.9205043525694,-1.281302608007728
2,withShortLanes,4678,90.0|A:16.0|B:33.0|C:6.0|D:11.0,True,1.6606060606060609,severe_x_ge_1.3,33.407215909090915,36.73231346372507,3.325097554634155
2,withShortLanes,4679,100.0|A:16.0|B:41.0|C:6.0|D:13.0,True,1.4146341463414631,severe_x_ge_1.3,34.12107091513741,35.359418365887095,1.2383474507496857
2,withShortLanes,4686,80.0|A:7.0|B:31.0|C:6.0|D:12.0,True,1.6,severe_x_ge_1.3,28.833648648648648,27.112216684618875,-1.7214319640297724
2,withShortLanes,4689,120.0|A:22.0|B:52.0|C:6.0|D:16.0,True,1.4307692307692308,severe_x_ge_1.3,42.10039473684211,43.95714573293508,1.8567509960929696
2,withShortLanes,4690,100.0|A:15.0|B:41.0|C:6.0|D:14.0,True,1.4932249322493223,severe_x_ge_1.3,35.39746766392441,35.84933805714686,0.4518703932224497
2,withShortLanes,4695,80.0|A:12.0|B:27.0|C:6.0|D:11.0,True,1.5851851851851853,severe_x_ge_1.3,31.16596875,32.362480166251885,1.1965114162518873
2,withShortLanes,4701,90.0|A:6.0|B:38.0|C:6.0|D:16.0,True,1.463157894736842,severe_x_ge_1.3,29.067872340425527,27.543493796489084,-1.524378543936443
2,withShortLanes,4702,80.0|A:13.0|B:29.0|C:6.0|D:8.0,True,1.6827586206896552,severe_x_ge_1.3,30.7986645962733,30.919342594283656,0.120677998010354
2,withShortLanes,4704,80.0|A:13.0|B:23.0|C:6.0|D:14.0,False,1.565217391304348,severe_x_ge_1.3,35.51978056426333,35.21662424855481,-0.3031563157085202
2,withShortLanes,4705,120.0|A:12.0|B:48.0|C:6.0|D:30.0,False,1.6333333333333333,severe_x_ge_1.3,46.38593425605536,46.98735542645196,0.6014211703965984
2,withShortLanes,4720,80.0|A:14.0|B:24.0|C:6.0|D:12.0,True,1.5333333333333334,severe_x_ge_1.3,35.49770764119601,36.20258820218352,0.7048805609875117
2,withShortLanes,4722,90.0|A:11.0|B:35.0|C:6.0|D:14.0,True,1.7028571428571428,severe_x_ge_1.3,33.85928571428571,35.29359378288614,1.43430806860043
2,withShortLanes,4723,110.0|A:10.0|B:44.0|C:6.0|D:26.0,False,1.7541666666666669,severe_x_ge_1.3,38.653294587191446,42.37459948379097,3.721304896599527
2,withShortLanes,4732,90.0|A:12.0|B:35.0|C:6.0|D:13.0,True,1.6,severe_x_ge_1.3,33.59463611859839,32.859481409542816,-0.7351547090555712
2,withShortLanes,4733,100.0|A:14.0|B:39.0|C:6.0|D:17.0,False,1.497150997150997,severe_x_ge_1.3,36.27437617158572,35.61525995902949,-0.6591162125562349
2,withShortLanes,4734,80.0|A:11.0|B:28.0|C:6.0|D:11.0,True,1.3571428571428572,severe_x_ge_1.3,30.82628930817611,32.0529293013744,1.2266399931982868
2,withShortLanes,4737,70.0|A:6.0|B:24.0|C:6.0|D:10.0,True,1.5668981481481483,severe_x_ge_1.3,28.1648017952842,25.63382429457917,-2.530977500705028
2,withShortLanes,4739,80.0|A:12.0|B:27.0|C:6.0|D:11.0,True,1.3185185185185184,severe_x_ge_1.3,33.07993485342019,31.005699603187885,-2.074235250232306
2,withShortLanes,4740,100.0|A:9.0|B:44.0|C:6.0|D:17.0,False,1.417929292929293,severe_x_ge_1.3,32.40131562290009,33.59787483875173,1.1965592158516358
2,withShortLanes,4742,120.0|A:15.0|B:52.0|C:6.0|D:23.0,True,1.4615384615384617,severe_x_ge_1.3,41.25435314685315,43.82925308488003,2.5748999380268813
2,withShortLanes,4748,90.0|A:6.0|B:43.0|C:6.0|D:11.0,True,1.441860465116279,severe_x_ge_1.3,25.735913043478263,26.338256432353237,0.6023433888749707
2,withShortLanes,4754,90.0|A:14.0|B:36.0|C:6.0|D:10.0,True,1.6777777777777776,severe_x_ge_1.3,33.91528,35.707242807174595,1.791962807174592
2,withShortLanes,4757,90.0|A:11.0|B:35.0|C:6.0|D:14.0,True,1.4742857142857144,severe_x_ge_1.3,31.560687830687836,32.19737738259441,0.6366895519065778
2,withShortLanes,4759,90.0|A:10.0|B:37.0|C:6.0|D:13.0,False,1.6540540540540545,severe_x_ge_1.3,31.624498777506112,33.274297353587464,1.649798576081352
2,withShortLanes,4761,100.0|A:17.0|B:40.0|C:6.0|D:13.0,False,1.709722222222222,severe_x_ge_1.3,36.58608893934929,38.36182279045694,1.7757338511076526
2,withShortLanes,4771,90.0|A:17.0|B:29.0|C:6.0|D:14.0,True,1.5586206896551724,severe_x_ge_1.3,37.70170984455959,42.13551021146405,4.433800366904464
2,withShortLanes,4773,70.0|A:6.0|B:25.0|C:6.0|D:9.0,True,1.3922222222222222,severe_x_ge_1.3,27.794286211604582,25.98279007463196,-1.8114961369726288
2,withShortLanes,4775,70.0|A:12.0|B:19.0|C:6.0|D:9.0,False,1.7049707602339184,severe_x_ge_1.3,30.765637672157617,32.1315986185409,1.3659609463832822
2,withShortLanes,4778,110.0|A:26.0|B:39.0|C:6.0|D:15.0,False,1.5277777777777777,severe_x_ge_1.3,42.69374865376656,44.76159837065501,2.0678497168884533
2,withShortLanes,4781,80.0|A:10.0|B:32.0|C:6.0|D:8.0,True,1.15,moderate_1.0_le_x_lt_1.3,31.859449838187704,29.1913450518314,-2.6681047863563023
2,withShortLanes,4782,120.0|A:17.0|B:54.0|C:6.0|D:19.0,False,1.548148148148148,severe_x_ge_1.3,39.09932075471698,39.96715539307173,0.8678346383547506
2,withShortLanes,4783,110.0|A:17.0|B:46.0|C:6.0|D:17.0,True,1.7044685990338164,severe_x_ge_1.3,39.792398920514216,41.95953456923704,2.1671356487228195
2,withShortLanes,4784,100.0|A:18.0|B:40.0|C:6.0|D:12.0,True,1.7402777777777778,severe_x_ge_1.3,37.44368991690597,42.17416510775613,4.730475190850157
2,withShortLanes,4785,90.0|A:6.0|B:42.0|C:6.0|D:12.0,True,1.4095238095238096,severe_x_ge_1.3,30.02563157894737,27.915162809540256,-2.110468769407113
2,withShortLanes,4791,80.0|A:11.0|B:30.0|C:6.0|D:9.0,True,1.5333333333333332,severe_x_ge_1.3,29.672203389830507,28.941829479206007,-0.7303739106245004
2,withShortLanes,4792,90.0|A:11.0|B:35.0|C:6.0|D:14.0,True,1.5314285714285714,severe_x_ge_1.3,30.662569832402227,32.24231625330679,1.5797464209045629
2,withShortLanes,4795,70.0|A:9.0|B:24.0|C:6.0|D:7.0,True,1.3335648148148147,severe_x_ge_1.3,26.023734430131864,25.935707877141517,-0.0880265529903496
2,withShortLanes,4801,100.0|A:15.0|B:39.0|C:6.0|D:16.0,True,1.272079772079772,moderate_1.0_le_x_lt_1.3,38.10859725952623,39.30845394354144,1.1998566840152094
2,withShortLanes,4802,110.0|A:10.0|B:53.0|C:6.0|D:17.0,False,1.2833333333333332,moderate_1.0_le_x_lt_1.3,34.79104309492849,35.79251839602181,1.001475301093322
2,withShortLanes,4804,90.0|A:12.0|B:34.0|C:6.0|D:14.0,True,1.5176470588235296,severe_x_ge_1.3,33.77545454545454,32.33918344405318,-1.4362711014013598
2,withShortLanes,4808,90.0|A:16.0|B:32.0|C:6.0|D:12.0,True,1.65,severe_x_ge_1.3,33.44290801186943,33.61170842428112,0.1688004124116915
2,withShortLanes,4815,80.0|A:7.0|B:29.0|C:6.0|D:14.0,False,1.420689655172414,severe_x_ge_1.3,29.418552631578944,28.355126919992014,-1.0634257115869303
2,withShortLanes,4816,120.0|A:17.0|B:48.0|C:6.0|D:25.0,False,1.3833333333333333,severe_x_ge_1.3,45.30920552677028,46.35191681198909,1.0427112852188145
2,withShortLanes,4822,90.0|A:20.0|B:31.0|C:6.0|D:9.0,True,1.4580645161290322,severe_x_ge_1.3,34.37349030470914,37.68760748580113,3.3141171810919943
2,withShortLanes,4828,140.0|A:12.0|B:43.0|C:6.0|D:55.0,False,1.6839793281653748,severe_x_ge_1.3,53.74963109293755,58.377541376221615,4.627910283284066
2,withShortLanes,4829,110.0|A:19.0|B:43.0|C:6.0|D:18.0,True,1.5448320413436694,severe_x_ge_1.3,41.147249983494255,43.04528862264099,1.8980386391467332
2,withShortLanes,4831,80.0|A:13.0|B:28.0|C:6.0|D:9.0,True,1.5285714285714287,severe_x_ge_1.3,31.746161290322583,29.96773993692217,-1.7784213534004074
2,withShortLanes,4835,100.0|A:6.0|B:34.0|C:7.0|D:29.0,False,1.3758169934640525,severe_x_ge_1.3,37.990255832943056,38.31086008686006,0.3206042539170042
2,withShortLanes,4837,100.0|A:21.0|B:36.0|C:6.0|D:13.0,False,1.3996913580246917,severe_x_ge_1.3,37.20026145368169,42.08088531664158,4.880623862959887
2,withShortLanes,4839,90.0|A:11.0|B:37.0|C:6.0|D:12.0,True,1.6,severe_x_ge_1.3,32.95080103359173,33.66581588376624,0.7150148501745051
2,withShortLanes,4840,80.0|A:13.0|B:27.0|C:6.0|D:10.0,True,1.4962962962962962,severe_x_ge_1.3,32.79958466453675,32.60625686762409,-0.1933277969126621
2,withShortLanes,4843,90.0|A:14.0|B:33.0|C:6.0|D:13.0,True,1.36969696969697,severe_x_ge_1.3,33.0520238095238,31.13795410221949,-1.9140697073043145
2,withShortLanes,4844,120.0|A:14.0|B:54.0|C:6.0|D:22.0,False,1.6666666666666663,severe_x_ge_1.3,40.25632786885246,44.187736849189946,3.931408980337487
2,withShortLanes,4850,80.0|A:7.0|B:29.0|C:6.0|D:14.0,False,1.5586206896551724,severe_x_ge_1.3,29.564149659863943,28.37092364384383,-1.1932260160201125
2,withShortLanes,4851,100.0|A:18.0|B:39.0|C:6.0|D:13.0,True,1.6723646723646723,severe_x_ge_1.3,38.061167103190144,39.58451229001592,1.5233451868257788
2,withShortLanes,4852,110.0|A:14.0|B:51.0|C:6.0|D:15.0,False,1.497821350762527,severe_x_ge_1.3,37.45536608169118,38.479626895163975,1.024260813472793
2,withShortLanes,4854,100.0|A:16.0|B:43.0|C:6.0|D:11.0,False,1.302325581395349,severe_x_ge_1.3,35.04480461167106,37.35403853541658,2.3092339237455164
2,withShortLanes,4859,100.0|A:10.0|B:44.0|C:6.0|D:16.0,False,1.5997474747474747,severe_x_ge_1.3,35.063343916423456,36.157218058146135,1.0938741417226794
2,withShortLanes,4860,90.0|A:14.0|B:30.0|C:6.0|D:16.0,True,1.626666666666667,severe_x_ge_1.3,34.36055072463768,34.80441685216961,0.4438661275319262
2,withShortLanes,4861,90.0|A:13.0|B:36.0|C:6.0|D:11.0,True,1.211111111111111,moderate_1.0_le_x_lt_1.3,33.49694871794872,37.0488856243783,3.5519369064295816
2,withShortLanes,4865,90.0|A:11.0|B:37.0|C:6.0|D:12.0,True,1.3405405405405406,severe_x_ge_1.3,34.876904761904754,34.26175844798329,-0.6151463139214641
2,withShortLanes,4867,80.0|A:15.0|B:27.0|C:6.0|D:8.0,True,1.7037037037037035,severe_x_ge_1.3,32.886582278481,32.84934193589223,-0.0372403425887739
2,withShortLanes,4874,100.0|A:21.0|B:34.0|C:6.0|D:15.0,True,1.7058823529411762,severe_x_ge_1.3,40.12586203407604,43.22912623342405,3.1032641993480112
2,withShortLanes,4875,80.0|A:8.0|B:28.0|C:6.0|D:14.0,True,1.3285714285714287,severe_x_ge_1.3,30.30848184818481,30.76997007036021,0.4614882221753973
2,withShortLanes,4879,80.0|A:10.0|B:30.0|C:6.0|D:10.0,True,1.2133333333333334,moderate_1.0_le_x_lt_1.3,29.40038327526132,30.11690018870968,0.7165169134483591
2,withShortLanes,4880,90.0|A:17.0|B:32.0|C:6.0|D:11.0,True,1.7125,severe_x_ge_1.3,32.645730659025794,35.589790841701515,2.94406018267572
2,withShortLanes,4881,70.0|A:6.0|B:25.0|C:6.0|D:9.0,True,1.3922222222222222,severe_x_ge_1.3,26.97338960355749,25.272452617128213,-1.700936986429273
2,withShortLanes,4886,80.0|A:10.0|B:30.0|C:6.0|D:10.0,True,1.4666666666666668,severe_x_ge_1.3,29.267177914110427,29.102123172621724,-0.1650547414887029
2,withShortLanes,4887,80.0|A:15.0|B:25.0|C:6.0|D:10.0,True,1.52,severe_x_ge_1.3,34.18138888888889,32.18089135904516,-2.0004975298437278
2,withShortLanes,4890,100.0|A:16.0|B:40.0|C:6.0|D:14.0,True,1.3902777777777775,severe_x_ge_1.3,36.06474474134386,36.43752075726451,0.3727760159206497
2,withShortLanes,4892,90.0|A:11.0|B:38.0|C:6.0|D:11.0,True,1.1157894736842104,moderate_1.0_le_x_lt_1.3,30.319942857142863,31.623841547239,1.303898690096137
2,withShortLanes,4897,110.0|A:22.0|B:41.0|C:6.0|D:17.0,True,1.453252032520325,severe_x_ge_1.3,40.15564185818773,41.682654435768114,1.5270125775803862
2,withShortLanes,4898,70.0|A:9.0|B:20.0|C:6.0|D:11.0,False,1.6197222222222225,severe_x_ge_1.3,29.481376082076,30.40125375937817,0.9198776773021748
2,withShortLanes,4900,100.0|A:18.0|B:36.0|C:6.0|D:16.0,True,1.7561728395061729,severe_x_ge_1.3,38.230654064814615,38.697435219547366,0.4667811547327503
2,withShortLanes,4904,100.0|A:6.0|B:47.0|C:6.0|D:17.0,True,1.463356973995272,severe_x_ge_1.3,31.683706046189343,29.517242175206857,-2.1664638709824864
2,withShortLanes,4906,90.0|A:14.0|B:34.0|C:6.0|D:12.0,True,1.4588235294117646,severe_x_ge_1.3,35.56039787798408,35.37109474763603,-0.1893031303480512
2,withShortLanes,4908,150.0|A:7.0|B:75.0|C:6.0|D:38.0,False,1.8077777777777777,severe_x_ge_1.3,51.04496108014944,54.89166397980063,3.846702899651192
2,withShortLanes,4909,120.0|A:10.0|B:52.0|C:6.0|D:28.0,False,1.6076923076923075,severe_x_ge_1.3,42.18304635761591,43.49586710535441,1.312820747738499
2,withShortLanes,4919,100.0|A:20.0|B:35.0|C:6.0|D:15.0,False,1.7825396825396829,severe_x_ge_1.3,40.51042578605858,42.47633370665429,1.965907920595704
2,withShortLanes,4920,70.0|A:9.0|B:21.0|C:6.0|D:10.0,False,1.4277777777777778,severe_x_ge_1.3,27.96762848904268,28.708806788989587,0.7411782999469096
2,withShortLanes,4927,100.0|A:22.0|B:34.0|C:6.0|D:14.0,True,1.2826797385620914,moderate_1.0_le_x_lt_1.3,39.94061836649731,43.19037840500948,3.2497600385121643
2,withShortLanes,4928,100.0|A:13.0|B:40.0|C:6.0|D:17.0,True,1.359722222222222,severe_x_ge_1.3,35.958116085742795,36.7846690050874,0.8265529193446071
2,withShortLanes,4929,100.0|A:22.0|B:34.0|C:6.0|D:14.0,True,1.4934640522875815,severe_x_ge_1.3,38.55477615275112,39.46802078752442,0.9132446347733064
2,withShortLanes,4932,100.0|A:16.0|B:44.0|C:6.0|D:10.0,False,1.2638888888888888,moderate_1.0_le_x_lt_1.3,33.31663406585176,32.45221205716944,-0.8644220086823182
2,withShortLanes,4937,80.0|A:15.0|B:24.0|C:6.0|D:11.0,True,1.6333333333333333,severe_x_ge_1.3,33.326521739130435,34.14241223920073,0.8158905000702958
2,withShortLanes,4940,90.0|A:11.0|B:35.0|C:6.0|D:14.0,True,1.6571428571428573,severe_x_ge_1.3,31.902582417582416,33.17552554314599,1.2729431255635717
2,withShortLanes,4942,90.0|A:13.0|B:33.0|C:6.0|D:14.0,True,1.4545454545454546,severe_x_ge_1.3,38.41,34.76702490651985,-3.642975093480146
2,withShortLanes,4945,110.0|A:11.0|B:46.0|C:6.0|D:23.0,False,1.5995169082125604,severe_x_ge_1.3,43.60208725217586,43.46972550655834,-0.1323617456175227
2,withShortLanes,4946,90.0|A:11.0|B:40.0|C:6.0|D:9.0,True,1.6,severe_x_ge_1.3,30.53965147453084,30.804446065945672,0.2647945914148302
2,withShortLanes,4948,100.0|A:6.0|B:46.0|C:6.0|D:18.0,True,1.39975845410628,severe_x_ge_1.3,32.06204903746705,31.14903921339186,-0.9130098240751892
2,withShortLanes,4950,120.0|A:21.0|B:43.0|C:6.0|D:26.0,False,1.5627906976744188,severe_x_ge_1.3,48.40662711864408,48.82211670320598,0.4154895845619037
2,withShortLanes,4951,100.0|A:19.0|B:41.0|C:6.0|D:10.0,True,1.3265582655826558,severe_x_ge_1.3,37.31561412111692,39.58048732721294,2.26487320609602
2,withShortLanes,4952,80.0|A:9.0|B:31.0|C:6.0|D:10.0,True,1.3548387096774197,severe_x_ge_1.3,29.392027491408932,26.40585478114352,-2.986172710265418
2,withShortLanes,4957,100.0|A:18.0|B:37.0|C:6.0|D:15.0,True,1.3303303303303304,severe_x_ge_1.3,37.0672588883435,39.56728763690786,2.500028748564354
2,withShortLanes,4959,90.0|A:6.0|B:39.0|C:6.0|D:15.0,True,1.3948717948717948,severe_x_ge_1.3,31.16277202072539,29.756755465331786,-1.4060165553936097
2,withShortLanes,4966,90.0|A:6.0|B:41.0|C:6.0|D:13.0,True,1.3853658536585365,severe_x_ge_1.3,30.255186104218367,29.95464548235348,-0.3005406218648865
2,withShortLanes,4968,100.0|A:17.0|B:37.0|C:6.0|D:16.0,False,1.3948948948948947,severe_x_ge_1.3,35.11992108738956,37.67004932458833,2.55012823719877
2,withShortLanes,4969,110.0|A:20.0|B:48.0|C:6.0|D:12.0,False,1.3495370370370372,severe_x_ge_1.3,38.20425238928602,41.41622315133079,3.2119707620447717
2,withShortLanes,4971,120.0|A:22.0|B:49.0|C:6.0|D:19.0,False,1.5591836734693878,severe_x_ge_1.3,42.063055555555536,46.89548767504189,4.832432119486356
2,withShortLanes,4972,90.0|A:6.0|B:42.0|C:6.0|D:12.0,True,1.1523809523809525,moderate_1.0_le_x_lt_1.3,28.14711711711712,25.331373526300723,-2.8157435908163926
2,withShortLanes,4981,120.0|A:25.0|B:49.0|C:6.0|D:16.0,False,1.7387755102040816,severe_x_ge_1.3,45.35366371681416,48.68792448056345,3.334260763749299
2,withShortLanes,4982,110.0|A:12.0|B:45.0|C:6.0|D:23.0,True,1.5114814814814812,severe_x_ge_1.3,42.71530029685505,42.76093651170054,0.0456362148454942
2,withShortLanes,4991,90.0|A:14.0|B:36.0|C:6.0|D:10.0,True,1.477777777777778,severe_x_ge_1.3,33.502678132678135,33.97093812353536,0.4682599908572271
2,withShortLanes,4994,110.0|A:26.0|B:37.0|C:6.0|D:17.0,False,1.3725225225225226,severe_x_ge_1.3,45.50259631196364,47.89094189054583,2.3883455785821965
2,withShortLanes,4999,90.0|A:6.0|B:39.0|C:6.0|D:15.0,True,1.364102564102564,severe_x_ge_1.3,30.653095890410963,29.452142434933037,-1.2009534554779293
2,withShortLanes,5004,100.0|A:23.0|B:35.0|C:6.0|D:12.0,False,1.6349206349206349,severe_x_ge_1.3,38.32223117001121,40.785927539367485,2.4636963693562777
2,withShortLanes,5007,100.0|A:21.0|B:33.0|C:6.0|D:16.0,False,1.2845117845117844,moderate_1.0_le_x_lt_1.3,39.155079060273785,42.42907983225311,3.274000771979324
2,withShortLanes,5008,90.0|A:15.0|B:34.0|C:6.0|D:11.0,True,1.3294117647058823,severe_x_ge_1.3,35.12655913978496,34.85354238319342,-0.273016756591538
3,site1,5011,129.0|A:9.0|B:25.0|C:77.0,True,2.067794117647059,severe_x_ge_1.3,43.06771799591885,40.93629923173166,-2.131418764187188
3,site1,5013,129.0|A:10.0|B:9.0|C:92.0,True,1.6841666666666668,severe_x_ge_1.3,23.520280761616,24.655580241856327,1.135299480240331
3,site1,5020,79.0|A:9.0|B:22.0|C:30.0,False,3.2860035842293907,severe_x_ge_1.3,36.712413980584245,32.208234149409286,-4.504179831174959
3,site1,5022,129.0|A:26.0|B:17.0|C:68.0,False,1.7944230769230771,severe_x_ge_1.3,39.63550282352738,38.35567223801385,-1.2798305855135297
3,site1,5023,119.0|A:43.0|B:9.0|C:49.0,False,1.6466279069767442,severe_x_ge_1.3,44.96248215097269,39.56922257698374,-5.393259573988949
3,site1,5030,99.0|A:32.0|B:15.0|C:34.0,False,2.251764705882353,severe_x_ge_1.3,44.683460610641326,42.88808252806637,-1.795378082574956
3,site1,5034,129.0|A:80.0|B:9.0|C:22.0,False,2.084848484848485,severe_x_ge_1.3,32.18871064498708,35.75807264465956,3.5693619996724806
3,site1,5038,89.0|A:9.0|B:23.0|C:39.0,True,2.353246527777778,severe_x_ge_1.3,38.79050662145876,33.59478866073843,-5.19571796072033
3,site1,5044,129.0|A:44.0|B:9.0|C:58.0,True,1.7064080459770117,severe_x_ge_1.3,47.439888114386434,40.820226424000296,-6.619661690386138
3,site1,5052,109.0|A:10.0|B:9.0|C:72.0,False,1.7216280864197528,severe_x_ge_1.3,24.319365286098307,24.33965007261561,0.0202847865173012
3,site1,5053,129.0|A:66.0|B:9.0|C:36.0,False,2.155972222222222,severe_x_ge_1.3,46.67972076333418,48.19010136658933,1.5103806032551503
3,site1,5059,129.0|A:21.0|B:9.0|C:81.0,True,3.1461666666666663,severe_x_ge_1.3,41.790490025197215,40.825782933822055,-0.9647070913751604
3,site1,5070,119.0|A:23.0|B:9.0|C:69.0,False,2.1300173611111117,severe_x_ge_1.3,40.689237906652494,39.10401762076853,-1.5852202858839632
3,site1,5080,129.0|A:85.0|B:9.0|C:17.0,False,1.800098039215686,severe_x_ge_1.3,23.68094504123874,28.50701676892348,4.826071727684742
3,site1,5084,129.0|A:70.0|B:9.0|C:32.0,False,2.15,severe_x_ge_1.3,43.81251475261864,40.74391140705026,-3.068603345568377
3,site1,5087,109.0|A:10.0|B:11.0|C:70.0,False,2.0934920634920635,severe_x_ge_1.3,26.916076218126847,26.689658751598387,-0.2264174665284599
3,site1,5088,129.0|A:32.0|B:9.0|C:70.0,True,1.9297560975609755,severe_x_ge_1.3,42.91087415932586,41.83056055430744,-1.080313605018425
3,site1,5096,119.0|A:79.0|B:9.0|C:13.0,False,2.135897435897436,severe_x_ge_1.3,31.52843327033744,32.67138782330141,1.142954552963971
3,site1,5097,99.0|A:10.0|B:16.0|C:55.0,False,2.595576923076923,severe_x_ge_1.3,40.971377781060205,35.86051852269111,-5.110859258369096
3,site1,5104,129.0|A:57.0|B:9.0|C:45.0,False,2.0130370370370367,severe_x_ge_1.3,44.43101944958437,41.72701824611256,-2.7040012034718046
3,site1,5105,129.0|A:14.0|B:12.0|C:85.0,False,3.189166666666667,severe_x_ge_1.3,35.67031243896277,38.37817531110119,2.7078628721384206
3,site1,5109,109.0|A:14.0|B:16.0|C:61.0,False,2.1113703703703703,severe_x_ge_1.3,37.7377111139549,35.84445932682078,-1.893251787134119
3,site1,5110,99.0|A:9.0|B:15.0|C:57.0,False,3.348125,severe_x_ge_1.3,30.24452351400889,32.0395816794793,1.7950581654704116
3,site1,5112,129.0|A:82.0|B:12.0|C:17.0,False,2.293333333333333,severe_x_ge_1.3,36.96666163413131,40.85314219319528,3.886480559063962
3,site1,5113,109.0|A:67.0|B:10.0|C:14.0,False,1.618731343283582,severe_x_ge_1.3,24.940319087970053,26.119261968845763,1.1789428808757094
3,site1,5117,129.0|A:31.0|B:9.0|C:71.0,True,2.829041666666667,severe_x_ge_1.3,39.17250359304303,39.07631295792549,-0.0961906351175443
3,site1,5119,129.0|A:20.0|B:9.0|C:82.0,True,2.9136206896551724,severe_x_ge_1.3,38.38452627202104,39.59060124154213,1.2060749695210902
3,site1,5121,129.0|A:58.0|B:9.0|C:44.0,True,2.163030303030303,severe_x_ge_1.3,52.58654412662198,52.45170234263956,-0.1348417839824236
3,site1,5123,129.0|A:83.0|B:9.0|C:19.0,True,1.6106140350877192,severe_x_ge_1.3,34.66601703837252,40.062755759979495,5.396738721606972
3,site1,5135,69.0|A:16.0|B:9.0|C:26.0,True,2.151089743589744,severe_x_ge_1.3,29.000740480152924,26.559547400437964,-2.44119307971496
3,site1,5137,89.0|A:37.0|B:9.0|C:25.0,False,2.8753019323671496,severe_x_ge_1.3,29.28534897638945,31.913047917142187,2.6276989407527367
3,site1,5140,89.0|A:30.0|B:18.0|C:23.0,False,2.280893719806763,severe_x_ge_1.3,34.635226320004044,34.25242914307726,-0.3827971769267861
3,site1,5141,89.0|A:30.0|B:9.0|C:32.0,True,2.767621082621083,severe_x_ge_1.3,32.569129552359634,34.01183888230877,1.442709329949139
3,site1,5142,69.0|A:9.0|B:14.0|C:28.0,False,3.056666666666666,severe_x_ge_1.3,27.190331378695088,25.747930225039312,-1.4424011536557764
3,site1,5145,119.0|A:22.0|B:9.0|C:70.0,False,3.2543727598566305,severe_x_ge_1.3,37.82014908574602,37.99359168416797,0.1734425984219498
3,site1,5146,69.0|A:22.0|B:12.0|C:17.0,False,2.76,severe_x_ge_1.3,30.488397229956867,28.43318165794805,-2.0552155720088123
3,site1,5148,99.0|A:25.0|B:10.0|C:46.0,False,2.0218,severe_x_ge_1.3,37.68863582021637,33.84220835102417,-3.8464274691922
3,site1,5149,109.0|A:38.0|B:9.0|C:44.0,True,2.169692671394799,severe_x_ge_1.3,39.98035131249608,38.52147830705006,-1.4588730054460155
3,site1,5151,89.0|A:53.0|B:9.0|C:9.0,False,1.6895073375262055,severe_x_ge_1.3,21.85812946881126,24.29235830191624,2.434228833104978
3,site1,5153,79.0|A:15.0|B:9.0|C:37.0,True,2.0335185185185183,severe_x_ge_1.3,27.88064997297262,25.85732122135572,-2.0233287516169014
3,site1,5155,79.0|A:11.0|B:9.0|C:41.0,True,1.949308943089431,severe_x_ge_1.3,23.93252266236827,26.761299416079243,2.8287767537109723
3,site1,5158,79.0|A:40.0|B:12.0|C:9.0,False,1.8312638888888888,severe_x_ge_1.3,24.631375829841215,23.5805810561451,-1.0507947736961183
3,site1,5159,69.0|A:12.0|B:18.0|C:21.0,False,3.213611111111111,severe_x_ge_1.3,27.499698169352648,27.07439647034458,-0.4253016990080667
3,site1,5160,79.0|A:26.0|B:9.0|C:26.0,True,2.044209401709402,severe_x_ge_1.3,26.36766061578595,28.99414665945452,2.626486043668571
3,site1,5162,129.0|A:64.0|B:9.0|C:38.0,True,1.891622807017544,severe_x_ge_1.3,41.70947368421053,42.22193189937052,0.5124582151599881
3,site1,5168,89.0|A:9.0|B:9.0|C:53.0,True,1.456278825995807,severe_x_ge_1.3,19.430661782260504,19.205798554129483,-0.2248632281310207
3,site1,5174,89.0|A:9.0|B:9.0|C:53.0,True,2.4365123456790125,severe_x_ge_1.3,21.95670236790547,22.050094471033063,0.093392103127595
3,site1,5177,89.0|A:9.0|B:13.0|C:49.0,False,2.775631313131313,severe_x_ge_1.3,27.905749618496845,27.973715906912457,0.0679662884156115
3,site1,5182,79.0|A:9.0|B:11.0|C:41.0,True,2.9559166666666665,severe_x_ge_1.3,29.311104008116807,28.38964425664985,-0.9214597514669548
3,site1,5183,89.0|A:16.0|B:12.0|C:43.0,False,1.990138888888889,severe_x_ge_1.3,31.35934958374044,29.09970741718451,-2.259642166555928
3,site1,5184,119.0|A:45.0|B:13.0|C:43.0,False,1.6743023255813954,severe_x_ge_1.3,48.60999643629194,44.28782165521049,-4.322174781081451
3,site1,5189,89.0|A:31.0|B:14.0|C:26.0,False,2.263034188034188,severe_x_ge_1.3,40.12482553417153,39.33523852316071,-0.7895870110108163
3,site1,5201,69.0|A:12.0|B:9.0|C:30.0,True,1.5333333333333334,severe_x_ge_1.3,23.844969087867703,23.326241798616085,-0.5187272892516184
3,site1,5203,69.0|A:14.0|B:9.0|C:28.0,True,1.826309523809524,severe_x_ge_1.3,22.57524451047305,23.87746261696312,1.3022181064900664
3,site1,5204,119.0|A:41.0|B:9.0|C:51.0,True,1.8588888888888888,severe_x_ge_1.3,36.72386465061389,34.68596298447823,-2.03790166613566
3,site1,5211,79.0|A:23.0|B:10.0|C:28.0,False,2.366010101010101,severe_x_ge_1.3,32.05520621213116,30.91284391620675,-1.1423622959244106
3,site1,5213,79.0|A:31.0|B:13.0|C:17.0,False,1.9233660130718957,severe_x_ge_1.3,34.37761427596256,29.565297620655908,-4.812316655306649
3,site1,5217,99.0|A:32.0|B:9.0|C:40.0,True,2.53,severe_x_ge_1.3,38.13052652894357,35.53707392184694,-2.59345260709663
3,site1,5218,109.0|A:39.0|B:9.0|C:43.0,True,1.9921225071225068,severe_x_ge_1.3,37.94641713050861,40.50931277343704,2.5628956429284315
3,site1,5220,69.0|A:17.0|B:10.0|C:24.0,True,2.711728395061728,severe_x_ge_1.3,26.189080348878967,25.224871878692632,-0.9642084701863354
3,site1,5222,79.0|A:17.0|B:9.0|C:35.0,True,2.0176349206349204,severe_x_ge_1.3,26.132996437809688,28.91754955237857,2.7845531145688867
3,site1,5229,69.0|A:16.0|B:15.0|C:20.0,True,2.1715833333333334,severe_x_ge_1.3,29.80224866596967,27.70979859508354,-2.09245007088613
3,site1,5231,79.0|A:9.0|B:13.0|C:39.0,False,2.755025252525253,severe_x_ge_1.3,30.244349975284145,27.502626008200643,-2.7417239670835016
3,site1,5236,79.0|A:29.0|B:9.0|C:23.0,True,1.6964009661835748,severe_x_ge_1.3,25.603433841051203,26.628386218703696,1.0249523776524931
3,site1,5239,109.0|A:9.0|B:18.0|C:64.0,False,1.756111111111111,severe_x_ge_1.3,29.10072387971453,30.702715113880934,1.6019912341664124
3,site1,5240,69.0|A:9.0|B:10.0|C:32.0,True,2.7700877192982456,severe_x_ge_1.3,25.88270069495252,24.555502883770245,-1.327197811182273
3,site1,5241,129.0|A:66.0|B:9.0|C:36.0,False,2.0604166666666663,severe_x_ge_1.3,44.22677763282322,46.44268394456674,2.2159063117435167
3,site1,5243,119.0|A:50.0|B:9.0|C:42.0,False,2.0305555555555554,severe_x_ge_1.3,38.56856753998673,43.14365825394293,4.5750907139562
3,site1,5245,69.0|A:27.0|B:12.0|C:12.0,False,2.239305555555556,severe_x_ge_1.3,32.88448644241257,27.565335488393377,-5.319150954019197
3,site1,5246,69.0|A:22.0|B:19.0|C:10.0,False,2.1634959349593497,severe_x_ge_1.3,21.099593198858557,21.8808113100223,0.7812181111637457
3,site1,5253,89.0|A:15.0|B:9.0|C:47.0,True,2.216759259259259,severe_x_ge_1.3,28.98656165554168,28.503040274972363,-0.4835213805693179
3,site1,5270,99.0|A:15.0|B:9.0|C:57.0,True,1.9192105263157893,severe_x_ge_1.3,28.95257924159556,30.183580567920863,1.2310013263253057
3,site1,5282,99.0|A:54.0|B:9.0|C:18.0,True,2.2925396825396827,severe_x_ge_1.3,22.125940891658963,25.02903408209692,2.903093190437957
3,site1,5285,69.0|A:14.0|B:9.0|C:28.0,True,2.0316666666666663,severe_x_ge_1.3,21.97776688990027,23.425434026313628,1.447667136413358
3,site1,5290,99.0|A:32.0|B:9.0|C:40.0,True,2.055625,severe_x_ge_1.3,33.39559611221235,36.38141949983153,2.985823387619177
3,site1,5296,89.0|A:9.0|B:9.0|C:53.0,True,2.268950617283951,severe_x_ge_1.3,22.829269266974464,22.44207788974392,-0.3871913772305468
3,site1,5297,89.0|A:9.0|B:17.0|C:45.0,False,2.4494017094017093,severe_x_ge_1.3,26.250857919900355,27.365266182077548,1.114408262177193
3,site1,5300,129.0|A:21.0|B:9.0|C:81.0,True,3.096,severe_x_ge_1.3,33.27053994507605,35.04303614690771,1.7724962018316577
3,site1,5301,79.0|A:35.0|B:17.0|C:9.0,False,1.5511587301587302,severe_x_ge_1.3,22.29102816743614,23.17701268585137,0.8859845184152313
3,site1,5302,89.0|A:51.0|B:10.0|C:10.0,False,1.9254248366013071,severe_x_ge_1.3,29.69091899992148,29.008152556816547,-0.682766443104935
3,site1,5303,69.0|A:12.0|B:9.0|C:30.0,True,2.0112222222222225,severe_x_ge_1.3,23.423933513365128,22.74092943253548,-0.6830040808296509
3,site1,5307,69.0|A:21.0|B:10.0|C:20.0,True,2.955376344086021,severe_x_ge_1.3,25.57797980103756,24.366936527077645,-1.2110432739599126
3,site1,5321,79.0|A:24.0|B:9.0|C:28.0,True,1.967685185185185,severe_x_ge_1.3,28.4190796432228,27.88129476113769,-0.5377848820851092
3,site1,5322,89.0|A:26.0|B:11.0|C:34.0,False,3.4036486486486486,severe_x_ge_1.3,35.51533368583861,30.73377625033333,-4.781557435505281
3,site1,5326,119.0|A:23.0|B:9.0|C:69.0,False,1.8884782608695647,severe_x_ge_1.3,32.93845297679362,34.254247930303485,1.3157949535098652
3,site1,5330,79.0|A:25.0|B:9.0|C:27.0,True,1.9030222222222224,severe_x_ge_1.3,26.62819237472077,28.278819897766347,1.6506275230455785
3,site1,5332,79.0|A:21.0|B:9.0|C:31.0,True,2.062777777777778,severe_x_ge_1.3,29.1147922023908,31.21820447974122,2.1034122773504222
3,site1,5336,69.0|A:13.0|B:14.0|C:24.0,False,1.8939506172839504,severe_x_ge_1.3,22.601073858969755,23.42433889439314,0.8232650354233861
3,site1,5341,89.0|A:20.0|B:9.0|C:42.0,True,2.985421455938697,severe_x_ge_1.3,31.32041110897716,30.31632939214937,-1.0040817168277876
3,site1,5343,119.0|A:37.0|B:9.0|C:55.0,True,1.8138484848484848,severe_x_ge_1.3,39.599637924600906,36.47971679185405,-3.119921132746853
3,site1,5344,109.0|A:58.0|B:9.0|C:24.0,False,1.6673659003831418,severe_x_ge_1.3,36.76660348541089,37.11753929862222,0.3509358132113291
3,site1,5345,69.0|A:10.0|B:22.0|C:19.0,True,2.3802604166666668,severe_x_ge_1.3,23.32849361693109,23.591700833238733,0.2632072163076415
3,site1,5346,79.0|A:9.0|B:9.0|C:43.0,True,1.8759948320413435,severe_x_ge_1.3,21.296174578394577,22.09252293368761,0.7963483552930342
3,site1,5356,129.0|A:55.0|B:9.0|C:47.0,False,1.7001773049645392,severe_x_ge_1.3,44.6042998936266,41.31597185410008,-3.288328039526519
3,site1,5357,79.0|A:32.0|B:9.0|C:20.0,True,2.2295555555555557,severe_x_ge_1.3,30.03026978434224,32.219172085738386,2.188902301396148
3,site1,5366,69.0|A:9.0|B:16.0|C:26.0,True,3.1203333333333334,severe_x_ge_1.3,22.46072443188945,23.715162455399263,1.2544380235098167
3,site1,5375,89.0|A:17.0|B:9.0|C:45.0,True,1.8527124183006536,severe_x_ge_1.3,27.30920982649451,26.84160600559265,-0.4676038209018571
3,site1,5380,69.0|A:13.0|B:9.0|C:29.0,True,1.6984615384615385,severe_x_ge_1.3,25.61436022680631,22.7630092422717,-2.851350984534609
3,site1,5381,89.0|A:10.0|B:9.0|C:52.0,True,3.549590643274854,severe_x_ge_1.3,23.944161966840948,25.502759966853496,1.558598000012548
3,site1,5402,79.0|A:20.0|B:9.0|C:32.0,True,3.641264367816092,severe_x_ge_1.3,30.64686944754392,30.467255084236,-0.1796143633079232
3,site1,5410,89.0|A:11.0|B:9.0|C:51.0,True,3.129833333333333,severe_x_ge_1.3,26.755683610830364,27.6086195001976,0.8529358893672381
3,site1,5414,89.0|A:23.0|B:23.0|C:25.0,False,2.2625777777777776,severe_x_ge_1.3,44.08706644762516,41.18546822850725,-2.9015982191179006
3,site1,5416,129.0|A:30.0|B:9.0|C:72.0,True,1.834666666666667,severe_x_ge_1.3,37.96399192044179,39.11787937084944,1.1538874504076515
3,site1,5423,129.0|A:60.0|B:9.0|C:42.0,True,1.905138888888889,severe_x_ge_1.3,40.63992793713397,42.838537955115,2.198610017981032
3,site1,5434,69.0|A:10.0|B:29.0|C:12.0,False,1.9613888888888888,severe_x_ge_1.3,22.937868113205305,23.733969990724813,0.7961018775195079
3,site1,5441,109.0|A:21.0|B:9.0|C:61.0,True,2.9187777777777777,severe_x_ge_1.3,37.300651130992335,32.71346094967727,-4.587190181315066
3,site1,5442,69.0|A:20.0|B:10.0|C:21.0,True,2.834111111111111,severe_x_ge_1.3,30.392170922954456,24.7611898408854,-5.630981082069059
3,site1,5445,79.0|A:9.0|B:9.0|C:43.0,True,2.58212962962963,severe_x_ge_1.3,25.01527555952221,25.053200464880224,0.037924905358011
3,site1,5446,69.0|A:13.0|B:9.0|C:29.0,True,1.789770114942529,severe_x_ge_1.3,21.776674402696536,24.89043832576781,3.113763923071275
3,site1,5453,89.0|A:20.0|B:9.0|C:42.0,True,3.1149999999999998,severe_x_ge_1.3,31.62359390894752,29.86497010281825,-1.7586238061292612
3,site1,5461,69.0|A:11.0|B:9.0|C:31.0,True,1.8165053763440864,severe_x_ge_1.3,20.576914862661603,21.06278487777127,0.4858700151096684
3,site1,5465,69.0|A:9.0|B:15.0|C:27.0,True,2.6833333333333336,severe_x_ge_1.3,30.70359241972603,25.972868412449053,-4.730724007276976
3,site1,5471,109.0|A:60.0|B:22.0|C:9.0,False,1.5855462962962965,severe_x_ge_1.3,22.28673451628809,24.44122136461215,2.1544868483240585
3,site1,5472,79.0|A:29.0|B:9.0|C:23.0,True,2.8366081871345026,severe_x_ge_1.3,26.060381569307825,27.86309293244513,1.8027113631373053
3,site1,5473,119.0|A:21.0|B:9.0|C:71.0,False,1.8668518518518515,severe_x_ge_1.3,34.01426542168511,36.04759593788516,2.033330516200053
3,site1,5474,69.0|A:12.0|B:9.0|C:30.0,True,1.7786666666666666,severe_x_ge_1.3,19.616020027238644,21.14330077221214,1.5272807449734955
3,site1,5475,129.0|A:46.0|B:9.0|C:56.0,True,1.9942028985507243,severe_x_ge_1.3,44.62940215209574,45.10660630874766,0.4772041566519149
3,site1,5478,109.0|A:30.0|B:9.0|C:52.0,False,1.8958547008547009,severe_x_ge_1.3,35.44393175467902,36.0223918007503,0.5784600460712781
3,site1,5483,69.0|A:10.0|B:9.0|C:32.0,True,1.265,moderate_1.0_le_x_lt_1.3,19.854099637282463,21.228312861802998,1.3742132245205312
3,site1,5489,89.0|A:41.0|B:9.0|C:21.0,True,1.7305555555555556,severe_x_ge_1.3,28.63785799847954,30.776495279143507,2.138637280663968
3,site1,5490,89.0|A:34.0|B:9.0|C:28.0,False,1.993670634920635,severe_x_ge_1.3,30.30588622066558,35.596586841122054,5.290700620456473
3,site1,5491,89.0|A:15.0|B:9.0|C:47.0,True,1.799777777777778,severe_x_ge_1.3,24.707957739743037,26.290462449377383,1.5825047096343496
3,site1,5492,79.0|A:24.0|B:9.0|C:28.0,True,2.013402777777778,severe_x_ge_1.3,25.23422109014283,28.08740582952644,2.8531847393836074
3,site1,5493,109.0|A:50.0|B:9.0|C:32.0,False,2.155399305555556,severe_x_ge_1.3,46.08419997605403,43.985609358717184,-2.0985906173368463
3,site1,5495,99.0|A:45.0|B:9.0|C:27.0,True,1.8435185185185183,severe_x_ge_1.3,31.727909036468464,30.82990328203975,-0.8980057544287128
3,site1,5496,119.0|A:58.0|B:9.0|C:34.0,False,2.1388888888888893,severe_x_ge_1.3,43.42230713433043,45.24444920212729,1.822142067796861
3,site1,5499,69.0|A:15.0|B:14.0|C:22.0,True,2.664827586206897,severe_x_ge_1.3,31.85339257290237,26.5300043040333,-5.323388268869071
3,site1,5503,69.0|A:9.0|B:18.0|C:24.0,True,2.3312345679012347,severe_x_ge_1.3,27.725552758938708,26.760741366016703,-0.9648113929220052
3,site1,5508,129.0|A:54.0|B:9.0|C:48.0,True,1.8797569444444444,severe_x_ge_1.3,46.498695201533856,41.662730971122336,-4.83596423041152
3,site1,5509,89.0|A:39.0|B:9.0|C:23.0,False,2.1024637681159417,severe_x_ge_1.3,28.509048783103417,29.98033173432455,1.4712829512211345
3,site1,5517,99.0|A:54.0|B:9.0|C:18.0,True,1.705873015873016,severe_x_ge_1.3,25.032210755085767,26.64851271973934,1.616301964653573
3,site1,5524,79.0|A:20.0|B:9.0|C:32.0,True,2.0792361111111117,severe_x_ge_1.3,29.213967249138346,30.302994066456584,1.0890268173182385
3,site1,5527,69.0|A:10.0|B:10.0|C:31.0,True,2.4111666666666665,severe_x_ge_1.3,28.354641424584297,23.874633270995872,-4.480008153588425
3,site1,5536,79.0|A:33.0|B:12.0|C:16.0,False,2.3919444444444444,severe_x_ge_1.3,35.23356649947489,32.84283427867917,-2.39073222079572
3,site1,5548,89.0|A:14.0|B:9.0|C:48.0,True,2.768888888888889,severe_x_ge_1.3,31.186705133742585,28.34349128840508,-2.843213845337509
3,site1,5551,79.0|A:28.0|B:9.0|C:24.0,True,2.013402777777778,severe_x_ge_1.3,28.12761169607801,29.803030174890317,1.675418478812304
3,site1,5552,89.0|A:29.0|B:10.0|C:32.0,False,2.757478632478632,severe_x_ge_1.3,36.72765306510527,29.879972473915764,-6.847680591189501
3,site1,5557,109.0|A:33.0|B:9.0|C:49.0,True,1.8413832199546485,severe_x_ge_1.3,36.97733469690045,33.44366203373599,-3.5336726631644595
3,site1,5560,69.0|A:17.0|B:12.0|C:22.0,False,2.144022988505747,severe_x_ge_1.3,31.58357062821608,28.826150707076305,-2.757419921139771
3,site1,5562,109.0|A:34.0|B:9.0|C:48.0,True,1.87974537037037,severe_x_ge_1.3,38.76891343208506,34.90091145054081,-3.8680019815442535
3,site1,5565,89.0|A:23.0|B:14.0|C:34.0,False,2.0170424836601306,severe_x_ge_1.3,37.5943485659208,34.3604317002271,-3.2339168656936934
3,site1,5566,129.0|A:60.0|B:9.0|C:42.0,True,2.056150793650793,severe_x_ge_1.3,42.519452405207325,42.236476737611056,-0.2829756675962684
3,site1,5570,109.0|A:32.0|B:9.0|C:50.0,False,1.9486777777777773,severe_x_ge_1.3,39.0152925250372,37.9418639077198,-1.073428617317397
3,site1,5571,79.0|A:14.0|B:9.0|C:38.0,True,2.925289855072464,severe_x_ge_1.3,29.83717839386373,26.588316760004528,-3.2488616338592067
3,site1,5574,79.0|A:16.0|B:10.0|C:35.0,False,2.136840277777777,severe_x_ge_1.3,34.60121595294939,33.1028923799943,-1.498323572955087
3,site1,5577,69.0|A:16.0|B:10.0|C:25.0,True,2.5624358974358974,severe_x_ge_1.3,33.713083069454186,30.502425310451112,-3.210657759003073
3,site1,5579,99.0|A:41.0|B:9.0|C:31.0,True,1.5735365853658536,severe_x_ge_1.3,35.454618462446135,37.39300484321496,1.9383863807688255
3,site1,5581,69.0|A:9.0|B:9.0|C:33.0,True,1.7726262626262623,severe_x_ge_1.3,18.082602673719173,18.100673601814705,0.0180709280955326
3,site1,5585,89.0|A:9.0|B:9.0|C:53.0,True,1.7324213836477989,severe_x_ge_1.3,20.365817804849737,22.343008089739143,1.9771902848894063
3,site1,5586,119.0|A:26.0|B:9.0|C:66.0,True,1.6848316498316498,severe_x_ge_1.3,31.12534175739293,32.43683739002929,1.3114956326363547
3,site1,5598,69.0|A:14.0|B:10.0|C:27.0,False,1.9351234567901237,severe_x_ge_1.3,22.283185033573883,24.73268262985146,2.4494975962775776
3,site1,5599,109.0|A:35.0|B:9.0|C:47.0,True,1.895260047281324,severe_x_ge_1.3,35.275199977141625,38.2143573649508,2.939157387809175
3,site1,5605,119.0|A:75.0|B:11.0|C:15.0,False,2.1067407407407406,severe_x_ge_1.3,30.809682448817348,32.82393389873461,2.014251449917261
3,site1,5606,69.0|A:22.0|B:10.0|C:19.0,True,2.771979166666667,severe_x_ge_1.3,25.296945222244936,24.15558322829735,-1.1413619939475872
3,site1,5608,109.0|A:12.0|B:9.0|C:70.0,True,1.6753703703703702,severe_x_ge_1.3,22.603896278969327,22.257896880076625,-0.345999398892701
3,site1,5609,69.0|A:13.0|B:9.0|C:29.0,True,1.713103448275862,severe_x_ge_1.3,21.591986076337555,21.929609512551934,0.3376234362143826
3,site1,5612,129.0|A:65.0|B:9.0|C:37.0,False,2.086081081081081,severe_x_ge_1.3,36.532335142961685,40.36493497503197,3.832599832070287
3,site1,5613,99.0|A:26.0|B:13.0|C:42.0,False,2.020595238095238,severe_x_ge_1.3,40.17940153554381,38.422260350787695,-1.7571411847561151
3,site1,5615,69.0|A:31.0|B:9.0|C:11.0,True,1.9410606060606064,severe_x_ge_1.3,20.822821166014528,21.29789221437096,0.4750710483564333
3,site1,5616,119.0|A:46.0|B:9.0|C:46.0,True,1.5478623188405798,severe_x_ge_1.3,41.12484874947035,40.04600933785829,-1.0788394116120583
3,site1,5620,69.0|A:11.0|B:9.0|C:31.0,True,2.004833333333334,severe_x_ge_1.3,22.619913227709368,24.77471063512981,2.1547974074204426
3,site1,5621,89.0|A:20.0|B:9.0|C:42.0,True,2.7774137931034484,severe_x_ge_1.3,30.200997650700845,28.323234516212185,-1.87776313448866
3,site1,5631,69.0|A:27.0|B:9.0|C:15.0,True,1.8885555555555555,severe_x_ge_1.3,25.330543519434425,26.2872879258117,0.9567444063772754
3,site1,5634,89.0|A:10.0|B:18.0|C:43.0,True,3.2915873015873016,severe_x_ge_1.3,34.06859659867924,30.437881624795533,-3.630714973883709
3,site1,5636,79.0|A:31.0|B:9.0|C:21.0,True,2.106666666666667,severe_x_ge_1.3,30.07901732542946,32.383537554311566,2.3045202288821045
3,site1,5637,99.0|A:24.0|B:9.0|C:48.0,False,2.72,severe_x_ge_1.3,36.39550609367272,33.685483193628954,-2.710022900043768
3,site1,5639,69.0|A:14.0|B:9.0|C:28.0,True,1.549761904761905,severe_x_ge_1.3,27.78425439442297,26.453023684241312,-1.3312307101816572
3,site1,5646,79.0|A:9.0|B:9.0|C:43.0,True,2.706481481481481,severe_x_ge_1.3,21.546255451766104,23.29368798076069,1.7474325289945902
3,site1,5651,89.0|A:26.0|B:9.0|C:36.0,True,2.0615586419753087,severe_x_ge_1.3,32.369932716648925,34.99516468881667,2.6252319721677466
3,site1,5653,79.0|A:38.0|B:9.0|C:14.0,False,1.5674603174603174,severe_x_ge_1.3,25.25206731892122,24.8828574951686,-0.3692098237526195
3,site1,5654,99.0|A:27.0|B:9.0|C:45.0,True,2.0203333333333333,severe_x_ge_1.3,33.9936024682717,34.5525297763092,0.5589273080374966
3,site1,5657,69.0|A:9.0|B:12.0|C:30.0,True,2.22515873015873,severe_x_ge_1.3,20.595422854412888,21.121688839790597,0.5262659853777052
3,site1,5658,69.0|A:33.0|B:9.0|C:9.0,True,1.184074074074074,moderate_1.0_le_x_lt_1.3,19.105120732909807,18.62791536057682,-0.4772053723329854
3,site1,5659,109.0|A:9.0|B:20.0|C:62.0,False,2.706206896551724,severe_x_ge_1.3,34.76325663815339,34.700248685588384,-0.0630079525650089
3,site1,5660,79.0|A:9.0|B:9.0|C:43.0,True,1.175813953488372,moderate_1.0_le_x_lt_1.3,17.658955332511667,18.098034571546687,0.4390792390350206
3,site1,5661,119.0|A:23.0|B:9.0|C:69.0,False,1.5406763285024152,severe_x_ge_1.3,32.13587663130625,32.10535331448051,-0.030523316825743
3,site1,5664,69.0|A:14.0|B:10.0|C:27.0,False,2.0302469135802466,severe_x_ge_1.3,23.71758318110187,25.544019767266736,1.826436586164867
3,site1,5665,109.0|A:18.0|B:9.0|C:64.0,True,3.0883333333333334,severe_x_ge_1.3,32.13422054817951,30.95995473137416,-1.1742658168053524
3,site1,5667,99.0|A:60.0|B:9.0|C:12.0,False,1.7095833333333337,severe_x_ge_1.3,22.17506737985156,25.19255933265951,3.017491952807948
3,site1,5678,69.0|A:17.0|B:25.0|C:9.0,True,2.1904761904761902,severe_x_ge_1.3,14.912622493960145,14.655068858378868,-0.257553635581278
3,site1,5682,89.0|A:35.0|B:13.0|C:23.0,False,1.8944285714285716,severe_x_ge_1.3,40.36837762647978,35.33123926362235,-5.037138362857426
3,site1,5684,69.0|A:22.0|B:12.0|C:17.0,False,2.5322549019607847,severe_x_ge_1.3,28.521970532017438,28.26892339332914,-0.2530471386882951
3,site1,5690,129.0|A:62.0|B:9.0|C:40.0,True,1.6429583333333335,severe_x_ge_1.3,45.36750906468481,46.04811576416563,0.6806066994808191
3,site1,5694,89.0|A:34.0|B:24.0|C:13.0,False,2.2782478632478638,severe_x_ge_1.3,33.82872438345401,30.396363944213583,-3.4323604392404263
3,site1,5711,89.0|A:23.0|B:9.0|C:39.0,True,2.5062152777777778,severe_x_ge_1.3,32.23315243600967,32.599996819307755,0.366844383298087
3,site1,5713,69.0|A:26.0|B:16.0|C:9.0,False,1.8664682539682536,severe_x_ge_1.3,17.49660972314486,17.829389572052065,0.3327798489072044
3,site1,5715,129.0|A:61.0|B:9.0|C:41.0,True,2.013658536585366,severe_x_ge_1.3,49.62975302693364,46.79115374183301,-2.838599285100635
3,site1,5718,109.0|A:43.0|B:10.0|C:38.0,False,1.6063157894736844,severe_x_ge_1.3,45.19591816806417,40.7513562636078,-4.444561904456371
3,site1,5729,79.0|A:9.0|B:16.0|C:36.0,True,3.182822222222222,severe_x_ge_1.3,29.34011618458324,26.491156992613764,-2.848959191969477
3,site1,5734,99.0|A:24.0|B:9.0|C:48.0,False,1.9020833333333331,severe_x_ge_1.3,32.68475082511263,34.48402212381113,1.7992712986984998
3,site1,5736,119.0|A:20.0|B:9.0|C:72.0,True,1.797854938271605,severe_x_ge_1.3,31.303072279164784,31.98189201663136,0.6788197374665756
3,site1,5740,119.0|A:25.0|B:9.0|C:67.0,True,1.682379767827529,severe_x_ge_1.3,37.40288750229034,37.922309100758525,0.5194215984681847
3,site1,5746,129.0|A:67.0|B:9.0|C:35.0,True,2.008714285714286,severe_x_ge_1.3,39.78061630814309,42.81293132936514,3.032315021222054
3,site1,5747,69.0|A:10.0|B:15.0|C:26.0,False,2.024294871794872,severe_x_ge_1.3,28.89235248594776,26.86331493259932,-2.029037553348441
3,site1,5773,69.0|A:20.0|B:19.0|C:12.0,False,2.3117948717948718,severe_x_ge_1.3,22.255938084909804,22.93924188611372,0.6833038012039125
3,site1,5774,79.0|A:27.0|B:25.0|C:9.0,False,1.8855967078189304,severe_x_ge_1.3,20.62785756992067,23.10023860512722,2.472381035206549
3,site1,5776,89.0|A:40.0|B:9.0|C:22.0,True,1.7889898989898991,severe_x_ge_1.3,28.440859783879738,27.709748828623358,-0.7311109552563835
3,site1,5781,89.0|A:24.0|B:10.0|C:37.0,False,2.2148202614379087,severe_x_ge_1.3,34.49288419455906,32.889397274864464,-1.6034869196945962
3,site1,5784,69.0|A:9.0|B:9.0|C:33.0,True,1.2603535353535351,moderate_1.0_le_x_lt_1.3,20.27269867664638,21.98458059993684,1.7118819232904556
3,site1,5786,99.0|A:44.0|B:9.0|C:28.0,True,1.98,severe_x_ge_1.3,31.24593271045887,35.637253173081554,4.391320462622684
3,site1,5788,69.0|A:25.0|B:10.0|C:16.0,False,2.2305208333333333,severe_x_ge_1.3,28.307249734292714,29.89445660596627,1.5872068716735548
3,site1,5795,89.0|A:43.0|B:12.0|C:16.0,False,2.342430555555556,severe_x_ge_1.3,31.830547210114094,33.731876131823924,1.901328921709826
3,site1,5796,99.0|A:24.0|B:9.0|C:48.0,False,1.9020833333333331,severe_x_ge_1.3,30.323580668105183,31.416139336494037,1.0925586683888504
3,site1,5798,129.0|A:63.0|B:9.0|C:39.0,True,2.107735042735043,severe_x_ge_1.3,43.82819223566424,43.235193288072495,-0.5929989475917452
3,site1,5799,119.0|A:53.0|B:9.0|C:39.0,True,1.8545014245014244,severe_x_ge_1.3,36.40259849470648,36.78956739558471,0.3869689008782373
3,site1,5807,89.0|A:43.0|B:9.0|C:19.0,True,2.0324269005847952,severe_x_ge_1.3,26.931967563724143,28.0906104807758,1.158642917051658
3,site1,5811,89.0|A:29.0|B:9.0|C:33.0,True,1.9762794612794607,severe_x_ge_1.3,32.091079098462686,32.32822884581037,0.2371497473476864
3,site1,5813,99.0|A:26.0|B:9.0|C:46.0,True,1.7468478260869564,severe_x_ge_1.3,34.83008171602513,32.75054172594915,-2.079539990075979
3,site1,5816,69.0|A:17.0|B:9.0|C:25.0,True,1.7510666666666668,severe_x_ge_1.3,24.0016459959256,25.09433860505295,1.0926926091273543
3,site1,5818,69.0|A:21.0|B:9.0|C:21.0,True,3.005333333333333,severe_x_ge_1.3,21.47565723148909,22.35581051852733,0.8801532870382438
3,site1,5820,69.0|A:20.0|B:9.0|C:22.0,True,1.421818181818182,severe_x_ge_1.3,21.749390622020343,20.63782487714289,-1.1115657448774527
3,site1,5821,79.0|A:9.0|B:10.0|C:42.0,False,2.8573976608187133,severe_x_ge_1.3,23.893883486049734,24.091138396191653,0.1972549101419147
3,site1,5833,69.0|A:23.0|B:9.0|C:19.0,True,1.297280701754386,moderate_1.0_le_x_lt_1.3,23.576103732687727,21.435301406589907,-2.14080232609782
3,site1,5839,69.0|A:12.0|B:28.0|C:11.0,False,1.738939393939394,severe_x_ge_1.3,19.613356089357968,20.247394513590866,0.634038424232898
3,site1,5840,69.0|A:9.0|B:11.0|C:31.0,True,1.4838709677419355,severe_x_ge_1.3,20.18171978937327,19.16755503641209,-1.0141647529611788
3,site1,5842,69.0|A:25.0|B:9.0|C:17.0,True,1.7746078431372552,severe_x_ge_1.3,17.40097636785698,17.101132151907958,-0.2998442159490224
3,site1,5848,69.0|A:9.0|B:9.0|C:33.0,True,2.106203703703704,severe_x_ge_1.3,19.26256160578741,19.18185040653955,-0.0807111992478617
3,site1,5849,69.0|A:25.0|B:9.0|C:17.0,True,1.5011333333333332,severe_x_ge_1.3,22.84523504368186,22.734922981937085,-0.110312061744775
3,site1,5855,69.0|A:17.0|B:9.0|C:25.0,True,1.1883333333333332,moderate_1.0_le_x_lt_1.3,18.888934683989195,17.622922828702357,-1.2660118552868376
3,site1,5856,69.0|A:21.0|B:9.0|C:21.0,True,1.6647619047619049,severe_x_ge_1.3,24.359274598306172,24.587810649675152,0.2285360513689767
3,site1,5868,69.0|A:21.0|B:9.0|C:21.0,True,1.3142857142857145,severe_x_ge_1.3,21.755642386084286,20.812463075834746,-0.943179310249544
3,site1,5875,69.0|A:17.0|B:9.0|C:25.0,True,1.2310897435897437,moderate_1.0_le_x_lt_1.3,18.489937481882794,17.480344191263622,-1.009593290619172
3,site1,5876,69.0|A:10.0|B:21.0|C:20.0,True,1.2934408602150538,moderate_1.0_le_x_lt_1.3,18.89095402996268,18.263779606859234,-0.627174423103444
3,site1,5884,69.0|A:17.0|B:9.0|C:25.0,True,1.6276923076923075,severe_x_ge_1.3,19.31193048568111,18.723533538929484,-0.5883969467516259
3,site1,5887,69.0|A:26.0|B:9.0|C:16.0,True,1.8827564102564105,severe_x_ge_1.3,20.29598699227168,22.44417105696843,2.1481840646967534
3,site1,5889,69.0|A:31.0|B:11.0|C:9.0,True,1.471505376344086,severe_x_ge_1.3,18.035782841935603,18.993572201594706,0.957789359659099
3,site1,5904,69.0|A:12.0|B:9.0|C:30.0,True,1.1653333333333336,moderate_1.0_le_x_lt_1.3,17.896613615479804,16.7288148535365,-1.1677987619433026
3,site1,5907,69.0|A:20.0|B:9.0|C:22.0,True,1.589090909090909,severe_x_ge_1.3,21.676900897462136,21.40437108663773,-0.2725298108244054
3,site1,5916,69.0|A:23.0|B:9.0|C:19.0,True,1.3759649122807018,severe_x_ge_1.3,22.989000664241463,23.879813161815505,0.8908124975740392
3,site1,5920,69.0|A:28.0|B:9.0|C:14.0,True,1.497738095238095,severe_x_ge_1.3,21.22344049804415,20.834368019552212,-0.3890724784919328
3,site1,5922,69.0|A:9.0|B:9.0|C:33.0,True,3.0262037037037035,severe_x_ge_1.3,22.47830067531246,24.400466433248404,1.922165757935943
3,site1,5925,69.0|A:9.0|B:9.0|C:33.0,True,1.512037037037037,severe_x_ge_1.3,19.822141635485103,19.507442590995492,-0.3146990444896076
3,site1,5927,69.0|A:13.0|B:9.0|C:29.0,True,1.2371212121212125,moderate_1.0_le_x_lt_1.3,19.252705770036417,18.566127465527003,-0.686578304509414
3,site1,5929,69.0|A:30.0|B:12.0|C:9.0,False,1.6687777777777777,severe_x_ge_1.3,22.565299005602892,22.197510075946816,-0.3677889296560792
3,site1,5932,69.0|A:11.0|B:19.0|C:21.0,False,2.048277777777778,severe_x_ge_1.3,20.23154277419589,19.87790926801714,-0.3536335061787525
3,site1,5934,79.0|A:30.0|B:9.0|C:22.0,True,1.927121212121212,severe_x_ge_1.3,27.165360809130146,28.877637746599877,1.7122769374697313
3,site1,5936,69.0|A:16.0|B:11.0|C:24.0,True,1.0733333333333337,moderate_1.0_le_x_lt_1.3,19.7900615943143,18.31565251022745,-1.4744090840868471
3,site1,5948,69.0|A:16.0|B:19.0|C:16.0,False,1.850952380952381,severe_x_ge_1.3,19.79378901987952,19.72908758618336,-0.0647014336961611
3,site1,5951,69.0|A:9.0|B:18.0|C:24.0,True,2.030246913580247,severe_x_ge_1.3,21.03504364621521,21.971301512132555,0.9362578659173408
3,site1,5962,69.0|A:20.0|B:9.0|C:22.0,True,1.7765517241379312,severe_x_ge_1.3,21.28088620651379,21.9235927670571,0.64270656054331
3,site1,5963,69.0|A:9.0|B:10.0|C:32.0,True,3.119122807017544,severe_x_ge_1.3,24.8962116289514,25.335232649014884,0.4390210200634818
3,site1,5965,69.0|A:18.0|B:9.0|C:24.0,True,1.662530864197531,severe_x_ge_1.3,20.010613214482717,19.200065765186515,-0.8105474492961982
3,site1,5968,69.0|A:28.0|B:9.0|C:14.0,True,2.3372972972972974,severe_x_ge_1.3,19.64854963202981,20.71490392581651,1.066354293786702
3,site1,5971,69.0|A:26.0|B:11.0|C:14.0,True,1.3936904761904765,severe_x_ge_1.3,19.48406139292103,18.41487584479701,-1.069185548124025
3,site1,5980,69.0|A:9.0|B:11.0|C:31.0,True,1.9587096774193549,severe_x_ge_1.3,22.7560905674614,23.717436835781573,0.9613462683201774
3,site1,5983,69.0|A:29.0|B:9.0|C:13.0,True,1.4448717948717946,severe_x_ge_1.3,20.644595548755387,18.52795051817413,-2.1166450305812567
3,site1,5988,69.0|A:14.0|B:9.0|C:28.0,True,1.6948809523809525,severe_x_ge_1.3,21.008972237368845,20.796800637602107,-0.2121715997667372
3,site1,5991,69.0|A:21.0|B:18.0|C:12.0,False,2.406153846153846,severe_x_ge_1.3,19.19557226150962,20.422760606482303,1.227188344972685
3,site1,5992,69.0|A:9.0|B:9.0|C:33.0,True,3.0879629629629632,severe_x_ge_1.3,24.839567420408937,23.482873322321066,-1.3566940980878748
3,site1,5998,69.0|A:15.0|B:9.0|C:27.0,True,1.649753086419753,severe_x_ge_1.3,21.647618424354928,23.01746786814882,1.3698494437938926
3,site1,6000,69.0|A:20.0|B:9.0|C:22.0,True,2.664827586206897,severe_x_ge_1.3,20.165697376227296,20.433357709744417,0.2676603335171208
3,site1,6005,69.0|A:20.0|B:9.0|C:22.0,True,1.3712878787878788,severe_x_ge_1.3,20.358096648284494,20.101409149371,-0.2566874989134966
3,site1,6007,69.0|A:22.0|B:9.0|C:20.0,True,1.287651515151515,moderate_1.0_le_x_lt_1.3,24.14921941750614,24.58229116089842,0.4330717433922828
3,site1,6009,69.0|A:20.0|B:9.0|C:22.0,True,1.421818181818182,severe_x_ge_1.3,21.975478020511787,21.290583163603745,-0.6848948569080413
3,site1,6011,119.0|A:9.0|B:32.0|C:60.0,False,2.7218428184281844,severe_x_ge_1.3,38.78537477279513,36.98083695347477,-1.804537819320366
3,site1,6012,119.0|A:66.0|B:13.0|C:22.0,False,1.9202272727272724,severe_x_ge_1.3,35.568699457754995,36.980344139677165,1.4116446819221693
3,site1,6013,79.0|A:12.0|B:16.0|C:33.0,False,2.0508080808080806,severe_x_ge_1.3,35.55014360629981,29.493838419627068,-6.056305186672745
3,site1,6015,99.0|A:12.0|B:18.0|C:51.0,False,1.9745,severe_x_ge_1.3,34.81587943130467,31.46932462561277,-3.346554805691902
3,site1,6019,99.0|A:10.0|B:14.0|C:57.0,True,1.661,severe_x_ge_1.3,30.289504633739146,29.48161071993836,-0.8078939138007861
3,site1,6020,129.0|A:42.0|B:9.0|C:60.0,True,2.0476190476190474,severe_x_ge_1.3,44.345147317961526,41.61869347872149,-2.726453839240037
3,site1,6021,119.0|A:15.0|B:12.0|C:74.0,False,2.1067407407407406,severe_x_ge_1.3,31.85046840729004,33.357680554499225,1.5072121472091844
3,site1,6023,89.0|A:10.0|B:19.0|C:42.0,False,2.675114942528736,severe_x_ge_1.3,33.30387639241302,30.860004314772727,-2.4438720776402896
3,site1,6025,129.0|A:34.0|B:9.0|C:68.0,True,1.821176470588235,severe_x_ge_1.3,39.67019279057487,38.63410758287814,-1.036085207696729
3,site1,6026,129.0|A:46.0|B:9.0|C:56.0,True,1.7673511904761905,severe_x_ge_1.3,50.98769073579588,48.5090022083787,-2.4786885274171766
3,site1,6028,109.0|A:39.0|B:9.0|C:43.0,True,1.887080103359173,severe_x_ge_1.3,44.61700531155318,39.84745501506376,-4.76955029648942
3,site1,6030,129.0|A:16.0|B:9.0|C:86.0,True,2.1098666666666666,severe_x_ge_1.3,28.282036683701183,28.24938718963937,-0.0326494940618076
3,site1,6032,79.0|A:9.0|B:20.0|C:32.0,False,3.550459770114942,severe_x_ge_1.3,38.947528661467054,33.265991430421394,-5.68153723104566
3,site1,6039,129.0|A:91.0|B:9.0|C:11.0,False,2.084848484848485,severe_x_ge_1.3,23.16342673093721,26.7007684887786,3.537341757841382
3,site1,6040,129.0|A:88.0|B:9.0|C:14.0,False,2.2114285714285717,severe_x_ge_1.3,30.049139524287256,33.14341306076941,3.094273536482156
3,site1,6042,129.0|A:50.0|B:9.0|C:52.0,True,1.8150961538461536,severe_x_ge_1.3,42.44958952701812,41.42713434926089,-1.0224551777572302
3,site1,6047,129.0|A:9.0|B:9.0|C:93.0,True,1.035698924731183,moderate_1.0_le_x_lt_1.3,17.54889570274178,23.389397443262716,5.840501740520931
3,site1,6048,129.0|A:9.0|B:9.0|C:93.0,True,1.3178703703703702,severe_x_ge_1.3,20.69265880508805,23.961102324916595,3.268443519828544
3,site1,6052,129.0|A:75.0|B:10.0|C:26.0,False,1.910192307692308,severe_x_ge_1.3,34.99987067191187,37.454372860906105,2.4545021889942333
3,site1,6053,109.0|A:11.0|B:18.0|C:62.0,False,1.96530303030303,severe_x_ge_1.3,36.48823270297565,35.12219671291665,-1.366035990058997
3,site1,6054,89.0|A:10.0|B:29.0|C:32.0,False,2.0944159544159544,severe_x_ge_1.3,38.59069714093573,35.68510893529606,-2.905588205639667
3,site1,6055,129.0|A:31.0|B:9.0|C:71.0,True,1.846173708920188,severe_x_ge_1.3,36.6340828119134,38.21122032996883,1.5771375180554372
3,site1,6064,69.0|A:19.0|B:16.0|C:16.0,True,2.418285714285714,severe_x_ge_1.3,33.56877995842451,29.31195590154788,-4.256824056876628
3,site1,6068,79.0|A:23.0|B:11.0|C:27.0,False,2.147304526748971,severe_x_ge_1.3,34.341694702897364,32.70825544451336,-1.6334392583840014
3,site1,6070,69.0|A:9.0|B:10.0|C:32.0,True,1.6781481481481482,severe_x_ge_1.3,30.07796543398334,23.914247646531702,-6.163717787451638
3,site1,6078,69.0|A:9.0|B:9.0|C:33.0,True,2.840925925925926,severe_x_ge_1.3,27.40147389115199,26.13949621090481,-1.2619776802471812
3,site1,6091,89.0|A:34.0|B:9.0|C:28.0,False,1.8963398692810456,severe_x_ge_1.3,28.933589230730423,32.40271224435934,3.4691230136289164
3,site1,6092,89.0|A:30.0|B:10.0|C:31.0,False,1.9612962962962963,severe_x_ge_1.3,38.17310234163044,33.81856024980502,-4.354542091825422
3,site1,6093,89.0|A:9.0|B:9.0|C:53.0,True,1.7109643605870022,severe_x_ge_1.3,18.923960747785536,20.569926154900514,1.6459654071149783
3,site1,6097,99.0|A:42.0|B:9.0|C:30.0,True,2.036833333333333,severe_x_ge_1.3,32.20190941049075,33.8568791384103,1.65496972791955
3,site1,6103,69.0|A:10.0|B:16.0|C:25.0,True,2.2371333333333334,severe_x_ge_1.3,29.323011427341797,28.26249328657283,-1.0605181407689628
3,site1,6108,119.0|A:29.0|B:9.0|C:63.0,False,1.7283333333333333,severe_x_ge_1.3,33.76636617160736,35.28317437691162,1.5168082053042582
3,site1,6111,69.0|A:21.0|B:9.0|C:21.0,True,2.245055555555556,severe_x_ge_1.3,26.32489598777317,25.530958775754502,-0.793937212018669
3,site1,6115,109.0|A:37.0|B:9.0|C:45.0,False,1.8444894894894888,severe_x_ge_1.3,36.37895100136176,36.52945777357595,0.150506772214193
3,site1,6122,69.0|A:13.0|B:12.0|C:26.0,True,2.3705333333333334,severe_x_ge_1.3,22.00585481793794,22.506675708154543,0.5008208902166054
3,site1,6123,69.0|A:10.0|B:9.0|C:32.0,True,3.68,severe_x_ge_1.3,33.238586165721586,29.49675076149781,-3.7418354042237754
3,site1,6126,129.0|A:9.0|B:9.0|C:93.0,True,1.643709677419355,severe_x_ge_1.3,21.170107237714756,22.9583349232994,1.7882276855846442
3,site1,6128,79.0|A:9.0|B:22.0|C:30.0,False,1.955179211469534,severe_x_ge_1.3,28.94485915240865,26.268770336007368,-2.676088816401286
3,site1,6141,99.0|A:9.0|B:36.0|C:36.0,False,2.1376666666666666,severe_x_ge_1.3,35.47400457634746,34.7290577189426,-0.7449468574048623
3,site1,6143,89.0|A:15.0|B:21.0|C:35.0,False,2.9144753086419755,severe_x_ge_1.3,35.904645031910285,31.14287594711114,-4.761769084799145
3,site1,6144,79.0|A:13.0|B:9.0|C:39.0,True,1.9918803418803417,severe_x_ge_1.3,26.591419412646783,29.032917860387872,2.4414984477410897
3,site1,6148,69.0|A:10.0|B:11.0|C:30.0,True,2.1904761904761902,severe_x_ge_1.3,20.727316005938626,20.74454678072778,0.0172307747891551
3,site1,6149,89.0|A:53.0|B:9.0|C:9.0,False,1.265964360587002,moderate_1.0_le_x_lt_1.3,15.8148802205864,16.168124767736245,0.3532445471498437
3,site1,6151,79.0|A:24.0|B:9.0|C:28.0,True,1.8323611111111116,severe_x_ge_1.3,27.348848946947108,28.945530349593227,1.5966814026461194
3,site1,6155,109.0|A:48.0|B:10.0|C:33.0,False,2.1836700336700336,severe_x_ge_1.3,46.05362285164816,48.02928857495246,1.975665723304296
3,site1,6156,119.0|A:69.0|B:9.0|C:23.0,False,1.8358547008547008,severe_x_ge_1.3,26.94304710776965,29.176338047209555,2.2332909394399003
3,site1,6161,69.0|A:14.0|B:9.0|C:28.0,True,2.8316666666666666,severe_x_ge_1.3,29.877672886330195,24.463334802089523,-5.414338084240672
3,site1,6165,119.0|A:42.0|B:9.0|C:50.0,False,2.048122222222222,severe_x_ge_1.3,46.94624231706026,44.63959907305477,-2.3066432440054925
3,site1,6168,119.0|A:67.0|B:9.0|C:25.0,True,1.8881333333333328,severe_x_ge_1.3,39.22458358635245,41.58929275841111,2.364709172058653
3,site1,6174,89.0|A:14.0|B:9.0|C:48.0,True,1.8188492063492063,severe_x_ge_1.3,27.483925214066996,26.26167236991915,-1.2222528441478424
3,site1,6177,119.0|A:9.0|B:15.0|C:77.0,False,1.619722222222222,severe_x_ge_1.3,25.811201051515177,25.981527886137314,0.1703268346221378
3,site1,6178,79.0|A:22.0|B:10.0|C:29.0,False,2.127854406130268,severe_x_ge_1.3,39.13921273494058,31.99454330524016,-7.144669429700418
3,site1,6184,89.0|A:14.0|B:14.0|C:43.0,False,2.3680357142857145,severe_x_ge_1.3,36.48901272463417,36.43955785931983,-0.0494548653143454
3,site1,6193,99.0|A:32.0|B:9.0|C:40.0,True,2.074875,severe_x_ge_1.3,42.83153551404278,40.3721758425909,-2.459359671451878
3,site1,6202,109.0|A:39.0|B:9.0|C:43.0,True,2.0462144702842373,severe_x_ge_1.3,44.77057500011811,40.47106108263917,-4.29951391747894
3,site1,6205,69.0|A:22.0|B:11.0|C:18.0,False,2.2250757575757576,severe_x_ge_1.3,34.27629224993395,29.833195507208504,-4.443096742725448
3,site1,6212,99.0|A:48.0|B:9.0|C:24.0,False,2.028125,severe_x_ge_1.3,29.86538726236254,32.297465602469195,2.4320783401066564
3,site1,6214,69.0|A:14.0|B:9.0|C:28.0,True,2.688333333333333,severe_x_ge_1.3,21.32980618605854,21.275122075558148,-0.0546841105003927
3,site1,6218,79.0|A:22.0|B:9.0|C:30.0,True,2.1929814814814814,severe_x_ge_1.3,29.311544469819324,32.09752780722147,2.7859833374021434
3,site1,6228,79.0|A:11.0|B:9.0|C:41.0,True,1.958943089430894,severe_x_ge_1.3,23.60966910957437,25.97777274109807,2.3681036315237023
3,site1,6229,109.0|A:9.0|B:9.0|C:73.0,True,1.7602587519025876,severe_x_ge_1.3,21.438254159328004,22.586126987741377,1.147872828413373
3,site1,6230,69.0|A:31.0|B:9.0|C:11.0,True,1.9587096774193549,severe_x_ge_1.3,29.221335110460466,26.07430171027146,-3.147033400189006
3,site1,6232,89.0|A:17.0|B:11.0|C:43.0,False,1.9166993464052289,severe_x_ge_1.3,34.581560189599344,29.89552137657755,-4.686038813021796
3,site1,6235,69.0|A:30.0|B:10.0|C:11.0,False,2.2093939393939395,severe_x_ge_1.3,24.614289887247963,23.90817762515058,-0.7061122620973848
3,site1,6240,79.0|A:31.0|B:9.0|C:21.0,True,1.8348387096774197,severe_x_ge_1.3,29.31339720137244,30.683388172264543,1.3699909708921003
3,site1,6243,79.0|A:9.0|B:9.0|C:43.0,True,2.4577777777777783,severe_x_ge_1.3,26.84327787675207,26.17364582891877,-0.6696320478332964
3,site1,6249,129.0|A:93.0|B:9.0|C:9.0,False,1.3616666666666668,severe_x_ge_1.3,22.360143743556165,30.67937052915176,8.319226785595596
3,site1,6255,109.0|A:17.0|B:9.0|C:65.0,True,1.5388235294117645,severe_x_ge_1.3,26.74431846941232,27.210966006884192,0.466647537471875
3,site1,6266,89.0|A:9.0|B:9.0|C:53.0,True,1.5382716049382716,severe_x_ge_1.3,23.113704521795444,22.1371457696222,-0.9765587521732436
3,site1,6270,69.0|A:25.0|B:14.0|C:12.0,True,2.0287179487179485,severe_x_ge_1.3,30.122663572888307,25.66673490602789,-4.455928666860416
3,site1,6272,79.0|A:21.0|B:20.0|C:20.0,False,1.9675067750677504,severe_x_ge_1.3,34.15122460656799,31.858123039350325,-2.2931015672176684
3,site1,6273,79.0|A:9.0|B:9.0|C:43.0,True,1.9823148148148149,severe_x_ge_1.3,21.57655989179497,22.1764599781508,0.5999000863558273
3,site1,6288,79.0|A:12.0|B:9.0|C:40.0,True,1.6820416666666669,severe_x_ge_1.3,22.28948509469793,22.775212483552068,0.4857273888541336
3,site1,6291,129.0|A:59.0|B:9.0|C:43.0,True,2.0083333333333333,severe_x_ge_1.3,45.08365597594768,47.53134092763805,2.44768495169037
3,site1,6295,79.0|A:22.0|B:9.0|C:30.0,True,2.0700925925925926,severe_x_ge_1.3,27.87796881702622,30.937037295378172,3.059068478351957
3,site1,6300,69.0|A:12.0|B:9.0|C:30.0,True,2.121111111111111,severe_x_ge_1.3,26.432974040950008,25.48867527701727,-0.9442987639327391
3,site1,6305,69.0|A:9.0|B:17.0|C:25.0,True,2.264615384615385,severe_x_ge_1.3,28.26540799655416,26.322087112090347,-1.9433208844638123
3,site1,6311,99.0|A:36.0|B:9.0|C:36.0,True,1.7706944444444443,severe_x_ge_1.3,39.96233603463773,33.78687524461844,-6.175460790019287
3,site1,6322,69.0|A:14.0|B:9.0|C:28.0,True,1.9833333333333327,severe_x_ge_1.3,25.940856798254696,24.097247388724515,-1.8436094095301807
3,site1,6325,69.0|A:11.0|B:15.0|C:25.0,True,2.4489102564102563,severe_x_ge_1.3,19.67622779817546,20.6026379183879,0.926410120212438
3,site1,6328,69.0|A:21.0|B:12.0|C:18.0,False,1.6285858585858584,severe_x_ge_1.3,18.57738158950336,18.603610569035727,0.026228979532366
3,site1,6330,69.0|A:24.0|B:9.0|C:18.0,True,1.7936805555555555,severe_x_ge_1.3,23.203160073135606,24.551412420857478,1.3482523477218675
3,site1,6347,69.0|A:10.0|B:19.0|C:22.0,False,2.7666091954022987,severe_x_ge_1.3,21.08034613919591,22.828527833547884,1.748181694351974
3,site1,6348,69.0|A:21.0|B:9.0|C:21.0,True,2.650111111111111,severe_x_ge_1.3,20.74749574433821,22.178279769194997,1.4307840248567842
3,site1,6350,69.0|A:27.0|B:9.0|C:15.0,True,1.5691111111111111,severe_x_ge_1.3,19.713599120562915,19.22365621240531,-0.4899429081576052
3,site1,6351,69.0|A:12.0|B:13.0|C:26.0,False,3.1648,severe_x_ge_1.3,23.112838954919862,25.11964524682464,2.00680629190477
3,site1,6357,69.0|A:17.0|B:9.0|C:25.0,True,1.7219333333333335,severe_x_ge_1.3,22.195145907928467,23.20129099977903,1.0061450918505628
3,site1,6360,69.0|A:18.0|B:9.0|C:24.0,True,2.4263580246913583,severe_x_ge_1.3,21.963010756423117,22.555777080748246,0.5927663243251331
3,site1,6364,69.0|A:19.0|B:15.0|C:17.0,False,2.435294117647059,severe_x_ge_1.3,19.296710603124623,19.45484659190617,0.1581359887815452
3,site1,6365,69.0|A:18.0|B:9.0|C:24.0,True,1.8939506172839509,severe_x_ge_1.3,19.319612694631456,18.378049346936415,-0.9415633476950376
3,site1,6373,69.0|A:13.0|B:9.0|C:29.0,True,1.385897435897436,severe_x_ge_1.3,20.348086114801703,20.031251383907183,-0.3168347308945236
3,site1,6374,69.0|A:14.0|B:17.0|C:20.0,False,2.480537634408602,severe_x_ge_1.3,20.479261385261708,20.439791796331328,-0.0394695889303804
3,site1,6385,69.0|A:9.0|B:24.0|C:18.0,False,1.880462962962963,severe_x_ge_1.3,22.28935765382096,22.670711697628168,0.3813540438072103
3,site1,6416,129.0|A:87.0|B:11.0|C:13.0,False,1.498409961685824,severe_x_ge_1.3,27.857725821429494,30.21303910744861,2.3553132860191184
3,site1,6418,129.0|A:73.0|B:9.0|C:29.0,False,1.9646551724137928,severe_x_ge_1.3,41.68150595430571,44.9194518606079,3.237945906302187
3,site1,6422,79.0|A:12.0|B:23.0|C:26.0,False,2.252126984126984,severe_x_ge_1.3,36.46993841380398,32.8880807036108,-3.581857710193184
3,site1,6425,129.0|A:13.0|B:9.0|C:89.0,True,1.7365384615384614,severe_x_ge_1.3,24.229195258245262,26.341278930152367,2.112083671907101
3,site1,6437,109.0|A:66.0|B:16.0|C:9.0,False,1.757946127946128,severe_x_ge_1.3,22.98111107693227,25.37724131061726,2.396130233684993
3,site1,6447,119.0|A:25.0|B:9.0|C:67.0,True,1.8076948590381423,severe_x_ge_1.3,32.915752205712984,33.55904706685069,0.6432948611377043
3,site1,6454,129.0|A:19.0|B:9.0|C:83.0,True,1.7364056224899596,severe_x_ge_1.3,30.970157417259117,31.788998123455627,0.8188407061965144
3,site1,6458,129.0|A:92.0|B:9.0|C:10.0,False,1.7988333333333335,severe_x_ge_1.3,20.98517129660922,23.44741301590284,2.462241719293619
3,site1,6465,99.0|A:10.0|B:9.0|C:62.0,True,3.1552631578947365,severe_x_ge_1.3,27.80506372889782,27.95287916019405,0.1478154312962338
3,site1,6467,129.0|A:17.0|B:17.0|C:77.0,False,2.8224019607843136,severe_x_ge_1.3,38.83999329226752,38.69933014587033,-0.1406631463971948
3,site1,6480,109.0|A:9.0|B:9.0|C:73.0,True,1.433148148148148,severe_x_ge_1.3,20.78589617276409,20.76191070427036,-0.0239854684937341
3,site1,6489,109.0|A:23.0|B:13.0|C:55.0,False,2.264104938271605,severe_x_ge_1.3,41.24510597041652,37.555602613461765,-3.689503356954752
3,site1,6491,129.0|A:40.0|B:9.0|C:62.0,True,2.520034013605442,severe_x_ge_1.3,45.76829606038134,42.6915465173436,-3.0767495430377423
3,site1,6497,99.0|A:10.0|B:9.0|C:62.0,True,3.273947368421052,severe_x_ge_1.3,30.74526157494322,30.149588003488255,-0.595673571454963
3,site1,6501,129.0|A:49.0|B:9.0|C:53.0,True,1.8890251572327044,severe_x_ge_1.3,42.87039483057243,40.897804927567655,-1.9725899030047744
3,site1,6505,89.0|A:9.0|B:9.0|C:53.0,True,1.7604088050314466,severe_x_ge_1.3,21.67440458510636,22.075459059678668,0.4010544745723088
3,site1,6509,69.0|A:11.0|B:9.0|C:31.0,True,2.7791666666666672,severe_x_ge_1.3,27.996787435355262,26.97481641652718,-1.0219710188280864
3,site1,6510,79.0|A:17.0|B:9.0|C:35.0,True,1.8583809523809525,severe_x_ge_1.3,23.36738768173643,25.438761507277224,2.0713738255407925
3,site1,6512,89.0|A:30.0|B:9.0|C:32.0,True,2.287122507122507,severe_x_ge_1.3,37.457463416521165,33.88640328180758,-3.5710601347135835
3,site1,6517,69.0|A:17.0|B:16.0|C:18.0,True,2.0657407407407407,severe_x_ge_1.3,27.96653841933008,27.162322686238205,-0.8042157330918727
3,site1,6518,69.0|A:9.0|B:19.0|C:23.0,True,2.116547619047619,severe_x_ge_1.3,19.094825361034665,20.772180186007738,1.677354824973076
3,site1,6521,69.0|A:10.0|B:9.0|C:32.0,True,1.955,severe_x_ge_1.3,27.463521272009544,25.593857965194555,-1.8696633068149888
3,site1,6533,129.0|A:52.0|B:9.0|C:50.0,True,1.9722666666666664,severe_x_ge_1.3,46.01563967708248,43.47906272660884,-2.5365769504736377
3,site1,6542,79.0|A:14.0|B:9.0|C:38.0,True,1.888377192982456,severe_x_ge_1.3,23.33619288344112,24.385737854637693,1.0495449711965747
3,site1,6554,129.0|A:81.0|B:10.0|C:20.0,False,1.96725,severe_x_ge_1.3,28.083908638199187,31.645526871582494,3.561618233383306
3,site1,6557,109.0|A:48.0|B:9.0|C:34.0,True,2.174656862745098,severe_x_ge_1.3,36.73101174182353,37.69994208703836,0.9689303452148296
3,site1,6563,99.0|A:9.0|B:9.0|C:63.0,True,1.5382539682539684,severe_x_ge_1.3,17.588075547422644,17.046222762283357,-0.5418527851392874
3,site1,6566,79.0|A:31.0|B:9.0|C:21.0,True,1.8767724867724869,severe_x_ge_1.3,28.871118742902112,27.99604787447692,-0.8750708684251904
3,site1,6572,69.0|A:17.0|B:9.0|C:25.0,True,2.5624358974358974,severe_x_ge_1.3,26.35575690483094,25.059163025370864,-1.296593879460076
3,site1,6575,69.0|A:10.0|B:18.0|C:23.0,False,2.9311309523809523,severe_x_ge_1.3,22.422224298794863,22.987320578547543,0.5650962797526802
3,site1,6576,89.0|A:20.0|B:12.0|C:39.0,True,2.0944159544159544,severe_x_ge_1.3,39.483293392384894,35.67538214644229,-3.8079112459426057
3,site1,6579,69.0|A:14.0|B:9.0|C:28.0,True,2.037142857142857,severe_x_ge_1.3,26.35042439830207,27.118359601682325,0.7679352033802544
3,site1,6585,89.0|A:43.0|B:9.0|C:19.0,True,1.873684210526316,severe_x_ge_1.3,26.88380794539615,29.55736116725653,2.673553221860381
3,site1,6591,109.0|A:33.0|B:9.0|C:49.0,True,1.8957596371882084,severe_x_ge_1.3,35.200704831150894,35.38027196678428,0.1795671356333841
3,site1,6596,129.0|A:22.0|B:9.0|C:80.0,True,1.7585208333333333,severe_x_ge_1.3,33.7547411358571,35.728232537599816,1.973491401742713
3,site1,6600,89.0|A:52.0|B:9.0|C:10.0,True,1.9481111111111111,severe_x_ge_1.3,21.616466173469316,22.88779724664614,1.271331073176828
3,site1,6601,119.0|A:49.0|B:9.0|C:43.0,True,2.0017829457364344,severe_x_ge_1.3,45.29126712394519,45.737175887836045,0.4459087638908556
3,site1,6613,119.0|A:65.0|B:9.0|C:27.0,False,2.0445473251028807,severe_x_ge_1.3,30.691977513543826,32.86330479576017,2.171327282216346
3,site1,6614,69.0|A:12.0|B:13.0|C:26.0,False,2.151089743589744,severe_x_ge_1.3,32.77321320805418,27.49816352868769,-5.275049679366486
3,site1,6615,99.0|A:34.0|B:9.0|C:38.0,True,2.0538157894736844,severe_x_ge_1.3,35.20757674447463,34.259571745314815,-0.9480049991598136
3,site1,6620,99.0|A:20.0|B:9.0|C:52.0,False,1.8202884615384611,severe_x_ge_1.3,29.047859715857918,26.86433996043164,-2.183519755426275
3,site1,6635,69.0|A:9.0|B:13.0|C:29.0,True,2.5596212121212125,severe_x_ge_1.3,22.532527371381857,24.59013002176421,2.057602650382353
3,site1,6636,79.0|A:21.0|B:31.0|C:9.0,False,1.479561965811966,severe_x_ge_1.3,19.748235148755008,22.51177712130237,2.7635419725473582
3,site1,6638,89.0|A:9.0|B:11.0|C:51.0,True,2.1162222222222224,severe_x_ge_1.3,25.393331711004976,25.93022187627407,0.5368901652690958
3,site1,6639,109.0|A:14.0|B:9.0|C:68.0,False,2.3906280193236715,severe_x_ge_1.3,31.334887617174505,35.03089549911421,3.6960078819397033
3,site1,6640,99.0|A:20.0|B:16.0|C:45.0,False,3.4145833333333333,severe_x_ge_1.3,36.42187138815287,31.095701926245237,-5.326169461907632
3,site1,6643,109.0|A:34.0|B:11.0|C:46.0,False,2.1408169934640524,severe_x_ge_1.3,43.506950851242,42.23410753855149,-1.2728433126905043
3,site1,6644,69.0|A:22.0|B:9.0|C:20.0,True,1.9511666666666667,severe_x_ge_1.3,24.954405656520866,24.93617225413324,-0.0182334023876258
3,site1,6648,79.0|A:33.0|B:9.0|C:19.0,False,2.4337433862433864,severe_x_ge_1.3,32.354028475893905,28.1860426155454,-4.167985860348505
3,site1,6651,79.0|A:9.0|B:26.0|C:26.0,False,1.873717948717949,severe_x_ge_1.3,25.50894783367433,27.57106519946268,2.062117365788346
3,site1,6655,69.0|A:13.0|B:29.0|C:9.0,False,1.273846153846154,moderate_1.0_le_x_lt_1.3,16.1716606403936,14.97025235748393,-1.2014082829096695
3,site1,6657,69.0|A:9.0|B:9.0|C:33.0,True,2.0072727272727278,severe_x_ge_1.3,22.276904710147445,24.68291674513648,2.406012034989036
3,site1,6663,119.0|A:34.0|B:9.0|C:58.0,True,2.701330749354005,severe_x_ge_1.3,41.53553376932214,40.45651752375934,-1.079016245562805
3,site1,6672,79.0|A:42.0|B:9.0|C:10.0,False,1.9706111111111109,severe_x_ge_1.3,26.73048252028425,27.599135514313005,0.8686529940287535
3,site1,6680,99.0|A:41.0|B:9.0|C:31.0,True,1.9214516129032255,severe_x_ge_1.3,31.6490866497656,34.831387405988856,3.18230075622326
3,site1,6682,109.0|A:66.0|B:9.0|C:16.0,False,1.706909722222222,severe_x_ge_1.3,29.481914516032298,31.887163934678497,2.4052494186462
3,site1,6685,79.0|A:41.0|B:9.0|C:11.0,False,1.7951626016260165,severe_x_ge_1.3,23.64034246637747,26.768399533985992,3.1280570676085238
3,site1,6691,99.0|A:35.0|B:9.0|C:37.0,True,1.9978378378378376,severe_x_ge_1.3,31.02876855825748,36.29378833220954,5.265019773952059
3,site1,6693,129.0|A:58.0|B:9.0|C:44.0,True,1.88433908045977,severe_x_ge_1.3,45.90279684612621,48.70948029230615,2.806683446179939
3,site1,6702,99.0|A:20.0|B:9.0|C:52.0,False,1.9651923076923077,severe_x_ge_1.3,29.55867880890277,30.82158540821657,1.2629065993138084
3,site1,6705,79.0|A:9.0|B:29.0|C:23.0,False,2.260277777777778,severe_x_ge_1.3,26.132778323525837,27.03205518256713,0.8992768590413007
3,site1,6710,89.0|A:20.0|B:9.0|C:42.0,True,1.820026455026455,severe_x_ge_1.3,27.6476129581478,29.61822739647836,1.970614438330557
3,site1,6711,129.0|A:50.0|B:9.0|C:52.0,True,1.8674679487179489,severe_x_ge_1.3,45.587288712376925,44.81114484101693,-0.7761438713599915
3,site1,6722,79.0|A:9.0|B:9.0|C:43.0,True,1.885180878552972,severe_x_ge_1.3,22.60097004996824,25.105473265071765,2.504503215103526
3,site1,6724,89.0|A:11.0|B:9.0|C:51.0,True,1.9031263616557732,severe_x_ge_1.3,25.531791675109936,28.714812397900868,3.183020722790932
3,site1,6730,79.0|A:14.0|B:9.0|C:38.0,True,2.5703623188405795,severe_x_ge_1.3,27.223548265828,28.26617448841341,1.0426262225854117
3,site1,6733,129.0|A:65.0|B:9.0|C:37.0,False,2.159684684684685,severe_x_ge_1.3,43.1277156566907,45.79229744380943,2.6645817871187347
3,site1,6735,69.0|A:12.0|B:9.0|C:30.0,True,1.9498888888888888,severe_x_ge_1.3,24.07398178381207,24.415327556806663,0.3413457729945932
3,site1,6744,99.0|A:43.0|B:10.0|C:28.0,False,2.0081395348837208,severe_x_ge_1.3,36.29692574742911,35.55308143623494,-0.7438443111941666
3,site1,6750,79.0|A:43.0|B:9.0|C:9.0,True,1.1676485788113695,moderate_1.0_le_x_lt_1.3,17.10405691819896,16.6505610568316,-0.4534958613673616
3,site1,6753,119.0|A:80.0|B:9.0|C:12.0,False,1.7794907407407403,severe_x_ge_1.3,27.0480358127104,29.84939762084411,2.8013618081337093
3,site1,6756,99.0|A:41.0|B:11.0|C:29.0,False,2.120344827586207,severe_x_ge_1.3,44.956092015837854,40.129717729876354,-4.826374285961499
3,site1,6776,79.0|A:14.0|B:9.0|C:38.0,True,1.8294736842105264,severe_x_ge_1.3,21.97644389433332,23.5621058085252,1.5856619141918742
3,site1,6779,69.0|A:9.0|B:14.0|C:28.0,False,1.823333333333333,severe_x_ge_1.3,21.548390621900456,21.636598927440406,0.0882083055399505
3,site1,6780,89.0|A:39.0|B:14.0|C:18.0,False,2.3101543209876545,severe_x_ge_1.3,34.72663542609668,32.319964844057736,-2.4066705820389416
3,site1,6791,69.0|A:13.0|B:9.0|C:29.0,True,1.5227586206896553,severe_x_ge_1.3,20.83301493392129,20.36700270927869,-0.466012224642597
3,site1,6793,109.0|A:53.0|B:9.0|C:29.0,False,1.6955555555555557,severe_x_ge_1.3,33.45833673478539,36.84004889484721,3.3817121600618165
3,site1,6794,129.0|A:48.0|B:9.0|C:54.0,True,1.946944444444444,severe_x_ge_1.3,43.97849515953662,42.73696844232319,-1.241526717213432
3,site1,6797,69.0|A:17.0|B:14.0|C:20.0,True,2.991236559139785,severe_x_ge_1.3,29.69240500418079,26.728728006237542,-2.963676997943246
3,site1,6800,99.0|A:38.0|B:9.0|C:34.0,False,2.107794117647059,severe_x_ge_1.3,31.389395155406103,36.33893762976695,4.94954247436085
3,site1,6801,69.0|A:18.0|B:17.0|C:16.0,True,2.139479166666667,severe_x_ge_1.3,28.129197637403763,28.44785019691309,0.3186525595093314
3,site1,6802,89.0|A:53.0|B:9.0|C:9.0,False,1.6683512544802868,severe_x_ge_1.3,17.221616057697865,19.285958967731982,2.064342910034121
3,site1,6804,79.0|A:9.0|B:9.0|C:43.0,True,2.0403229974160206,severe_x_ge_1.3,24.93432292880136,25.73314104424153,0.7988181154401772
3,site1,6812,89.0|A:9.0|B:9.0|C:53.0,True,3.060061728395062,severe_x_ge_1.3,23.186423774788462,23.41098107556229,0.2245573007738279
3,site1,6817,99.0|A:9.0|B:26.0|C:46.0,False,2.123,severe_x_ge_1.3,33.17360786334156,32.59553969051068,-0.5780681728308821
3,site1,6819,129.0|A:35.0|B:9.0|C:67.0,True,1.910428571428572,severe_x_ge_1.3,40.33534758819564,41.75247266413336,1.4171250759377187
3,site1,6820,69.0|A:11.0|B:10.0|C:30.0,True,2.716190476190476,severe_x_ge_1.3,28.521085568790216,24.7789072086706,-3.742178360119617
3,site1,6828,69.0|A:22.0|B:9.0|C:20.0,True,3.039462365591398,severe_x_ge_1.3,28.080017230957743,27.08337314814586,-0.9966440828118834
3,site1,6833,69.0|A:23.0|B:11.0|C:17.0,True,2.187254901960784,severe_x_ge_1.3,29.54580376168626,27.50082773184795,-2.0449760298383097
3,site1,6835,69.0|A:9.0|B:9.0|C:33.0,True,1.294040404040404,moderate_1.0_le_x_lt_1.3,18.38724124492992,17.403854294995586,-0.9833869499343316
3,site1,6836,69.0|A:12.0|B:9.0|C:30.0,True,2.1028571428571428,severe_x_ge_1.3,25.20131251962893,27.35664066505432,2.15532814542539
3,site1,6847,99.0|A:12.0|B:9.0|C:60.0,False,2.048095238095238,severe_x_ge_1.3,25.17472471066728,25.609668189550163,0.4349434788828858
3,site1,6851,129.0|A:73.0|B:9.0|C:29.0,False,1.7521264367816092,severe_x_ge_1.3,35.002230672353065,39.149977914118175,4.14774724176511
3,site1,6855,89.0|A:48.0|B:9.0|C:14.0,False,1.6780208333333335,severe_x_ge_1.3,24.83186200967841,26.669917749217188,1.838055739538777
3,site1,6858,79.0|A:22.0|B:9.0|C:30.0,True,1.9706111111111109,severe_x_ge_1.3,26.3911963939203,28.718913540888668,2.327717146968368
3,site1,6859,99.0|A:13.0|B:11.0|C:57.0,False,1.7464912280701752,severe_x_ge_1.3,29.97542621436058,30.01107326517168,0.0356470508111002
3,site1,6860,129.0|A:70.0|B:9.0|C:32.0,False,2.1746354166666664,severe_x_ge_1.3,37.80736595640698,40.65603311111856,2.8486671547115776
3,site1,6861,129.0|A:37.0|B:9.0|C:65.0,True,1.869144144144144,severe_x_ge_1.3,42.87001098370076,40.66799324093821,-2.20201774276255
3,site1,6863,79.0|A:37.0|B:9.0|C:15.0,True,1.7848148148148149,severe_x_ge_1.3,20.69888107048513,21.61211057087197,0.9132295003868336
3,site1,6873,69.0|A:15.0|B:9.0|C:27.0,True,2.499652777777778,severe_x_ge_1.3,23.354980013946125,23.05934650354647,-0.2956335103996537
3,site1,6875,79.0|A:19.0|B:9.0|C:33.0,True,2.0614478114478114,severe_x_ge_1.3,28.07114401000964,28.631442093572566,0.5602980835629303
3,site1,6884,69.0|A:26.0|B:16.0|C:9.0,False,1.7085714285714286,severe_x_ge_1.3,18.2955383082122,18.285510415852887,-0.0100278923593144
3,site1,6885,79.0|A:25.0|B:9.0|C:27.0,True,2.2302057613168724,severe_x_ge_1.3,34.78269058994232,32.71970425542333,-2.062986334518989
3,site1,6899,129.0|A:77.0|B:9.0|C:25.0,True,2.095533333333333,severe_x_ge_1.3,32.474682549753624,38.13899427958279,5.664311729829166
3,site1,6902,99.0|A:28.0|B:9.0|C:44.0,True,1.9132142857142855,severe_x_ge_1.3,32.71743147966399,32.87723168612987,0.1598002064658743
3,site1,6907,69.0|A:9.0|B:13.0|C:29.0,True,1.3072988505747123,severe_x_ge_1.3,19.392111881367303,19.197889999201514,-0.1942218821657917
3,site1,6912,79.0|A:15.0|B:13.0|C:33.0,False,2.880992063492064,severe_x_ge_1.3,35.6052106153666,31.159511479831497,-4.445699135535104
3,site1,6914,129.0|A:36.0|B:9.0|C:66.0,True,1.8014393939393938,severe_x_ge_1.3,39.298207623749846,39.2369049816522,-0.0613026420976439
3,site1,6920,109.0|A:9.0|B:13.0|C:69.0,False,2.1717424242424244,severe_x_ge_1.3,25.2149536636466,24.447033610913003,-0.7679200527335972
3,site1,6928,69.0|A:11.0|B:12.0|C:28.0,True,2.063154761904762,severe_x_ge_1.3,25.12837549480026,26.29977482001693,1.1713993252166688
3,site1,6930,119.0|A:39.0|B:9.0|C:53.0,True,2.030797720797721,severe_x_ge_1.3,38.82032014043824,41.36315792024698,2.542837779808736
3,site1,6936,79.0|A:13.0|B:20.0|C:28.0,False,2.191309523809524,severe_x_ge_1.3,33.600688975792536,33.551103926462815,-0.0495850493297211
3,site1,6938,129.0|A:31.0|B:9.0|C:71.0,True,1.7269354838709676,severe_x_ge_1.3,37.85122640204589,36.02395806163127,-1.8272683404146195
3,site1,6941,69.0|A:27.0|B:9.0|C:15.0,True,2.0597777777777777,severe_x_ge_1.3,32.946135451492864,27.78125696327781,-5.164878488215056
3,site1,6945,79.0|A:25.0|B:15.0|C:21.0,False,2.31984126984127,severe_x_ge_1.3,37.82579615117022,36.26922212337705,-1.5565740277931752
3,site1,6950,69.0|A:16.0|B:9.0|C:26.0,True,1.9962820512820516,severe_x_ge_1.3,24.878809223471805,26.8309148585147,1.9521056350428945
3,site1,6955,69.0|A:24.0|B:11.0|C:16.0,False,1.9310416666666663,severe_x_ge_1.3,27.907052642377312,27.55391591454838,-0.3531367278289323
3,site1,6958,79.0|A:14.0|B:17.0|C:30.0,False,2.7225268817204302,severe_x_ge_1.3,34.13580250203559,28.780602043812944,-5.355200458222644
3,site1,6961,79.0|A:29.0|B:9.0|C:23.0,True,1.923544061302682,severe_x_ge_1.3,27.567488570161107,28.42037761983797,0.8528890496768646
3,site1,6965,89.0|A:32.0|B:27.0|C:12.0,False,2.154953703703704,severe_x_ge_1.3,33.75976461464002,32.802942630988944,-0.956821983651075
3,site1,6969,89.0|A:18.0|B:9.0|C:44.0,True,1.8991161616161616,severe_x_ge_1.3,25.23222328253896,28.336031425482243,3.103808142943283
3,site1,6970,69.0|A:24.0|B:18.0|C:9.0,False,2.479801587301587,severe_x_ge_1.3,15.307194094578112,15.730793191401943,0.4235990968238301
3,site1,6971,79.0|A:41.0|B:11.0|C:9.0,False,1.6870460704607046,severe_x_ge_1.3,20.14964086006072,21.066767044587216,0.9171261845264986
3,site1,6980,69.0|A:9.0|B:22.0|C:20.0,True,1.935215053763441,severe_x_ge_1.3,20.371755446771605,21.32370458419658,0.9519491374249752
3,site1,6988,69.0|A:27.0|B:9.0|C:15.0,True,2.0597777777777777,severe_x_ge_1.3,29.47427157228681,27.88956410432352,-1.5847074679632875
3,site1,6990,69.0|A:19.0|B:22.0|C:10.0,False,1.929756097560976,severe_x_ge_1.3,17.010064239916684,17.34192408024666,0.3318598403299759
3,site1,6995,69.0|A:30.0|B:11.0|C:10.0,False,2.319166666666667,severe_x_ge_1.3,34.444693015459784,28.28365305501542,-6.161039960444363
3,site1,7003,89.0|A:34.0|B:9.0|C:28.0,False,1.887718253968254,severe_x_ge_1.3,31.34012200704181,32.74586194320142,1.405739936159609
3,site1,7005,109.0|A:45.0|B:11.0|C:35.0,False,2.1332857142857145,severe_x_ge_1.3,42.80481402453646,39.20200631857243,-3.6028077059640324
3,site1,7007,79.0|A:15.0|B:9.0|C:37.0,True,2.099549549549549,severe_x_ge_1.3,28.409815839565077,30.32757392676729,1.9177580872022129
3,site1,7009,69.0|A:13.0|B:10.0|C:28.0,True,2.142559523809524,severe_x_ge_1.3,31.53279055402901,27.366780135354876,-4.166010418674137
3,site1,7010,69.0|A:10.0|B:9.0|C:32.0,True,1.5752604166666666,severe_x_ge_1.3,19.43794938710231,19.23239805798888,-0.2055513291134332
3,site1,7015,109.0|A:57.0|B:9.0|C:25.0,True,2.0322444444444443,severe_x_ge_1.3,34.17951778645432,37.47626153895733,3.296743752503005
3,site1,7018,99.0|A:9.0|B:9.0|C:63.0,True,1.251031746031746,moderate_1.0_le_x_lt_1.3,21.06467847010636,21.56039582106053,0.4957173509541732
3,site1,7039,69.0|A:23.0|B:12.0|C:16.0,True,1.5405208333333331,severe_x_ge_1.3,20.332866140901857,20.509171079897506,0.1763049389956457
3,site1,7040,69.0|A:21.0|B:9.0|C:21.0,True,1.3325396825396825,severe_x_ge_1.3,21.16157390587205,18.97211318850608,-2.1894607173659715
3,site1,7042,69.0|A:15.0|B:11.0|C:25.0,False,1.6557051282051285,severe_x_ge_1.3,22.59606290695287,22.80814919608401,0.2120862891311361
3,site1,7046,69.0|A:31.0|B:9.0|C:11.0,True,1.2823118279569894,moderate_1.0_le_x_lt_1.3,20.22236422622644,19.66441331642024,-0.5579509098061983
3,site1,7047,69.0|A:9.0|B:9.0|C:33.0,True,1.7958585858585858,severe_x_ge_1.3,20.26636397970116,20.594721721188797,0.3283577414876326
3,site1,7049,69.0|A:30.0|B:9.0|C:12.0,True,1.4406944444444445,severe_x_ge_1.3,23.11664454184865,24.54023165671957,1.4235871148709158
3,site1,7051,69.0|A:16.0|B:16.0|C:19.0,True,2.3,severe_x_ge_1.3,20.12088712766087,20.25765397209816,0.1367668444372931
3,site1,7055,69.0|A:18.0|B:9.0|C:24.0,True,2.5626543209876544,severe_x_ge_1.3,21.62659685875869,21.245798256751485,-0.3807986020072071
3,site1,7058,69.0|A:13.0|B:12.0|C:26.0,True,1.1883333333333332,moderate_1.0_le_x_lt_1.3,20.260750269847463,20.774603630642265,0.5138533607948013
3,site1,7061,69.0|A:19.0|B:9.0|C:23.0,True,1.9833333333333332,severe_x_ge_1.3,25.934853165744972,26.630188835300626,0.6953356695556501
3,site1,7062,69.0|A:16.0|B:9.0|C:26.0,True,1.4137333333333335,severe_x_ge_1.3,19.823580649546116,19.471807043091683,-0.3517736064544294
3,site1,7064,69.0|A:19.0|B:18.0|C:14.0,False,2.347657657657658,severe_x_ge_1.3,21.709237797412907,22.265420001134736,0.5561822037218285
3,site1,7065,69.0|A:23.0|B:9.0|C:19.0,True,2.3922395833333336,severe_x_ge_1.3,20.933396701074823,20.97345275543792,0.0400560543630952
3,site1,7066,69.0|A:9.0|B:9.0|C:33.0,True,2.084907407407407,severe_x_ge_1.3,18.3375509445181,18.281173479260836,-0.0563774652572668
3,site1,7069,69.0|A:26.0|B:9.0|C:16.0,True,1.104479166666667,moderate_1.0_le_x_lt_1.3,21.530960014402467,21.032693548590967,-0.4982664658115006
3,site1,7075,69.0|A:15.0|B:14.0|C:22.0,True,2.030344827586207,severe_x_ge_1.3,21.5302581643945,21.96930388575561,0.4390457213611114
3,site1,7083,69.0|A:13.0|B:9.0|C:29.0,True,1.80689393939394,severe_x_ge_1.3,18.798714928146904,18.8057322637302,0.0070173355832956
3,site1,7089,69.0|A:14.0|B:14.0|C:23.0,False,2.5888690476190472,severe_x_ge_1.3,22.63592421239766,22.870109322791716,0.2341851103940513
3,site1,7091,69.0|A:16.0|B:9.0|C:26.0,True,2.8121333333333336,severe_x_ge_1.3,22.143858299124112,22.79222342168193,0.6483651225578164
3,site1,7094,69.0|A:19.0|B:9.0|C:23.0,True,1.9851190476190477,severe_x_ge_1.3,18.81271287284396,19.37846652879144,0.5657536559474821
3,site1,7096,69.0|A:11.0|B:9.0|C:31.0,True,1.2823118279569894,moderate_1.0_le_x_lt_1.3,19.86578861981246,18.64471723203102,-1.2210713877814392
3,site1,7102,69.0|A:19.0|B:9.0|C:23.0,True,2.957142857142857,severe_x_ge_1.3,23.063820185277603,23.277984086620982,0.2141639013433796
3,site1,7112,69.0|A:9.0|B:26.0|C:16.0,True,1.566190476190476,severe_x_ge_1.3,18.137140654128068,19.007693445003262,0.8705527908751982
3,site1,7114,69.0|A:16.0|B:17.0|C:18.0,True,1.338181818181818,severe_x_ge_1.3,20.17637263926544,19.26499845915996,-0.9113741801054828
3,site1,7115,69.0|A:21.0|B:12.0|C:18.0,False,1.7377777777777776,severe_x_ge_1.3,20.936976641999262,21.699229107206904,0.7622524652076379
3,site1,7125,69.0|A:13.0|B:9.0|C:29.0,True,2.2250757575757576,severe_x_ge_1.3,19.507751261749934,19.192576071228835,-0.3151751905211029
3,site1,7137,69.0|A:9.0|B:18.0|C:24.0,True,2.480308641975309,severe_x_ge_1.3,20.97995747001673,21.7468539119721,0.7668964419553674
3,site1,7151,69.0|A:24.0|B:9.0|C:18.0,True,2.054027777777778,severe_x_ge_1.3,23.934365785925056,26.65318379307915,2.718818007154095
3,site1,7157,69.0|A:16.0|B:9.0|C:26.0,True,2.1926666666666668,severe_x_ge_1.3,20.573011856992725,19.941999969524723,-0.6310118874680022
3,site1,7170,69.0|A:20.0|B:11.0|C:20.0,False,2.005698924731183,severe_x_ge_1.3,19.59767402639465,18.60751945806559,-0.9901545683290572
3,site1,7179,69.0|A:17.0|B:9.0|C:25.0,True,1.8108666666666664,severe_x_ge_1.3,21.84328631546828,22.57045517253965,0.7271688570713728
3,site1,7183,69.0|A:12.0|B:11.0|C:28.0,True,2.0,severe_x_ge_1.3,20.589312854190077,20.185587477163445,-0.4037253770266282
3,site1,7185,69.0|A:11.0|B:9.0|C:31.0,True,2.5395833333333337,severe_x_ge_1.3,23.37348631578645,23.795261484013515,0.4217751682270609
4,site2,7194,132.0|A:93.0|B:12.0|C:9.0,True,1.6164874551971324,severe_x_ge_1.3,15.139347889525878,15.119017473707045,-0.0203304158188348
4,site2,7196,72.0|A:15.0|B:25.0|C:14.0,False,2.485333333333333,severe_x_ge_1.3,19.79409721898569,20.53211261448305,0.7380153954973601
4,site2,7197,122.0|A:46.0|B:49.0|C:9.0,False,3.05,severe_x_ge_1.3,34.20758401792841,29.251237590972984,-4.956346426955427
4,site2,7198,132.0|A:93.0|B:12.0|C:9.0,True,2.0691039426523297,severe_x_ge_1.3,18.33925518404155,17.565076352024267,-0.7741788320172844
4,site2,7201,82.0|A:21.0|B:34.0|C:9.0,True,2.963280423280423,severe_x_ge_1.3,21.80818047842513,22.06031369993841,0.2521332215132794
4,site2,7215,82.0|A:43.0|B:12.0|C:9.0,True,2.6348062015503877,severe_x_ge_1.3,23.353393730329188,23.99829534796565,0.6449016176364637
4,site2,7216,82.0|A:42.0|B:13.0|C:9.0,True,2.067354497354497,severe_x_ge_1.3,17.629026932732852,17.554750643194723,-0.0742762895381297
4,site2,7221,112.0|A:73.0|B:12.0|C:9.0,True,1.5027092846270929,severe_x_ge_1.3,17.222247200045494,16.960337145690723,-0.2619100543547716
4,site2,7224,72.0|A:22.0|B:23.0|C:9.0,True,3.34,severe_x_ge_1.3,25.53055440696802,22.67030029252521,-2.860254114442806
4,site2,7226,132.0|A:93.0|B:12.0|C:9.0,True,1.341290322580645,severe_x_ge_1.3,11.067670804463848,11.902415492540747,0.8347446880768992
4,site2,7227,82.0|A:9.0|B:46.0|C:9.0,True,3.107901234567901,severe_x_ge_1.3,19.15398972983873,17.22440395954935,-1.929585770289382
4,site2,7228,102.0|A:63.0|B:12.0|C:9.0,True,2.218994708994709,severe_x_ge_1.3,18.762004759436216,18.557839320493528,-0.2041654389426881
4,site2,7232,102.0|A:63.0|B:12.0|C:9.0,True,1.385185185185185,severe_x_ge_1.3,16.26894894894895,15.45087280004484,-0.81807614890411
4,site2,7235,72.0|A:31.0|B:13.0|C:10.0,True,2.215483870967742,severe_x_ge_1.3,20.57535183988316,21.34879917588823,0.7734473360050735
4,site2,7236,92.0|A:53.0|B:12.0|C:9.0,True,1.6085534591194968,severe_x_ge_1.3,15.158020380191685,15.32745476362431,0.1694343834326268
4,site2,7241,92.0|A:53.0|B:12.0|C:9.0,True,2.5439832285115305,severe_x_ge_1.3,22.647840928593705,22.73700464373942,0.089163715145716
4,site2,7247,92.0|A:53.0|B:12.0|C:9.0,True,2.1042348008385745,severe_x_ge_1.3,19.582922652866067,19.34162996376119,-0.2412926891048776
4,site2,7249,72.0|A:31.0|B:14.0|C:9.0,True,2.4774193548387093,severe_x_ge_1.3,17.80586628744866,17.92869871026554,0.1228324228168808
4,site2,7250,72.0|A:30.0|B:15.0|C:9.0,True,2.732,severe_x_ge_1.3,18.126831177823075,18.733526744170515,0.6066955663474403
4,site2,7253,82.0|A:43.0|B:12.0|C:9.0,True,2.0457622739018086,severe_x_ge_1.3,15.730743974386552,15.397989504366418,-0.3327544700201343
4,site2,7254,72.0|A:9.0|B:36.0|C:9.0,True,2.0924444444444443,severe_x_ge_1.3,16.06739803742484,15.487177743988113,-0.5802202934367298
4,site2,7266,72.0|A:9.0|B:36.0|C:9.0,True,1.7644444444444445,severe_x_ge_1.3,15.37025649841256,15.706680041717016,0.3364235433044555
4,site2,7269,92.0|A:28.0|B:37.0|C:9.0,False,2.99,severe_x_ge_1.3,21.986536820331832,23.45303614598524,1.466499325653409
4,site2,7270,132.0|A:93.0|B:12.0|C:9.0,True,1.571541218637993,severe_x_ge_1.3,13.471361848367224,13.92422635511842,0.4528645067511956
4,site2,7271,102.0|A:63.0|B:12.0|C:9.0,True,1.319523809523809,severe_x_ge_1.3,12.60043243243243,12.274557247914824,-0.3258751845176082
4,site2,7274,92.0|A:33.0|B:32.0|C:9.0,False,3.175084175084175,severe_x_ge_1.3,27.491534676423708,25.758141469296543,-1.7333932071271647
4,site2,7289,72.0|A:19.0|B:26.0|C:9.0,True,1.2821052631578946,moderate_1.0_le_x_lt_1.3,16.98378105582873,16.729400860506363,-0.2543801953223656
4,site2,7293,92.0|A:53.0|B:12.0|C:9.0,True,2.288427672955975,severe_x_ge_1.3,18.27980767914492,18.088029348269597,-0.1917783308753229
4,site2,7295,72.0|A:9.0|B:34.0|C:11.0,True,2.2577777777777777,severe_x_ge_1.3,18.07571185437633,18.166709516873663,0.0909976624973332
4,site2,7296,92.0|A:31.0|B:34.0|C:9.0,True,3.1375627240143373,severe_x_ge_1.3,25.758953421503342,25.09487113870537,-0.6640822827979704
4,site2,7303,92.0|A:18.0|B:47.0|C:9.0,False,3.1490123456790124,severe_x_ge_1.3,21.416299169112055,20.91074407973769,-0.5055550893743721
4,site2,7305,92.0|A:53.0|B:12.0|C:9.0,True,1.998155136268344,severe_x_ge_1.3,17.90834501006199,17.737381533785783,-0.1709634762762064
4,site2,7307,102.0|A:36.0|B:39.0|C:9.0,False,2.916759259259259,severe_x_ge_1.3,23.14947897743943,24.838999353646507,1.6895203762070778
4,site2,7313,82.0|A:43.0|B:12.0|C:9.0,True,2.1061498708010333,severe_x_ge_1.3,19.1960268650988,19.36034041084267,0.1643135457438731
4,site2,7320,92.0|A:21.0|B:44.0|C:9.0,False,3.2370370370370374,severe_x_ge_1.3,23.630571298761726,22.88541315280198,-0.7451581459597456
4,site2,7322,82.0|A:43.0|B:12.0|C:9.0,True,1.855064599483204,severe_x_ge_1.3,17.53420355114472,17.240925848080817,-0.2932777030639037
4,site2,7325,92.0|A:31.0|B:34.0|C:9.0,True,3.040286738351255,severe_x_ge_1.3,22.794384977023235,24.59284868150949,1.798463704486256
4,site2,7326,82.0|A:38.0|B:12.0|C:14.0,True,2.65780701754386,severe_x_ge_1.3,20.67169869604625,22.516875808404443,1.845177112358197
4,site2,7327,92.0|A:36.0|B:29.0|C:9.0,True,3.181666666666666,severe_x_ge_1.3,25.2298456462233,25.490386741255108,0.2605410950318081
4,site2,7328,112.0|A:73.0|B:12.0|C:9.0,True,1.2896194824961946,moderate_1.0_le_x_lt_1.3,15.346429730616624,14.15322851340104,-1.1932012172155844
4,site2,7333,82.0|A:39.0|B:16.0|C:9.0,True,1.2465656565656569,moderate_1.0_le_x_lt_1.3,10.988654743471656,11.610061867517947,0.6214071240462911
4,site2,7336,92.0|A:9.0|B:56.0|C:9.0,True,1.4153846153846152,severe_x_ge_1.3,11.783764236435507,11.661854754261007,-0.1219094821745017
4,site2,7337,72.0|A:29.0|B:16.0|C:9.0,True,2.5724137931034483,severe_x_ge_1.3,19.71161338281473,20.43589460421452,0.7242812213997922
4,site2,7341,82.0|A:42.0|B:13.0|C:9.0,True,2.5652116402116403,severe_x_ge_1.3,19.7328030038747,20.689346980153868,0.9565439762791677
4,site2,7354,72.0|A:33.0|B:12.0|C:9.0,True,1.6109090909090908,severe_x_ge_1.3,14.377865929441144,14.144677926893907,-0.2331880025472354
4,site2,7355,72.0|A:24.0|B:20.0|C:10.0,True,3.061666666666667,severe_x_ge_1.3,21.916209241641123,21.93722647127294,0.0210172296318162
4,site2,7362,102.0|A:63.0|B:12.0|C:9.0,True,1.0253968253968253,moderate_1.0_le_x_lt_1.3,15.589456305654686,14.55864271737182,-1.0308135882828662
4,site2,7363,82.0|A:9.0|B:46.0|C:9.0,True,1.5927878787878786,severe_x_ge_1.3,13.172169995055851,12.8003923044308,-0.3717776906250503
4,site2,7365,112.0|A:40.0|B:45.0|C:9.0,False,3.3786666666666667,severe_x_ge_1.3,36.705832800437946,31.26642133651284,-5.439411463925108
4,site2,7366,72.0|A:9.0|B:36.0|C:9.0,True,1.7315555555555555,severe_x_ge_1.3,13.752165626756474,13.184149810401426,-0.5680158163550484
4,site2,7384,112.0|A:37.0|B:48.0|C:9.0,False,3.15987987987988,severe_x_ge_1.3,31.02746558546076,30.881121219386245,-0.146344366074512
4,site2,7386,92.0|A:53.0|B:12.0|C:9.0,True,1.67895178197065,severe_x_ge_1.3,15.079526519178964,14.65567515829098,-0.4238513608879852
4,site2,7393,72.0|A:29.0|B:15.0|C:10.0,False,3.2979310344827586,severe_x_ge_1.3,27.60706851042407,22.846493793248683,-4.760574717175388
4,site2,7395,112.0|A:73.0|B:12.0|C:9.0,True,1.5606697108066971,severe_x_ge_1.3,14.610335002552842,14.370068371447866,-0.2402666311049763
4,site2,7397,82.0|A:9.0|B:46.0|C:9.0,True,1.7277979797979797,severe_x_ge_1.3,12.966672599439686,12.693345571982524,-0.2733270274571637
4,site2,7398,92.0|A:9.0|B:56.0|C:9.0,True,1.218803418803419,moderate_1.0_le_x_lt_1.3,11.801445528455284,12.424596880557806,0.6231513521025214
4,site2,7400,102.0|A:41.0|B:34.0|C:9.0,False,2.8747967479674794,severe_x_ge_1.3,24.295486921099386,27.0071342952307,2.7116473741313136
4,site2,7404,92.0|A:53.0|B:12.0|C:9.0,True,1.750314465408805,severe_x_ge_1.3,17.793581180064834,17.931315794273733,0.1377346142088988
4,site2,7407,72.0|A:31.0|B:14.0|C:9.0,True,2.548387096774193,severe_x_ge_1.3,18.819764015813995,19.57937457296081,0.7596105571468144
4,site2,7421,132.0|A:93.0|B:12.0|C:9.0,True,1.5470967741935484,severe_x_ge_1.3,13.008569971484269,12.997676394283086,-0.0108935772011822
4,site2,7422,82.0|A:42.0|B:13.0|C:9.0,True,1.4296161616161616,severe_x_ge_1.3,12.995959138445876,12.278382930273358,-0.7175762081725185
4,site2,7423,72.0|A:29.0|B:12.0|C:13.0,True,2.966896551724138,severe_x_ge_1.3,20.151899308284687,21.09286169036425,0.9409623820795652
4,site2,7426,92.0|A:16.0|B:49.0|C:9.0,False,2.887777777777778,severe_x_ge_1.3,20.62677713042462,21.053524609725866,0.4267474793012411
4,site2,7427,72.0|A:27.0|B:18.0|C:9.0,True,2.3386666666666667,severe_x_ge_1.3,15.2527676884204,14.791839298046352,-0.4609283903740486
4,site2,7430,72.0|A:33.0|B:12.0|C:9.0,True,1.7672727272727276,severe_x_ge_1.3,17.169962045086407,17.006447564701926,-0.1635144803844817
4,site2,7431,72.0|A:22.0|B:23.0|C:9.0,True,2.954545454545454,severe_x_ge_1.3,18.137899376107,18.7468930741352,0.608993698028204
4,site2,7435,72.0|A:25.0|B:12.0|C:17.0,True,2.3776,severe_x_ge_1.3,20.819804183951312,21.69804948112636,0.8782452971750452
4,site2,7443,72.0|A:27.0|B:18.0|C:9.0,True,1.928888888888889,severe_x_ge_1.3,16.78398096854702,16.914905026369414,0.1309240578223942
4,site2,7444,72.0|A:31.0|B:14.0|C:9.0,True,2.7638709677419357,severe_x_ge_1.3,18.116029481069525,18.882217610909127,0.7661881298396018
4,site2,7454,72.0|A:14.0|B:31.0|C:9.0,True,1.1085714285714283,moderate_1.0_le_x_lt_1.3,15.35739590179648,15.94748749813,0.5900915963335187
4,site2,7459,72.0|A:25.0|B:20.0|C:9.0,True,1.92,severe_x_ge_1.3,17.460192555543905,17.77846223037084,0.3182696748269364
4,site2,7461,72.0|A:12.0|B:33.0|C:9.0,True,1.0766666666666669,moderate_1.0_le_x_lt_1.3,14.52809985601826,14.705934013394623,0.1778341573763651
4,site2,7467,82.0|A:43.0|B:12.0|C:9.0,True,1.5182424242424242,severe_x_ge_1.3,14.138644432225426,14.00860772824302,-0.130036703982407
4,site2,7470,72.0|A:32.0|B:12.0|C:10.0,True,1.36125,severe_x_ge_1.3,15.817555017208086,15.792693141108773,-0.0248618760993135
4,site2,7480,72.0|A:26.0|B:19.0|C:9.0,True,1.3353846153846154,severe_x_ge_1.3,15.650886100799202,15.656128514412291,0.0052424136130895
4,site2,7488,72.0|A:27.0|B:12.0|C:15.0,True,1.162962962962963,moderate_1.0_le_x_lt_1.3,16.57863408139089,16.72729101936259,0.1486569379716975
4,site2,7495,72.0|A:11.0|B:28.0|C:15.0,False,1.495384615384615,severe_x_ge_1.3,15.621369270854158,15.698272653680434,0.0769033828262752
4,site2,7499,72.0|A:29.0|B:12.0|C:13.0,True,2.126896551724138,severe_x_ge_1.3,17.827187683139005,18.77591119916651,0.9487235160275064
4,site2,7503,72.0|A:28.0|B:17.0|C:9.0,True,1.3314285714285714,severe_x_ge_1.3,16.125790722646997,16.227151631446763,0.1013609087997657
4,site2,7505,72.0|A:25.0|B:20.0|C:9.0,True,2.2896,severe_x_ge_1.3,18.67462875986607,19.39791923180744,0.7232904719413717
4,site2,7508,72.0|A:25.0|B:20.0|C:9.0,True,1.9056,severe_x_ge_1.3,16.56126321335655,16.580465010813775,0.0192017974572245
4,site2,7511,92.0|A:53.0|B:12.0|C:9.0,True,1.7638155136268343,severe_x_ge_1.3,14.114342458816406,14.53691165619202,0.4225691973756138
4,site2,7514,72.0|A:26.0|B:19.0|C:9.0,True,1.222222222222222,moderate_1.0_le_x_lt_1.3,13.45101771471384,12.270343598041611,-1.1806741166722272
4,site2,7516,72.0|A:31.0|B:14.0|C:9.0,True,2.6322580645161286,severe_x_ge_1.3,16.23261360909832,17.177317961728935,0.944704352630616
4,site2,7523,72.0|A:33.0|B:12.0|C:9.0,True,1.5781818181818184,severe_x_ge_1.3,16.530777788789553,16.00079546036388,-0.5299823284256746
4,site2,7526,72.0|A:31.0|B:14.0|C:9.0,True,1.5483870967741933,severe_x_ge_1.3,14.241393702692198,13.594254826515362,-0.647138876176836
4,site2,7534,72.0|A:21.0|B:24.0|C:9.0,True,1.8213333333333332,severe_x_ge_1.3,14.46222989928219,14.336869476464797,-0.1253604228173959
4,site2,7545,72.0|A:23.0|B:22.0|C:9.0,True,1.3321739130434784,severe_x_ge_1.3,14.732888518736544,14.96442339907107,0.2315348803345269
4,site2,7546,72.0|A:11.0|B:34.0|C:9.0,True,2.316363636363636,severe_x_ge_1.3,15.891566242572887,16.06851095145586,0.1769447088829707
4,site2,7550,72.0|A:21.0|B:24.0|C:9.0,True,2.3466666666666667,severe_x_ge_1.3,15.69939273879142,14.89595956626369,-0.8034331725277308
4,site2,7553,72.0|A:31.0|B:14.0|C:9.0,True,2.024516129032258,severe_x_ge_1.3,16.564905881220177,17.26610792161857,0.7012020403983925
4,site2,7555,72.0|A:29.0|B:16.0|C:9.0,True,1.1337931034482758,moderate_1.0_le_x_lt_1.3,15.891133251882044,15.587023988671804,-0.3041092632102398
4,site2,7559,72.0|A:27.0|B:18.0|C:9.0,True,1.6548148148148147,severe_x_ge_1.3,15.43971562707491,16.066702401908685,0.6269867748337745
4,site2,7561,72.0|A:33.0|B:12.0|C:9.0,True,2.0363636363636366,severe_x_ge_1.3,15.919785620464282,15.931664076095483,0.0118784556312014
4,site2,7582,72.0|A:10.0|B:30.0|C:14.0,True,1.736,severe_x_ge_1.3,18.202603599720625,18.197307611475203,-0.0052959882454217
4,site2,7589,72.0|A:19.0|B:21.0|C:14.0,False,1.671,severe_x_ge_1.3,16.52024905123407,16.79841978365403,0.2781707324199587
4,site2,7594,72.0|A:23.0|B:22.0|C:9.0,True,1.7226666666666666,severe_x_ge_1.3,13.033450684507862,12.644018898581692,-0.3894317859261686
4,site2,7595,72.0|A:23.0|B:22.0|C:9.0,True,2.2313043478260868,severe_x_ge_1.3,17.486524637060114,18.29378895842134,0.8072643213612274
4,site2,7597,72.0|A:17.0|B:18.0|C:19.0,False,1.8682352941176472,severe_x_ge_1.3,18.68783268862956,19.202027707535827,0.5141950189062641
4,site2,7599,72.0|A:33.0|B:12.0|C:9.0,True,2.081212121212121,severe_x_ge_1.3,17.44981438320441,17.429724104455182,-0.020090278749226
4,site2,7606,72.0|A:9.0|B:36.0|C:9.0,True,1.8444444444444448,severe_x_ge_1.3,15.053208823510465,15.163484626369977,0.1102758028595118
4,site2,7611,72.0|A:29.0|B:16.0|C:9.0,True,2.253793103448276,severe_x_ge_1.3,17.704042792132697,17.649014862766112,-0.0550279293665845
4,site2,7613,72.0|A:30.0|B:12.0|C:12.0,True,1.256,moderate_1.0_le_x_lt_1.3,16.468081587707545,15.64002582284262,-0.828055764864926
4,site2,7614,72.0|A:18.0|B:18.0|C:18.0,False,1.251111111111111,moderate_1.0_le_x_lt_1.3,17.039587318789366,16.726999889614856,-0.3125874291745099
4,site2,7618,72.0|A:9.0|B:35.0|C:10.0,True,2.223636363636363,severe_x_ge_1.3,15.642920636794324,14.931308760885337,-0.7116118759089893
4,site2,7621,72.0|A:18.0|B:12.0|C:24.0,True,1.1288888888888888,moderate_1.0_le_x_lt_1.3,19.98205617459464,19.352882681658837,-0.6291734929358022
4,site2,7622,72.0|A:21.0|B:15.0|C:18.0,False,2.619047619047618,severe_x_ge_1.3,21.783357512659663,22.80545308139714,1.022095568737473
4,site2,7623,72.0|A:21.0|B:24.0|C:9.0,True,2.8666666666666667,severe_x_ge_1.3,18.870515177295232,19.48061291847753,0.6100977411822939
4,site2,7636,72.0|A:26.0|B:19.0|C:9.0,True,2.2584615384615385,severe_x_ge_1.3,18.522251520490503,19.50723196444979,0.9849804439592872
4,site2,7640,72.0|A:27.0|B:18.0|C:9.0,True,2.0103703703703704,severe_x_ge_1.3,15.60663971316187,16.367654188030563,0.7610144748686931
4,site2,7647,72.0|A:32.0|B:13.0|C:9.0,True,2.0075000000000003,severe_x_ge_1.3,14.550645526268742,14.766592989798324,0.2159474635295826
4,site2,7654,72.0|A:17.0|B:28.0|C:9.0,True,1.2391111111111113,moderate_1.0_le_x_lt_1.3,14.063745087475814,13.593604456310874,-0.4701406311649396
4,site2,7656,72.0|A:33.0|B:12.0|C:9.0,True,2.438787878787879,severe_x_ge_1.3,19.2516351550109,19.977492889756576,0.7258577347456772
4,site2,7657,72.0|A:16.0|B:29.0|C:9.0,True,1.755,severe_x_ge_1.3,17.10308466545847,16.736329927533994,-0.3667547379244773
4,site2,7665,72.0|A:32.0|B:13.0|C:9.0,True,2.7,severe_x_ge_1.3,18.13699369206583,18.522832694620902,0.3858390025550768
4,site2,7674,72.0|A:33.0|B:12.0|C:9.0,True,1.7672727272727276,severe_x_ge_1.3,15.718220987445816,15.045749542625533,-0.6724714448202818
4,site2,7675,72.0|A:19.0|B:26.0|C:9.0,True,2.663157894736842,severe_x_ge_1.3,18.279116470943965,18.886219304350742,0.6071028334067776
4,site2,7680,72.0|A:9.0|B:36.0|C:9.0,True,1.4853333333333334,severe_x_ge_1.3,13.32971779201322,13.586029348479324,0.2563115564661054
4,site2,7687,72.0|A:21.0|B:17.0|C:16.0,True,2.251428571428572,severe_x_ge_1.3,19.161818538078965,19.614824842311847,0.4530063042328827
4,site2,7693,72.0|A:27.0|B:12.0|C:15.0,True,1.1364102564102565,moderate_1.0_le_x_lt_1.3,16.322455776841323,15.149329825636524,-1.1731259512047991
4,site2,7699,72.0|A:9.0|B:34.0|C:11.0,True,1.201860465116279,moderate_1.0_le_x_lt_1.3,13.69186845594109,13.49692070492717,-0.1949477510139203
4,site2,7702,72.0|A:27.0|B:12.0|C:15.0,True,2.831111111111112,severe_x_ge_1.3,20.4343862463001,21.521726172855864,1.0873399265557635
4,site2,7704,72.0|A:27.0|B:18.0|C:9.0,True,1.5451851851851852,severe_x_ge_1.3,14.409431396512778,15.390875680712208,0.98144428419943
4,site2,7705,72.0|A:20.0|B:25.0|C:9.0,True,1.828,severe_x_ge_1.3,15.128629751922317,15.822883006417154,0.6942532544948392
4,site2,7707,72.0|A:13.0|B:30.0|C:11.0,True,2.84,severe_x_ge_1.3,19.041977424060303,19.307562415269523,0.2655849912092165
4,site2,7712,72.0|A:22.0|B:23.0|C:9.0,True,1.4763636363636363,severe_x_ge_1.3,15.156838035527691,15.011849805586625,-0.1449882299410685
4,site2,7714,82.0|A:43.0|B:12.0|C:9.0,True,1.1181818181818182,moderate_1.0_le_x_lt_1.3,11.693291880745486,11.608392854907567,-0.0848990258379185
4,site2,7716,72.0|A:20.0|B:25.0|C:9.0,True,2.326,severe_x_ge_1.3,16.673836300086677,17.16609759195386,0.4922612918671838
4,site2,7718,72.0|A:33.0|B:12.0|C:9.0,True,2.427878787878788,severe_x_ge_1.3,17.651729907727077,18.309208053027795,0.6574781453007184
4,site2,7720,72.0|A:10.0|B:31.0|C:13.0,False,2.241951219512196,severe_x_ge_1.3,18.408030945629257,18.801342332739345,0.393311387110085
4,site2,7725,72.0|A:33.0|B:12.0|C:9.0,True,1.1527272727272728,moderate_1.0_le_x_lt_1.3,13.728204168293084,13.20112083183181,-0.5270833364612741
4,site2,7726,72.0|A:33.0|B:12.0|C:9.0,True,1.8242424242424244,severe_x_ge_1.3,17.778247675141696,17.746601223426456,-0.0316464517152397
4,site2,7728,72.0|A:27.0|B:12.0|C:15.0,True,2.8177777777777777,severe_x_ge_1.3,21.11104722670803,21.8842168016791,0.7731695749710674
4,site2,7729,72.0|A:25.0|B:12.0|C:17.0,True,1.92,severe_x_ge_1.3,20.64439083748196,20.786815108919505,0.1424242714375445
4,site2,7730,72.0|A:33.0|B:12.0|C:9.0,True,1.5781818181818184,severe_x_ge_1.3,15.448287154014604,15.05389475193983,-0.3943924020747733
4,site2,7735,72.0|A:19.0|B:26.0|C:9.0,True,3.0694736842105264,severe_x_ge_1.3,20.205598085163437,19.975779506462526,-0.2298185787009075
4,site2,7737,72.0|A:33.0|B:12.0|C:9.0,True,1.9937777777777776,severe_x_ge_1.3,15.251376256565232,14.51988553463488,-0.7314907219303528
4,site2,7738,72.0|A:29.0|B:16.0|C:9.0,True,1.8717241379310343,severe_x_ge_1.3,15.561594102045746,15.928952267083032,0.3673581650372863
4,site2,7739,72.0|A:24.0|B:21.0|C:9.0,True,1.4,severe_x_ge_1.3,17.88418283545776,17.29209322103034,-0.5920896144274224
4,site2,7741,72.0|A:14.0|B:24.0|C:16.0,True,1.991578947368421,severe_x_ge_1.3,17.760823798472064,18.627184467059063,0.8663606685869993
4,site2,7743,72.0|A:33.0|B:12.0|C:9.0,True,2.729696969696969,severe_x_ge_1.3,18.41265442768153,18.539666162240984,0.1270117345594492
4,site2,7747,72.0|A:27.0|B:18.0|C:9.0,True,1.791111111111111,severe_x_ge_1.3,16.537798347108996,16.96363198958095,0.4258336424719537
4,site2,7751,72.0|A:9.0|B:36.0|C:9.0,True,1.3111111111111111,severe_x_ge_1.3,14.433304978154377,14.59836529901986,0.1650603208654857
4,site2,7753,72.0|A:28.0|B:14.0|C:12.0,False,1.872857142857143,severe_x_ge_1.3,17.0302463066558,17.313296170486353,0.2830498638305521
4,site2,7758,72.0|A:31.0|B:12.0|C:11.0,True,2.1793548387096773,severe_x_ge_1.3,20.44575829518877,21.325177035636397,0.879418740447619
4,site2,7760,72.0|A:15.0|B:30.0|C:9.0,True,1.7973333333333334,severe_x_ge_1.3,15.826481534248916,16.142017789221544,0.3155362549726277
4,site2,7761,72.0|A:33.0|B:12.0|C:9.0,True,1.4654545454545451,severe_x_ge_1.3,15.772630535135784,15.547701380933685,-0.2249291542021012
4,site2,7767,72.0|A:27.0|B:16.0|C:11.0,False,2.625185185185185,severe_x_ge_1.3,19.95416397801393,20.473533519190728,0.5193695411767933
4,site2,7768,72.0|A:16.0|B:29.0|C:9.0,True,1.8925,severe_x_ge_1.3,16.622120062698592,16.667000130608535,0.0448800679099434
4,site2,7775,72.0|A:22.0|B:23.0|C:9.0,True,2.669090909090909,severe_x_ge_1.3,20.310916746954,21.266290150775674,0.955373403821678
4,site2,7778,72.0|A:33.0|B:12.0|C:9.0,True,2.416969696969697,severe_x_ge_1.3,16.985248808177953,17.486457450592436,0.5012086424144826
4,site2,7781,82.0|A:21.0|B:34.0|C:9.0,True,2.9285714285714284,severe_x_ge_1.3,19.363554505008228,20.710756355002196,1.347201849993965
4,site2,7782,72.0|A:24.0|B:12.0|C:18.0,True,2.3233333333333337,severe_x_ge_1.3,21.817053255739268,22.75394486487696,0.9368916091376924
4,site2,7783,72.0|A:28.0|B:17.0|C:9.0,True,2.15,severe_x_ge_1.3,16.401715284916197,16.965743936825643,0.564028651909446
4,site2,7787,72.0|A:33.0|B:12.0|C:9.0,True,2.2715151515151515,severe_x_ge_1.3,17.499702535476622,17.791906859929583,0.2922043244529604
4,site2,7788,72.0|A:12.0|B:31.0|C:11.0,False,2.1469767441860466,severe_x_ge_1.3,16.428897904693265,17.006815919704646,0.577918015011381
4,site2,7789,72.0|A:23.0|B:22.0|C:9.0,True,2.2,severe_x_ge_1.3,17.484992335302127,18.117248443256557,0.6322561079544258
4,site2,7796,72.0|A:25.0|B:20.0|C:9.0,True,2.6,severe_x_ge_1.3,17.398191105505454,18.11547949273024,0.7172883872247837
4,site2,7809,82.0|A:43.0|B:12.0|C:9.0,True,1.2045736434108527,moderate_1.0_le_x_lt_1.3,14.529338161986717,14.834245417030267,0.3049072550435525
4,site2,7810,72.0|A:23.0|B:19.0|C:12.0,True,1.7008695652173915,severe_x_ge_1.3,17.129261330884212,16.73881524804179,-0.3904460828424234
4,site2,7811,72.0|A:32.0|B:13.0|C:9.0,True,1.48875,severe_x_ge_1.3,14.06178130727704,14.140675384018529,0.0788940767414878
4,site2,7813,72.0|A:29.0|B:16.0|C:9.0,True,1.6657777777777778,severe_x_ge_1.3,14.473192835421184,14.245830640900754,-0.2273621945204293
4,site2,7818,72.0|A:33.0|B:12.0|C:9.0,True,1.935757575757576,severe_x_ge_1.3,15.399831378746685,14.841081581206216,-0.558749797540468
4,site2,7823,72.0|A:32.0|B:13.0|C:9.0,True,2.1575,severe_x_ge_1.3,14.966372546986186,15.347447351565652,0.3810748045794661
4,site2,7826,92.0|A:53.0|B:12.0|C:9.0,True,1.5364786324786326,severe_x_ge_1.3,11.134691680735092,10.82785295144944,-0.3068387292856513
4,site2,7833,92.0|A:52.0|B:13.0|C:9.0,True,1.9854700854700855,severe_x_ge_1.3,15.219879407188827,15.06478171032292,-0.1550976968659068
4,site2,7841,72.0|A:17.0|B:28.0|C:9.0,True,1.4117647058823528,severe_x_ge_1.3,14.906957638640426,15.359263989061414,0.4523063504209883
4,site2,7843,72.0|A:33.0|B:12.0|C:9.0,True,1.4327272727272726,severe_x_ge_1.3,16.209893171167018,15.59419920569982,-0.6156939654671962
4,site2,7850,72.0|A:26.0|B:19.0|C:9.0,True,3.0953846153846154,severe_x_ge_1.3,21.759441634137097,21.492350549962737,-0.2670910841743605
4,site2,7851,82.0|A:35.0|B:20.0|C:9.0,True,2.8647936507936507,severe_x_ge_1.3,20.50868744702148,21.750175142278763,1.241487695257284
4,site2,7852,72.0|A:28.0|B:17.0|C:9.0,True,1.6214285714285714,severe_x_ge_1.3,17.404725800542934,17.076167278646047,-0.3285585218968876
4,site2,7854,82.0|A:42.0|B:13.0|C:9.0,True,2.48494708994709,severe_x_ge_1.3,17.98517436163157,18.856238182029056,0.8710638203974845
4,site2,7858,72.0|A:11.0|B:34.0|C:9.0,True,1.945454545454545,severe_x_ge_1.3,15.9689275765473,15.35406973879691,-0.6148578377503888
4,site2,7860,72.0|A:22.0|B:23.0|C:9.0,True,1.0745454545454545,moderate_1.0_le_x_lt_1.3,16.965427312574615,16.680636939765016,-0.2847903728095993
4,site2,7862,72.0|A:25.0|B:12.0|C:17.0,True,2.4054054054054057,severe_x_ge_1.3,19.20103734085736,19.9842774438515,0.7832401029941387
4,site2,7864,72.0|A:23.0|B:22.0|C:9.0,True,3.0660869565217395,severe_x_ge_1.3,21.49574864203501,20.81842409993081,-0.677324542104202
4,site2,7866,72.0|A:30.0|B:12.0|C:12.0,True,1.108,moderate_1.0_le_x_lt_1.3,17.38283343177209,17.057178885858793,-0.3256545459132987
4,site2,7872,72.0|A:30.0|B:12.0|C:12.0,True,2.56,severe_x_ge_1.3,19.9722795951794,21.976068279535134,2.00378868435574
4,site2,7876,72.0|A:33.0|B:12.0|C:9.0,True,2.2375757575757578,severe_x_ge_1.3,17.763721033746755,18.446357806500725,0.6826367727539697
4,site2,7882,72.0|A:22.0|B:13.0|C:19.0,False,1.1072727272727272,moderate_1.0_le_x_lt_1.3,19.65937776304628,18.80303286354853,-0.8563448994977456
4,site2,7890,72.0|A:32.0|B:13.0|C:9.0,True,2.5500000000000003,severe_x_ge_1.3,18.00358787843828,18.067910999597924,0.0643231211596422
4,site2,7894,82.0|A:14.0|B:41.0|C:9.0,True,1.917474747474748,severe_x_ge_1.3,12.762560745146452,12.828885928910134,0.0663251837636824
4,site2,7896,72.0|A:23.0|B:22.0|C:9.0,True,1.584,severe_x_ge_1.3,14.658500231852258,13.898046675262606,-0.7604535565896526
4,site2,7898,72.0|A:26.0|B:19.0|C:9.0,True,2.669230769230769,severe_x_ge_1.3,18.322561028719285,19.6816834970902,1.3591224683709129
4,site2,7901,72.0|A:18.0|B:16.0|C:20.0,False,1.7022222222222223,severe_x_ge_1.3,18.726606816305896,19.40038902396816,0.6737822076622635
4,site2,7906,72.0|A:28.0|B:17.0|C:9.0,True,1.2785714285714285,moderate_1.0_le_x_lt_1.3,15.674107003510704,14.725620883637015,-0.9484861198736888
4,site2,7912,72.0|A:24.0|B:21.0|C:9.0,True,1.585,severe_x_ge_1.3,16.330919161125447,16.07473175112006,-0.2561874100053884
4,site2,7914,72.0|A:24.0|B:12.0|C:18.0,True,1.0916666666666668,moderate_1.0_le_x_lt_1.3,16.955793268943975,16.764966271727346,-0.1908269972166287
4,site2,7916,82.0|A:43.0|B:12.0|C:9.0,True,2.244935400516796,severe_x_ge_1.3,16.95616015065243,16.967833161857037,0.011673011204607
4,site2,7920,82.0|A:43.0|B:12.0|C:9.0,True,2.3053229974160208,severe_x_ge_1.3,17.99635242622145,18.056503869860272,0.0601514436388228
4,site2,7921,82.0|A:42.0|B:13.0|C:9.0,True,1.0564550264550263,moderate_1.0_le_x_lt_1.3,13.992562907654516,13.502617483503396,-0.4899454241511218
4,site2,7930,72.0|A:24.0|B:21.0|C:9.0,True,2.276666666666667,severe_x_ge_1.3,18.363472522645623,18.668017151400687,0.3045446287550604
4,site2,7935,72.0|A:9.0|B:36.0|C:9.0,True,1.56,severe_x_ge_1.3,15.343855332605823,15.192602746702155,-0.1512525859036699
4,site2,7937,72.0|A:19.0|B:26.0|C:9.0,True,3.0126315789473685,severe_x_ge_1.3,20.11015376925619,20.25365771590948,0.1435039466532899
4,site2,7940,72.0|A:33.0|B:12.0|C:9.0,True,1.4275555555555557,severe_x_ge_1.3,13.465497247111005,13.498089328009376,0.0325920808983699
4,site2,7944,72.0|A:31.0|B:14.0|C:9.0,True,1.8711111111111112,severe_x_ge_1.3,14.029418941315411,13.64803416892682,-0.3813847723885928
4,site2,7948,72.0|A:26.0|B:19.0|C:9.0,True,2.684615384615385,severe_x_ge_1.3,18.04947445955816,19.294379723250252,1.2449052636920932
4,site2,7951,72.0|A:29.0|B:16.0|C:9.0,True,1.4524444444444444,severe_x_ge_1.3,13.721539197787571,13.334937957546764,-0.3866012402408074
4,site2,7953,72.0|A:33.0|B:12.0|C:9.0,True,1.7793939393939395,severe_x_ge_1.3,16.29059922260378,16.54050121141056,0.2499019888067799
4,site2,7956,72.0|A:22.0|B:23.0|C:9.0,True,2.1145454545454543,severe_x_ge_1.3,16.99098940179284,17.35943590402669,0.3684465022338479
4,site2,7961,72.0|A:33.0|B:12.0|C:9.0,True,2.293333333333333,severe_x_ge_1.3,16.24361583808313,16.461637125409286,0.218021287326156
4,site2,7962,72.0|A:30.0|B:15.0|C:9.0,True,1.3906666666666665,severe_x_ge_1.3,14.588807156617012,14.079791202529044,-0.5090159540879693
4,site2,7963,72.0|A:33.0|B:12.0|C:9.0,True,2.8981818181818184,severe_x_ge_1.3,21.44764754150029,21.80279084760034,0.3551433061000466
4,site2,7967,72.0|A:16.0|B:29.0|C:9.0,True,2.93,severe_x_ge_1.3,17.32627521228286,18.09151438620856,0.7652391739257034
4,site2,7975,72.0|A:16.0|B:29.0|C:9.0,True,2.5375,severe_x_ge_1.3,15.965981262875276,16.68061760027097,0.7146363373956941
4,site2,7977,72.0|A:28.0|B:12.0|C:14.0,True,2.0042857142857144,severe_x_ge_1.3,18.90585989254332,19.111248955443443,0.2053890629001209
4,site2,7981,72.0|A:32.0|B:13.0|C:9.0,True,1.88125,severe_x_ge_1.3,19.82486770142364,19.612754062305683,-0.212113639117959
4,site2,7982,72.0|A:27.0|B:12.0|C:15.0,True,2.68,severe_x_ge_1.3,22.969111530609503,24.02151244243256,1.0524009118230495
4,site2,7986,72.0|A:31.0|B:14.0|C:9.0,True,2.441290322580645,severe_x_ge_1.3,16.90563249541012,17.612746417259178,0.7071139218490572
4,site2,7988,92.0|A:21.0|B:44.0|C:9.0,False,1.7039658119658116,severe_x_ge_1.3,11.557575495474373,11.554199385722374,-0.0033761097519988
4,site2,7989,72.0|A:21.0|B:12.0|C:21.0,True,1.5123809523809524,severe_x_ge_1.3,20.487864516263624,19.47764769362603,-1.0102168226375952
4,site2,7991,72.0|A:27.0|B:18.0|C:9.0,True,1.28,moderate_1.0_le_x_lt_1.3,13.795105149705796,13.343344015495132,-0.4517611342106651
4,site2,7993,72.0|A:20.0|B:20.0|C:14.0,True,1.0799999999999998,moderate_1.0_le_x_lt_1.3,16.119896758339987,15.490059468057432,-0.6298372902825538
4,site2,7994,72.0|A:24.0|B:21.0|C:9.0,True,2.476666666666667,severe_x_ge_1.3,18.05866889711585,18.377547805083644,0.3188789079677896
4,site2,7995,72.0|A:19.0|B:16.0|C:19.0,False,1.4457142857142855,severe_x_ge_1.3,19.156191792751205,18.760767287232365,-0.3954245055188394
4,site2,7998,72.0|A:33.0|B:12.0|C:9.0,True,1.8569696969696967,severe_x_ge_1.3,16.399152580038493,16.71599265992917,0.3168400798906781
4,site2,8000,72.0|A:25.0|B:20.0|C:9.0,True,1.728,severe_x_ge_1.3,18.216721313009373,17.677703748808778,-0.539017564200595
4,site2,8002,72.0|A:27.0|B:18.0|C:9.0,True,1.9970370370370367,severe_x_ge_1.3,15.555815172335766,16.186009524252164,0.6301943519163977
4,site2,8003,72.0|A:28.0|B:12.0|C:14.0,True,1.006,moderate_1.0_le_x_lt_1.3,15.647734595811247,14.52461184460516,-1.1231227512060895
4,site2,8006,72.0|A:9.0|B:36.0|C:9.0,True,1.3946666666666667,severe_x_ge_1.3,13.168312172608475,13.569235518871604,0.4009233462631272
4,site2,8008,72.0|A:26.0|B:19.0|C:9.0,True,1.86,severe_x_ge_1.3,17.42380417550488,18.19128891147301,0.7674847359681287
4,site2,8012,72.0|A:33.0|B:12.0|C:9.0,True,1.4853333333333334,severe_x_ge_1.3,14.128549955587651,13.200038883952809,-0.928511071634844
4,site2,8017,72.0|A:25.0|B:12.0|C:17.0,True,1.9792,severe_x_ge_1.3,18.59583963550777,19.76762197977411,1.1717823442663369
4,site2,8020,72.0|A:12.0|B:33.0|C:9.0,True,2.9233333333333333,severe_x_ge_1.3,16.7669816418434,16.959746815039598,0.1927651731961965
4,site2,8027,72.0|A:10.0|B:35.0|C:9.0,True,1.7315555555555555,severe_x_ge_1.3,13.852775062990178,13.25138613622811,-0.601388926762068
4,site2,8043,72.0|A:29.0|B:16.0|C:9.0,True,1.0827586206896551,moderate_1.0_le_x_lt_1.3,13.546825111123136,14.045130393794022,0.498305282670886
4,site2,8047,72.0|A:23.0|B:22.0|C:9.0,True,2.3217777777777777,severe_x_ge_1.3,16.697062155058592,16.60854159775613,-0.0885205573024627
4,site2,8053,72.0|A:9.0|B:36.0|C:9.0,True,1.0257777777777777,moderate_1.0_le_x_lt_1.3,11.974712110805866,11.992868473302613,0.0181563624967449
4,site2,8055,72.0|A:9.0|B:35.0|C:10.0,True,2.2133333333333334,severe_x_ge_1.3,18.33873967734578,17.798964496846217,-0.5397751804995643
4,site2,8058,72.0|A:28.0|B:14.0|C:12.0,False,2.4785714285714286,severe_x_ge_1.3,22.33347205301577,22.79389946234816,0.4604274093323859
4,site2,8061,72.0|A:20.0|B:24.0|C:10.0,True,1.0699999999999998,moderate_1.0_le_x_lt_1.3,18.044449636552443,17.148526171147473,-0.8959234654049695
4,site2,8064,72.0|A:30.0|B:12.0|C:12.0,True,2.3647619047619046,severe_x_ge_1.3,17.76716513709682,18.04126020146468,0.2740950643678559
4,site2,8071,72.0|A:9.0|B:23.0|C:22.0,False,1.1072727272727272,moderate_1.0_le_x_lt_1.3,18.196131311323256,18.00040987539326,-0.1957214359299968
4,site2,8076,72.0|A:33.0|B:12.0|C:9.0,True,1.7563636363636366,severe_x_ge_1.3,15.894063525976268,16.615874705771596,0.7218111797953277
4,site2,8079,72.0|A:13.0|B:32.0|C:9.0,True,1.7555555555555558,severe_x_ge_1.3,14.208141252685037,14.393236411479569,0.1850951587945335
4,site2,8083,72.0|A:33.0|B:12.0|C:9.0,True,1.1636363636363636,moderate_1.0_le_x_lt_1.3,15.56176492697541,15.58954655692266,0.0277816299472508
4,site2,8087,72.0|A:24.0|B:21.0|C:9.0,True,2.246666666666667,severe_x_ge_1.3,17.106249756464138,17.184413872010666,0.078164115546528
4,site2,8095,72.0|A:18.0|B:27.0|C:9.0,True,1.4555555555555555,severe_x_ge_1.3,15.650114984953056,15.42808031152848,-0.2220346734245772
4,site2,8097,72.0|A:23.0|B:22.0|C:9.0,True,1.2365217391304348,moderate_1.0_le_x_lt_1.3,15.728289409021764,15.02426138830879,-0.7040280207129737
4,site2,8105,72.0|A:29.0|B:16.0|C:9.0,True,1.6675862068965517,severe_x_ge_1.3,16.587561483065556,16.406494180223845,-0.1810673028417113
4,site2,8111,72.0|A:32.0|B:12.0|C:10.0,True,2.365,severe_x_ge_1.3,21.35633069025411,22.474846446071865,1.1185157558177536
4,site2,8112,72.0|A:30.0|B:15.0|C:9.0,True,2.1293333333333333,severe_x_ge_1.3,17.649869410137814,17.882976419842734,0.2331070097049199
4,site2,8117,72.0|A:28.0|B:12.0|C:14.0,True,2.6499999999999995,severe_x_ge_1.3,19.034686206186592,19.974837688178333,0.9401514819917408
4,site2,8118,72.0|A:28.0|B:17.0|C:9.0,True,1.5428571428571427,severe_x_ge_1.3,15.455876811779708,15.80989696420193,0.3540201524222208
4,site2,8122,72.0|A:28.0|B:17.0|C:9.0,True,2.571428571428571,severe_x_ge_1.3,18.622272961923752,20.06316576094179,1.4408927990180374
4,site2,8128,72.0|A:28.0|B:17.0|C:9.0,True,2.611428571428571,severe_x_ge_1.3,18.81171807392557,19.32944526730139,0.5177271933758227
4,site2,8131,72.0|A:26.0|B:19.0|C:9.0,True,2.669230769230769,severe_x_ge_1.3,19.022453528243723,19.423375308670156,0.4009217804264295
4,site2,8137,72.0|A:9.0|B:36.0|C:9.0,True,2.008888888888889,severe_x_ge_1.3,15.489677167445215,15.812994875395155,0.3233177079499398
4,site2,8142,72.0|A:28.0|B:12.0|C:14.0,True,1.6742857142857142,severe_x_ge_1.3,17.47333422798862,17.440478970742987,-0.0328552572456324
4,site2,8148,72.0|A:24.0|B:18.0|C:12.0,True,1.178095238095238,moderate_1.0_le_x_lt_1.3,14.741271454805142,14.37518573347505,-0.3660857213300925
4,site2,8150,72.0|A:26.0|B:19.0|C:9.0,True,1.7395555555555555,severe_x_ge_1.3,13.484363693570725,13.656668267682956,0.172304574112232
4,site2,8157,72.0|A:20.0|B:19.0|C:15.0,True,1.0159999999999998,moderate_1.0_le_x_lt_1.3,17.76754182445919,17.800296078532497,0.032754254073307
4,site2,8159,72.0|A:25.0|B:20.0|C:9.0,True,1.0915555555555554,moderate_1.0_le_x_lt_1.3,12.723546554997426,12.50217770907418,-0.2213688459232479
4,site2,8161,92.0|A:53.0|B:12.0|C:9.0,True,1.2536687631027252,moderate_1.0_le_x_lt_1.3,14.248338701109228,13.668679621298844,-0.5796590798103836
4,site2,8162,72.0|A:23.0|B:22.0|C:9.0,True,1.928,severe_x_ge_1.3,14.718402203103564,14.370034179546767,-0.3483680235567963
4,site2,8173,72.0|A:29.0|B:12.0|C:13.0,True,1.1586206896551725,moderate_1.0_le_x_lt_1.3,17.231461237909375,16.42893690744657,-0.8025243304628056
4,site2,8174,82.0|A:9.0|B:46.0|C:9.0,True,2.040060606060606,severe_x_ge_1.3,13.319103912974892,13.215271025890548,-0.1038328870843443
4,site2,8179,72.0|A:19.0|B:26.0|C:9.0,True,1.9242105263157891,severe_x_ge_1.3,15.72820512440593,15.538344233075438,-0.1898608913304915
4,site2,8181,82.0|A:26.0|B:29.0|C:9.0,False,2.9102991452991454,severe_x_ge_1.3,20.618345162169437,21.975003743599515,1.3566585814300822
4,site2,8185,72.0|A:25.0|B:15.0|C:14.0,True,1.536,severe_x_ge_1.3,18.264111172315328,18.345978670484463,0.0818674981691351
4,site2,8186,92.0|A:35.0|B:30.0|C:9.0,True,3.379174603174603,severe_x_ge_1.3,31.90197568155605,27.35301431874568,-4.548961362810363
4,site2,8202,82.0|A:43.0|B:12.0|C:9.0,True,2.331808785529716,severe_x_ge_1.3,18.57400362698306,18.42814044392961,-0.1458631830534464
4,site2,8204,72.0|A:22.0|B:23.0|C:9.0,True,2.8036363636363637,severe_x_ge_1.3,19.521389071618547,20.56704630765371,1.0456572360351617
4,site2,8206,72.0|A:9.0|B:36.0|C:9.0,True,2.7911111111111118,severe_x_ge_1.3,17.810446185037957,17.25126225159513,-0.5591839334428279
4,site2,8209,82.0|A:9.0|B:46.0|C:9.0,True,2.4448148148148148,severe_x_ge_1.3,16.299449167641768,16.600689008673573,0.3012398410318049
4,site2,8212,102.0|A:63.0|B:12.0|C:9.0,True,2.212698412698413,severe_x_ge_1.3,20.38020890411996,20.882271139446388,0.5020622353264308
4,site2,8218,132.0|A:93.0|B:12.0|C:9.0,True,1.574222222222222,severe_x_ge_1.3,11.22645018984728,11.653347492852532,0.4268973030052532
4,site2,8223,132.0|A:93.0|B:12.0|C:9.0,True,1.073978494623656,moderate_1.0_le_x_lt_1.3,12.010065822334516,12.51136833163842,0.5013025093039047
4,site2,8224,72.0|A:27.0|B:18.0|C:9.0,True,2.734814814814815,severe_x_ge_1.3,20.373751498135867,21.65354149301721,1.279789994881348
4,site2,8225,82.0|A:9.0|B:46.0|C:9.0,True,1.5741975308641976,severe_x_ge_1.3,15.17277279993489,15.316738932390466,0.1439661324555761
4,site2,8226,122.0|A:81.0|B:14.0|C:9.0,True,2.151316872427984,severe_x_ge_1.3,17.741540662520514,17.38085674861418,-0.3606839139063353
4,site2,8228,92.0|A:53.0|B:12.0|C:9.0,True,1.6432704402515723,severe_x_ge_1.3,16.46420580777877,15.918772788082189,-0.5454330196965849
4,site2,8231,72.0|A:30.0|B:12.0|C:12.0,True,2.252,severe_x_ge_1.3,19.745905806989224,20.3746227053171,0.6287168983278768
4,site2,8232,102.0|A:63.0|B:12.0|C:9.0,True,1.7581777777777776,severe_x_ge_1.3,13.597889203742389,13.210718009662608,-0.3871711940797802
4,site2,8234,102.0|A:62.0|B:13.0|C:9.0,True,1.718279569892473,severe_x_ge_1.3,16.632267778232258,16.38274850295591,-0.2495192752763486
4,site2,8239,82.0|A:43.0|B:12.0|C:9.0,True,2.383720930232558,severe_x_ge_1.3,19.299008711754112,19.63949419290649,0.3404854811523776
4,site2,8241,102.0|A:63.0|B:12.0|C:9.0,True,1.9248677248677248,severe_x_ge_1.3,17.747831748129112,17.468722375936967,-0.2791093721921456
4,site2,8244,92.0|A:52.0|B:13.0|C:9.0,True,1.956965811965812,severe_x_ge_1.3,16.11057783028626,16.37148701400658,0.2609091837203188
4,site2,8245,72.0|A:22.0|B:23.0|C:9.0,True,3.070909090909091,severe_x_ge_1.3,22.227007934050985,22.251592234133973,0.0245843000829886
4,site2,8254,92.0|A:29.0|B:36.0|C:9.0,True,2.925670498084292,severe_x_ge_1.3,21.61020761778661,22.674544073479986,1.064336455693372
4,site2,8258,122.0|A:40.0|B:55.0|C:9.0,True,3.260111111111112,severe_x_ge_1.3,35.05224478898427,33.19962730091407,-1.852617488070201
4,site2,8259,92.0|A:48.0|B:17.0|C:9.0,False,1.7039658119658116,severe_x_ge_1.3,13.37939368772692,12.924201377491276,-0.4551923102356454
4,site2,8267,72.0|A:28.0|B:16.0|C:10.0,False,3.257142857142857,severe_x_ge_1.3,26.546476449352,24.263939638073754,-2.2825368112782414
4,site2,8276,72.0|A:16.0|B:26.0|C:12.0,False,2.9775,severe_x_ge_1.3,20.857504708976403,20.876272383317577,0.0187676743411735
4,site2,8282,132.0|A:93.0|B:12.0|C:9.0,True,1.45247311827957,severe_x_ge_1.3,15.117125840280533,14.868314488313592,-0.2488113519669408
4,site2,8286,72.0|A:11.0|B:34.0|C:9.0,True,2.585454545454545,severe_x_ge_1.3,18.03194633761082,17.358755009861348,-0.6731913277494712
4,site2,8287,72.0|A:26.0|B:19.0|C:9.0,True,2.3430769230769237,severe_x_ge_1.3,16.565848471429,17.35368717150963,0.7878387000806306
4,site2,8289,72.0|A:10.0|B:22.0|C:22.0,False,1.4887499999999998,severe_x_ge_1.3,19.858638240593745,20.636401436411543,0.7777631958177977
4,site2,8291,122.0|A:83.0|B:12.0|C:9.0,True,1.72940350877193,severe_x_ge_1.3,12.717990244730666,12.590279101928637,-0.1277111428020294
4,site2,8295,82.0|A:43.0|B:12.0|C:9.0,True,1.4736692506459947,severe_x_ge_1.3,16.46829175502023,16.96745801371177,0.4991662586915417
4,site2,8296,82.0|A:42.0|B:13.0|C:9.0,True,1.3221957671957671,severe_x_ge_1.3,12.937175165796884,12.934366047341303,-0.0028091184555805
4,site2,8298,72.0|A:12.0|B:33.0|C:9.0,True,2.9233333333333333,severe_x_ge_1.3,19.63553913353041,17.736689300069852,-1.8988498334605597
4,site2,8301,132.0|A:93.0|B:12.0|C:9.0,True,1.6908571428571426,severe_x_ge_1.3,12.074112064103446,12.188772485727656,0.1146604216242117
4,site2,8302,92.0|A:29.0|B:36.0|C:9.0,True,2.9009961685823757,severe_x_ge_1.3,22.17820151318524,23.87499402793985,1.6967925147546126
4,site2,8307,72.0|A:18.0|B:27.0|C:9.0,True,3.651111111111111,severe_x_ge_1.3,32.170826797444604,24.94388381266366,-7.226942984780944
4,site2,8315,72.0|A:29.0|B:12.0|C:13.0,True,1.6041379310344823,severe_x_ge_1.3,17.90704293423946,17.045656076596153,-0.861386857643307
4,site2,8318,72.0|A:32.0|B:13.0|C:9.0,True,2.48125,severe_x_ge_1.3,19.000543888093503,20.215957783262155,1.215413895168652
4,site2,8319,72.0|A:23.0|B:12.0|C:19.0,True,1.9269565217391305,severe_x_ge_1.3,20.42524904546748,20.70427194903053,0.2790229035630567
4,site2,8329,72.0|A:28.0|B:12.0|C:14.0,True,1.3314285714285714,severe_x_ge_1.3,18.853403917461744,18.3791413191756,-0.4742625982861455
4,site2,8335,72.0|A:26.0|B:19.0|C:9.0,True,2.2292307692307696,severe_x_ge_1.3,18.23075243622094,18.53313645101344,0.3023840147924979
4,site2,8346,72.0|A:27.0|B:12.0|C:15.0,True,2.9955555555555557,severe_x_ge_1.3,21.1975515523584,22.257843837554525,1.0602922851961267
4,site2,8352,82.0|A:43.0|B:12.0|C:9.0,True,1.7512403100775191,severe_x_ge_1.3,16.635278778326022,17.050466023795515,0.4151872454694931
4,site2,8373,72.0|A:31.0|B:14.0|C:9.0,True,1.5483870967741933,severe_x_ge_1.3,15.02281322337789,14.56301073066085,-0.4598024927170403
4,site2,8374,72.0|A:31.0|B:14.0|C:9.0,True,1.5845161290322578,severe_x_ge_1.3,15.941633153547668,15.710735615693531,-0.2308975378541351
4,site2,8376,72.0|A:33.0|B:12.0|C:9.0,True,1.8569696969696967,severe_x_ge_1.3,16.83284134530083,17.15467424674572,0.3218329014448891
4,site2,8377,72.0|A:10.0|B:35.0|C:9.0,True,2.104,severe_x_ge_1.3,17.039432544388944,16.98605818615282,-0.0533743582361232
4,site2,8381,72.0|A:32.0|B:13.0|C:9.0,True,1.3275,severe_x_ge_1.3,14.720573799576094,13.798531598405152,-0.9220422011709424
4,site2,8385,72.0|A:9.0|B:36.0|C:9.0,True,1.312888888888889,severe_x_ge_1.3,14.512445499821116,14.025899182440162,-0.4865463173809559
4,site2,8387,72.0|A:29.0|B:12.0|C:13.0,True,1.3875862068965517,severe_x_ge_1.3,18.110874534222955,17.487227406223216,-0.6236471279997389
4,site2,8402,72.0|A:26.0|B:19.0|C:9.0,True,1.9030769230769229,severe_x_ge_1.3,15.6874671381057,16.45671769664236,0.7692505585366618
4,site2,8403,72.0|A:25.0|B:20.0|C:9.0,True,2.8512,severe_x_ge_1.3,19.396189460607093,19.520025084778165,0.1238356241710718
4,site2,8404,72.0|A:9.0|B:36.0|C:9.0,True,1.6,severe_x_ge_1.3,14.052937942417064,14.148345986018615,0.0954080436015516
4,site2,8407,72.0|A:28.0|B:17.0|C:9.0,True,2.717142857142857,severe_x_ge_1.3,17.028062790201844,17.844109075767534,0.8160462855656903
4,site2,8413,102.0|A:61.0|B:14.0|C:9.0,False,1.4453777777777777,severe_x_ge_1.3,11.955716806720329,11.98186777814059,0.0261509714202627
4,site2,8417,92.0|A:42.0|B:23.0|C:9.0,True,2.798941798941799,severe_x_ge_1.3,20.427042296256083,22.36503844302465,1.937996146768569
4,site2,8421,72.0|A:22.0|B:23.0|C:9.0,True,1.9127272727272728,severe_x_ge_1.3,15.167702255496886,15.639317341740693,0.4716150862438049
4,site2,8422,72.0|A:12.0|B:27.0|C:15.0,False,2.2912820512820518,severe_x_ge_1.3,18.58192008971637,18.91437177071025,0.3324516809938878
4,site2,8424,72.0|A:33.0|B:12.0|C:9.0,True,1.1975757575757575,moderate_1.0_le_x_lt_1.3,14.132978072548276,14.135567890020791,0.0025898174725167
4,site2,8430,72.0|A:28.0|B:12.0|C:14.0,True,2.2942857142857145,severe_x_ge_1.3,19.550243348744143,20.512231002552596,0.9619876538084496
4,site2,8432,72.0|A:23.0|B:22.0|C:9.0,True,1.6208695652173917,severe_x_ge_1.3,15.77203296651395,15.70932434742994,-0.0627086190840096
4,site2,8434,72.0|A:9.0|B:29.0|C:16.0,True,1.651578947368421,severe_x_ge_1.3,17.561600958068087,17.79681347887309,0.2352125208050033
4,site2,8435,82.0|A:43.0|B:12.0|C:9.0,True,1.6897932816537466,severe_x_ge_1.3,16.444548325139458,17.001584766651533,0.557036441512075
4,site2,8438,72.0|A:19.0|B:26.0|C:9.0,True,1.768421052631579,severe_x_ge_1.3,17.02082326687352,17.854093433883968,0.833270167010447
4,site2,8439,72.0|A:33.0|B:12.0|C:9.0,True,1.4096969696969697,severe_x_ge_1.3,15.470306572910587,14.219585959695731,-1.250720613214856
4,site2,8441,72.0|A:29.0|B:12.0|C:13.0,True,2.4317241379310346,severe_x_ge_1.3,20.04383373876282,20.602949316541693,0.5591155777788721
4,site2,8447,72.0|A:26.0|B:17.0|C:11.0,False,2.953846153846154,severe_x_ge_1.3,21.43695134278674,22.03950564458525,0.6025543017985129
4,site2,8461,72.0|A:19.0|B:22.0|C:13.0,False,1.7305263157894737,severe_x_ge_1.3,19.60706197784984,19.4245709220656,-0.18249105578424
4,site2,8462,72.0|A:23.0|B:22.0|C:9.0,True,2.071304347826087,severe_x_ge_1.3,16.255274358111944,16.242170954520294,-0.0131034035916499
4,site2,8464,72.0|A:9.0|B:36.0|C:9.0,True,1.3866666666666667,severe_x_ge_1.3,11.730093938549956,11.664495504391228,-0.0655984341587281
4,site2,8466,72.0|A:26.0|B:12.0|C:16.0,True,2.0446153846153847,severe_x_ge_1.3,19.303463481340103,19.08053606985927,-0.2229274114808319
4,site2,8474,72.0|A:23.0|B:18.0|C:13.0,True,1.8295652173913044,severe_x_ge_1.3,19.639804372919283,19.63162941927008,-0.0081749536492061
4,site2,8481,72.0|A:10.0|B:35.0|C:9.0,True,1.22,moderate_1.0_le_x_lt_1.3,14.893868453111985,14.391027154822192,-0.502841298289793
4,site2,8482,72.0|A:33.0|B:12.0|C:9.0,True,2.349090909090909,severe_x_ge_1.3,18.053631274214226,19.112992641455477,1.059361367241248
4,site2,8495,72.0|A:21.0|B:24.0|C:9.0,True,2.584761904761905,severe_x_ge_1.3,18.687672281036225,18.9690940950808,0.2814218140445774
4,site2,8504,72.0|A:25.0|B:17.0|C:12.0,True,1.5209523809523813,severe_x_ge_1.3,16.056710456086808,16.240081369300807,0.1833709132139986
4,site2,8511,72.0|A:14.0|B:31.0|C:9.0,True,1.7657142857142856,severe_x_ge_1.3,15.784192533967914,16.03797584466303,0.2537833106951161
4,site2,8514,72.0|A:29.0|B:16.0|C:9.0,True,1.632888888888889,severe_x_ge_1.3,13.665221200099852,13.538805524985998,-0.1264156751138543
4,site2,8515,72.0|A:28.0|B:17.0|C:9.0,True,2.6242857142857146,severe_x_ge_1.3,18.64067957197557,19.36840683378648,0.7277272618109087
4,site2,8516,72.0|A:27.0|B:18.0|C:9.0,True,2.0426666666666664,severe_x_ge_1.3,15.886246455236297,16.288706483731794,0.4024600284954989
4,site2,8517,72.0|A:31.0|B:14.0|C:9.0,True,2.609032258064516,severe_x_ge_1.3,18.552303788259668,19.54247072579572,0.9901669375360492
4,site2,8519,72.0|A:18.0|B:18.0|C:18.0,False,1.8266666666666669,severe_x_ge_1.3,18.745465040640248,19.62164558565477,0.8761805450145239
4,site2,8520,72.0|A:29.0|B:12.0|C:13.0,True,2.3296551724137933,severe_x_ge_1.3,17.829299545022582,18.501637826132075,0.6723382811094929
4,site2,8529,72.0|A:23.0|B:22.0|C:9.0,True,3.0017391304347827,severe_x_ge_1.3,20.035603037496163,20.270302304220948,0.2346992667247853
4,site2,8534,82.0|A:9.0|B:46.0|C:9.0,True,2.3182716049382712,severe_x_ge_1.3,15.611468318202473,15.955300276251188,0.3438319580487174
4,site2,8536,72.0|A:10.0|B:31.0|C:13.0,False,1.588,severe_x_ge_1.3,17.36382515503582,17.314462628608705,-0.0493625264271138
4,site2,8538,72.0|A:20.0|B:25.0|C:9.0,True,3.156,severe_x_ge_1.3,21.958970467246854,20.147392791752942,-1.811577675493908
4,site2,8542,82.0|A:31.0|B:24.0|C:9.0,False,2.98168458781362,severe_x_ge_1.3,20.702228743432407,22.703412355183,2.001183611750591
4,site2,8543,72.0|A:25.0|B:20.0|C:9.0,True,1.1664,moderate_1.0_le_x_lt_1.3,17.273946237265644,17.24070493695247,-0.0332413003131755
4,site2,8549,72.0|A:31.0|B:12.0|C:11.0,True,1.9058064516129032,severe_x_ge_1.3,17.761659459994423,18.598265518750495,0.8366060587560753
4,site2,8553,72.0|A:29.0|B:16.0|C:9.0,True,2.3048275862068963,severe_x_ge_1.3,16.720856015428605,17.69021791016213,0.969361894733524
4,site2,8554,72.0|A:26.0|B:19.0|C:9.0,True,1.2784615384615383,moderate_1.0_le_x_lt_1.3,14.28994311542493,13.992762610316992,-0.2971805051079368
4,site2,8556,72.0|A:29.0|B:12.0|C:13.0,True,2.202758620689655,severe_x_ge_1.3,20.491772082381605,21.83409134394283,1.3423192615612258
4,site2,8565,72.0|A:32.0|B:12.0|C:10.0,True,1.56875,severe_x_ge_1.3,17.942947713785415,18.353832672460605,0.4108849586751901
4,site2,8575,72.0|A:18.0|B:27.0|C:9.0,True,2.522222222222222,severe_x_ge_1.3,17.21962882735963,17.246713724456516,0.0270848970968842
4,site2,8577,72.0|A:21.0|B:24.0|C:9.0,True,2.339047619047619,severe_x_ge_1.3,19.997080519136343,20.33176868284696,0.3346881637106129
4,site2,8580,72.0|A:17.0|B:28.0|C:9.0,True,1.3458823529411763,severe_x_ge_1.3,17.200587904396475,16.99211236282493,-0.2084755415715449
4,site2,8582,72.0|A:18.0|B:12.0|C:24.0,True,1.9066666666666667,severe_x_ge_1.3,19.60710339840722,20.50848247337217,0.9013790749649536
4,site2,8584,72.0|A:33.0|B:12.0|C:9.0,True,2.1151515151515152,severe_x_ge_1.3,16.471974483393915,16.554439784667156,0.0824653012732419
4,site2,8588,72.0|A:33.0|B:12.0|C:9.0,True,1.9127272727272728,severe_x_ge_1.3,16.066299909313226,15.68891431672421,-0.3773855925890164
4,site2,8590,72.0|A:25.0|B:20.0|C:9.0,True,2.0426666666666664,severe_x_ge_1.3,15.31658735985252,15.668416939785937,0.3518295799334154
4,site2,8591,72.0|A:20.0|B:25.0|C:9.0,True,1.2391111111111113,moderate_1.0_le_x_lt_1.3,13.452930529404348,13.38063813347804,-0.0722923959263095
4,site2,8596,82.0|A:42.0|B:13.0|C:9.0,True,1.4284920634920637,severe_x_ge_1.3,15.85487564378237,15.284932476545256,-0.5699431672371134
4,site2,8597,82.0|A:9.0|B:46.0|C:9.0,True,1.6333737373737374,severe_x_ge_1.3,13.519894459757026,13.826984259327874,0.3070897995708481
4,site2,8600,72.0|A:16.0|B:29.0|C:9.0,True,1.5925,severe_x_ge_1.3,15.133402642336494,15.380424745705838,0.2470221033693445
4,site2,8601,72.0|A:9.0|B:36.0|C:9.0,True,1.0417777777777777,moderate_1.0_le_x_lt_1.3,12.765249443875962,12.463033341601076,-0.3022161022748868
4,site2,8604,72.0|A:25.0|B:20.0|C:9.0,True,2.6736,severe_x_ge_1.3,19.146908208876603,19.63679965505508,0.4898914461784791
4,site2,8607,72.0|A:9.0|B:27.0|C:18.0,True,1.191111111111111,moderate_1.0_le_x_lt_1.3,16.61595659030793,17.187673164234944,0.5717165739270129
4,site2,8610,72.0|A:33.0|B:12.0|C:9.0,True,2.16,severe_x_ge_1.3,17.75034638981675,18.121317465857125,0.370971076040373
4,site2,8614,72.0|A:33.0|B:12.0|C:9.0,True,2.103030303030303,severe_x_ge_1.3,15.845102757437555,15.888634500207957,0.0435317427703996
4,site2,8618,72.0|A:14.0|B:31.0|C:9.0,True,2.242857142857143,severe_x_ge_1.3,16.899190402476776,17.594654541305335,0.6954641388285587
4,site2,8619,72.0|A:29.0|B:12.0|C:13.0,True,2.915862068965517,severe_x_ge_1.3,22.743953898373555,24.14295979637185,1.3990058979982969
4,site2,8622,72.0|A:19.0|B:26.0|C:9.0,True,2.623157894736842,severe_x_ge_1.3,17.493273397590638,17.77175755051897,0.2784841529283319
4,site2,8623,72.0|A:18.0|B:12.0|C:24.0,True,1.7022222222222223,severe_x_ge_1.3,19.465485768043035,19.802935498723468,0.3374497306804329
4,site2,8626,72.0|A:17.0|B:25.0|C:12.0,True,1.0552380952380953,moderate_1.0_le_x_lt_1.3,13.50433123027559,14.21104006352054,0.7067088332449512
4,site2,8627,72.0|A:32.0|B:13.0|C:9.0,True,2.14625,severe_x_ge_1.3,15.604358150547652,15.74572093228918,0.1413627817415292
4,site2,8628,72.0|A:31.0|B:12.0|C:11.0,True,1.3341935483870966,severe_x_ge_1.3,16.934533155521937,16.475371410074032,-0.4591617454479042
4,site2,8631,72.0|A:26.0|B:18.0|C:10.0,True,1.7461538461538462,severe_x_ge_1.3,19.06379694189854,19.167351410239775,0.1035544683412368
4,site2,8633,72.0|A:33.0|B:12.0|C:9.0,True,2.215757575757576,severe_x_ge_1.3,19.233910100850892,19.273707015572377,0.0397969147214816
4,site2,8637,72.0|A:30.0|B:15.0|C:9.0,True,1.9933333333333332,severe_x_ge_1.3,15.877317330782086,16.554741504338832,0.6774241735567461
4,site2,8652,72.0|A:29.0|B:16.0|C:9.0,True,2.227586206896552,severe_x_ge_1.3,16.993580342578902,17.673850098691048,0.6802697561121462
4,site2,8653,72.0|A:21.0|B:22.0|C:11.0,True,2.2323809523809524,severe_x_ge_1.3,19.249623839202687,19.77837213672991,0.5287482975272226
4,site2,8660,72.0|A:26.0|B:12.0|C:16.0,True,2.5452631578947367,severe_x_ge_1.3,19.86138365114624,19.51151131487168,-0.3498723362745579
4,site2,8661,72.0|A:19.0|B:26.0|C:9.0,True,2.6042105263157893,severe_x_ge_1.3,17.516349003884464,18.396598974648104,0.8802499707636393
4,site2,8663,72.0|A:31.0|B:12.0|C:11.0,True,2.584516129032258,severe_x_ge_1.3,19.436013913145,20.34537887454671,0.9093649614017104
4,site2,8665,72.0|A:16.0|B:29.0|C:9.0,True,2.145,severe_x_ge_1.3,15.944356149344404,16.735667611718622,0.7913114623742192
4,site2,8667,72.0|A:17.0|B:28.0|C:9.0,True,1.0423529411764707,moderate_1.0_le_x_lt_1.3,14.954233614528906,14.688530474623745,-0.2657031399051615
4,site2,8668,72.0|A:17.0|B:28.0|C:9.0,True,2.583529411764706,severe_x_ge_1.3,17.70968514889568,18.381579526680103,0.671894377784426
4,site2,8672,72.0|A:13.0|B:31.0|C:10.0,False,1.5323076923076924,severe_x_ge_1.3,15.906460626230036,15.947556190302196,0.0410955640721599
4,site2,8680,72.0|A:30.0|B:12.0|C:12.0,True,2.1786666666666665,severe_x_ge_1.3,19.803816469153272,19.944647856239484,0.1408313870862123
4,site2,8686,72.0|A:17.0|B:28.0|C:9.0,True,2.8658823529411763,severe_x_ge_1.3,19.05752376370697,19.001433517016988,-0.0560902466899868
4,site2,8687,132.0|A:93.0|B:12.0|C:9.0,True,1.6582795698924728,severe_x_ge_1.3,15.790914414402543,15.450206494938106,-0.3407079194644371
4,site2,8689,132.0|A:93.0|B:12.0|C:9.0,True,1.2916129032258064,moderate_1.0_le_x_lt_1.3,12.320689435318211,12.819728052279553,0.4990386169613412
4,site2,8690,132.0|A:93.0|B:12.0|C:9.0,True,1.3207885304659497,severe_x_ge_1.3,14.375026032998491,14.933653277105543,0.5586272441070523
4,site2,8695,132.0|A:93.0|B:12.0|C:9.0,True,1.1891039426523295,moderate_1.0_le_x_lt_1.3,12.477317798096356,12.60718822458227,0.1298704264859154
4,site2,8708,112.0|A:73.0|B:12.0|C:9.0,True,1.477138508371385,severe_x_ge_1.3,14.886511841489414,14.102357567979048,-0.7841542735103655
4,site2,8709,92.0|A:53.0|B:12.0|C:9.0,True,1.5136752136752136,severe_x_ge_1.3,12.505122587204848,11.82472980324209,-0.680392783962759
4,site2,8713,132.0|A:93.0|B:12.0|C:9.0,True,1.8885304659498203,severe_x_ge_1.3,13.42001699475976,13.958969328612804,0.5389523338530449
4,site2,8719,72.0|A:31.0|B:12.0|C:11.0,True,2.703225806451613,severe_x_ge_1.3,18.77058460985477,20.17393692425739,1.4033523144026212
4,site2,8723,72.0|A:14.0|B:27.0|C:13.0,False,2.717142857142857,severe_x_ge_1.3,20.369307341955768,21.218962951824093,0.849655609868325
4,site2,8724,122.0|A:83.0|B:12.0|C:9.0,True,1.7181258366800536,severe_x_ge_1.3,15.271976754359414,15.590184213005438,0.3182074586460235
4,site2,8730,112.0|A:73.0|B:12.0|C:9.0,True,1.5444748858447488,severe_x_ge_1.3,16.749360290781528,16.056635535315944,-0.6927247554655835
4,site2,8735,102.0|A:63.0|B:12.0|C:9.0,True,1.679312169312169,severe_x_ge_1.3,17.305849284901882,17.32414751357064,0.0182982286687583
4,site2,8737,102.0|A:37.0|B:38.0|C:9.0,False,2.9910810810810813,severe_x_ge_1.3,23.96935609445073,26.54613362798449,2.576777533533757
4,site2,8750,92.0|A:53.0|B:12.0|C:9.0,True,2.118700209643606,severe_x_ge_1.3,16.271393769571777,16.27514468232994,0.0037509127581643
4,site2,8753,132.0|A:45.0|B:60.0|C:9.0,False,3.282074074074074,severe_x_ge_1.3,37.57549853474747,33.427682185516225,-4.147816349231242
4,site2,8754,112.0|A:73.0|B:12.0|C:9.0,True,1.6126535947712417,severe_x_ge_1.3,12.633386835412033,12.452136220141936,-0.1812506152700947
4,site2,8755,92.0|A:48.0|B:17.0|C:9.0,False,1.7448547008547008,severe_x_ge_1.3,12.490766862202136,12.145023369965648,-0.3457434922364886
4,site2,8757,92.0|A:53.0|B:12.0|C:9.0,True,2.4022222222222225,severe_x_ge_1.3,19.118636321251667,18.78161469385562,-0.337021627396048
4,site2,8758,72.0|A:28.0|B:12.0|C:14.0,True,2.584285714285714,severe_x_ge_1.3,20.006519776157777,20.80539199249916,0.7988722163413797
4,site2,8763,92.0|A:37.0|B:28.0|C:9.0,True,2.932672672672673,severe_x_ge_1.3,23.45483128584597,25.961016696035436,2.5061854101894667
4,site2,8764,92.0|A:53.0|B:12.0|C:9.0,True,1.6654507337526203,severe_x_ge_1.3,17.345338626416048,16.915048421663247,-0.4302902047528008
4,site2,8767,72.0|A:9.0|B:32.0|C:13.0,True,1.0360975609756098,moderate_1.0_le_x_lt_1.3,15.392878330677808,14.918843250394204,-0.4740350802836026
4,site2,8769,132.0|A:93.0|B:12.0|C:9.0,True,1.588100358422939,severe_x_ge_1.3,13.795725176777228,14.156333815177838,0.3606086384006097
4,site2,8772,112.0|A:73.0|B:12.0|C:9.0,True,1.6433485540334856,severe_x_ge_1.3,17.271583529230302,17.20039164887607,-0.071191880354231
4,site2,8786,82.0|A:42.0|B:12.0|C:10.0,False,1.5347883597883598,severe_x_ge_1.3,18.471294366540764,18.117386183149364,-0.3539081833914004
4,site2,8790,92.0|A:48.0|B:17.0|C:9.0,False,1.9351452991452989,severe_x_ge_1.3,13.511975182722464,12.96775633623209,-0.5442188464903719
4,site2,8792,72.0|A:28.0|B:17.0|C:9.0,True,2.4257142857142857,severe_x_ge_1.3,20.165019082430216,20.552608724645847,0.3875896422156302
4,site2,8793,72.0|A:19.0|B:26.0|C:9.0,True,2.701052631578947,severe_x_ge_1.3,19.39766709113059,20.475868241086825,1.0782011499562325
4,site2,8797,122.0|A:30.0|B:65.0|C:9.0,False,3.1900740740740745,severe_x_ge_1.3,25.051039419146857,26.83509190481811,1.7840524856712534
4,site2,8798,112.0|A:73.0|B:12.0|C:9.0,True,1.6931764705882353,severe_x_ge_1.3,12.22428269147448,12.22638827791769,0.0021055864432106
4,site2,8801,112.0|A:38.0|B:47.0|C:9.0,False,3.217543859649122,severe_x_ge_1.3,30.478699912178765,29.779641630552685,-0.6990582816260797
4,site2,8808,132.0|A:93.0|B:12.0|C:9.0,True,1.5179211469534049,severe_x_ge_1.3,13.75053257110867,14.43804601104785,0.6875134399391811
4,site2,8815,112.0|A:73.0|B:12.0|C:9.0,True,1.3884931506849316,severe_x_ge_1.3,13.934960998922804,13.535205678195071,-0.3997553207277313
4,site2,8819,92.0|A:53.0|B:12.0|C:9.0,True,1.4326837606837606,severe_x_ge_1.3,11.358082052836078,10.886709574001724,-0.471372478834354
4,site2,8826,72.0|A:26.0|B:17.0|C:11.0,False,2.853846153846153,severe_x_ge_1.3,19.77287232816357,21.21650014787631,1.443627819712738
4,site2,8827,132.0|A:62.0|B:43.0|C:9.0,False,2.9558064516129035,severe_x_ge_1.3,31.325460584274683,34.96053811770256,3.635077533427879
4,site2,8828,82.0|A:43.0|B:12.0|C:9.0,True,2.071188630490956,severe_x_ge_1.3,15.764213731623313,15.920409699038158,0.1561959674148472
4,site2,8831,102.0|A:63.0|B:12.0|C:9.0,True,2.272962962962963,severe_x_ge_1.3,20.233650609034093,19.72487634141241,-0.5087742676216784
4,site2,8834,72.0|A:33.0|B:12.0|C:9.0,True,2.696969696969697,severe_x_ge_1.3,17.542192753200723,18.658579926398648,1.116387173197925
4,site2,8835,72.0|A:15.0|B:30.0|C:9.0,True,1.7973333333333334,severe_x_ge_1.3,15.68531417800966,15.904727225378368,0.2194130473687074
4,site2,8837,102.0|A:33.0|B:42.0|C:9.0,False,3.147575757575757,severe_x_ge_1.3,27.727159826053267,27.169488799424617,-0.5576710266286504
4,site2,8838,82.0|A:29.0|B:26.0|C:9.0,True,2.994099616858238,severe_x_ge_1.3,22.51361811209508,22.562556117287,0.0489380051919212
4,site2,8840,122.0|A:45.0|B:50.0|C:9.0,False,3.304543209876543,severe_x_ge_1.3,34.59314210727162,31.74664280495173,-2.8464993023198915
4,site2,8841,72.0|A:31.0|B:14.0|C:9.0,True,2.2993548387096774,severe_x_ge_1.3,18.87859705134799,18.451285324652844,-0.427311726695148
4,site2,8842,92.0|A:9.0|B:56.0|C:9.0,True,1.865948717948718,severe_x_ge_1.3,12.163734884861586,12.11143720342809,-0.0522976814334956
4,site2,8846,92.0|A:53.0|B:12.0|C:9.0,True,2.3376100628930816,severe_x_ge_1.3,21.812076781341403,21.49246294247228,-0.3196138388691238
4,site2,8848,92.0|A:30.0|B:35.0|C:9.0,True,3.0666666666666664,severe_x_ge_1.3,24.988480113980863,25.28863011720309,0.3001500032222317
4,site2,8855,72.0|A:14.0|B:31.0|C:9.0,True,3.217142857142857,severe_x_ge_1.3,21.363320119974407,19.204621708806783,-2.158698411167624
4,site2,8865,72.0|A:10.0|B:35.0|C:9.0,True,2.62,severe_x_ge_1.3,17.341016011957223,17.350492195977647,0.0094761840204249
4,site2,8868,112.0|A:73.0|B:12.0|C:9.0,True,1.3666928104575164,severe_x_ge_1.3,11.987873573993095,11.787249089987496,-0.2006244840055995
4,site2,8869,82.0|A:42.0|B:13.0|C:9.0,True,1.9721414141414144,severe_x_ge_1.3,14.633403574312773,14.845104269382247,0.2117006950694744
4,site2,8872,92.0|A:9.0|B:56.0|C:9.0,True,1.5773675213675211,severe_x_ge_1.3,13.305157633767235,13.587517011910624,0.2823593781433882
4,site2,8874,92.0|A:35.0|B:29.0|C:10.0,False,3.3046984126984125,severe_x_ge_1.3,30.45079443645445,28.349624859327463,-2.101169577126992
4,site2,8875,92.0|A:46.0|B:12.0|C:16.0,True,2.8244444444444445,severe_x_ge_1.3,22.4682471779148,24.606010736666548,2.1377635587517503
4,site2,8882,102.0|A:63.0|B:12.0|C:9.0,True,1.9092888888888888,severe_x_ge_1.3,13.58759149753481,13.681034471818874,0.0934429742840645
4,site2,8884,72.0|A:9.0|B:35.0|C:10.0,True,1.772,severe_x_ge_1.3,16.84237036811123,17.007901659515202,0.1655312914039726
4,site2,8885,72.0|A:23.0|B:22.0|C:9.0,True,1.3321739130434784,severe_x_ge_1.3,14.967233291979532,14.497371752045584,-0.4698615399339481
4,site2,8888,132.0|A:93.0|B:12.0|C:9.0,True,1.8885304659498203,severe_x_ge_1.3,17.95270854107685,18.380600826394087,0.4278922853172382
4,site2,8891,92.0|A:33.0|B:32.0|C:9.0,False,3.117777777777778,severe_x_ge_1.3,24.22338963530605,25.274885215886428,1.0514955805803794
4,site2,8892,102.0|A:37.0|B:38.0|C:9.0,False,3.073783783783784,severe_x_ge_1.3,27.222628561760445,29.030272196460828,1.8076436347003837
4,site2,8893,82.0|A:43.0|B:12.0|C:9.0,True,1.36984496124031,severe_x_ge_1.3,12.717322296459308,12.997211047408552,0.2798887509492438
4,site2,8894,92.0|A:53.0|B:12.0|C:9.0,True,1.1977358490566037,moderate_1.0_le_x_lt_1.3,14.596589074357118,14.32086918035395,-0.2757198940031671
4,site2,8901,102.0|A:63.0|B:12.0|C:9.0,True,1.277248677248677,moderate_1.0_le_x_lt_1.3,14.853962240353434,14.537032596847371,-0.3169296435060609
4,site2,8902,122.0|A:41.0|B:54.0|C:9.0,False,3.096287262872629,severe_x_ge_1.3,32.629170926377775,31.955448100063013,-0.6737228263147621
4,site2,8903,72.0|A:9.0|B:32.0|C:13.0,True,1.9541463414634148,severe_x_ge_1.3,15.792091507646871,15.829570100989294,0.0374785933424206
4,site2,8905,92.0|A:53.0|B:12.0|C:9.0,True,2.7349266247379456,severe_x_ge_1.3,22.94389612257108,24.24146827768277,1.2975721551116948
4,site2,8906,132.0|A:93.0|B:12.0|C:9.0,True,1.1275985663082435,moderate_1.0_le_x_lt_1.3,13.321962954558794,13.502678510906986,0.1807155563481917
4,site2,8909,132.0|A:93.0|B:12.0|C:9.0,True,1.7568458781362006,severe_x_ge_1.3,15.4494861569985,16.053669651370335,0.6041834943718349
4,site2,8913,92.0|A:53.0|B:12.0|C:9.0,True,1.3954297693920334,severe_x_ge_1.3,14.045235392070335,13.965268978411984,-0.0799664136583526
4,site2,8916,92.0|A:53.0|B:12.0|C:9.0,True,1.14083857442348,moderate_1.0_le_x_lt_1.3,15.160014079569953,14.903579197552029,-0.2564348820179258
4,site2,8917,102.0|A:63.0|B:12.0|C:9.0,True,1.1153439153439153,moderate_1.0_le_x_lt_1.3,14.26804475135057,13.698872088665375,-0.5691726626851938
4,site2,8920,72.0|A:20.0|B:25.0|C:9.0,True,2.862,severe_x_ge_1.3,18.79338476607374,18.551831322597547,-0.2415534434761923
4,site2,8925,92.0|A:53.0|B:12.0|C:9.0,True,1.5371907756813417,severe_x_ge_1.3,17.344222012139944,16.783258314603025,-0.5609636975369199
4,site2,8926,72.0|A:26.0|B:19.0|C:9.0,True,1.1484444444444444,moderate_1.0_le_x_lt_1.3,12.755380852771058,12.622253834767053,-0.1331270180040054
4,site2,8928,112.0|A:73.0|B:12.0|C:9.0,True,1.2773856209150327,moderate_1.0_le_x_lt_1.3,11.996995994750378,12.37868695397577,0.3816909592253914
4,site2,8937,72.0|A:31.0|B:14.0|C:9.0,True,1.8103225806451613,severe_x_ge_1.3,18.14507142620347,18.47273153438061,0.3276601081771453
4,site2,8942,72.0|A:28.0|B:13.0|C:13.0,True,2.368780487804878,severe_x_ge_1.3,18.56846895566378,19.141368690655334,0.5728997349915552
4,site2,8943,72.0|A:32.0|B:13.0|C:9.0,True,1.8462222222222224,severe_x_ge_1.3,14.84434553043075,14.519829238453552,-0.3245162919771971
4,site2,8947,72.0|A:18.0|B:21.0|C:15.0,False,1.271111111111111,moderate_1.0_le_x_lt_1.3,18.342358056570387,18.00413342129816,-0.3382246352722262
4,site2,8948,72.0|A:24.0|B:12.0|C:18.0,True,1.5083333333333333,severe_x_ge_1.3,19.21362113054037,19.168721880162924,-0.0448992503774512
4,site2,8955,72.0|A:32.0|B:12.0|C:10.0,True,2.71125,severe_x_ge_1.3,19.131063928767,19.9394406422843,0.8083767135172977
4,site2,8956,72.0|A:33.0|B:12.0|C:9.0,True,1.8012121212121217,severe_x_ge_1.3,18.44606170064796,19.30783426442049,0.8617725637725329
4,site2,8957,72.0|A:29.0|B:12.0|C:13.0,True,1.2606896551724138,moderate_1.0_le_x_lt_1.3,16.672543932985075,16.0469157940946,-0.6256281388904767
4,site2,8958,72.0|A:9.0|B:36.0|C:9.0,True,2.2133333333333334,severe_x_ge_1.3,15.468303607090554,15.526521039131003,0.0582174320404504
4,site2,8959,72.0|A:16.0|B:29.0|C:9.0,True,1.87,severe_x_ge_1.3,17.269209863675016,16.827844267256655,-0.4413655964183611
4,site2,8961,72.0|A:15.0|B:30.0|C:9.0,True,1.157333333333333,moderate_1.0_le_x_lt_1.3,12.93004667104752,13.089777935198727,0.1597312641512083
4,site2,8963,72.0|A:22.0|B:16.0|C:16.0,True,1.2927272727272727,moderate_1.0_le_x_lt_1.3,18.468320227252462,18.38562888874034,-0.0826913385121237
4,site2,8971,72.0|A:9.0|B:36.0|C:9.0,True,2.067555555555556,severe_x_ge_1.3,13.878908432233583,14.2170072487517,0.338098816518114
4,site2,8975,72.0|A:9.0|B:29.0|C:16.0,True,1.3410526315789473,severe_x_ge_1.3,17.879426969958345,17.499170736326608,-0.3802562336317372
4,site2,8987,72.0|A:10.0|B:35.0|C:9.0,True,2.068,severe_x_ge_1.3,16.712093083257965,16.694127131425958,-0.0179659518320072
4,site2,8996,72.0|A:9.0|B:36.0|C:9.0,True,1.7244444444444444,severe_x_ge_1.3,15.62403149588554,15.032711593182862,-0.5913199027026792
4,site2,8997,72.0|A:20.0|B:25.0|C:9.0,True,1.7146666666666668,severe_x_ge_1.3,13.788769831566473,13.514327182698024,-0.2744426488684457
4,site2,8998,72.0|A:23.0|B:22.0|C:9.0,True,2.744347826086957,severe_x_ge_1.3,18.18676632355977,18.78727019109754,0.6005038675377712
4,site2,9001,72.0|A:22.0|B:23.0|C:9.0,True,2.149090909090909,severe_x_ge_1.3,17.60730590495063,17.135888468515798,-0.4714174364348302
4,site2,9002,72.0|A:29.0|B:16.0|C:9.0,True,1.7958620689655174,severe_x_ge_1.3,14.537806634898896,14.716328454953088,0.1785218200541916
4,site2,9003,82.0|A:41.0|B:14.0|C:9.0,True,2.040060606060606,severe_x_ge_1.3,12.81685932825717,12.79968399759413,-0.01717533066304
4,site2,9010,72.0|A:31.0|B:14.0|C:9.0,True,1.536774193548387,severe_x_ge_1.3,15.428508295559146,15.165039944388196,-0.2634683511709497
4,site2,9012,72.0|A:27.0|B:18.0|C:9.0,True,2.365925925925926,severe_x_ge_1.3,19.837721971236764,20.248663507262886,0.4109415360261224
4,site2,9017,72.0|A:33.0|B:12.0|C:9.0,True,1.8242424242424244,severe_x_ge_1.3,13.828886323947948,14.428408721520944,0.5995223975729971
4,site2,9018,72.0|A:33.0|B:12.0|C:9.0,True,1.518222222222222,severe_x_ge_1.3,13.911633941060222,13.448096708584623,-0.4635372324755966
4,site2,9020,72.0|A:20.0|B:25.0|C:9.0,True,1.644,severe_x_ge_1.3,15.130936778389096,15.724969636025504,0.5940328576364067
4,site2,9021,72.0|A:26.0|B:16.0|C:12.0,False,2.0304761904761905,severe_x_ge_1.3,17.028849070743576,16.96160980502751,-0.0672392657160649
4,site2,9027,72.0|A:24.0|B:21.0|C:9.0,True,2.5083333333333337,severe_x_ge_1.3,17.75597572291305,18.733231190542924,0.977255467629874
4,site2,9031,72.0|A:25.0|B:12.0|C:17.0,True,1.536,severe_x_ge_1.3,17.672177053246845,18.7873939259162,1.115216872669354
4,site2,9040,72.0|A:17.0|B:12.0|C:25.0,True,1.56551724137931,severe_x_ge_1.3,18.00408069927789,18.61554369322282,0.6114629939449294
4,site2,9051,72.0|A:9.0|B:36.0|C:9.0,True,1.8542222222222224,severe_x_ge_1.3,14.89920254317098,14.672200894545648,-0.2270016486253325
4,site2,9052,72.0|A:33.0|B:12.0|C:9.0,True,1.029090909090909,moderate_1.0_le_x_lt_1.3,15.107012007290953,14.885528373600051,-0.2214836336908998
4,site2,9053,72.0|A:22.0|B:23.0|C:9.0,True,2.3,severe_x_ge_1.3,17.05075554444138,17.882522345484492,0.8317668010431127
4,site2,9054,72.0|A:10.0|B:33.0|C:11.0,True,2.328,severe_x_ge_1.3,17.102726624715416,18.086709040173083,0.9839824154576676
4,site2,9055,72.0|A:26.0|B:19.0|C:9.0,True,1.92,severe_x_ge_1.3,14.406391132379332,14.619319204963803,0.2129280725844697
4,site2,9064,72.0|A:27.0|B:18.0|C:9.0,True,2.0785185185185187,severe_x_ge_1.3,17.34647813355763,17.370915400835777,0.0244372672781487
4,site2,9070,72.0|A:14.0|B:31.0|C:9.0,True,1.0799999999999998,moderate_1.0_le_x_lt_1.3,14.677648295331538,13.908650106990958,-0.7689981883405803
4,site2,9072,72.0|A:27.0|B:12.0|C:15.0,True,1.325925925925926,severe_x_ge_1.3,18.74028799855698,18.04058653123642,-0.6997014673205584
4,site2,9073,72.0|A:26.0|B:19.0|C:9.0,True,2.443076923076924,severe_x_ge_1.3,16.642461485893847,17.258575127246605,0.6161136413527579
4,site2,9075,72.0|A:26.0|B:19.0|C:9.0,True,2.201538461538462,severe_x_ge_1.3,18.35221534401978,19.07377688712794,0.7215615431081623
4,site2,9076,82.0|A:34.0|B:21.0|C:9.0,True,2.9490522875817,severe_x_ge_1.3,20.660080287457983,22.7654908007949,2.105410513336917
4,site2,9077,72.0|A:10.0|B:33.0|C:11.0,True,2.2409302325581395,severe_x_ge_1.3,16.308251435653332,16.668931650398605,0.3606802147452725
4,site2,9078,72.0|A:21.0|B:24.0|C:9.0,True,1.3946666666666667,severe_x_ge_1.3,12.832810284888485,12.907532469870706,0.0747221849822228
4,site2,9081,72.0|A:9.0|B:36.0|C:9.0,True,1.52,severe_x_ge_1.3,13.938643961554517,13.86854814745167,-0.0700958141028458
4,site2,9088,72.0|A:9.0|B:36.0|C:9.0,True,1.8444444444444448,severe_x_ge_1.3,15.174835273834256,15.047365538839763,-0.1274697349944915
4,site2,9096,72.0|A:33.0|B:12.0|C:9.0,True,1.9806060606060607,severe_x_ge_1.3,14.303904453441296,14.359510760386105,0.0556063069448065
4,site2,9107,82.0|A:42.0|B:13.0|C:9.0,True,2.510978835978836,severe_x_ge_1.3,19.45717799129345,19.283447063471627,-0.1737309278218219
4,site2,9114,72.0|A:23.0|B:22.0|C:9.0,True,1.8782608695652172,severe_x_ge_1.3,16.644229763606365,16.70661476039136,0.0623849967849956
4,site2,9115,72.0|A:9.0|B:36.0|C:9.0,True,1.7244444444444444,severe_x_ge_1.3,16.91443560033585,16.452895754210616,-0.461539846125234
4,site2,9116,72.0|A:9.0|B:36.0|C:9.0,True,2.379555555555556,severe_x_ge_1.3,14.55714589564389,14.730212469602934,0.1730665739590442
4,site2,9125,72.0|A:22.0|B:23.0|C:9.0,True,1.632888888888889,severe_x_ge_1.3,14.605643563031554,14.819081622915409,0.2134380598838543
4,site2,9127,72.0|A:23.0|B:18.0|C:13.0,True,1.2365217391304348,moderate_1.0_le_x_lt_1.3,15.755992301531109,15.946751228088178,0.1907589265570699
4,site2,9130,72.0|A:14.0|B:31.0|C:9.0,True,1.0799999999999998,moderate_1.0_le_x_lt_1.3,15.94782136643022,15.270578742652187,-0.6772426237780333
4,site2,9145,72.0|A:32.0|B:13.0|C:9.0,True,1.765,severe_x_ge_1.3,14.355413840320416,14.565360717636516,0.209946877316101
4,site2,9147,72.0|A:26.0|B:19.0|C:9.0,True,2.7123076923076925,severe_x_ge_1.3,18.35039243384334,18.977353507337572,0.6269610734942361
4,site2,9151,82.0|A:18.0|B:37.0|C:9.0,True,2.940864197530864,severe_x_ge_1.3,18.534695650020577,19.403807434703555,0.8691117846829783
4,site2,9152,72.0|A:13.0|B:32.0|C:9.0,True,2.3846153846153846,severe_x_ge_1.3,16.716150528861277,17.11046199688343,0.3943114680221526
4,site2,9154,72.0|A:11.0|B:30.0|C:13.0,True,2.683636363636363,severe_x_ge_1.3,18.87082216695072,19.52727826993502,0.6564561029843006
4,site2,9156,72.0|A:25.0|B:20.0|C:9.0,True,2.6432,severe_x_ge_1.3,18.683397864936275,19.80771725718365,1.124319392247379
4,site2,9157,72.0|A:14.0|B:31.0|C:9.0,True,1.3457142857142856,severe_x_ge_1.3,14.964503946674755,15.078765546073566,0.1142615993988087
4,site2,9161,72.0|A:25.0|B:19.0|C:10.0,False,1.2848000000000002,moderate_1.0_le_x_lt_1.3,15.427260302167507,15.419907331653826,-0.007352970513681
4,site2,9167,72.0|A:14.0|B:31.0|C:9.0,True,1.6628571428571426,severe_x_ge_1.3,14.808222042623967,14.987204914667467,0.1789828720435
4,site2,9169,72.0|A:18.0|B:12.0|C:24.0,True,1.76,severe_x_ge_1.3,17.761940353714618,18.629797642619483,0.8678572889048652
4,site2,9173,72.0|A:19.0|B:26.0|C:9.0,True,2.136842105263158,severe_x_ge_1.3,16.87563542428204,17.248848403598355,0.3732129793163139
4,site2,9184,82.0|A:27.0|B:28.0|C:9.0,True,2.940864197530864,severe_x_ge_1.3,20.135319547235344,21.80690697865205,1.6715874314167074
4,site2,9185,72.0|A:9.0|B:36.0|C:9.0,True,1.0666666666666669,moderate_1.0_le_x_lt_1.3,13.830209486982922,14.693027028003598,0.8628175410206769
4,site2,9188,72.0|A:12.0|B:22.0|C:20.0,False,1.6611764705882357,severe_x_ge_1.3,17.761649029680882,18.59717361410236,0.8355245844214778
4,site2,9190,82.0|A:38.0|B:12.0|C:14.0,True,2.756111111111111,severe_x_ge_1.3,24.15573556321147,25.971449177240828,1.8157136140293595
4,site2,9199,72.0|A:9.0|B:36.0|C:9.0,True,1.3537777777777775,severe_x_ge_1.3,12.861104179943013,13.061837839781647,0.2007336598386349
4,site2,9204,72.0|A:27.0|B:18.0|C:9.0,True,2.0785185185185187,severe_x_ge_1.3,18.49865051994068,18.94371151304176,0.4450609931010767
4,site2,9205,72.0|A:27.0|B:16.0|C:11.0,False,1.8192592592592591,severe_x_ge_1.3,16.580325259120038,16.683646967284247,0.1033217081642092
4,site2,9208,72.0|A:9.0|B:36.0|C:9.0,True,2.3377777777777777,severe_x_ge_1.3,15.850205252443168,15.635078732001558,-0.2151265204416095
4,site2,9209,72.0|A:33.0|B:12.0|C:9.0,True,1.644848484848485,severe_x_ge_1.3,16.85073719663672,16.678588029643116,-0.1721491669936057
4,site2,9212,72.0|A:27.0|B:12.0|C:15.0,True,1.5318518518518518,severe_x_ge_1.3,19.51024199857245,18.13687265989013,-1.3733693386823198
4,site2,9213,72.0|A:28.0|B:12.0|C:14.0,True,2.335,severe_x_ge_1.3,18.580345090984824,18.78064883198977,0.2003037410049479
4,site2,9219,72.0|A:18.0|B:22.0|C:14.0,False,1.7444444444444445,severe_x_ge_1.3,20.854543491457303,19.85157941392132,-1.0029640775359887
4,site2,9220,72.0|A:17.0|B:12.0|C:25.0,True,1.628235294117647,severe_x_ge_1.3,20.19835364015845,20.649664709448267,0.4513110692898152
4,site2,9221,72.0|A:9.0|B:36.0|C:9.0,True,1.4195555555555557,severe_x_ge_1.3,13.58100802942526,13.491663267005658,-0.0893447624196017
4,site2,9225,72.0|A:33.0|B:12.0|C:9.0,True,2.0254545454545454,severe_x_ge_1.3,18.65419896230773,18.55089260573677,-0.1033063565709611
4,site2,9227,72.0|A:16.0|B:29.0|C:9.0,True,1.8542222222222224,severe_x_ge_1.3,15.27513151224313,15.759952199913355,0.4848206876702257
4,site2,9230,72.0|A:29.0|B:16.0|C:9.0,True,2.7627586206896555,severe_x_ge_1.3,18.309585373566453,18.672808983251816,0.3632236096853631
4,site2,9231,72.0|A:18.0|B:27.0|C:9.0,True,1.106666666666667,moderate_1.0_le_x_lt_1.3,17.02154190074025,17.206693020276347,0.1851511195360977
4,site2,9232,72.0|A:9.0|B:36.0|C:9.0,True,1.4355555555555557,severe_x_ge_1.3,13.924116125343946,13.34867195838265,-0.5754441669612973
4,site2,9239,72.0|A:25.0|B:20.0|C:9.0,True,2.6736,severe_x_ge_1.3,16.950052318113705,17.777649211309782,0.8275968931960769
4,site2,9240,72.0|A:25.0|B:20.0|C:9.0,True,1.944888888888889,severe_x_ge_1.3,14.192339731843434,14.184984904078943,-0.007354827764491
4,site2,9242,82.0|A:43.0|B:12.0|C:9.0,True,1.1007493540051678,moderate_1.0_le_x_lt_1.3,12.658830361158309,12.519910383094205,-0.1389199780641039
4,site2,9250,82.0|A:43.0|B:12.0|C:9.0,True,1.0054005167958655,moderate_1.0_le_x_lt_1.3,14.622242459989248,14.467550044735365,-0.1546924152538817
4,site2,9251,72.0|A:17.0|B:26.0|C:11.0,False,1.3247058823529412,severe_x_ge_1.3,16.07436560557801,16.03883387280426,-0.0355317327737481
4,site2,9267,72.0|A:12.0|B:16.0|C:26.0,False,1.4766666666666668,severe_x_ge_1.3,19.483830049912505,19.60809047592843,0.1242604260159261
4,site2,9269,72.0|A:19.0|B:26.0|C:9.0,True,2.9347368421052638,severe_x_ge_1.3,18.727652695224712,19.120993918374925,0.3933412231502124
4,site2,9272,72.0|A:13.0|B:12.0|C:29.0,True,1.1353846153846154,moderate_1.0_le_x_lt_1.3,17.754781021085563,17.237793602862396,-0.5169874182231666
4,site2,9274,72.0|A:20.0|B:24.0|C:10.0,True,1.514,severe_x_ge_1.3,16.382781110377124,16.593288882819813,0.2105077724426891
4,site2,9277,72.0|A:9.0|B:36.0|C:9.0,True,2.2133333333333334,severe_x_ge_1.3,16.238394976282024,15.885423250092328,-0.3529717261896952
4,site2,9278,72.0|A:21.0|B:12.0|C:21.0,True,1.3009523809523809,severe_x_ge_1.3,19.996519639342942,19.760675744776822,-0.2358438945661163
4,site2,9280,72.0|A:25.0|B:20.0|C:9.0,True,2.4368000000000003,severe_x_ge_1.3,16.92920559063625,17.574391525396102,0.6451859347598514
4,site2,9283,72.0|A:25.0|B:20.0|C:9.0,True,2.9840000000000004,severe_x_ge_1.3,18.21362599962583,18.966743139506683,0.7531171398808532
4,site2,9284,72.0|A:17.0|B:28.0|C:9.0,True,2.063529411764706,severe_x_ge_1.3,16.554375699188657,16.628719456655347,0.0743437574666892
4,site2,9295,72.0|A:18.0|B:27.0|C:9.0,True,2.031111111111111,severe_x_ge_1.3,17.560142214029053,18.090001876587877,0.5298596625588203
4,site2,9299,72.0|A:33.0|B:12.0|C:9.0,True,1.6248888888888888,severe_x_ge_1.3,13.90947172061066,12.908944815408892,-1.0005269052017685
4,site2,9300,72.0|A:23.0|B:22.0|C:9.0,True,2.5200000000000005,severe_x_ge_1.3,19.425626315567595,20.19422151825917,0.768595202691575
4,site2,9302,72.0|A:22.0|B:23.0|C:9.0,True,3.070909090909091,severe_x_ge_1.3,19.898453610957095,20.68915414202432,0.7907005310672233
4,site2,9309,72.0|A:33.0|B:12.0|C:9.0,True,2.4727272727272727,severe_x_ge_1.3,19.038544891484243,20.033898365924543,0.9953534744403036
4,site2,9310,72.0|A:22.0|B:23.0|C:9.0,True,2.3999999999999995,severe_x_ge_1.3,17.02085447248152,17.68181216740689,0.6609576949253686
4,site2,9311,72.0|A:19.0|B:26.0|C:9.0,True,1.2391111111111113,moderate_1.0_le_x_lt_1.3,12.507348978494283,12.556349671519952,0.0490006930256665
4,site2,9317,72.0|A:27.0|B:18.0|C:9.0,True,2.64,severe_x_ge_1.3,16.895158633148668,18.206550698794903,1.3113920656462348
4,site2,9323,72.0|A:16.0|B:29.0|C:9.0,True,1.245,moderate_1.0_le_x_lt_1.3,14.133810938445846,13.966443547713896,-0.1673673907319486
4,site2,9324,72.0|A:26.0|B:19.0|C:9.0,True,2.2723076923076926,severe_x_ge_1.3,18.65801162822484,19.2247909584638,0.5667793302389548
4,site2,9325,72.0|A:12.0|B:33.0|C:9.0,True,1.8166666666666669,severe_x_ge_1.3,15.36878900989066,15.742540507704325,0.3737514978136644
4,site2,9327,72.0|A:9.0|B:36.0|C:9.0,True,1.2551111111111113,moderate_1.0_le_x_lt_1.3,14.621453332994824,14.206045216612118,-0.4154081163827072
4,site2,9328,72.0|A:32.0|B:12.0|C:10.0,True,2.25,severe_x_ge_1.3,18.84738398125047,19.14746996415776,0.3000859829072908
4,site2,9329,72.0|A:16.0|B:29.0|C:9.0,True,1.13,moderate_1.0_le_x_lt_1.3,13.7306117652243,13.390986789309904,-0.339624975914397
4,site2,9330,72.0|A:19.0|B:21.0|C:14.0,False,2.6042105263157893,severe_x_ge_1.3,19.859070269942297,20.84046052740558,0.981390257463282
4,site2,9331,72.0|A:24.0|B:21.0|C:9.0,True,2.461666666666667,severe_x_ge_1.3,19.057451394205533,20.277618925697144,1.2201675314916116
4,site2,9333,72.0|A:31.0|B:14.0|C:9.0,True,2.096774193548387,severe_x_ge_1.3,17.351526648351832,16.95022807716076,-0.4012985711910737
4,site2,9335,72.0|A:31.0|B:12.0|C:11.0,True,1.8941935483870969,severe_x_ge_1.3,17.735653020348035,18.708596960578603,0.972943940230568
4,site2,9343,72.0|A:33.0|B:12.0|C:9.0,True,1.7345454545454546,severe_x_ge_1.3,14.54630682294034,14.42273805045383,-0.1235687724865091
4,site2,9347,72.0|A:20.0|B:25.0|C:9.0,True,1.008888888888889,moderate_1.0_le_x_lt_1.3,13.788136614425571,13.55419157713711,-0.2339450372884606
4,site2,9349,72.0|A:31.0|B:12.0|C:11.0,True,2.406451612903226,severe_x_ge_1.3,19.86603005938204,20.338898759902744,0.4728687005207028
4,site2,9353,72.0|A:15.0|B:30.0|C:9.0,True,1.256,moderate_1.0_le_x_lt_1.3,14.517570227607765,14.958022782604282,0.4404525549965168
4,site2,9356,72.0|A:10.0|B:35.0|C:9.0,True,1.328888888888889,severe_x_ge_1.3,11.256320272589402,11.312220191036625,0.0558999184472206
4,site2,9359,72.0|A:20.0|B:24.0|C:10.0,True,1.68,severe_x_ge_1.3,16.95381072922601,17.249121461893345,0.2953107326673354
4,site2,9363,72.0|A:19.0|B:22.0|C:13.0,False,2.72,severe_x_ge_1.3,20.393495959635658,21.1950746495231,0.8015786898874424
4,site2,9365,72.0|A:19.0|B:26.0|C:9.0,True,1.8063157894736843,severe_x_ge_1.3,16.497953868333372,16.40010276809467,-0.097851100238703
4,site2,9366,72.0|A:18.0|B:26.0|C:10.0,False,1.3733333333333333,severe_x_ge_1.3,16.242751599722396,16.836520343726658,0.5937687440042616
4,site2,9368,72.0|A:18.0|B:27.0|C:9.0,True,2.1333333333333333,severe_x_ge_1.3,17.93475558091758,18.269509438109807,0.3347538571922257
4,site2,9370,72.0|A:28.0|B:17.0|C:9.0,True,1.9642857142857144,severe_x_ge_1.3,16.562713135388044,16.70345283890022,0.1407397035121746
4,site2,9371,72.0|A:21.0|B:24.0|C:9.0,True,2.883809523809524,severe_x_ge_1.3,19.055185653524894,20.39301896366491,1.337833310140013
4,site2,9378,72.0|A:33.0|B:12.0|C:9.0,True,2.0363636363636366,severe_x_ge_1.3,15.71112761468855,15.717333391919675,0.0062057772311252
4,site2,9380,72.0|A:31.0|B:12.0|C:11.0,True,1.821935483870968,severe_x_ge_1.3,17.554865745518278,17.62889746046448,0.0740317149462015
4,site2,9387,72.0|A:33.0|B:12.0|C:9.0,True,2.0703030303030303,severe_x_ge_1.3,17.055960773582097,17.716474592555972,0.6605138189738753
4,site2,9397,72.0|A:9.0|B:36.0|C:9.0,True,1.8888888888888888,severe_x_ge_1.3,15.214243077933242,15.24233335105232,0.0280902731190781
4,site2,9400,82.0|A:43.0|B:12.0|C:9.0,True,2.062713178294574,severe_x_ge_1.3,17.00564792437609,17.065764538904325,0.060116614528237
4,site2,9404,72.0|A:13.0|B:26.0|C:15.0,False,2.244102564102564,severe_x_ge_1.3,18.355253868093385,18.27981540928165,-0.0754384588117353
4,site2,9405,72.0|A:27.0|B:15.0|C:12.0,True,2.9674074074074075,severe_x_ge_1.3,21.75678205750884,22.621829106302016,0.8650470487931798
4,site2,9414,72.0|A:29.0|B:16.0|C:9.0,True,1.8455172413793104,severe_x_ge_1.3,16.5152601693491,16.380650766913053,-0.1346094024360482
4,site2,9415,72.0|A:9.0|B:36.0|C:9.0,True,1.518222222222222,severe_x_ge_1.3,12.893885863756385,12.863390994558229,-0.0304948691981561
4,site2,9419,72.0|A:29.0|B:16.0|C:9.0,True,1.2606896551724138,moderate_1.0_le_x_lt_1.3,16.48592767444056,15.469937106480144,-1.015990567960415
4,site2,9427,72.0|A:13.0|B:12.0|C:29.0,True,1.3076923076923077,severe_x_ge_1.3,21.826953688716,20.50891987632039,-1.3180338123956084
4,site2,9429,72.0|A:26.0|B:18.0|C:10.0,True,1.832307692307692,severe_x_ge_1.3,17.008203249406954,16.589488140574762,-0.4187151088321919
4,site2,9431,72.0|A:9.0|B:36.0|C:9.0,True,1.7973333333333332,severe_x_ge_1.3,15.679134976365626,15.968319694775143,0.2891847184095191
4,site2,9434,72.0|A:16.0|B:12.0|C:26.0,False,1.385,severe_x_ge_1.3,18.525190261594208,18.33939195721354,-0.1857983043806683
4,site2,9438,72.0|A:9.0|B:36.0|C:9.0,True,2.0106666666666664,severe_x_ge_1.3,14.95584032515965,14.9159518482665,-0.039888476893152
4,site2,9439,72.0|A:33.0|B:12.0|C:9.0,True,2.7418181818181817,severe_x_ge_1.3,18.590976782277373,19.11511409580592,0.5241373135285485
4,site2,9449,72.0|A:29.0|B:14.0|C:11.0,False,2.126896551724138,severe_x_ge_1.3,17.91828765626979,18.619132025643932,0.7008443693741455
4,site2,9455,72.0|A:16.0|B:29.0|C:9.0,True,1.985,severe_x_ge_1.3,15.838174366993348,16.510359443106815,0.6721850761134665
4,site2,9458,72.0|A:15.0|B:30.0|C:9.0,True,1.1733333333333331,moderate_1.0_le_x_lt_1.3,14.03130205172996,13.242507186779552,-0.7887948649504075
4,site2,9459,72.0|A:9.0|B:36.0|C:9.0,True,1.3955555555555557,severe_x_ge_1.3,15.588273673726894,15.09580629794873,-0.4924673757781637
4,site2,9461,82.0|A:43.0|B:12.0|C:9.0,True,2.019276485788114,severe_x_ge_1.3,18.315421255243265,18.58787655278461,0.2724552975413523
4,site2,9470,72.0|A:31.0|B:14.0|C:9.0,True,2.1561290322580646,severe_x_ge_1.3,16.82436385862505,17.438228691386193,0.6138648327611449
4,site2,9471,72.0|A:23.0|B:22.0|C:9.0,True,1.0434782608695652,moderate_1.0_le_x_lt_1.3,16.711510818871062,16.065825834012557,-0.6456849848585051
4,site2,9474,72.0|A:33.0|B:12.0|C:9.0,True,1.4436363636363636,severe_x_ge_1.3,17.238720104072453,16.837408533650812,-0.4013115704216403
4,site2,9479,72.0|A:11.0|B:34.0|C:9.0,True,2.4836363636363634,severe_x_ge_1.3,17.551276974155357,17.638993556060626,0.0877165819052692
4,site2,9480,72.0|A:12.0|B:33.0|C:9.0,True,2.706666666666667,severe_x_ge_1.3,17.660124268745083,17.299071410270464,-0.3610528584746184
4,site2,9482,72.0|A:14.0|B:24.0|C:16.0,True,2.0989473684210527,severe_x_ge_1.3,17.75845952725484,18.35768660878285,0.5992270815280101
4,site2,9490,72.0|A:17.0|B:13.0|C:24.0,False,1.237647058823529,moderate_1.0_le_x_lt_1.3,20.28523753173897,19.28486143853473,-1.0003760932042418
4,site2,9491,72.0|A:23.0|B:22.0|C:9.0,True,2.9373913043478264,severe_x_ge_1.3,19.31660934107592,19.891206500534665,0.5745971594587438
4,site2,9492,72.0|A:32.0|B:12.0|C:10.0,True,1.165,moderate_1.0_le_x_lt_1.3,16.04263602859578,15.120559518889138,-0.922076509706642
4,site2,9494,72.0|A:33.0|B:12.0|C:9.0,True,1.9806060606060607,severe_x_ge_1.3,16.42582536954813,16.417737159230636,-0.0080882103174921
4,site2,9497,72.0|A:26.0|B:12.0|C:16.0,True,2.201538461538462,severe_x_ge_1.3,18.812968987233376,19.736939932492767,0.9239709452593914
4,site2,9500,72.0|A:9.0|B:36.0|C:9.0,True,2.2977777777777777,severe_x_ge_1.3,15.905947789635908,15.619863621233174,-0.2860841684027342
4,site2,9502,72.0|A:23.0|B:22.0|C:9.0,True,1.2311111111111113,moderate_1.0_le_x_lt_1.3,13.00245172600568,13.287412030851636,0.2849603048459546
4,site2,9503,72.0|A:24.0|B:18.0|C:12.0,True,2.1700000000000004,severe_x_ge_1.3,18.788274867707692,19.488006245090528,0.6997313773828324
4,site2,9512,72.0|A:27.0|B:12.0|C:15.0,True,1.7644444444444445,severe_x_ge_1.3,20.23431112377155,20.64518282345145,0.4108716996798947
4,site2,9515,72.0|A:9.0|B:36.0|C:9.0,True,1.5422222222222222,severe_x_ge_1.3,14.403573133637025,14.042561980746164,-0.3610111528908604
4,site2,9518,72.0|A:33.0|B:12.0|C:9.0,True,1.264,moderate_1.0_le_x_lt_1.3,13.067233622457689,12.949441278669978,-0.117792343787709
4,site2,9521,72.0|A:29.0|B:16.0|C:9.0,True,1.56551724137931,severe_x_ge_1.3,17.332802344677113,16.634686395700026,-0.6981159489770867
4,site2,9522,72.0|A:29.0|B:13.0|C:12.0,True,3.144827586206896,severe_x_ge_1.3,26.697288819681283,25.950333019165797,-0.7469558005154902
4,site2,9523,72.0|A:29.0|B:12.0|C:13.0,True,1.0441379310344827,moderate_1.0_le_x_lt_1.3,15.719848832236378,15.789825891268691,0.069977059032313
4,site2,9528,72.0|A:29.0|B:16.0|C:9.0,True,2.7379310344827585,severe_x_ge_1.3,17.809101763853935,18.74922534674648,0.9401235828925464
4,site2,9530,72.0|A:10.0|B:35.0|C:9.0,True,1.584,severe_x_ge_1.3,13.83556336790974,13.762620832620964,-0.0729425352887762
4,site2,9538,82.0|A:38.0|B:17.0|C:9.0,True,2.795672514619883,severe_x_ge_1.3,18.99356491745,20.374855960830605,1.3812910433806032
4,site2,9539,72.0|A:26.0|B:19.0|C:9.0,True,2.1153846153846154,severe_x_ge_1.3,15.878488791704822,16.436940926643814,0.5584521349389924
4,site2,9541,82.0|A:28.0|B:27.0|C:9.0,False,3.048968253968254,severe_x_ge_1.3,21.191997690748533,22.98891694520601,1.796919254457478
4,site2,9542,72.0|A:28.0|B:17.0|C:9.0,True,1.807142857142857,severe_x_ge_1.3,16.08355320550309,16.806684351850762,0.7231311463476722
4,site2,9554,72.0|A:13.0|B:20.0|C:21.0,False,1.5323076923076924,severe_x_ge_1.3,18.94374745539268,19.09739587090777,0.1536484155150965
4,site2,9557,72.0|A:33.0|B:12.0|C:9.0,True,1.678787878787879,severe_x_ge_1.3,15.828747733235437,15.431565005506352,-0.3971827277290831
4,site2,9572,72.0|A:28.0|B:16.0|C:10.0,False,2.0442857142857145,severe_x_ge_1.3,18.97425651695617,19.083152080292177,0.1088955633360022
4,site2,9574,72.0|A:29.0|B:16.0|C:9.0,True,1.910344827586207,severe_x_ge_1.3,15.568439963350375,15.703677650568723,0.1352376872183462
4,site2,9581,72.0|A:15.0|B:30.0|C:9.0,True,2.24,severe_x_ge_1.3,16.888348248992777,17.009028177139694,0.1206799281469166
4,site2,9582,72.0|A:10.0|B:35.0|C:9.0,True,2.14,severe_x_ge_1.3,14.97951169559412,15.375495033604668,0.3959833380105451
4,site2,9585,72.0|A:25.0|B:20.0|C:9.0,True,1.9344,severe_x_ge_1.3,16.134020356532638,16.096678283097866,-0.0373420734347718
4,site2,9589,72.0|A:29.0|B:16.0|C:9.0,True,1.8206896551724137,severe_x_ge_1.3,15.944104641073178,15.740826953093014,-0.2032776879801634
4,site2,9593,82.0|A:42.0|B:13.0|C:9.0,True,2.067354497354497,severe_x_ge_1.3,14.925443021392365,15.105426578432734,0.1799835570403711
4,site2,9594,72.0|A:15.0|B:21.0|C:18.0,False,1.7744444444444445,severe_x_ge_1.3,18.69764170146299,18.78172579885285,0.0840840973898622
4,site2,9598,72.0|A:30.0|B:15.0|C:9.0,True,1.3666666666666665,severe_x_ge_1.3,14.3775172268582,14.616291965238045,0.2387747383798437
4,site2,9601,72.0|A:33.0|B:12.0|C:9.0,True,1.6666666666666663,severe_x_ge_1.3,17.16795249313834,17.567921213748335,0.3999687206099942
4,site2,9602,72.0|A:23.0|B:12.0|C:19.0,True,1.8469565217391304,severe_x_ge_1.3,21.19730278325089,21.15297640798739,-0.0443263752635019
4,site2,9619,72.0|A:23.0|B:22.0|C:9.0,True,1.5095652173913046,severe_x_ge_1.3,14.55010159644318,15.240985758418931,0.6908841619757506
4,site2,9621,72.0|A:23.0|B:22.0|C:9.0,True,2.0382608695652173,severe_x_ge_1.3,14.972001457155743,15.792155786535092,0.8201543293793474
4,site2,9625,72.0|A:28.0|B:17.0|C:9.0,True,2.874285714285714,severe_x_ge_1.3,18.946897311458923,20.133347655655,1.1864503441960783
4,site2,9627,82.0|A:43.0|B:12.0|C:9.0,True,1.8230505050505048,severe_x_ge_1.3,14.487057259216408,14.401554635460512,-0.0855026237558949
4,site2,9628,72.0|A:26.0|B:19.0|C:9.0,True,2.456923076923077,severe_x_ge_1.3,18.41682424408188,18.41075245065019,-0.0060717934316905
4,site2,9630,72.0|A:10.0|B:24.0|C:20.0,False,1.7,severe_x_ge_1.3,18.14879562843093,18.397521537614324,0.248725909183392
4,site2,9631,72.0|A:24.0|B:21.0|C:9.0,True,1.8916666666666664,severe_x_ge_1.3,16.18463025943891,16.473368209291756,0.2887379498528446
4,site2,9634,72.0|A:20.0|B:25.0|C:9.0,True,2.732,severe_x_ge_1.3,19.856364612679165,20.576363719387217,0.7199991067080518
4,site2,9635,72.0|A:18.0|B:12.0|C:24.0,True,1.62,severe_x_ge_1.3,20.42041247713715,20.539457783921787,0.1190453067846384
4,site2,9639,72.0|A:27.0|B:18.0|C:9.0,True,2.16,severe_x_ge_1.3,19.327441466718263,19.43849579658352,0.1110543298652579
4,site2,9640,92.0|A:9.0|B:56.0|C:9.0,True,1.3752820512820512,severe_x_ge_1.3,10.436456205142498,11.336652861099749,0.9001966559572487
4,site2,9645,72.0|A:19.0|B:12.0|C:23.0,True,1.5347368421052632,severe_x_ge_1.3,18.792261031047023,19.236086348984845,0.4438253179378186
4,site2,9647,72.0|A:30.0|B:12.0|C:12.0,True,2.3506666666666667,severe_x_ge_1.3,21.64502847731185,22.196323658553517,0.5512951812416595
4,site2,9648,72.0|A:21.0|B:18.0|C:15.0,False,2.3028571428571425,severe_x_ge_1.3,19.952076591395414,20.427052794011413,0.4749762026159949
4,site2,9649,72.0|A:32.0|B:13.0|C:9.0,True,1.5093333333333334,severe_x_ge_1.3,13.231661020116276,13.594450641400512,0.3627896212842376
4,site2,9650,72.0|A:18.0|B:27.0|C:9.0,True,1.7146666666666668,severe_x_ge_1.3,13.113715582291404,13.293141375650489,0.1794257933590834
4,site2,9651,72.0|A:33.0|B:12.0|C:9.0,True,2.0254545454545454,severe_x_ge_1.3,17.641726549838253,17.524127195990552,-0.1175993538477016
4,site2,9655,72.0|A:12.0|B:33.0|C:9.0,True,1.6986666666666668,severe_x_ge_1.3,15.18051857913868,14.93692768620712,-0.2435908929315609
4,site2,9657,72.0|A:19.0|B:16.0|C:19.0,False,1.656,severe_x_ge_1.3,17.675580952754558,17.841983031542714,0.1664020787881561
4,site2,9659,72.0|A:31.0|B:12.0|C:11.0,True,1.7625806451612902,severe_x_ge_1.3,16.10269553533795,16.25810815324515,0.1554126179071993
4,site2,9660,82.0|A:30.0|B:25.0|C:9.0,True,2.012727272727273,severe_x_ge_1.3,13.579546290944128,13.597789086145823,0.0182427952016972
4,site2,9664,72.0|A:15.0|B:30.0|C:9.0,True,1.6986666666666663,severe_x_ge_1.3,15.73970035626026,15.898681953761969,0.1589815975017074
4,site2,9666,72.0|A:16.0|B:29.0|C:9.0,True,1.985,severe_x_ge_1.3,16.79861436449893,16.75417357015846,-0.0444407943404705
4,site2,9672,72.0|A:27.0|B:18.0|C:9.0,True,2.2014814814814816,severe_x_ge_1.3,17.282937927996162,17.978976475722444,0.6960385477262818
4,site2,9685,72.0|A:27.0|B:18.0|C:9.0,True,1.0933333333333333,moderate_1.0_le_x_lt_1.3,14.65726911921378,14.59540171449338,-0.0618674047204006
4,site2,9686,72.0|A:31.0|B:14.0|C:9.0,True,2.3935483870967738,severe_x_ge_1.3,17.56718364886919,17.91504394852495,0.3478602996557605
5,site3,9689,82.0|A:28.0|B:23.0|C:13.0,False,3.584871794871795,severe_x_ge_1.3,48.193159672419405,48.00111319838638,-0.1920464740330274
5,site3,9694,82.0|A:13.0|B:39.0|C:12.0,True,2.672592592592593,severe_x_ge_1.3,47.214563453946845,43.774831959322746,-3.439731494624098
5,site3,9697,82.0|A:12.0|B:31.0|C:21.0,True,3.2474603174603174,severe_x_ge_1.3,50.96239953396165,46.383544261370695,-4.578855272590957
5,site3,9700,102.0|A:12.0|B:37.0|C:35.0,True,3.1409523809523807,severe_x_ge_1.3,55.70310129565514,51.05533872264222,-4.647762573012919
5,site3,9708,102.0|A:12.0|B:57.0|C:15.0,True,3.097777777777777,severe_x_ge_1.3,54.6412863950673,47.519151792748175,-7.122134602319122
5,site3,9710,82.0|A:12.0|B:43.0|C:9.0,True,3.5179012345679013,severe_x_ge_1.3,42.351170728937454,37.98454170218593,-4.366629026751525
5,site3,9713,82.0|A:12.0|B:42.0|C:10.0,True,2.387111111111111,severe_x_ge_1.3,33.80449224211949,36.02968515387047,2.2251929117509803
5,site3,9714,102.0|A:12.0|B:52.0|C:20.0,True,3.4368333333333334,severe_x_ge_1.3,66.43824776296306,58.72683244241991,-7.7114153205431535
5,site3,9718,102.0|A:12.0|B:61.0|C:11.0,False,2.3027272727272723,severe_x_ge_1.3,46.33136127717514,43.863429943241634,-2.4679313339335067
5,site3,9719,82.0|A:13.0|B:31.0|C:20.0,False,2.740166666666666,severe_x_ge_1.3,51.96270560556331,44.34523503413951,-7.617470571423794
5,site3,9722,102.0|A:15.0|B:31.0|C:38.0,False,2.5350877192982453,severe_x_ge_1.3,52.22252211054881,47.323171217905,-4.89935089264381
5,site3,9723,102.0|A:12.0|B:58.0|C:14.0,True,3.319047619047619,severe_x_ge_1.3,47.43218838402656,52.452013898086,5.019825514059434
5,site3,9731,102.0|A:30.0|B:16.0|C:38.0,False,2.773684210526316,severe_x_ge_1.3,48.9143718517154,42.2218464142811,-6.692525437434298
5,site3,9736,102.0|A:12.0|B:51.0|C:21.0,True,2.9331746031746038,severe_x_ge_1.3,56.87650896323366,45.80821977517154,-11.068289188062124
5,site3,9747,102.0|A:12.0|B:60.0|C:12.0,True,2.9891666666666667,severe_x_ge_1.3,57.545658117091655,51.209515625908224,-6.336142491183431
5,site3,9749,102.0|A:12.0|B:43.0|C:29.0,True,2.3702298850574715,severe_x_ge_1.3,54.7489149560847,52.07838450130928,-2.6705304547754167
5,site3,9753,102.0|A:35.0|B:9.0|C:40.0,False,3.163416666666667,severe_x_ge_1.3,42.41849297017247,46.49559995592462,4.0771069857521525
5,site3,9763,102.0|A:12.0|B:57.0|C:15.0,True,3.3508888888888886,severe_x_ge_1.3,58.27948178952905,50.7646587769822,-7.514823012546849
5,site3,9777,92.0|A:20.0|B:17.0|C:37.0,False,3.1965165165165166,severe_x_ge_1.3,41.89352786340288,41.58494288720351,-0.30858497619937
5,site3,9778,92.0|A:12.0|B:36.0|C:26.0,True,3.278974358974359,severe_x_ge_1.3,51.285631772009445,47.70866352922551,-3.576968242783934
5,site3,9781,102.0|A:20.0|B:31.0|C:33.0,False,3.0445454545454544,severe_x_ge_1.3,48.52754206561622,45.820974965185975,-2.7065671004302416
5,site3,9785,82.0|A:16.0|B:30.0|C:18.0,True,3.1686419753086423,severe_x_ge_1.3,50.81019051547265,45.744040530514745,-5.066149984957903
5,site3,9786,102.0|A:12.0|B:46.0|C:26.0,True,3.38474358974359,severe_x_ge_1.3,56.406415365105424,45.68264414652339,-10.723771218582035
5,site3,9791,92.0|A:33.0|B:28.0|C:13.0,False,2.5123076923076924,severe_x_ge_1.3,44.94838083032575,45.354130339950174,0.405749509624421
5,site3,9792,82.0|A:27.0|B:14.0|C:23.0,False,2.8363285024154585,severe_x_ge_1.3,48.28810795279326,42.22605616599762,-6.062051786795642
5,site3,9794,72.0|A:20.0|B:23.0|C:11.0,True,2.8545454545454545,severe_x_ge_1.3,48.255396131587325,43.19434636128619,-5.061049770301132
5,site3,9796,102.0|A:12.0|B:33.0|C:39.0,True,2.731623931623932,severe_x_ge_1.3,49.75788134437639,45.16652973879945,-4.591351605576946
5,site3,9798,82.0|A:15.0|B:32.0|C:17.0,False,2.8726797385620912,severe_x_ge_1.3,47.32469285332149,42.23205372973491,-5.092639123586579
5,site3,9804,72.0|A:24.0|B:21.0|C:9.0,False,2.462222222222222,severe_x_ge_1.3,26.1640721363537,27.194392180120666,1.0303200437669666
5,site3,9805,72.0|A:17.0|B:23.0|C:14.0,False,1.557142857142857,severe_x_ge_1.3,24.0925854414094,26.621981925830838,2.5293964844214365
5,site3,9809,102.0|A:12.0|B:9.0|C:63.0,True,1.708994708994709,severe_x_ge_1.3,16.986069964026356,19.640110363360847,2.654040399334491
5,site3,9810,72.0|A:21.0|B:20.0|C:13.0,False,3.323076923076923,severe_x_ge_1.3,43.78312677709954,40.8509119514722,-2.932214825627341
5,site3,9812,72.0|A:13.0|B:23.0|C:18.0,True,3.3022222222222224,severe_x_ge_1.3,37.30704025255554,37.21301929266472,-0.0940209598908197
5,site3,9813,82.0|A:12.0|B:25.0|C:27.0,True,3.161893004115226,severe_x_ge_1.3,35.72297308905964,36.07318078943381,0.3502077003741703
5,site3,9815,72.0|A:13.0|B:10.0|C:31.0,True,2.609032258064516,severe_x_ge_1.3,24.747892840429127,24.458467619378155,-0.2894252210509727
5,site3,9816,92.0|A:12.0|B:37.0|C:25.0,True,2.958311111111111,severe_x_ge_1.3,34.34949041178986,41.30736594117432,6.957875529384459
5,site3,9817,102.0|A:12.0|B:9.0|C:63.0,True,1.7872486772486773,severe_x_ge_1.3,20.561477894028837,29.1396390936425,8.578161199613668
5,site3,9819,72.0|A:12.0|B:28.0|C:14.0,True,2.137142857142857,severe_x_ge_1.3,23.26086068810941,22.75148961804041,-0.5093710700690046
5,site3,9820,72.0|A:13.0|B:26.0|C:15.0,False,3.0266666666666664,severe_x_ge_1.3,34.34519808661489,33.283313074527946,-1.0618850120869467
5,site3,9835,92.0|A:12.0|B:26.0|C:36.0,False,3.0567283950617283,severe_x_ge_1.3,37.26329984397351,37.93665337587668,0.6733535319031674
5,site3,9837,92.0|A:12.0|B:14.0|C:48.0,False,2.0337962962962965,severe_x_ge_1.3,27.010945894283147,30.141038603460927,3.130092709177781
5,site3,9839,92.0|A:12.0|B:46.0|C:16.0,True,3.0283333333333333,severe_x_ge_1.3,33.624758951879066,38.64303272844196,5.018273776562893
5,site3,9842,72.0|A:12.0|B:32.0|C:10.0,True,1.144,moderate_1.0_le_x_lt_1.3,22.419547074885266,21.404705888143187,-1.0148411867420783
5,site3,9845,102.0|A:12.0|B:37.0|C:35.0,True,2.870571428571429,severe_x_ge_1.3,46.66053516625838,43.46457186534469,-3.1959633009136894
5,site3,9848,72.0|A:12.0|B:16.0|C:26.0,True,2.796923076923077,severe_x_ge_1.3,25.33434873292857,26.423492874137388,1.0891441412088128
5,site3,9853,92.0|A:12.0|B:26.0|C:36.0,False,3.0666666666666664,severe_x_ge_1.3,38.62111712081946,41.47603151084598,2.854914390026515
5,site3,9865,82.0|A:12.0|B:31.0|C:21.0,True,3.1064550264550266,severe_x_ge_1.3,34.5894373954069,38.56530848071346,3.975871085306565
5,site3,9867,72.0|A:12.0|B:28.0|C:14.0,True,3.165714285714285,severe_x_ge_1.3,40.30379309985712,39.278343781500666,-1.0254493183564577
5,site3,9868,92.0|A:12.0|B:32.0|C:30.0,True,3.0547407407407405,severe_x_ge_1.3,35.18341927799904,38.15738517035406,2.973965892355025
5,site3,9875,72.0|A:13.0|B:25.0|C:16.0,True,2.2375000000000003,severe_x_ge_1.3,25.16074191730667,22.956448731601597,-2.204293185705076
5,site3,9877,72.0|A:23.0|B:12.0|C:19.0,False,2.526315789473684,severe_x_ge_1.3,26.549982595192567,28.03018512365643,1.4802025284638631
5,site3,9882,102.0|A:12.0|B:24.0|C:48.0,True,2.8415972222222226,severe_x_ge_1.3,29.139976854476537,39.49738525797051,10.35740840349397
5,site3,9892,82.0|A:12.0|B:37.0|C:15.0,True,2.384074074074074,severe_x_ge_1.3,45.35658092591349,44.88551635761552,-0.4710645682979617
5,site3,9895,72.0|A:13.0|B:22.0|C:19.0,True,2.8168421052631576,severe_x_ge_1.3,30.55869778965293,30.761519760973503,0.2028219713205707
5,site3,9899,102.0|A:31.0|B:9.0|C:44.0,False,2.9273484848484848,severe_x_ge_1.3,40.202595698899216,40.17292960275071,-0.0296660961485102
5,site3,9905,82.0|A:28.0|B:9.0|C:27.0,True,2.9678600823045267,severe_x_ge_1.3,31.81446872229075,36.75273957079976,4.93827084850901
5,site3,9906,102.0|A:12.0|B:23.0|C:49.0,True,2.806734693877551,severe_x_ge_1.3,31.21767706428067,40.312878933188415,9.095201868907743
5,site3,9914,92.0|A:12.0|B:24.0|C:38.0,False,3.003450292397661,severe_x_ge_1.3,34.55447985910297,39.249231666984144,4.694751807881175
5,site3,9919,72.0|A:12.0|B:9.0|C:33.0,True,1.678787878787879,severe_x_ge_1.3,19.15401764398821,18.51823301835007,-0.635784625638145
5,site3,9925,92.0|A:12.0|B:32.0|C:30.0,True,2.865629629629629,severe_x_ge_1.3,37.6816613233005,38.6977128258248,1.0160515025242915
5,site3,9926,82.0|A:12.0|B:9.0|C:43.0,True,1.1526614987080104,moderate_1.0_le_x_lt_1.3,18.285014245798934,21.326501506708578,3.041487260909644
5,site3,9930,72.0|A:12.0|B:10.0|C:32.0,True,2.4225000000000003,severe_x_ge_1.3,21.204669229716146,20.738157664458743,-0.4665115652574023
5,site3,9937,82.0|A:12.0|B:38.0|C:14.0,True,2.9546031746031747,severe_x_ge_1.3,34.04020948915918,35.07306126628023,1.0328517771210457
5,site3,9945,72.0|A:20.0|B:9.0|C:25.0,True,2.584,severe_x_ge_1.3,24.24422261148813,23.25308600864652,-0.991136602841614
5,site3,9951,102.0|A:12.0|B:23.0|C:49.0,True,2.050408163265306,severe_x_ge_1.3,31.802337256567792,39.41094514576773,7.608607889199934
5,site3,9958,82.0|A:20.0|B:35.0|C:9.0,False,1.1996296296296296,moderate_1.0_le_x_lt_1.3,28.04696193069715,28.168140140839675,0.1211782101425242
5,site3,9962,72.0|A:12.0|B:29.0|C:13.0,True,1.7323076923076923,severe_x_ge_1.3,24.745923713330143,24.374166042907664,-0.3717576704224825
5,site3,9963,102.0|A:12.0|B:58.0|C:14.0,True,3.104523809523809,severe_x_ge_1.3,39.720937953355495,45.29612152642032,5.575183573064827
5,site3,9964,72.0|A:21.0|B:14.0|C:19.0,False,2.701052631578947,severe_x_ge_1.3,26.50942277334695,28.94170747705089,2.432284703703939
5,site3,9967,72.0|A:12.0|B:14.0|C:28.0,True,3.125714285714285,severe_x_ge_1.3,27.74190158074576,27.426996141331365,-0.3149054394143959
5,site3,9968,72.0|A:12.0|B:21.0|C:21.0,True,2.796190476190476,severe_x_ge_1.3,28.68118786748088,31.530981588512617,2.849793721031741
5,site3,9973,92.0|A:14.0|B:9.0|C:51.0,False,2.694858387799564,severe_x_ge_1.3,23.679130599398068,25.197920591416025,1.5187899920179575
5,site3,9974,102.0|A:12.0|B:50.0|C:22.0,True,2.9028787878787874,severe_x_ge_1.3,49.595347905043205,47.912531711896136,-1.6828161931470689
5,site3,9985,72.0|A:16.0|B:15.0|C:23.0,False,3.0017391304347827,severe_x_ge_1.3,27.42413667908903,29.516422452796316,2.0922857737072817
5,site3,9989,92.0|A:16.0|B:22.0|C:36.0,False,2.8991358024691354,severe_x_ge_1.3,45.82934490728896,40.01128982259972,-5.8180550846892345
5,site3,9997,72.0|A:34.0|B:9.0|C:11.0,False,3.189090909090909,severe_x_ge_1.3,28.89080107765448,28.02950037984678,-0.861300697807696
5,site3,9998,102.0|A:12.0|B:10.0|C:62.0,True,1.9860752688172043,severe_x_ge_1.3,18.315652552565297,22.796768926704843,4.481116374139546
5,site3,10003,72.0|A:13.0|B:32.0|C:9.0,True,2.3377777777777777,severe_x_ge_1.3,23.394240581623144,24.17767832146356,0.7834377398404122
5,site3,10006,82.0|A:12.0|B:43.0|C:9.0,True,1.3261728395061727,severe_x_ge_1.3,24.331653772375574,28.858389566613116,4.526735794237535
5,site3,10007,72.0|A:15.0|B:29.0|C:10.0,True,2.992,severe_x_ge_1.3,28.16508339182948,30.63657914726848,2.471495755439001
5,site3,10010,82.0|A:27.0|B:15.0|C:22.0,False,2.930050505050505,severe_x_ge_1.3,43.50620504738201,37.92331653548212,-5.582888511899888
5,site3,10018,72.0|A:28.0|B:15.0|C:11.0,True,1.778181818181818,severe_x_ge_1.3,24.418114101967408,23.96365106641752,-0.4544630355498924
5,site3,10021,72.0|A:12.0|B:10.0|C:32.0,True,1.7425000000000002,severe_x_ge_1.3,19.087795829630146,18.926067353632614,-0.1617284759975241
5,site3,10024,72.0|A:22.0|B:21.0|C:11.0,True,1.9818181818181813,severe_x_ge_1.3,23.792958935808,25.53197852135888,1.7390195855508814
5,site3,10035,72.0|A:18.0|B:12.0|C:24.0,True,2.8466666666666667,severe_x_ge_1.3,30.796334035017903,30.55752018136509,-0.238813853652811
5,site3,10061,72.0|A:19.0|B:18.0|C:17.0,True,2.9764705882352938,severe_x_ge_1.3,25.7138155020751,26.51345388691784,0.7996383848427406
5,site3,10063,82.0|A:12.0|B:9.0|C:43.0,True,2.253410852713178,severe_x_ge_1.3,20.987452153991484,22.404882681964875,1.4174305279733908
5,site3,10074,102.0|A:12.0|B:36.0|C:36.0,True,2.801851851851852,severe_x_ge_1.3,38.012946770703614,42.24287758160308,4.229930810899461
5,site3,10090,82.0|A:13.0|B:31.0|C:20.0,False,3.2435555555555555,severe_x_ge_1.3,41.41968088420172,40.89902083520556,-0.520660048996163
5,site3,10098,82.0|A:13.0|B:24.0|C:27.0,True,3.1753909465020573,severe_x_ge_1.3,40.99837420189386,36.51351047312489,-4.484863728768971
5,site3,10113,82.0|A:12.0|B:24.0|C:28.0,True,2.9822619047619043,severe_x_ge_1.3,33.72722629904905,35.09549459471746,1.3682682956684076
5,site3,10114,102.0|A:12.0|B:25.0|C:47.0,True,2.411347517730497,severe_x_ge_1.3,31.05283321282433,34.43434698679979,3.38151377397546
5,site3,10117,102.0|A:13.0|B:43.0|C:28.0,False,3.304880952380952,severe_x_ge_1.3,49.83240020149242,48.67225481502306,-1.1601453864693596
5,site3,10121,102.0|A:13.0|B:26.0|C:45.0,True,2.837111111111111,severe_x_ge_1.3,40.68394347577601,39.6402321508099,-1.043711324966111
5,site3,10127,102.0|A:23.0|B:9.0|C:52.0,False,2.7755769230769234,severe_x_ge_1.3,34.10881795928504,39.27091174195475,5.162093782669707
5,site3,10128,82.0|A:12.0|B:43.0|C:9.0,True,2.3587654320987657,severe_x_ge_1.3,28.908371405701622,33.52052265628537,4.6121512505837465
5,site3,10129,92.0|A:12.0|B:43.0|C:19.0,True,2.98327485380117,severe_x_ge_1.3,41.52567630223148,45.54295213433237,4.017275832100893
5,site3,10132,72.0|A:21.0|B:9.0|C:24.0,True,2.1083333333333334,severe_x_ge_1.3,23.840026832194884,21.85810255942877,-1.9819242727661148
5,site3,10134,92.0|A:13.0|B:44.0|C:17.0,False,3.3583006535947715,severe_x_ge_1.3,47.17117991295034,47.361159732134624,0.1899798191842805
5,site3,10137,102.0|A:31.0|B:9.0|C:44.0,False,2.962121212121212,severe_x_ge_1.3,36.5215904821273,37.63184954706423,1.1102590649369262
5,site3,10143,82.0|A:12.0|B:30.0|C:22.0,True,3.0998484848484846,severe_x_ge_1.3,34.71124038882712,35.94493406543438,1.2336936766072597
5,site3,10149,72.0|A:24.0|B:16.0|C:14.0,True,3.271428571428572,severe_x_ge_1.3,35.93594923261757,34.31328107017531,-1.6226681624422596
5,site3,10152,72.0|A:26.0|B:9.0|C:19.0,True,2.701052631578947,severe_x_ge_1.3,33.33498528537226,28.932822175448965,-4.402163109923297
5,site3,10155,72.0|A:12.0|B:30.0|C:12.0,True,1.9066666666666667,severe_x_ge_1.3,24.469718989484942,23.35253773895651,-1.1171812505284322
5,site3,10160,72.0|A:12.0|B:27.0|C:15.0,True,2.6586666666666665,severe_x_ge_1.3,36.49413578239199,33.184717092494175,-3.309418689897818
5,site3,10161,72.0|A:21.0|B:24.0|C:9.0,False,1.8888888888888888,severe_x_ge_1.3,33.74565057372021,35.497998799622295,1.7523482259020824
5,site3,10162,102.0|A:12.0|B:26.0|C:46.0,False,2.6768840579710145,severe_x_ge_1.3,43.96455789440888,39.92209546815145,-4.04246242625743
5,site3,10167,72.0|A:20.0|B:19.0|C:15.0,True,2.584,severe_x_ge_1.3,33.81559943272509,31.70930025412948,-2.106299178595606
5,site3,10178,102.0|A:12.0|B:24.0|C:48.0,True,2.730625,severe_x_ge_1.3,31.21322374100506,36.97099462316776,5.757770882162696
5,site3,10179,72.0|A:12.0|B:25.0|C:17.0,True,2.8235294117647056,severe_x_ge_1.3,28.11961188600456,28.519735197919186,0.4001233119146263
5,site3,10186,102.0|A:12.0|B:10.0|C:62.0,True,2.0473118279569893,severe_x_ge_1.3,19.221713880086813,23.28099655520399,4.059282675117178
5,site3,10187,92.0|A:12.0|B:27.0|C:35.0,True,2.4139047619047616,severe_x_ge_1.3,33.48190344917753,35.01687466398292,1.5349712148053882
5,site3,10204,82.0|A:12.0|B:24.0|C:28.0,True,3.167738095238095,severe_x_ge_1.3,38.41064300332195,37.395597929563074,-1.015045073758877
5,site3,10205,72.0|A:28.0|B:15.0|C:11.0,True,2.4836363636363634,severe_x_ge_1.3,27.180839804122417,29.181955310826982,2.0011155067045685
5,site3,10207,82.0|A:12.0|B:27.0|C:25.0,True,3.2508444444444446,severe_x_ge_1.3,52.83227589946095,44.27055336344536,-8.561722536015594
5,site3,10208,72.0|A:12.0|B:29.0|C:13.0,True,2.5846153846153848,severe_x_ge_1.3,28.116983904899254,30.49013264385642,2.373148738957166
5,site3,10212,82.0|A:13.0|B:30.0|C:21.0,True,2.911216931216931,severe_x_ge_1.3,42.86713244675058,37.77321235163747,-5.093920095113113
5,site3,10221,82.0|A:12.0|B:37.0|C:15.0,True,2.8335555555555554,severe_x_ge_1.3,39.38186865604703,39.06598404964444,-0.3158846064025979
5,site3,10222,72.0|A:21.0|B:9.0|C:24.0,True,3.046666666666667,severe_x_ge_1.3,28.079846491215644,30.22529684783212,2.1454503566164758
5,site3,10227,72.0|A:19.0|B:12.0|C:23.0,True,2.744347826086957,severe_x_ge_1.3,36.6635716852066,31.200973300289853,-5.462598384916745
5,site3,10228,92.0|A:12.0|B:9.0|C:53.0,True,1.5371907756813417,severe_x_ge_1.3,18.430307861832045,22.68084428841863,4.250536426586585
5,site3,10233,82.0|A:17.0|B:15.0|C:32.0,True,3.075,severe_x_ge_1.3,37.9741186091858,34.046953596730496,-3.927165012455305
5,site3,10235,72.0|A:23.0|B:9.0|C:22.0,True,2.4509090909090907,severe_x_ge_1.3,28.958846118596696,28.006262724844337,-0.9525833937523592
5,site3,10243,82.0|A:12.0|B:32.0|C:20.0,False,3.150166666666667,severe_x_ge_1.3,40.28405131015078,39.24162885294358,-1.042422457207202
5,site3,10259,72.0|A:14.0|B:31.0|C:9.0,True,1.3955555555555557,severe_x_ge_1.3,30.596671785789106,30.77888966445965,0.1822178786705528
5,site3,10265,72.0|A:16.0|B:18.0|C:20.0,True,3.01,severe_x_ge_1.3,30.55145956695231,32.77263795095015,2.221178383997838
5,site3,10267,82.0|A:25.0|B:9.0|C:30.0,False,2.6346296296296297,severe_x_ge_1.3,35.89741603809186,32.14611989346203,-3.7512961446298334
5,site3,10279,82.0|A:12.0|B:15.0|C:37.0,True,2.5486486486486486,severe_x_ge_1.3,27.0598177481768,29.66439386882484,2.6045761206480407
5,site3,10290,72.0|A:31.0|B:11.0|C:12.0,False,1.7833333333333334,severe_x_ge_1.3,26.901538555231053,25.409179366010992,-1.4923591892200605
5,site3,10298,72.0|A:12.0|B:20.0|C:22.0,True,3.256363636363636,severe_x_ge_1.3,32.679326355719745,33.31921487275638,0.6398885170366384
5,site3,10299,72.0|A:12.0|B:20.0|C:22.0,True,3.070909090909091,severe_x_ge_1.3,31.558893087033944,31.038125383166207,-0.5207677038677367
5,site3,10306,72.0|A:15.0|B:9.0|C:30.0,True,2.3506666666666667,severe_x_ge_1.3,25.845328790448765,23.88023590887329,-1.9650928815754725
5,site3,10310,72.0|A:14.0|B:20.0|C:20.0,True,2.068,severe_x_ge_1.3,30.9299862683224,33.56169519985468,2.631708931532284
5,site3,10312,72.0|A:22.0|B:19.0|C:13.0,True,3.378461538461538,severe_x_ge_1.3,43.87360096606924,38.7335918448012,-5.140009121268044
5,site3,10316,72.0|A:22.0|B:13.0|C:19.0,False,3.303157894736842,severe_x_ge_1.3,37.960991934940814,33.63048803780315,-4.330503897137668
5,site3,10317,82.0|A:12.0|B:12.0|C:40.0,True,2.488472222222222,severe_x_ge_1.3,28.535210521142613,29.147196000531967,0.6119854793893538
5,site3,10319,102.0|A:12.0|B:40.0|C:32.0,True,3.2105208333333333,severe_x_ge_1.3,52.65357147189217,52.07751337166854,-0.5760581002236336
5,site3,10324,72.0|A:12.0|B:33.0|C:9.0,True,2.1733333333333333,severe_x_ge_1.3,25.7333807881765,24.06253084277804,-1.6708499453984622
5,site3,10327,72.0|A:16.0|B:22.0|C:16.0,True,2.4450000000000003,severe_x_ge_1.3,37.80636219201966,36.83789998391018,-0.9684622081094788
5,site3,10330,102.0|A:14.0|B:42.0|C:28.0,False,3.2785714285714285,severe_x_ge_1.3,49.878469545723,51.04609045375635,1.1676209080333493
5,site3,10334,102.0|A:12.0|B:51.0|C:21.0,True,2.987142857142857,severe_x_ge_1.3,37.78958801844952,41.149659975759306,3.360071957309785
5,site3,10335,102.0|A:12.0|B:21.0|C:51.0,True,2.8966666666666665,severe_x_ge_1.3,28.96001933053197,42.304452555957,13.344433225425028
5,site3,10337,72.0|A:12.0|B:9.0|C:33.0,True,1.7345454545454546,severe_x_ge_1.3,17.88368981233203,16.8187503720475,-1.0649394402845296
5,site3,10357,72.0|A:30.0|B:15.0|C:9.0,True,2.871111111111111,severe_x_ge_1.3,28.1267556393452,29.59645410055508,1.4696984612098802
5,site3,10363,72.0|A:12.0|B:9.0|C:33.0,True,2.707878787878788,severe_x_ge_1.3,21.608147055582037,22.418271499959825,0.8101244443777915
5,site3,10369,102.0|A:31.0|B:9.0|C:44.0,False,2.893863636363636,severe_x_ge_1.3,41.142718108024944,40.99452904745982,-0.148189060565123
5,site3,10376,72.0|A:30.0|B:9.0|C:15.0,True,1.7466666666666666,severe_x_ge_1.3,25.403710890924614,26.15374306268442,0.750032171759802
5,site3,10385,72.0|A:12.0|B:24.0|C:18.0,True,2.933333333333333,severe_x_ge_1.3,32.59571610822302,32.423099473991,-0.1726166342320212
5,site3,10386,102.0|A:12.0|B:41.0|C:31.0,True,3.047204301075269,severe_x_ge_1.3,36.78207974484896,42.96931263882861,6.187232893979655
5,site3,10395,72.0|A:12.0|B:29.0|C:13.0,True,2.8676923076923075,severe_x_ge_1.3,29.95290627322999,29.27962456979812,-0.6732817034318721
5,site3,10400,92.0|A:19.0|B:9.0|C:46.0,False,2.6533333333333333,severe_x_ge_1.3,22.252828578055983,24.41115567609087,2.1583270980348885
5,site3,10428,72.0|A:31.0|B:10.0|C:13.0,False,2.6123076923076924,severe_x_ge_1.3,38.27259992967591,33.136301395284065,-5.136298534391841
5,site3,10430,72.0|A:15.0|B:30.0|C:9.0,False,2.542222222222222,severe_x_ge_1.3,23.236843140766464,24.33319760190549,1.096354461139022
5,site3,10432,72.0|A:19.0|B:12.0|C:23.0,True,3.179130434782609,severe_x_ge_1.3,39.70850257301251,32.7070782568105,-7.001424316202012
5,site3,10437,92.0|A:12.0|B:32.0|C:30.0,True,3.153555555555556,severe_x_ge_1.3,39.80169973801336,39.83820731366799,0.0365075756546318
5,site3,10443,102.0|A:12.0|B:9.0|C:63.0,True,1.8646031746031744,severe_x_ge_1.3,18.19157247767784,20.416656497037053,2.2250840193592154
5,site3,10444,72.0|A:12.0|B:10.0|C:32.0,True,2.3425,severe_x_ge_1.3,20.14517373420096,18.991174687872487,-1.1539990463284724
5,site3,10446,92.0|A:12.0|B:47.0|C:15.0,True,2.9780740740740743,severe_x_ge_1.3,36.54340033931541,41.12061768998736,4.577217350671958
5,site3,10457,72.0|A:14.0|B:22.0|C:18.0,True,2.6044444444444443,severe_x_ge_1.3,45.18246305060073,42.200185525247406,-2.982277525353325
5,site3,10458,72.0|A:12.0|B:21.0|C:21.0,True,3.287619047619048,severe_x_ge_1.3,35.04662887354535,35.45174185955382,0.4051129860084685
5,site3,10462,72.0|A:13.0|B:32.0|C:9.0,True,2.008888888888889,severe_x_ge_1.3,20.64751787487377,22.861548252758663,2.214030377884896
5,site3,10463,72.0|A:17.0|B:13.0|C:24.0,True,3.015,severe_x_ge_1.3,26.66034842399649,27.59360432480524,0.9332559008087492
5,site3,10468,72.0|A:13.0|B:20.0|C:21.0,True,1.16,moderate_1.0_le_x_lt_1.3,23.570560538325527,20.327918349935917,-3.2426421883896133
5,site3,10477,72.0|A:12.0|B:14.0|C:28.0,True,1.5557142857142856,severe_x_ge_1.3,20.675330694103756,19.5558017952547,-1.1195288988490546
5,site3,10478,72.0|A:12.0|B:18.0|C:24.0,True,1.63,severe_x_ge_1.3,22.76802272688686,22.250026157319965,-0.5179965695668933
5,site3,10480,72.0|A:12.0|B:11.0|C:31.0,True,1.1548387096774193,moderate_1.0_le_x_lt_1.3,19.65836821277341,18.713982169696013,-0.9443860430773974
5,site3,10486,72.0|A:16.0|B:17.0|C:21.0,True,2.76,severe_x_ge_1.3,24.164169672470347,24.52847495995388,0.3643052874835284
5,site3,10488,72.0|A:12.0|B:22.0|C:20.0,True,2.604,severe_x_ge_1.3,25.710028644265133,28.078208647559755,2.368180003294622
5,site3,10498,72.0|A:12.0|B:28.0|C:14.0,True,1.3714285714285714,severe_x_ge_1.3,24.14453140625737,21.654893243564096,-2.489638162693275
5,site3,10501,72.0|A:12.0|B:25.0|C:17.0,True,1.5411764705882354,severe_x_ge_1.3,24.265567793375645,21.901604392282195,-2.36396340109345
5,site3,10504,72.0|A:12.0|B:18.0|C:24.0,True,1.4,severe_x_ge_1.3,23.333815489291677,23.093859965504283,-0.2399555237873905
5,site3,10508,72.0|A:12.0|B:12.0|C:30.0,True,2.3506666666666667,severe_x_ge_1.3,22.31842720824785,21.405205651034024,-0.9132215572138273
5,site3,10518,72.0|A:12.0|B:13.0|C:29.0,True,2.4579310344827587,severe_x_ge_1.3,21.7970971708965,22.592782724849968,0.7956855539534686
5,site3,10533,72.0|A:12.0|B:12.0|C:30.0,True,2.670666666666667,severe_x_ge_1.3,24.02158078412536,26.588515548459863,2.566934764334505
5,site3,10534,72.0|A:12.0|B:9.0|C:33.0,True,1.901818181818182,severe_x_ge_1.3,20.596074852076026,20.60427118245096,0.0081963303749326
5,site3,10535,72.0|A:18.0|B:17.0|C:19.0,True,2.5852631578947367,severe_x_ge_1.3,25.21495683895072,24.371789647982645,-0.8431671909680709
5,site3,10537,72.0|A:12.0|B:18.0|C:24.0,True,2.6300000000000003,severe_x_ge_1.3,22.75175256809863,22.88894952102975,0.1371969529311201
5,site3,10539,72.0|A:18.0|B:12.0|C:24.0,True,2.23,severe_x_ge_1.3,25.30596524801381,24.21060193164813,-1.095363316365674
5,site3,10540,72.0|A:25.0|B:12.0|C:17.0,True,2.216470588235294,severe_x_ge_1.3,25.2195174721052,25.679624596317275,0.460107124212076
5,site3,10545,72.0|A:14.0|B:16.0|C:24.0,True,2.1083333333333334,severe_x_ge_1.3,22.31007952970856,20.36064400585739,-1.9494355238511645
5,site3,10549,72.0|A:20.0|B:9.0|C:25.0,True,2.6592,severe_x_ge_1.3,25.961173142581185,26.01610417598102,0.0549310333998356
5,site3,10550,72.0|A:12.0|B:20.0|C:22.0,True,1.6945454545454544,severe_x_ge_1.3,25.37117343674304,23.12620812159675,-2.2449653151462883
5,site3,10554,72.0|A:14.0|B:19.0|C:21.0,True,2.6895238095238096,severe_x_ge_1.3,25.196051127496844,25.048246675268,-0.1478044522288435
5,site3,10556,72.0|A:22.0|B:9.0|C:23.0,True,1.7495652173913046,severe_x_ge_1.3,21.811008019407723,20.62952070211685,-1.1814873172908769
5,site3,10562,82.0|A:12.0|B:15.0|C:37.0,True,1.9945945945945944,severe_x_ge_1.3,26.045431853757904,28.738167170368097,2.692735316610193
5,site3,10565,72.0|A:12.0|B:17.0|C:25.0,True,1.4320000000000002,severe_x_ge_1.3,21.772738232071,20.959317605404703,-0.8134206266662929
5,site3,10573,72.0|A:12.0|B:10.0|C:32.0,True,2.0187500000000003,severe_x_ge_1.3,20.67383269465779,19.66593584437824,-1.007896850279554
5,site3,10584,72.0|A:12.0|B:22.0|C:20.0,True,2.64,severe_x_ge_1.3,26.86550659653757,25.948263751603942,-0.9172428449336288
5,site3,10586,72.0|A:14.0|B:11.0|C:29.0,True,2.0248275862068965,severe_x_ge_1.3,21.06566991542292,19.567931137147983,-1.497738778274936
5,site3,10587,72.0|A:12.0|B:27.0|C:15.0,True,1.821333333333333,severe_x_ge_1.3,25.058338406972585,22.4225696080852,-2.6357687988873835
5,site3,10589,72.0|A:12.0|B:19.0|C:23.0,True,1.5895652173913044,severe_x_ge_1.3,22.74091061181675,22.84058833888228,0.0996777270655258
5,site3,10590,72.0|A:12.0|B:9.0|C:33.0,True,1.4436363636363636,severe_x_ge_1.3,18.757689391070105,19.1086428427881,0.3509534517179951
5,site3,10592,72.0|A:13.0|B:13.0|C:28.0,True,2.374285714285714,severe_x_ge_1.3,23.01728974514745,23.95898835787557,0.9416986127281212
5,site3,10597,72.0|A:12.0|B:15.0|C:27.0,True,2.091851851851852,severe_x_ge_1.3,23.45279519500442,20.939680808715917,-2.513114386288507
5,site3,10598,72.0|A:12.0|B:13.0|C:29.0,True,1.4386206896551723,severe_x_ge_1.3,21.651574668266846,23.128163773567536,1.4765891053006897
5,site3,10602,72.0|A:24.0|B:11.0|C:19.0,False,1.5347368421052632,severe_x_ge_1.3,25.69408686425331,23.120401725683664,-2.5736851385696475
5,site3,10605,72.0|A:12.0|B:13.0|C:29.0,True,2.546206896551724,severe_x_ge_1.3,22.883791051464268,22.47244235921636,-0.411348692247909
5,site3,10611,72.0|A:12.0|B:15.0|C:27.0,True,1.2444444444444445,moderate_1.0_le_x_lt_1.3,20.826004441458775,18.741376689144857,-2.0846277523139207
5,site3,10620,72.0|A:12.0|B:24.0|C:18.0,True,1.9066666666666667,severe_x_ge_1.3,24.099270716450757,21.4902299603781,-2.609040756072652
5,site3,10632,72.0|A:12.0|B:14.0|C:28.0,True,2.611428571428571,severe_x_ge_1.3,22.580714727327912,23.772787166222532,1.192072438894623
5,site3,10637,72.0|A:24.0|B:12.0|C:18.0,True,1.1688888888888889,moderate_1.0_le_x_lt_1.3,21.037885427039967,19.853879485699217,-1.1840059413407502
5,site3,10642,72.0|A:12.0|B:21.0|C:21.0,True,1.775238095238095,severe_x_ge_1.3,25.87327888746538,23.259854854566868,-2.6134240328985108
5,site3,10652,82.0|A:12.0|B:22.0|C:30.0,True,2.857851851851852,severe_x_ge_1.3,28.031618723858685,31.81127938034211,3.7796606564834256
5,site3,10653,72.0|A:12.0|B:16.0|C:26.0,True,1.5769230769230769,severe_x_ge_1.3,18.316244885716017,16.137885103043317,-2.1783597826727004
5,site3,10655,72.0|A:13.0|B:20.0|C:21.0,True,2.443809523809524,severe_x_ge_1.3,25.249071271647956,25.13770703420988,-0.1113642374380745
5,site3,10659,82.0|A:12.0|B:16.0|C:36.0,True,2.1537654320987656,severe_x_ge_1.3,25.219489459519053,25.904890589598143,0.685401130079093
5,site3,10661,72.0|A:12.0|B:14.0|C:28.0,True,1.3457142857142856,severe_x_ge_1.3,17.6798363528381,16.41388845949596,-1.2659478933421404
5,site3,10662,72.0|A:12.0|B:22.0|C:20.0,True,1.754,severe_x_ge_1.3,23.020013378550217,23.19988456534745,0.1798711867972287
5,site3,10676,72.0|A:12.0|B:12.0|C:30.0,True,1.637333333333333,severe_x_ge_1.3,20.835148951871,19.20286835067188,-1.6322806011991204
5,site3,10679,72.0|A:12.0|B:13.0|C:29.0,True,2.584827586206897,severe_x_ge_1.3,22.712005543229143,22.142453603871022,-0.5695519393581172
5,site3,10696,102.0|A:12.0|B:46.0|C:26.0,True,3.3411538461538464,severe_x_ge_1.3,63.66379700104981,57.23458466126101,-6.429212339788798
5,site3,10699,102.0|A:12.0|B:52.0|C:20.0,True,3.3801666666666668,severe_x_ge_1.3,62.5236544099976,55.01294350768574,-7.510710902311857
5,site3,10705,92.0|A:18.0|B:43.0|C:13.0,False,3.4087179487179493,severe_x_ge_1.3,46.11562763520146,46.85266507183075,0.7370374366292864
5,site3,10724,102.0|A:14.0|B:49.0|C:21.0,False,3.435079365079365,severe_x_ge_1.3,63.35649204312672,56.864665835825846,-6.491826207300868
5,site3,10728,102.0|A:41.0|B:10.0|C:33.0,True,3.228282828282828,severe_x_ge_1.3,43.80409102490991,43.11676044362373,-0.6873305812861759
5,site3,10730,102.0|A:12.0|B:9.0|C:63.0,True,2.212698412698413,severe_x_ge_1.3,17.989788584800817,21.80706730792729,3.817278723126474
5,site3,10734,82.0|A:16.0|B:9.0|C:39.0,False,2.80925925925926,severe_x_ge_1.3,23.727629445852862,26.43755788732577,2.709928441472904
5,site3,10737,72.0|A:15.0|B:10.0|C:29.0,False,3.093793103448276,severe_x_ge_1.3,28.61510923237418,30.94219042026392,2.3270811878897355
5,site3,10743,72.0|A:13.0|B:9.0|C:32.0,True,2.7575,severe_x_ge_1.3,30.530706185758728,27.1558498134632,-3.374856372295529
5,site3,10764,82.0|A:12.0|B:26.0|C:26.0,True,2.982136752136752,severe_x_ge_1.3,44.26583978748705,37.59914402333959,-6.666695764147463
5,site3,10769,102.0|A:12.0|B:63.0|C:9.0,True,1.3033333333333332,severe_x_ge_1.3,40.24577295352228,35.41725742448041,-4.828515529041866
5,site3,10772,72.0|A:14.0|B:30.0|C:10.0,False,2.512,severe_x_ge_1.3,26.00292592278619,26.77325043353093,0.7703245107447394
5,site3,10773,72.0|A:12.0|B:23.0|C:19.0,True,3.1094736842105264,severe_x_ge_1.3,30.375810149073157,30.53195604351034,0.1561458944371878
5,site3,10777,102.0|A:12.0|B:30.0|C:42.0,True,2.9857936507936507,severe_x_ge_1.3,35.20612142148633,39.22476525140919,4.018643829922858
5,site3,10778,92.0|A:14.0|B:29.0|C:31.0,False,2.435197132616488,severe_x_ge_1.3,43.07367942509035,40.77508280996072,-2.2985966151296324
5,site3,10785,72.0|A:12.0|B:25.0|C:17.0,True,3.2141176470588237,severe_x_ge_1.3,37.00746224278426,33.72613829708582,-3.281323945698439
5,site3,10786,72.0|A:18.0|B:12.0|C:24.0,True,3.046666666666667,severe_x_ge_1.3,28.34261502978273,30.62328535987419,2.280670330091457
5,site3,10794,82.0|A:12.0|B:18.0|C:34.0,True,2.422483660130719,severe_x_ge_1.3,27.99436664074916,28.52220727377264,0.5278406330234802
5,site3,10799,92.0|A:12.0|B:28.0|C:34.0,True,2.47437908496732,severe_x_ge_1.3,32.0164103221144,32.17492226509763,0.1585119429832318
5,site3,10813,72.0|A:12.0|B:29.0|C:13.0,True,1.4215384615384614,severe_x_ge_1.3,23.716363488234588,21.659538379219907,-2.0568251090146816
5,site3,10828,82.0|A:12.0|B:23.0|C:29.0,True,3.097777777777778,severe_x_ge_1.3,38.163431338231305,35.02593546434131,-3.1374958738899963
5,site3,10839,72.0|A:12.0|B:20.0|C:22.0,True,3.256363636363636,severe_x_ge_1.3,38.11652377544065,35.754476913296664,-2.362046862143984
5,site3,10840,82.0|A:12.0|B:40.0|C:12.0,True,2.3612962962962967,severe_x_ge_1.3,36.77365223884871,37.664406795692926,0.8907545568442146
5,site3,10842,72.0|A:22.0|B:9.0|C:23.0,True,2.87304347826087,severe_x_ge_1.3,26.650096820747663,26.44880423020653,-0.2012925905411293
5,site3,10846,102.0|A:12.0|B:28.0|C:44.0,True,2.95310606060606,severe_x_ge_1.3,38.19964459072842,37.88023699905754,-0.319407591670874
5,site3,10847,72.0|A:14.0|B:31.0|C:9.0,True,2.1733333333333333,severe_x_ge_1.3,25.62812490922528,26.33685788553961,0.7087329763143302
5,site3,10857,92.0|A:12.0|B:43.0|C:19.0,True,2.7088888888888887,severe_x_ge_1.3,39.60149683404988,41.85484439949344,2.253347565443569
5,site3,10863,92.0|A:23.0|B:9.0|C:42.0,False,2.351111111111111,severe_x_ge_1.3,30.40010998489051,30.90322333752209,0.5031133526315799
5,site3,10875,82.0|A:12.0|B:23.0|C:29.0,True,2.9171264367816097,severe_x_ge_1.3,29.10023376532528,31.255040134971036,2.154806369645751
5,site3,10876,102.0|A:12.0|B:41.0|C:31.0,True,3.2300000000000004,severe_x_ge_1.3,43.49495938587718,45.7368464131616,2.24188702728442
5,site3,10878,82.0|A:12.0|B:21.0|C:31.0,True,2.4761648745519715,severe_x_ge_1.3,28.774095431697365,30.080816887775157,1.3067214560777884
5,site3,10883,92.0|A:12.0|B:43.0|C:19.0,True,2.5690058479532163,severe_x_ge_1.3,41.925277286180666,41.55369105144288,-0.3715862347377907
5,site3,10889,72.0|A:14.0|B:24.0|C:16.0,False,1.73,severe_x_ge_1.3,27.988471580762837,28.08977607813429,0.1013044973714585
5,site3,10894,82.0|A:12.0|B:13.0|C:39.0,True,1.9974358974358972,severe_x_ge_1.3,24.010130150151102,25.93120898099292,1.9210788308418143
5,site3,10896,82.0|A:15.0|B:10.0|C:39.0,False,2.4845299145299147,severe_x_ge_1.3,37.12181979379044,31.120231090830437,-6.00158870296001
5,site3,10898,72.0|A:13.0|B:32.0|C:9.0,True,1.191111111111111,moderate_1.0_le_x_lt_1.3,20.67098310313997,22.143823051576238,1.4728399484362598
5,site3,10899,72.0|A:12.0|B:12.0|C:30.0,True,2.4119999999999995,severe_x_ge_1.3,23.640016265055063,23.16109415217304,-0.4789221128820209
5,site3,10905,72.0|A:12.0|B:31.0|C:11.0,True,2.418181818181818,severe_x_ge_1.3,27.551993023148142,27.416453158375,-0.1355398647731505
5,site3,10906,72.0|A:12.0|B:21.0|C:21.0,True,2.4266666666666663,severe_x_ge_1.3,35.215661105693535,32.80966549396772,-2.405995611725814
5,site3,10907,72.0|A:27.0|B:16.0|C:11.0,False,1.309090909090909,severe_x_ge_1.3,26.792915591083403,24.752611592495423,-2.04030399858798
5,site3,10929,72.0|A:23.0|B:16.0|C:15.0,False,3.077333333333333,severe_x_ge_1.3,32.7713831729243,31.808894925342813,-0.96248824758149
5,site3,10932,82.0|A:20.0|B:14.0|C:30.0,False,3.0188148148148146,severe_x_ge_1.3,39.60487589923613,35.722107492967034,-3.8827684062691006
5,site3,10936,72.0|A:19.0|B:26.0|C:9.0,True,1.3111111111111111,severe_x_ge_1.3,20.78128747214795,21.465059480134784,0.6837720079868319
5,site3,10957,102.0|A:12.0|B:30.0|C:42.0,True,2.958809523809524,severe_x_ge_1.3,38.907379509714616,38.85756964275055,-0.0498098669640683
5,site3,10959,102.0|A:12.0|B:35.0|C:37.0,True,2.6755855855855857,severe_x_ge_1.3,34.74402008221372,38.779034050113445,4.035013967899722
5,site3,10963,72.0|A:12.0|B:10.0|C:32.0,True,1.9725,severe_x_ge_1.3,18.820549596132174,18.42419700768882,-0.3963525884433565
5,site3,10979,72.0|A:12.0|B:19.0|C:23.0,True,1.893913043478261,severe_x_ge_1.3,26.77986208556959,29.520204900343412,2.7403428147738254
5,site3,10981,72.0|A:12.0|B:12.0|C:30.0,True,2.5226666666666664,severe_x_ge_1.3,23.161172210070617,25.679657082727807,2.51848487265719
5,site3,10986,72.0|A:12.0|B:16.0|C:26.0,True,2.243076923076923,severe_x_ge_1.3,26.334518463436577,25.461797827555333,-0.8727206358812438
5,site3,10995,72.0|A:25.0|B:11.0|C:18.0,True,2.2777777777777777,severe_x_ge_1.3,24.28741937182776,23.652781732482165,-0.6346376393455913
5,site3,10996,72.0|A:21.0|B:16.0|C:17.0,True,1.7811764705882354,severe_x_ge_1.3,24.503759460962197,21.32349695452396,-3.1802625064382326
5,site3,11001,72.0|A:12.0|B:17.0|C:25.0,True,2.9088000000000003,severe_x_ge_1.3,25.37442592080616,27.248401117515957,1.8739751967097968
5,site3,11004,72.0|A:18.0|B:9.0|C:27.0,True,2.6533333333333333,severe_x_ge_1.3,23.01349671402326,23.39571702617297,0.3822203121497161
5,site3,11007,72.0|A:12.0|B:21.0|C:21.0,True,2.48,severe_x_ge_1.3,25.092757979711724,23.615279326480632,-1.477478653231092
5,site3,11014,72.0|A:12.0|B:16.0|C:26.0,True,2.427692307692308,severe_x_ge_1.3,27.26366241773153,27.428510478993378,0.1648480612618428
5,site3,11015,72.0|A:12.0|B:17.0|C:25.0,True,1.4176,severe_x_ge_1.3,22.608384602969227,20.650715905531225,-1.9576686974380024
5,site3,11019,72.0|A:16.0|B:9.0|C:29.0,True,3.030344827586207,severe_x_ge_1.3,25.21012613380988,28.082771735453505,2.872645601643626
5,site3,11027,72.0|A:12.0|B:10.0|C:32.0,True,1.95,severe_x_ge_1.3,20.292285058881717,19.323543618323036,-0.9687414405586808
5,site3,11028,72.0|A:16.0|B:14.0|C:24.0,False,2.046666666666667,severe_x_ge_1.3,24.32232795088792,24.35050061961646,0.0281726687285406
5,site3,11031,72.0|A:12.0|B:9.0|C:33.0,True,2.4060606060606062,severe_x_ge_1.3,24.92156974830966,23.753524546308167,-1.168045202001494
5,site3,11032,82.0|A:12.0|B:13.0|C:39.0,True,2.513732193732193,severe_x_ge_1.3,22.524616617736296,23.004433779731126,0.4798171619948306
5,site3,11034,72.0|A:12.0|B:15.0|C:27.0,True,2.64,severe_x_ge_1.3,24.26135479253684,24.470026611912363,0.2086718193755246
5,site3,11037,72.0|A:16.0|B:13.0|C:25.0,True,2.024,severe_x_ge_1.3,24.20938536209681,25.749790627243183,1.5404052651463722
5,site3,11040,102.0|A:12.0|B:45.0|C:27.0,True,3.2320987654320987,severe_x_ge_1.3,46.070361365112674,48.13190942745653,2.061548062343853
5,site3,11043,102.0|A:12.0|B:60.0|C:12.0,True,3.055277777777778,severe_x_ge_1.3,50.56575499732689,46.24819244177779,-4.317562555549102
5,site3,11048,102.0|A:12.0|B:51.0|C:21.0,True,3.2920634920634924,severe_x_ge_1.3,51.936228063268736,47.4845192036726,-4.451708859596138
5,site3,11050,102.0|A:13.0|B:34.0|C:37.0,False,2.3999099099099097,severe_x_ge_1.3,48.46919161369807,47.04973479627599,-1.4194568174220876
5,site3,11058,92.0|A:16.0|B:45.0|C:13.0,False,3.149230769230769,severe_x_ge_1.3,52.96975097399481,47.00304653169636,-5.96670444229845
5,site3,11060,102.0|A:24.0|B:39.0|C:21.0,False,3.507936507936508,severe_x_ge_1.3,54.56985494337656,54.97064737759564,0.4007924342190847
5,site3,11068,102.0|A:12.0|B:44.0|C:28.0,True,3.3453571428571425,severe_x_ge_1.3,49.2555737378583,55.813295644792966,6.557721906934667
5,site3,11072,102.0|A:12.0|B:59.0|C:13.0,True,3.3433333333333337,severe_x_ge_1.3,57.45144287259836,55.37081913292476,-2.080623739673598
5,site3,11083,102.0|A:12.0|B:50.0|C:22.0,True,3.503030303030303,severe_x_ge_1.3,57.64575766366889,54.23639805412832,-3.409359609540573
5,site3,11084,102.0|A:12.0|B:58.0|C:14.0,True,3.347380952380952,severe_x_ge_1.3,54.13976118216935,50.877052035571936,-3.262709146597409
5,site3,11089,82.0|A:20.0|B:25.0|C:19.0,False,3.4526315789473685,severe_x_ge_1.3,51.2198465072868,45.66600976981793,-5.55383673746887
5,site3,11090,102.0|A:25.0|B:37.0|C:22.0,False,3.451515151515152,severe_x_ge_1.3,51.88144974334945,53.33405544807912,1.4526057047296703
5,site3,11092,102.0|A:13.0|B:49.0|C:22.0,True,3.4695454545454543,severe_x_ge_1.3,52.53175327598274,51.89342855417228,-0.6383247218104557
5,site3,11099,102.0|A:12.0|B:29.0|C:43.0,True,3.0138759689922483,severe_x_ge_1.3,46.83993374087043,46.47852907764042,-0.3614046632300116
5,site3,11105,102.0|A:12.0|B:32.0|C:40.0,True,3.0217500000000004,severe_x_ge_1.3,40.73652489672443,41.14712458984882,0.4105996931243894
5,site3,11107,102.0|A:12.0|B:62.0|C:10.0,True,3.4396666666666667,severe_x_ge_1.3,64.25638864905383,47.714537616350825,-16.541851032703008
5,site3,11109,92.0|A:35.0|B:18.0|C:21.0,False,3.4682539682539684,severe_x_ge_1.3,46.85582734767052,48.10111534425782,1.245287996587301
5,site3,11116,102.0|A:12.0|B:57.0|C:15.0,True,2.9202222222222223,severe_x_ge_1.3,54.5889170259772,46.02103862715524,-8.567878398821954
5,site3,11118,102.0|A:12.0|B:59.0|C:13.0,True,3.138461538461539,severe_x_ge_1.3,41.83565122694933,44.14215155684839,2.306500329899059
5,site3,11123,102.0|A:35.0|B:10.0|C:39.0,False,3.032393162393163,severe_x_ge_1.3,47.80434311148336,46.16945278570905,-1.6348903257743077
5,site3,11124,82.0|A:12.0|B:10.0|C:42.0,True,1.5976984126984126,severe_x_ge_1.3,20.11066021647576,20.355927885452846,0.2452676689770889
5,site3,11129,102.0|A:12.0|B:23.0|C:49.0,True,2.344149659863945,severe_x_ge_1.3,30.16808561038924,32.079064780249574,1.910979169860337
5,site3,11131,82.0|A:12.0|B:14.0|C:38.0,True,2.6673976608187133,severe_x_ge_1.3,25.15880817669854,28.55636040513056,3.3975522284320228
5,site3,11134,102.0|A:12.0|B:23.0|C:49.0,True,2.8529931972789115,severe_x_ge_1.3,37.77948433674604,39.48684134384126,1.7073570070952258
5,site3,11136,92.0|A:12.0|B:40.0|C:22.0,True,3.1224242424242425,severe_x_ge_1.3,39.03813265673912,42.9011539563866,3.863021299647478
5,site3,11137,72.0|A:21.0|B:21.0|C:12.0,False,2.06,severe_x_ge_1.3,22.63417594399891,21.81221377247985,-0.8219621715190577
5,site3,11147,72.0|A:20.0|B:12.0|C:22.0,True,2.198181818181818,severe_x_ge_1.3,27.777230030135307,28.97039521671277,1.1931651865774633
5,site3,11151,82.0|A:13.0|B:32.0|C:19.0,True,3.392690058479532,severe_x_ge_1.3,40.004356987181005,41.38366529367463,1.3793083064936198
5,site3,11154,72.0|A:12.0|B:32.0|C:10.0,True,1.92,severe_x_ge_1.3,25.12351925614568,26.216346310511263,1.0928270543655891
5,site3,11161,72.0|A:22.0|B:23.0|C:9.0,False,1.64,severe_x_ge_1.3,22.88558974276813,24.41775609090727,1.532166348139146
5,site3,11164,72.0|A:12.0|B:22.0|C:20.0,True,3.23,severe_x_ge_1.3,34.12804434430748,35.64751209248395,1.5194677481764742
5,site3,11168,72.0|A:12.0|B:24.0|C:18.0,True,2.2977777777777777,severe_x_ge_1.3,26.79049866698044,27.78495319147365,0.9944545244932144
5,site3,11181,72.0|A:18.0|B:19.0|C:17.0,True,1.9764705882352944,severe_x_ge_1.3,28.820685536873125,29.06470230226286,0.244016765389734
5,site3,11187,82.0|A:12.0|B:10.0|C:42.0,True,2.0326455026455026,severe_x_ge_1.3,20.161332882254623,20.92926488316194,0.7679320009073187
5,site3,11188,72.0|A:15.0|B:18.0|C:21.0,True,1.916190476190476,severe_x_ge_1.3,27.040776617954236,27.468094430976407,0.4273178130221744
5,site3,11190,82.0|A:12.0|B:28.0|C:24.0,True,2.811157407407408,severe_x_ge_1.3,31.71174639480308,35.89760144267283,4.185855047869747
5,site3,11202,92.0|A:18.0|B:10.0|C:46.0,False,2.816666666666667,severe_x_ge_1.3,27.520419935140133,28.91878432049014,1.398364385350007
5,site3,11206,102.0|A:12.0|B:36.0|C:36.0,True,3.0851851851851846,severe_x_ge_1.3,39.041524157113656,41.559554993549945,2.5180308364362887
5,site3,11208,102.0|A:12.0|B:24.0|C:48.0,True,2.172222222222222,severe_x_ge_1.3,27.682260383693755,32.148370016818994,4.466109633125239
5,site3,11210,72.0|A:14.0|B:23.0|C:17.0,False,3.148235294117647,severe_x_ge_1.3,42.070601373113576,38.26176803218292,-3.8088333409306543
5,site3,11212,72.0|A:27.0|B:13.0|C:14.0,False,2.874285714285714,severe_x_ge_1.3,27.63439840794462,28.45984605636164,0.8254476484170183
5,site3,11220,72.0|A:13.0|B:28.0|C:13.0,False,2.726153846153846,severe_x_ge_1.3,27.524885955479768,29.39429462325141,1.869408667771648
5,site3,11223,72.0|A:12.0|B:30.0|C:12.0,True,1.7833333333333334,severe_x_ge_1.3,22.748550388545347,21.071677248319972,-1.6768731402253714
5,site3,11227,82.0|A:12.0|B:21.0|C:31.0,True,2.44089605734767,severe_x_ge_1.3,28.694198843540384,29.46504312397096,0.7708442804305733
5,site3,11229,72.0|A:14.0|B:14.0|C:26.0,False,2.883076923076923,severe_x_ge_1.3,37.06285736284051,31.1730881849296,-5.889769177910914
5,site3,11230,82.0|A:12.0|B:26.0|C:26.0,True,3.13982905982906,severe_x_ge_1.3,35.22187719873216,35.49953375640923,0.2776565576770693
5,site3,11233,102.0|A:32.0|B:9.0|C:43.0,False,2.108527131782945,severe_x_ge_1.3,42.70250023296832,48.37515935320019,5.67265912023187
5,site3,11240,102.0|A:29.0|B:14.0|C:41.0,False,2.829186991869918,severe_x_ge_1.3,40.91645263207669,37.44168418731255,-3.4747684447641376
5,site3,11247,72.0|A:16.0|B:28.0|C:10.0,True,2.584,severe_x_ge_1.3,28.74600932648825,28.99864188731748,0.2526325608292232
5,site3,11253,72.0|A:15.0|B:15.0|C:24.0,True,2.1083333333333334,severe_x_ge_1.3,27.32611456602674,27.40458525221604,0.078470686189302
5,site3,11269,72.0|A:18.0|B:14.0|C:22.0,True,3.24,severe_x_ge_1.3,38.795485733158,32.79942335357324,-5.996062379584757
5,site3,11270,72.0|A:20.0|B:18.0|C:16.0,False,3.0,severe_x_ge_1.3,28.316237259264906,30.01905859043164,1.702821331166735
5,site3,11271,92.0|A:12.0|B:25.0|C:37.0,True,3.054234234234234,severe_x_ge_1.3,35.205041862417566,35.315956175262585,0.1109143128450185
5,site3,11272,82.0|A:12.0|B:29.0|C:23.0,True,2.8838647342995167,severe_x_ge_1.3,31.44341942679231,34.13815928125134,2.69473985445903
5,site3,11276,72.0|A:12.0|B:27.0|C:15.0,True,2.6826666666666665,severe_x_ge_1.3,27.37060014237819,27.3497955134113,-0.0208046289668892
5,site3,11277,92.0|A:12.0|B:30.0|C:32.0,True,2.991597222222222,severe_x_ge_1.3,36.43276117441636,41.31988288205979,4.887121707643424
5,site3,11279,72.0|A:12.0|B:19.0|C:23.0,True,2.921739130434783,severe_x_ge_1.3,24.757740635526535,26.49734691218686,1.7396062766603215
5,site3,11280,102.0|A:12.0|B:28.0|C:44.0,True,2.9273484848484848,severe_x_ge_1.3,35.82182515046669,38.20958843575918,2.3877632852924933
5,site3,11282,102.0|A:12.0|B:33.0|C:39.0,True,3.0512820512820515,severe_x_ge_1.3,42.41657863715316,42.35122345620113,-0.0653551809520252
5,site3,11299,72.0|A:28.0|B:11.0|C:15.0,False,1.896,severe_x_ge_1.3,27.821302601102325,27.328555237765134,-0.492747363337191
5,site3,11300,82.0|A:12.0|B:27.0|C:25.0,True,2.653155555555556,severe_x_ge_1.3,32.467892902702374,32.82422815138688,0.356335248684509
5,site3,11303,72.0|A:14.0|B:30.0|C:10.0,False,1.736,severe_x_ge_1.3,20.738508063339577,20.94665446824333,0.2081464049037578
5,site3,11304,82.0|A:12.0|B:26.0|C:26.0,True,2.882264957264957,severe_x_ge_1.3,47.74409819355705,43.975752295758696,-3.768345897798355
5,site3,11307,92.0|A:12.0|B:28.0|C:34.0,True,2.838169934640524,severe_x_ge_1.3,32.432210052750044,36.37822876301224,3.9460187102621935
5,site3,11311,82.0|A:12.0|B:23.0|C:29.0,True,2.492988505747127,severe_x_ge_1.3,28.781997901981367,30.38408435404048,1.6020864520591118
5,site3,11316,102.0|A:12.0|B:36.0|C:36.0,True,2.7184259259259256,severe_x_ge_1.3,38.80967124331893,38.74028970775638,-0.0693815355625488
5,site3,11323,72.0|A:12.0|B:10.0|C:32.0,True,1.96125,severe_x_ge_1.3,18.07649608421261,17.60993430172584,-0.4665617824867745
5,site3,11342,72.0|A:13.0|B:11.0|C:30.0,True,2.917333333333333,severe_x_ge_1.3,28.97674055890965,29.90936756969105,0.932627010781392
5,site3,11354,72.0|A:12.0|B:28.0|C:14.0,True,2.531428571428572,severe_x_ge_1.3,36.11141362713725,32.92380777784515,-3.1876058492921047
5,site3,11355,72.0|A:18.0|B:10.0|C:26.0,True,3.124615384615385,severe_x_ge_1.3,29.78281822366188,28.039861999585856,-1.7429562240760248
5,site3,11357,92.0|A:12.0|B:9.0|C:53.0,True,1.9904402515723272,severe_x_ge_1.3,18.479654073654164,19.98582444525404,1.506170371599875
5,site3,11358,102.0|A:12.0|B:20.0|C:52.0,False,2.623012820512821,severe_x_ge_1.3,31.72781120897278,36.59828720384974,4.870475994876962
5,site3,11382,82.0|A:12.0|B:24.0|C:28.0,True,2.222460317460317,severe_x_ge_1.3,34.274824904153945,35.22111383194599,0.9462889277920468
5,site3,11390,102.0|A:12.0|B:42.0|C:30.0,True,3.262111111111111,severe_x_ge_1.3,45.3702187890198,42.7742772427598,-2.595941546259993
5,site3,11397,72.0|A:12.0|B:30.0|C:12.0,True,2.246666666666667,severe_x_ge_1.3,25.39929083511197,24.467234908002077,-0.9320559271098964
5,site3,11407,92.0|A:12.0|B:53.0|C:9.0,True,1.249382716049383,moderate_1.0_le_x_lt_1.3,24.9703990723758,28.60540505283008,3.635005980454277
5,site3,11413,72.0|A:16.0|B:29.0|C:9.0,True,2.2977777777777777,severe_x_ge_1.3,25.691780757157613,25.39625620206676,-0.2955245550908536
5,site3,11414,102.0|A:12.0|B:47.0|C:25.0,True,2.6452,severe_x_ge_1.3,46.69530778767488,44.14836500536342,-2.546942782311461
5,site3,11417,72.0|A:12.0|B:9.0|C:33.0,True,2.696969696969697,severe_x_ge_1.3,21.010849369062363,21.05703624674214,0.0461868776797764
5,site3,11423,72.0|A:12.0|B:23.0|C:19.0,True,3.1094736842105264,severe_x_ge_1.3,33.07150743414009,36.08260097138554,3.0110935372454506
5,site3,11428,72.0|A:16.0|B:12.0|C:26.0,True,2.953846153846154,severe_x_ge_1.3,42.83403772098775,33.40685211691075,-9.427185604077003
5,site3,11429,72.0|A:13.0|B:32.0|C:9.0,True,1.231111111111111,moderate_1.0_le_x_lt_1.3,19.84749090018736,19.312250394998,-0.5352405051893641
5,site3,11436,102.0|A:12.0|B:51.0|C:21.0,True,3.1841269841269844,severe_x_ge_1.3,41.29004099632924,45.18299583747727,3.8929548411480326
5,site3,11441,102.0|A:12.0|B:35.0|C:37.0,True,3.1549549549549547,severe_x_ge_1.3,43.6203352999538,45.45253651294705,1.8322012129932477
5,site3,11443,72.0|A:30.0|B:9.0|C:15.0,True,1.624,severe_x_ge_1.3,23.84181754110897,21.79190235001397,-2.049915191095
5,site3,11445,72.0|A:26.0|B:17.0|C:11.0,False,2.047272727272727,severe_x_ge_1.3,26.61484124024519,25.747466754286783,-0.8673744859584076
5,site3,11455,92.0|A:16.0|B:11.0|C:47.0,False,2.804586288416075,severe_x_ge_1.3,26.39303484359933,28.58114522351486,2.188110379915525
5,site3,11457,82.0|A:12.0|B:33.0|C:19.0,True,3.3159649122807013,severe_x_ge_1.3,38.63373555559563,39.197086215647424,0.5633506600517961
5,site3,11458,72.0|A:12.0|B:22.0|C:20.0,True,3.286,severe_x_ge_1.3,32.59005590047208,35.29936285424933,2.7093069537772507
5,site3,11461,92.0|A:12.0|B:10.0|C:52.0,True,1.6247435897435898,severe_x_ge_1.3,20.026536819852897,24.082601277356915,4.056064457504018
5,site3,11471,72.0|A:14.0|B:17.0|C:23.0,True,2.4243478260869566,severe_x_ge_1.3,24.955881998353703,24.72298909174242,-0.2328929066112834
5,site3,11476,92.0|A:12.0|B:26.0|C:36.0,False,2.5967283950617284,severe_x_ge_1.3,34.519921845701454,33.73999729623441,-0.7799245494670473
5,site3,11485,72.0|A:13.0|B:12.0|C:29.0,True,2.699310344827586,severe_x_ge_1.3,30.783706468128447,26.809929962972088,-3.9737765051563594
5,site3,11486,72.0|A:12.0|B:33.0|C:9.0,True,1.968888888888889,severe_x_ge_1.3,21.326170103230236,19.934773792406933,-1.3913963108232998
5,site3,11487,82.0|A:16.0|B:26.0|C:22.0,False,2.7436868686868685,severe_x_ge_1.3,37.34805784309718,34.36718696733133,-2.980870875765852
5,site3,11489,72.0|A:13.0|B:15.0|C:26.0,True,2.144615384615385,severe_x_ge_1.3,29.215837816135544,28.50262512322474,-0.7132126929108047
5,site3,11497,82.0|A:12.0|B:43.0|C:9.0,True,2.7738271604938274,severe_x_ge_1.3,34.170934257435775,36.66966329310363,2.498729035667857
5,site3,11507,72.0|A:12.0|B:16.0|C:26.0,True,2.5707692307692307,severe_x_ge_1.3,30.447402222551226,28.464851741036355,-1.9825504815148705
5,site3,11510,102.0|A:12.0|B:33.0|C:39.0,True,3.032393162393163,severe_x_ge_1.3,43.06572290756226,45.038582607176345,1.972859699614084
5,site3,11511,72.0|A:12.0|B:12.0|C:30.0,True,2.1906666666666665,severe_x_ge_1.3,24.980687203995185,24.282484257156387,-0.6982029468387978
5,site3,11512,92.0|A:12.0|B:33.0|C:29.0,False,2.719463601532567,severe_x_ge_1.3,30.53282756961652,36.66951711204674,6.136689542430222
5,site3,11519,72.0|A:18.0|B:20.0|C:16.0,True,1.985,severe_x_ge_1.3,24.314554244198145,23.64792544275182,-0.6666288014463255
5,site3,11520,72.0|A:23.0|B:11.0|C:20.0,True,3.324,severe_x_ge_1.3,42.995778154373184,36.43464799022826,-6.56113016414492
5,site3,11530,102.0|A:12.0|B:35.0|C:37.0,True,3.144234234234234,severe_x_ge_1.3,43.78942640335354,42.64227651137044,-1.1471498919830978
5,site3,11538,102.0|A:12.0|B:42.0|C:30.0,True,2.404555555555556,severe_x_ge_1.3,42.22201606267508,44.51133954990768,2.2893234872325934
5,site3,11552,72.0|A:19.0|B:17.0|C:18.0,True,2.6666666666666665,severe_x_ge_1.3,26.790386572266893,26.97965850247699,0.1892719302100971
5,site3,11553,72.0|A:12.0|B:27.0|C:15.0,True,2.56,severe_x_ge_1.3,26.89705277633105,28.77113809932129,1.87408532299024
5,site3,11557,72.0|A:12.0|B:15.0|C:27.0,True,2.802962962962963,severe_x_ge_1.3,34.71570589709864,30.910992889675637,-3.804713007423004
5,site3,11558,72.0|A:21.0|B:17.0|C:16.0,True,1.6850000000000005,severe_x_ge_1.3,25.93166843541506,28.189299906501805,2.2576314710867464
5,site3,11560,72.0|A:12.0|B:27.0|C:15.0,True,2.832,severe_x_ge_1.3,36.2348347182027,35.82904708183985,-0.4057876363628452
5,site3,11563,82.0|A:12.0|B:23.0|C:29.0,True,2.403448275862069,severe_x_ge_1.3,37.64542357477547,35.92312893261511,-1.7222946421603638
5,site3,11564,92.0|A:12.0|B:26.0|C:36.0,False,2.211975308641976,severe_x_ge_1.3,39.55940964248138,42.64603108002659,3.086621437545212
5,site3,11568,82.0|A:25.0|B:17.0|C:22.0,False,3.3379797979797976,severe_x_ge_1.3,44.15570245259814,44.3745046910838,0.218802238485658
5,site3,11571,72.0|A:12.0|B:23.0|C:19.0,True,2.837894736842105,severe_x_ge_1.3,26.575542308214143,27.781257360822124,1.2057150526079816
5,site3,11575,92.0|A:12.0|B:9.0|C:53.0,True,1.8351781970649896,severe_x_ge_1.3,18.35064268238271,20.272611021125783,1.9219683387430744
5,site3,11589,72.0|A:14.0|B:12.0|C:28.0,False,2.98,severe_x_ge_1.3,26.03801856686977,27.61184408401933,1.5738255171495616
5,site3,11594,72.0|A:12.0|B:20.0|C:22.0,True,2.3490909090909087,severe_x_ge_1.3,25.57874596173337,25.951255536228288,0.3725095744949165
5,site3,11598,72.0|A:14.0|B:9.0|C:31.0,True,2.548387096774193,severe_x_ge_1.3,20.552554639221924,20.317728160769608,-0.2348264784523159
5,site3,11599,72.0|A:17.0|B:22.0|C:15.0,False,2.24,severe_x_ge_1.3,22.872106133288703,22.5012939603665,-0.3708121729222036
5,site3,11600,72.0|A:12.0|B:18.0|C:24.0,True,2.246666666666667,severe_x_ge_1.3,24.1634006511713,21.846160944994544,-2.317239706176757
5,site3,11602,72.0|A:12.0|B:16.0|C:26.0,True,2.741538461538461,severe_x_ge_1.3,25.76470884899834,25.52276273995674,-0.2419461090415993
5,site3,11604,82.0|A:12.0|B:17.0|C:35.0,True,2.8647936507936507,severe_x_ge_1.3,26.89873732727291,30.88407203028547,3.9853347030125583
5,site3,11611,72.0|A:12.0|B:14.0|C:28.0,True,1.8857142857142852,severe_x_ge_1.3,21.308522129476163,20.0930584343486,-1.215463695127564
5,site3,11612,72.0|A:18.0|B:12.0|C:24.0,True,2.785,severe_x_ge_1.3,24.807890750159423,26.080678787455213,1.2727880372957898
5,site3,11614,72.0|A:13.0|B:9.0|C:32.0,True,2.6075,severe_x_ge_1.3,20.790487220608235,21.258070574490937,0.4675833538827021
5,site3,11627,72.0|A:19.0|B:9.0|C:26.0,True,2.669230769230769,severe_x_ge_1.3,26.08958776477084,27.65245138269051,1.562863617919671
5,site3,11632,72.0|A:12.0|B:12.0|C:30.0,True,2.6333333333333333,severe_x_ge_1.3,22.53713515507426,24.545093378722964,2.0079582236487035
5,site3,11640,72.0|A:14.0|B:9.0|C:31.0,True,2.775483870967742,severe_x_ge_1.3,21.35390753018987,22.40678074059846,1.0528732104085918
5,site3,11651,72.0|A:23.0|B:16.0|C:15.0,False,1.7466666666666666,severe_x_ge_1.3,22.958366297068984,21.59108496508911,-1.367281331979875
5,site3,11663,72.0|A:12.0|B:13.0|C:29.0,True,2.533793103448276,severe_x_ge_1.3,23.061252268094385,24.168666519918027,1.1074142518236414
5,site3,11668,72.0|A:16.0|B:9.0|C:29.0,True,2.660689655172414,severe_x_ge_1.3,22.991193816773134,25.0575498830055,2.066356066232366
5,site3,11676,72.0|A:12.0|B:15.0|C:27.0,True,2.106666666666667,severe_x_ge_1.3,22.983340184081747,20.072734489683576,-2.9106056943981717
5,site3,11678,72.0|A:12.0|B:17.0|C:25.0,True,2.7920000000000003,severe_x_ge_1.3,26.2783240307876,27.26674843096449,0.9884244001768964
5,site3,11682,72.0|A:17.0|B:10.0|C:27.0,True,1.354074074074074,severe_x_ge_1.3,20.167116348291188,19.54531030208988,-0.6218060462013106
5,site3,11685,72.0|A:15.0|B:19.0|C:20.0,True,2.75,severe_x_ge_1.3,27.81895836207456,27.745059280054623,-0.0738990820199312
5,site3,11687,72.0|A:12.0|B:14.0|C:28.0,True,1.9385714285714288,severe_x_ge_1.3,21.352384141029468,20.895545959983195,-0.4568381810462725
5,site3,11692,72.0|A:12.0|B:17.0|C:25.0,True,2.2448,severe_x_ge_1.3,22.93298939197915,22.72940425382804,-0.2035851381511122
5,site3,11693,72.0|A:12.0|B:14.0|C:28.0,True,2.4,severe_x_ge_1.3,24.71572953827828,23.885948689380427,-0.8297808488978546
5,site3,11699,72.0|A:12.0|B:13.0|C:29.0,True,2.4317241379310346,severe_x_ge_1.3,22.81511858759016,22.82330591909466,0.0081873315045051
5,site3,11701,72.0|A:12.0|B:19.0|C:23.0,True,2.841739130434783,severe_x_ge_1.3,26.331227377854194,27.058135684506528,0.7269083066523336
5,site3,11704,72.0|A:14.0|B:17.0|C:23.0,True,2.071304347826087,severe_x_ge_1.3,24.106328778458675,22.058055023993568,-2.0482737544651077
5,site3,11709,72.0|A:14.0|B:14.0|C:26.0,False,2.470769230769231,severe_x_ge_1.3,21.22625880993084,20.6503089032086,-0.5759499067222364
5,site3,11714,72.0|A:14.0|B:20.0|C:20.0,True,1.348,severe_x_ge_1.3,23.84545427471757,22.864428495003807,-0.9810257797137644
5,site3,11717,72.0|A:12.0|B:25.0|C:17.0,True,1.847058823529412,severe_x_ge_1.3,25.441466847012773,22.766738477619075,-2.674728369393698
5,site3,11719,72.0|A:12.0|B:26.0|C:16.0,True,1.43,severe_x_ge_1.3,23.462123833614715,21.61463048334629,-1.8474933502684292
5,site3,11721,72.0|A:12.0|B:11.0|C:31.0,True,2.1793548387096773,severe_x_ge_1.3,24.448214553365148,24.16978698132888,-0.2784275720362679
5,site3,11735,72.0|A:12.0|B:13.0|C:29.0,True,2.8896551724137933,severe_x_ge_1.3,25.4833305696217,28.82904160065713,3.345711031035432
6,site4,11738,76.0|A:55.0|B:9.0,True,1.9153535353535351,severe_x_ge_1.3,8.302356020304346,8.43751597077028,0.1351599504659333
6,site4,11739,76.0|A:55.0|B:9.0,True,1.3004444444444443,severe_x_ge_1.3,9.02590735870586,9.188266433019878,0.1623590743140184
6,site4,11745,66.0|A:44.0|B:10.0,True,1.8616666666666664,severe_x_ge_1.3,11.598194884110264,11.702195142190238,0.1040002580799726
6,site4,11748,66.0|A:32.0|B:22.0,True,1.6296296296296298,severe_x_ge_1.3,8.27537591316106,8.84507691774431,0.5697010045832496
6,site4,11749,76.0|A:55.0|B:9.0,True,2.0788686868686868,severe_x_ge_1.3,11.215546918227556,11.0069156138893,-0.2086313043382546
6,site4,11753,66.0|A:45.0|B:9.0,True,1.210814814814815,moderate_1.0_le_x_lt_1.3,9.703421073407396,9.01323341858785,-0.690187654819546
6,site4,11759,66.0|A:45.0|B:9.0,True,1.5945925925925928,severe_x_ge_1.3,11.359043851054048,11.03304495616818,-0.325998894885867
6,site4,11760,76.0|A:55.0|B:9.0,True,1.3695353535353536,severe_x_ge_1.3,9.852252925896742,9.63736220844419,-0.2148907174525529
6,site4,11767,66.0|A:28.0|B:26.0,True,1.2975925925925929,moderate_1.0_le_x_lt_1.3,8.370284432589997,9.045253278722477,0.6749688461324777
6,site4,11776,66.0|A:43.0|B:11.0,True,1.8265116279069769,severe_x_ge_1.3,12.761815184247489,12.04264804940343,-0.7191671348440583
6,site4,11782,66.0|A:45.0|B:9.0,True,1.4813333333333334,severe_x_ge_1.3,9.968395447460685,9.14774117568579,-0.8206542717748952
6,site4,11793,66.0|A:45.0|B:9.0,True,1.285777777777778,moderate_1.0_le_x_lt_1.3,10.39918454580132,10.203121558838598,-0.1960629869627226
6,site4,11794,66.0|A:31.0|B:23.0,True,1.8013978494623657,severe_x_ge_1.3,10.873270790238715,11.169210528973244,0.2959397387345266
6,site4,11795,66.0|A:45.0|B:9.0,True,1.8349629629629631,severe_x_ge_1.3,12.428097278414112,12.418428485679623,-0.0096687927344873
6,site4,11805,106.0|A:85.0|B:9.0,True,1.023281045751634,moderate_1.0_le_x_lt_1.3,7.469880584205886,7.402022310182515,-0.0678582740233713
6,site4,11811,66.0|A:45.0|B:9.0,True,1.804814814814815,severe_x_ge_1.3,14.447353952855568,13.087906242795258,-1.3594477100603104
6,site4,11817,66.0|A:31.0|B:23.0,True,1.3649462365591396,severe_x_ge_1.3,12.391892697607998,12.345503135948386,-0.0463895616596126
6,site4,11821,66.0|A:45.0|B:9.0,True,1.82762962962963,severe_x_ge_1.3,12.26008140729014,11.51206753146671,-0.7480138758234283
6,site4,11823,66.0|A:44.0|B:10.0,True,1.1075,moderate_1.0_le_x_lt_1.3,9.932192855560825,9.350044578792176,-0.5821482767686472
6,site4,11846,76.0|A:55.0|B:9.0,True,1.3503434343434342,severe_x_ge_1.3,9.964774036965212,9.934863888381658,-0.0299101485835553
6,site4,11848,66.0|A:39.0|B:15.0,True,1.6920987654320985,severe_x_ge_1.3,9.18042185956805,9.060684845251046,-0.1197370143170033
6,site4,11849,66.0|A:27.0|B:27.0,True,1.6859876543209875,severe_x_ge_1.3,10.258843430352094,10.083582769083874,-0.1752606612682203
6,site4,11852,66.0|A:44.0|B:10.0,True,1.6075000000000002,severe_x_ge_1.3,10.13388997372785,9.895406874090895,-0.2384830996369533
6,site4,11855,96.0|A:75.0|B:9.0,True,1.0716444444444444,moderate_1.0_le_x_lt_1.3,9.605375169705573,10.545164684126572,0.9397895144210012
6,site4,11856,76.0|A:55.0|B:9.0,True,1.39410101010101,severe_x_ge_1.3,8.731516504469027,8.50773452241311,-0.2237819820559181
6,site4,11857,66.0|A:39.0|B:15.0,True,1.6058119658119658,severe_x_ge_1.3,11.532182713489837,11.41800214432902,-0.1141805691608137
6,site4,11859,66.0|A:45.0|B:9.0,True,1.526962962962963,severe_x_ge_1.3,11.994962928694871,11.346912705925302,-0.6480502227695695
6,site4,11864,66.0|A:43.0|B:11.0,True,1.101705426356589,moderate_1.0_le_x_lt_1.3,10.85177799127539,10.507424264523596,-0.3443537267517929
6,site4,11868,96.0|A:75.0|B:9.0,True,1.6732444444444443,severe_x_ge_1.3,9.576330502886243,10.197657033647422,0.621326530761177
6,site4,11878,76.0|A:55.0|B:9.0,True,1.3695353535353536,severe_x_ge_1.3,7.923014204811193,7.603587643447741,-0.3194265613634517
6,site4,11879,66.0|A:45.0|B:9.0,True,1.8202962962962963,severe_x_ge_1.3,11.988230949886502,11.821104008274189,-0.1671269416123131
6,site4,11880,116.0|A:95.0|B:9.0,True,1.316701754385965,severe_x_ge_1.3,8.10230829904488,8.683946226387143,0.5816379273422623
6,site4,11881,66.0|A:43.0|B:11.0,True,2.1727131782945737,severe_x_ge_1.3,9.995359249620444,10.153026357677096,0.1576671080566534
6,site4,11883,106.0|A:85.0|B:9.0,True,1.0191241830065358,moderate_1.0_le_x_lt_1.3,8.511352191969909,9.59222863059546,1.08087643862555
6,site4,11891,86.0|A:65.0|B:9.0,True,1.3987863247863248,severe_x_ge_1.3,9.83240470771373,9.517950078157366,-0.3144546295563639
6,site4,11894,66.0|A:38.0|B:16.0,True,1.1221929824561403,moderate_1.0_le_x_lt_1.3,9.139538424298983,9.286177029419392,0.1466386051204065
6,site4,11897,66.0|A:41.0|B:13.0,True,1.758211382113821,severe_x_ge_1.3,12.003638376834283,11.52517274883524,-0.4784656279990429
6,site4,11905,66.0|A:45.0|B:9.0,True,1.798703703703704,severe_x_ge_1.3,8.82307792954173,8.216558185043272,-0.606519744498458
6,site4,11916,86.0|A:65.0|B:9.0,True,1.550205128205128,severe_x_ge_1.3,9.203588852425096,9.580977997641488,0.3773891452163926
6,site4,11917,96.0|A:75.0|B:9.0,True,1.1804444444444444,moderate_1.0_le_x_lt_1.3,8.544025238840515,8.564297132322984,0.0202718934824694
6,site4,11924,66.0|A:44.0|B:10.0,True,1.5925000000000002,severe_x_ge_1.3,10.327722259898094,10.345659987756834,0.0179377278587402
6,site4,11927,106.0|A:85.0|B:9.0,True,1.1500653594771242,moderate_1.0_le_x_lt_1.3,9.34853993534364,9.546352267012397,0.1978123316687572
6,site4,11944,96.0|A:75.0|B:9.0,True,1.4556444444444443,severe_x_ge_1.3,8.871835840939767,8.872809730265876,0.0009738893261097
6,site4,11946,66.0|A:45.0|B:9.0,True,1.443851851851852,severe_x_ge_1.3,11.5558118761194,10.606508713499489,-0.9493031626199108
6,site4,11949,66.0|A:39.0|B:15.0,True,1.023846153846154,moderate_1.0_le_x_lt_1.3,9.026028074845042,8.842044066820023,-0.1839840080250194
6,site4,11950,66.0|A:34.0|B:20.0,True,2.2798039215686274,severe_x_ge_1.3,16.583577308563623,14.600913001045088,-1.9826643075185348
6,site4,11958,66.0|A:33.0|B:21.0,True,1.58,severe_x_ge_1.3,13.867914315451795,13.97275256482965,0.1048382493778525
6,site4,11964,66.0|A:31.0|B:23.0,True,1.6156989247311826,severe_x_ge_1.3,15.079791043996568,15.136957685547934,0.0571666415513671
6,site4,11975,66.0|A:15.0|B:39.0,True,1.151333333333333,moderate_1.0_le_x_lt_1.3,11.031255579417993,11.16615988977956,0.1349043103615681
6,site4,11980,66.0|A:27.0|B:27.0,True,1.103395061728395,moderate_1.0_le_x_lt_1.3,9.632851187821842,9.61582309470241,-0.0170280931194319
6,site4,11983,66.0|A:45.0|B:9.0,True,1.399037037037037,severe_x_ge_1.3,10.407809639539105,10.20717139371715,-0.2006382458219526
6,site4,11989,66.0|A:39.0|B:15.0,True,1.05017094017094,moderate_1.0_le_x_lt_1.3,13.526673041679656,13.59451656241111,0.0678435207314542
6,site4,11992,66.0|A:28.0|B:26.0,True,1.0764285714285713,moderate_1.0_le_x_lt_1.3,12.393126544030755,12.876586732328422,0.4834601882976663
6,site4,11995,66.0|A:37.0|B:17.0,True,1.523024691358025,severe_x_ge_1.3,9.162352567137736,9.596272270566224,0.4339197034284883
6,site4,11996,66.0|A:27.0|B:27.0,True,1.5793827160493823,severe_x_ge_1.3,8.586896393915492,8.379509268672503,-0.2073871252429882
6,site4,12000,66.0|A:27.0|B:27.0,True,1.1407407407407406,moderate_1.0_le_x_lt_1.3,6.2969050144958665,6.479878048645826,0.1829730341499598
6,site4,12009,66.0|A:36.0|B:18.0,True,1.8425,severe_x_ge_1.3,16.125129307348107,15.806541401533387,-0.3185879058147183
6,site4,12016,66.0|A:33.0|B:21.0,True,1.5040123456790129,severe_x_ge_1.3,10.23294080251685,10.164349155809344,-0.0685916467075067
6,site4,12022,66.0|A:27.0|B:27.0,True,1.3661728395061727,severe_x_ge_1.3,6.866160488935913,7.007292035678967,0.141131546743054
6,site4,12026,66.0|A:39.0|B:15.0,True,2.1266666666666665,severe_x_ge_1.3,14.962373125529922,14.449090143414844,-0.5132829821150775
6,site4,12028,66.0|A:24.0|B:30.0,True,1.3478395061728397,severe_x_ge_1.3,9.870742278047253,10.071030021171843,0.2002877431245924
6,site4,12034,66.0|A:34.0|B:20.0,True,1.155,moderate_1.0_le_x_lt_1.3,12.835202426798954,13.43332462313147,0.5981221963325165
6,site4,12037,66.0|A:45.0|B:9.0,True,1.526962962962963,severe_x_ge_1.3,10.14575620881124,9.972989357481596,-0.1727668513296443
6,site4,12046,66.0|A:20.0|B:34.0,True,1.7434999999999998,severe_x_ge_1.3,11.431465977309726,11.803800636763688,0.372334659453962
6,site4,12051,66.0|A:42.0|B:12.0,True,1.072063492063492,moderate_1.0_le_x_lt_1.3,13.347182231217465,12.91754605965693,-0.429636171560535
6,site4,12053,66.0|A:41.0|B:13.0,True,1.4031707317073172,severe_x_ge_1.3,11.847554761854054,11.673650354657584,-0.1739044071964706
6,site4,12057,66.0|A:21.0|B:33.0,True,1.772222222222222,severe_x_ge_1.3,13.191939158106804,12.900395599508723,-0.2915435585980805
6,site4,12058,66.0|A:41.0|B:13.0,True,1.0812195121951218,moderate_1.0_le_x_lt_1.3,10.31294458809532,10.328844560547871,0.0158999724525514
6,site4,12062,66.0|A:43.0|B:11.0,True,1.146851851851852,moderate_1.0_le_x_lt_1.3,8.182805579749745,7.95558516201861,-0.227220417731135
6,site4,12063,66.0|A:28.0|B:26.0,True,1.4994047619047617,severe_x_ge_1.3,11.124146685657657,11.58573094930131,0.4615842636436547
6,site4,12065,66.0|A:12.0|B:42.0,True,1.326111111111111,severe_x_ge_1.3,9.99788679984444,9.512886648338135,-0.4850001515063038
6,site4,12070,66.0|A:45.0|B:9.0,True,1.8202962962962963,severe_x_ge_1.3,10.688902389099118,9.986408960542052,-0.7024934285570659
6,site4,12076,66.0|A:45.0|B:9.0,True,1.669555555555556,severe_x_ge_1.3,11.026739560961492,10.434666215329765,-0.5920733456317286
6,site4,12082,66.0|A:28.0|B:26.0,True,1.7652380952380953,severe_x_ge_1.3,11.58076085812982,11.86312487031466,0.2823640121848392
6,site4,12084,66.0|A:24.0|B:30.0,True,1.579722222222222,severe_x_ge_1.3,11.249584871139502,11.433525916407524,0.183941045268023
6,site4,12100,66.0|A:24.0|B:30.0,True,1.1565277777777778,moderate_1.0_le_x_lt_1.3,12.1198319631553,12.451430059528322,0.3315980963730212
6,site4,12105,66.0|A:39.0|B:15.0,True,1.6405982905982903,severe_x_ge_1.3,10.782603470541,10.691959795609767,-0.0906436749312309
6,site4,12108,66.0|A:27.0|B:27.0,True,2.0058024691358023,severe_x_ge_1.3,16.194253432708916,15.784337514083845,-0.4099159186250709
6,site4,12112,66.0|A:40.0|B:14.0,True,1.9543333333333333,severe_x_ge_1.3,13.463915711917895,13.244793247137832,-0.2191224647800638
6,site4,12119,66.0|A:42.0|B:12.0,True,2.352777777777778,severe_x_ge_1.3,13.32297362758356,13.175108467163929,-0.1478651604196326
6,site4,12125,66.0|A:40.0|B:14.0,True,1.6839166666666667,severe_x_ge_1.3,14.002506461675583,13.695169795560586,-0.3073366661149972
6,site4,12137,66.0|A:41.0|B:13.0,True,1.3790243902439026,severe_x_ge_1.3,12.355308325873091,12.249588231826358,-0.1057200940467328
6,site4,12138,66.0|A:39.0|B:15.0,True,1.431880341880342,severe_x_ge_1.3,11.365102093611592,12.03632520957812,0.6712231159665265
6,site4,12140,66.0|A:25.0|B:29.0,True,2.4772000000000003,severe_x_ge_1.3,16.072458932947836,15.98519283619915,-0.0872660967486851
6,site4,12141,66.0|A:39.0|B:15.0,True,1.1197435897435897,moderate_1.0_le_x_lt_1.3,10.309402864246312,10.605206831479409,0.2958039672330947
6,site4,12145,66.0|A:28.0|B:26.0,True,2.5142857142857142,severe_x_ge_1.3,14.960136199615588,14.943859413257863,-0.0162767863577215
6,site4,12146,96.0|A:75.0|B:9.0,True,1.1662222222222225,moderate_1.0_le_x_lt_1.3,7.768787120055082,8.32201722910742,0.5532301090523379
6,site4,12156,66.0|A:27.0|B:27.0,True,1.6174074074074072,severe_x_ge_1.3,13.750565884335572,14.082896968174325,0.3323310838387527
6,site4,12161,66.0|A:39.0|B:15.0,True,1.7703418803418804,severe_x_ge_1.3,11.337318844597144,11.522124162566964,0.1848053179698201
6,site4,12175,66.0|A:25.0|B:29.0,True,1.3405333333333334,severe_x_ge_1.3,10.939086436855044,11.610577485322413,0.6714910484673684
6,site4,12180,66.0|A:41.0|B:13.0,True,2.030975609756098,severe_x_ge_1.3,12.472225975684038,11.561438830151989,-0.9107871455320496
6,site4,12189,66.0|A:35.0|B:19.0,True,1.1125714285714283,moderate_1.0_le_x_lt_1.3,9.974011775362316,10.064043462198308,0.0900316868359922
6,site4,12197,66.0|A:29.0|B:25.0,True,1.1088505747126436,moderate_1.0_le_x_lt_1.3,12.655999321370984,13.422503116423384,0.7665037950523992
6,site4,12198,66.0|A:29.0|B:25.0,True,1.2959770114942528,moderate_1.0_le_x_lt_1.3,10.02079076766288,10.389868890191076,0.3690781225281938
6,site4,12199,66.0|A:44.0|B:10.0,True,1.9233333333333331,severe_x_ge_1.3,11.202758360100525,10.869695064357552,-0.3330632957429706
6,site4,12203,66.0|A:44.0|B:10.0,True,2.0,severe_x_ge_1.3,9.258853840979892,9.457418889300538,0.1985650483206456
6,site4,12208,66.0|A:45.0|B:9.0,True,1.210814814814815,moderate_1.0_le_x_lt_1.3,9.513862660478829,9.150756967043716,-0.3631056934351129
6,site4,12212,66.0|A:29.0|B:25.0,True,2.065977011494253,severe_x_ge_1.3,16.69196621338407,15.276406772229414,-1.415559441154656
6,site4,12213,66.0|A:32.0|B:22.0,True,1.216875,moderate_1.0_le_x_lt_1.3,12.285269807118308,12.948908192101454,0.6636383849831464
6,site4,12219,66.0|A:33.0|B:21.0,True,1.4766666666666666,severe_x_ge_1.3,13.545590639352024,13.853970695557996,0.3083800562059728
6,site4,12228,66.0|A:38.0|B:16.0,True,2.2443859649122806,severe_x_ge_1.3,13.677278271793153,13.461337696711835,-0.2159405750813157
6,site4,12230,66.0|A:34.0|B:20.0,True,1.6726470588235296,severe_x_ge_1.3,10.949064029941676,11.179648101594765,0.2305840716530873
6,site4,12231,66.0|A:18.0|B:36.0,True,1.2405555555555556,moderate_1.0_le_x_lt_1.3,10.84284476495956,11.387108539719884,0.5442637747603225
6,site4,12233,66.0|A:42.0|B:12.0,True,1.7163492063492063,severe_x_ge_1.3,13.499610585469805,13.296286610293953,-0.2033239751758522
6,site4,12238,66.0|A:30.0|B:24.0,True,1.151333333333333,moderate_1.0_le_x_lt_1.3,13.521289158547203,13.81404192496055,0.2927527664133471
6,site4,12240,66.0|A:25.0|B:29.0,True,1.3816,severe_x_ge_1.3,12.76079179773377,12.938925297564085,0.1781334998303148
6,site4,12241,66.0|A:43.0|B:11.0,True,1.447906976744186,severe_x_ge_1.3,12.849861868165796,12.060812878339524,-0.7890489898262718
6,site4,12244,66.0|A:37.0|B:17.0,True,1.563783783783784,severe_x_ge_1.3,11.990426313952886,11.789807847567044,-0.2006184663858423
6,site4,12247,66.0|A:39.0|B:15.0,True,1.431880341880342,severe_x_ge_1.3,11.93822439495822,12.049879537837027,0.1116551428788081
6,site4,12248,66.0|A:43.0|B:11.0,True,1.2986821705426357,moderate_1.0_le_x_lt_1.3,11.06340988499061,10.7584795881788,-0.3049302968118095
6,site4,12255,66.0|A:27.0|B:27.0,True,1.385185185185185,severe_x_ge_1.3,9.013714904237682,8.961447590845397,-0.052267313392285
6,site4,12257,66.0|A:24.0|B:30.0,True,1.11375,moderate_1.0_le_x_lt_1.3,11.396209972097225,11.565239114426324,0.1690291423290979
6,site4,12264,66.0|A:27.0|B:27.0,True,1.4605555555555556,severe_x_ge_1.3,8.725717864092838,8.597317964293598,-0.1283998997992395
6,site4,12266,66.0|A:39.0|B:15.0,True,1.571025641025641,severe_x_ge_1.3,11.286654193598286,10.999761552840711,-0.2868926407575731
6,site4,12267,66.0|A:39.0|B:15.0,True,2.1088034188034186,severe_x_ge_1.3,13.105391218368077,13.905824917050964,0.8004336986828875
6,site4,12274,66.0|A:27.0|B:27.0,True,2.243456790123457,severe_x_ge_1.3,13.299392154335932,13.931573704185578,0.6321815498496459
6,site4,12275,66.0|A:24.0|B:30.0,True,1.3478395061728397,severe_x_ge_1.3,10.53533146894376,10.601750919382518,0.0664194504387563
6,site4,12279,66.0|A:26.0|B:28.0,True,1.3143589743589743,severe_x_ge_1.3,11.663859445954252,11.654939083234009,-0.0089203627202429
6,site4,12287,66.0|A:43.0|B:11.0,True,1.7634108527131782,severe_x_ge_1.3,11.23743981988932,10.955681976750762,-0.2817578431385588
6,site4,12296,66.0|A:21.0|B:33.0,True,1.4823809523809524,severe_x_ge_1.3,12.564921819289678,12.967610724976732,0.4026889056870555
6,site4,12302,66.0|A:27.0|B:27.0,True,1.385185185185185,severe_x_ge_1.3,7.768947080273488,7.861890230347799,0.0929431500743112
6,site4,12305,66.0|A:31.0|B:23.0,True,1.422530864197531,severe_x_ge_1.3,9.009554096330753,9.532134582340294,0.5225804860095433
6,site4,12308,76.0|A:55.0|B:9.0,True,1.701939393939394,severe_x_ge_1.3,10.349044253094496,9.879751520677551,-0.469292732416946
6,site4,12312,66.0|A:26.0|B:28.0,True,1.4544444444444444,severe_x_ge_1.3,9.396763279156836,9.254071426622648,-0.1426918525341864
6,site4,12313,66.0|A:27.0|B:27.0,True,1.372962962962963,severe_x_ge_1.3,8.625803766620924,8.58419844364573,-0.0416053229751938
6,site4,12321,66.0|A:27.0|B:27.0,True,1.2412345679012344,moderate_1.0_le_x_lt_1.3,9.088454332954385,9.505186846987227,0.4167325140328444
6,site4,12342,66.0|A:21.0|B:33.0,True,1.4177777777777778,severe_x_ge_1.3,13.198902330303188,13.577081890907422,0.3781795606042344
6,site4,12343,66.0|A:28.0|B:26.0,True,2.1279761904761902,severe_x_ge_1.3,15.630635586494108,15.095412229418727,-0.5352233570753793
6,site4,12346,66.0|A:26.0|B:28.0,True,1.6923076923076923,severe_x_ge_1.3,14.03578750753596,14.510652120824178,0.4748646132882186
6,site4,12359,66.0|A:29.0|B:25.0,True,1.4122988505747125,severe_x_ge_1.3,11.363538572479634,11.611741873601604,0.2482033011219702
6,site4,12366,66.0|A:38.0|B:16.0,True,2.690175438596491,severe_x_ge_1.3,12.82438926865776,13.327043760573227,0.5026544919154663
6,site4,12379,66.0|A:19.0|B:35.0,True,1.4476543209876545,severe_x_ge_1.3,10.21298365640441,10.381143902247208,0.1681602458427988
6,site4,12383,66.0|A:34.0|B:20.0,True,2.3488235294117645,severe_x_ge_1.3,13.743434468659204,14.153151898611672,0.4097174299524688
6,site4,12386,66.0|A:44.0|B:10.0,True,1.3308333333333335,severe_x_ge_1.3,9.131965781869829,9.156181997304335,0.0242162154345066
6,site4,12387,66.0|A:24.0|B:30.0,True,1.360061728395062,severe_x_ge_1.3,9.959062555136876,9.766099869117555,-0.1929626860193192
6,site4,12388,66.0|A:23.0|B:31.0,True,1.3098148148148148,severe_x_ge_1.3,8.290836463905517,8.542374857448037,0.2515383935425195
6,site4,12392,66.0|A:13.0|B:41.0,True,1.274871794871795,moderate_1.0_le_x_lt_1.3,10.568348385909433,10.69031813469922,0.1219697487897892
6,site4,12394,66.0|A:22.0|B:32.0,True,1.2100000000000002,moderate_1.0_le_x_lt_1.3,8.928500102859958,8.920647951531876,-0.0078521513280822
6,site4,12396,66.0|A:29.0|B:25.0,True,2.543908045977012,severe_x_ge_1.3,14.425483249203475,14.719836663931162,0.2943534147276843
6,site4,12401,66.0|A:45.0|B:9.0,True,1.4520000000000002,severe_x_ge_1.3,8.994748989798998,8.543368286205371,-0.4513807035936263
6,site4,12409,66.0|A:34.0|B:20.0,True,2.3693137254901964,severe_x_ge_1.3,14.00136575459272,13.80358893410811,-0.1977768204846111
6,site4,12411,66.0|A:45.0|B:9.0,True,1.3240740740740742,severe_x_ge_1.3,10.893541615174613,10.315034986186292,-0.5785066289883201
6,site4,12413,66.0|A:37.0|B:17.0,True,1.4448648648648652,severe_x_ge_1.3,11.302654628891483,11.593446703641892,0.2907920747504082
6,site4,12414,66.0|A:42.0|B:12.0,True,1.8534126984126984,severe_x_ge_1.3,10.284827346847504,10.261247552964708,-0.0235797938827957
6,site4,12427,66.0|A:26.0|B:28.0,True,1.5484615384615386,severe_x_ge_1.3,11.30938923284019,11.284598223767723,-0.0247910090724658
6,site4,12431,66.0|A:37.0|B:17.0,True,1.7104504504504507,severe_x_ge_1.3,13.560234096019784,13.58823644453244,0.0280023485126559
6,site4,12436,66.0|A:34.0|B:20.0,True,1.393333333333333,severe_x_ge_1.3,11.91531015927186,12.413873321369207,0.4985631620973478
6,site4,12444,66.0|A:20.0|B:34.0,True,1.573,severe_x_ge_1.3,12.778169504789236,13.584628235056892,0.8064587302676554
6,site4,12451,66.0|A:38.0|B:16.0,True,1.698888888888889,severe_x_ge_1.3,10.8113747564747,10.85008519499186,0.0387104385171621
6,site4,12453,66.0|A:27.0|B:27.0,True,1.7233333333333332,severe_x_ge_1.3,7.304631209730389,7.122970254817891,-0.1816609549124983
6,site4,12473,66.0|A:41.0|B:13.0,True,1.3620325203252033,severe_x_ge_1.3,10.341493320261645,10.2077542665568,-0.1337390537048453
6,site4,12482,66.0|A:35.0|B:19.0,True,1.1890476190476191,moderate_1.0_le_x_lt_1.3,12.468925753883582,12.735608264548128,0.2666825106645447
6,site4,12485,66.0|A:29.0|B:25.0,True,1.366172839506173,severe_x_ge_1.3,9.37455617286417,9.912049633693156,0.537493460828987
6,site4,12487,66.0|A:45.0|B:9.0,True,1.1961481481481482,moderate_1.0_le_x_lt_1.3,9.33975435169642,9.030728265977466,-0.3090260857189548
6,site4,12497,66.0|A:38.0|B:16.0,True,2.0928947368421054,severe_x_ge_1.3,14.835918473065677,13.449089741046771,-1.3868287320189037
6,site4,12498,76.0|A:55.0|B:9.0,True,1.1054545454545457,moderate_1.0_le_x_lt_1.3,9.01423721041699,9.457728084084252,0.4434908736672618
6,site4,12511,66.0|A:38.0|B:16.0,True,2.2173684210526314,severe_x_ge_1.3,13.26487834355489,13.675985796760378,0.4111074532054868
6,site4,12513,66.0|A:45.0|B:9.0,True,1.3159259259259262,severe_x_ge_1.3,8.857694093732288,8.887448647650876,0.0297545539185879
6,site4,12517,66.0|A:24.0|B:30.0,True,1.8470833333333327,severe_x_ge_1.3,12.897795522650698,13.739274699777193,0.8414791771264944
6,site4,12522,66.0|A:44.0|B:10.0,True,1.9383333333333328,severe_x_ge_1.3,11.482011876054232,11.73150292894812,0.2494910528938874
6,site4,12525,66.0|A:42.0|B:12.0,True,1.539126984126984,severe_x_ge_1.3,10.871337037228267,10.680584473543696,-0.1907525636845726
6,site4,12527,66.0|A:45.0|B:9.0,True,1.007925925925926,moderate_1.0_le_x_lt_1.3,7.830583280468603,8.043698378684338,0.2131150982157352
6,site4,12537,66.0|A:38.0|B:16.0,True,1.594035087719298,severe_x_ge_1.3,16.040460742664973,16.515193600093255,0.4747328574282825
6,site4,12539,66.0|A:44.0|B:10.0,True,1.2691666666666668,moderate_1.0_le_x_lt_1.3,8.421054803136853,8.641089691659179,0.220034888522326
6,site4,12540,66.0|A:31.0|B:23.0,True,1.8558064516129031,severe_x_ge_1.3,11.572056178730504,12.084335528968705,0.5122793502381988
6,site4,12545,66.0|A:43.0|B:11.0,True,1.2534567901234568,moderate_1.0_le_x_lt_1.3,8.62167070151218,8.81645300579982,0.1947823042876404
6,site4,12549,66.0|A:37.0|B:17.0,True,1.1981081081081082,moderate_1.0_le_x_lt_1.3,10.700921157716092,11.315763515423486,0.6148423577073938
6,site4,12551,66.0|A:10.0|B:44.0,True,1.2846913580246917,moderate_1.0_le_x_lt_1.3,6.6990208228334165,6.273483858031561,-0.4255369648018554
6,site4,12552,66.0|A:32.0|B:22.0,True,1.5732716049382718,severe_x_ge_1.3,9.419778991270666,9.307495141733057,-0.1122838495376115
6,site4,12555,66.0|A:27.0|B:27.0,True,1.2412345679012344,moderate_1.0_le_x_lt_1.3,13.144897563176896,14.030024419331989,0.8851268561550896
6,site4,12558,66.0|A:27.0|B:27.0,True,1.5671604938271604,severe_x_ge_1.3,8.519179908457806,8.615230032890022,0.0960501244322156
6,site4,12564,66.0|A:41.0|B:13.0,True,1.799349593495935,severe_x_ge_1.3,12.543089722222222,12.336307368356028,-0.2067823538661937
6,site4,12571,66.0|A:34.0|B:20.0,True,1.762156862745098,severe_x_ge_1.3,12.868936883703077,13.198587855108832,0.3296509714057567
6,site4,12580,66.0|A:27.0|B:27.0,True,1.767469135802469,severe_x_ge_1.3,6.210331451558983,6.397679639526567,0.1873481879675838
6,site4,12586,66.0|A:45.0|B:9.0,True,1.2034814814814816,moderate_1.0_le_x_lt_1.3,11.216349782026972,10.420893887108136,-0.7954558949188364
6,site4,12588,66.0|A:34.0|B:20.0,True,1.0470370370370372,moderate_1.0_le_x_lt_1.3,9.058608087426936,9.22210911496345,0.1635010275365136
6,site4,12592,66.0|A:27.0|B:27.0,True,1.2473456790123458,moderate_1.0_le_x_lt_1.3,7.201602768826254,7.197220936522077,-0.0043818323041762
6,site4,12594,66.0|A:42.0|B:12.0,True,1.491111111111111,severe_x_ge_1.3,13.993507882346234,13.65347019158702,-0.340037690759214
6,site4,12607,66.0|A:21.0|B:33.0,True,1.4020634920634922,severe_x_ge_1.3,12.12197906463846,12.575761862179972,0.4537827975415105
6,site4,12612,66.0|A:27.0|B:27.0,True,1.0843827160493826,moderate_1.0_le_x_lt_1.3,8.918244966462211,9.033630018085136,0.1153850516229262
6,site4,12616,66.0|A:30.0|B:24.0,True,1.32,severe_x_ge_1.3,12.843518168304342,13.31980676420925,0.4762885959049079
6,site4,12632,66.0|A:31.0|B:23.0,True,1.2123655913978493,moderate_1.0_le_x_lt_1.3,13.719050828455112,14.026241941134902,0.3071911126797904
6,site4,12634,66.0|A:23.0|B:31.0,True,1.5591304347826085,severe_x_ge_1.3,13.646289338320162,13.893352061520028,0.2470627231998641
6,site4,12643,66.0|A:22.0|B:32.0,True,1.8616666666666664,severe_x_ge_1.3,11.772092803603666,12.425575398758037,0.6534825951543706
6,site4,12648,66.0|A:34.0|B:20.0,True,1.7923529411764707,severe_x_ge_1.3,13.29259010519326,13.314509500015909,0.0219193948226479
6,site4,12649,66.0|A:9.0|B:45.0,True,1.360061728395062,severe_x_ge_1.3,8.031546469800535,7.933656260499605,-0.0978902093009299
6,site4,12654,66.0|A:41.0|B:13.0,True,1.7251219512195124,severe_x_ge_1.3,10.582956098744589,10.39082263009256,-0.1921334686520293
6,site4,12655,66.0|A:21.0|B:33.0,True,1.3531746031746033,severe_x_ge_1.3,10.304751868296112,11.18928521257564,0.8845333442795287
6,site4,12658,66.0|A:17.0|B:37.0,True,1.035294117647059,moderate_1.0_le_x_lt_1.3,9.945973222740312,9.997204238583109,0.0512310158427968
6,site4,12662,66.0|A:41.0|B:13.0,True,1.4613008130081302,severe_x_ge_1.3,11.67994482212109,11.76017140294553,0.0802265808244406
6,site4,12670,66.0|A:27.0|B:27.0,True,1.429320987654321,severe_x_ge_1.3,6.926457618499433,7.095074732919623,0.16861711442019
6,site4,12679,66.0|A:40.0|B:14.0,True,1.64175,severe_x_ge_1.3,10.925202931115876,10.665986021205624,-0.2592169099102523
6,site4,12686,66.0|A:37.0|B:17.0,True,1.3536936936936936,severe_x_ge_1.3,9.495332854491952,9.954978510061656,0.4596456555697052
6,site4,12688,66.0|A:35.0|B:19.0,True,2.156,severe_x_ge_1.3,12.77724590145704,13.161522869290822,0.3842769678337809
6,site4,12694,66.0|A:21.0|B:33.0,True,1.0843827160493829,moderate_1.0_le_x_lt_1.3,8.404747416519896,8.460009445954055,0.055262029434159
6,site4,12696,66.0|A:37.0|B:17.0,True,1.893783783783784,severe_x_ge_1.3,12.49036795559969,12.646666388774117,0.1562984331744257
6,site4,12698,66.0|A:27.0|B:27.0,True,1.3478395061728394,severe_x_ge_1.3,8.46264049594826,8.180290021735743,-0.2823504742125173
6,site4,12709,66.0|A:42.0|B:12.0,True,1.6604761904761904,severe_x_ge_1.3,14.271507565769976,13.528582885447095,-0.7429246803228775
6,site4,12710,66.0|A:31.0|B:23.0,True,1.1023655913978494,moderate_1.0_le_x_lt_1.3,12.475425161795368,12.923044556159796,0.4476193943644269
6,site4,12715,66.0|A:30.0|B:24.0,True,1.0843827160493829,moderate_1.0_le_x_lt_1.3,9.6572815785267,10.065614619406398,0.4083330408796985
6,site4,12721,66.0|A:28.0|B:26.0,True,1.1970987654320988,moderate_1.0_le_x_lt_1.3,9.202588114662404,9.66028774362994,0.4576996289675374
6,site4,12722,66.0|A:42.0|B:12.0,True,1.539126984126984,severe_x_ge_1.3,9.5486740808827,9.565215855882206,0.0165417749995064
6,site4,12726,66.0|A:40.0|B:14.0,True,1.3960833333333331,severe_x_ge_1.3,11.084029130074237,10.620171172093215,-0.4638579579810198
6,site4,12739,66.0|A:43.0|B:11.0,True,1.8657364341085272,severe_x_ge_1.3,11.807026773829689,11.805696428324149,-0.00133034550554
6,site4,12744,106.0|A:85.0|B:9.0,True,1.2429019607843137,moderate_1.0_le_x_lt_1.3,8.459681921309716,8.630677874902982,0.1709959535932661
6,site4,12748,66.0|A:41.0|B:13.0,True,1.766260162601626,severe_x_ge_1.3,11.318693283749784,11.197344998453008,-0.1213482852967757
6,site4,12751,66.0|A:41.0|B:13.0,True,1.4532520325203253,severe_x_ge_1.3,11.87573203367594,11.990446794123889,0.1147147604479474
6,site4,12753,66.0|A:40.0|B:14.0,True,1.20175,moderate_1.0_le_x_lt_1.3,10.856381072469985,11.049980790367515,0.1935997178975341
6,site4,12756,66.0|A:45.0|B:9.0,True,1.166,moderate_1.0_le_x_lt_1.3,10.965586595571288,10.825217819813874,-0.1403687757574143
6,site4,12759,66.0|A:45.0|B:9.0,True,1.474,severe_x_ge_1.3,11.527447305930316,10.891709017575764,-0.6357382883545508
6,site4,12765,66.0|A:39.0|B:15.0,True,1.8747008547008543,severe_x_ge_1.3,13.521070599989416,13.178940730622063,-0.3421298693673513
6,site4,12768,96.0|A:75.0|B:9.0,True,1.5025777777777778,severe_x_ge_1.3,9.50783064121635,9.454987879669527,-0.0528427615468221
6,site4,12769,66.0|A:45.0|B:9.0,True,2.008518518518519,severe_x_ge_1.3,10.679211538565834,10.250240130269423,-0.4289714082964107
6,site4,12776,86.0|A:65.0|B:9.0,True,1.0636068376068375,moderate_1.0_le_x_lt_1.3,7.8346751044351395,8.22334994958817,0.3886748451530311
6,site4,12782,66.0|A:41.0|B:13.0,True,1.3208943089430896,severe_x_ge_1.3,8.838037133782176,9.04256067966802,0.2045235458858432
6,site4,12783,66.0|A:45.0|B:9.0,True,1.526962962962963,severe_x_ge_1.3,9.20884571029639,8.548974259069672,-0.659871451226719
6,site4,12788,66.0|A:45.0|B:9.0,True,1.4593333333333334,severe_x_ge_1.3,10.206367271094804,9.73346153909097,-0.4729057320038361
6,site4,12790,86.0|A:65.0|B:9.0,True,1.095948717948718,moderate_1.0_le_x_lt_1.3,9.015424895484792,9.70817063763862,0.6927457421538268
6,site4,12792,86.0|A:65.0|B:9.0,True,1.9713846153846155,severe_x_ge_1.3,10.67578425734617,10.339270411197656,-0.3365138461485149
6,site4,12793,66.0|A:45.0|B:9.0,True,1.6923703703703703,severe_x_ge_1.3,10.879530845201474,10.07746794860442,-0.8020628965970538
6,site4,12797,76.0|A:55.0|B:9.0,True,1.6773737373737372,severe_x_ge_1.3,8.842639485250803,8.775640899575142,-0.0669985856756607
6,site4,12798,96.0|A:75.0|B:9.0,True,1.3987555555555558,severe_x_ge_1.3,10.238199296193736,10.032170826356872,-0.2060284698368644
6,site4,12801,66.0|A:45.0|B:9.0,True,1.1505185185185187,moderate_1.0_le_x_lt_1.3,8.703844957948428,8.450510918112867,-0.2533340398355612
6,site4,12828,76.0|A:55.0|B:9.0,True,1.4386262626262625,severe_x_ge_1.3,9.619452810929744,9.09700946538827,-0.5224433455414754
6,site4,12832,66.0|A:9.0|B:45.0,True,1.1285185185185185,moderate_1.0_le_x_lt_1.3,9.80124270669806,9.203026602697204,-0.5982161040008549
6,site4,12838,66.0|A:45.0|B:9.0,True,1.5114814814814814,severe_x_ge_1.3,11.92906302617283,11.082546159874433,-0.8465168662983977
6,site4,12841,66.0|A:41.0|B:13.0,True,1.098211382113821,moderate_1.0_le_x_lt_1.3,8.935570212262334,8.789276960443718,-0.1462932518186157
6,site4,12842,66.0|A:33.0|B:21.0,True,1.0155555555555555,moderate_1.0_le_x_lt_1.3,14.20352182877283,14.455310306233804,0.2517884774609733
6,site4,12858,66.0|A:25.0|B:29.0,True,1.1645333333333334,moderate_1.0_le_x_lt_1.3,12.653271004597618,13.490723558731723,0.8374525541341065
6,site4,12869,66.0|A:36.0|B:18.0,True,1.3261111111111112,severe_x_ge_1.3,13.02561390938194,13.3312301562075,0.3056162468255596
6,site4,12877,66.0|A:35.0|B:19.0,True,1.2534567901234568,moderate_1.0_le_x_lt_1.3,10.095356601778786,9.916363838577768,-0.1789927632010179
6,site4,12890,66.0|A:35.0|B:19.0,True,1.5860952380952382,severe_x_ge_1.3,12.180272823475196,12.3034902873243,0.1232174638491052
6,site4,12897,66.0|A:42.0|B:12.0,True,1.409920634920635,severe_x_ge_1.3,8.884184974357495,9.138693308827994,0.2545083344704988
6,site4,12900,66.0|A:35.0|B:19.0,True,1.2477142857142858,moderate_1.0_le_x_lt_1.3,12.14823383171816,12.620204648079826,0.4719708163616669
6,site4,12903,66.0|A:37.0|B:17.0,True,1.8382882882882885,severe_x_ge_1.3,12.35153136131806,12.883363868816248,0.5318325074981853
6,site4,12904,66.0|A:27.0|B:27.0,True,1.0653703703703703,moderate_1.0_le_x_lt_1.3,8.161016702010517,8.516380884560421,0.3553641825499039
6,site4,12906,66.0|A:32.0|B:22.0,True,2.295104166666667,severe_x_ge_1.3,15.093578902382028,14.350333346932857,-0.743245555449171
6,site4,12908,66.0|A:19.0|B:35.0,True,1.4041975308641976,severe_x_ge_1.3,8.817700351023325,8.615301949124092,-0.2023984018992326
6,site4,12912,66.0|A:22.0|B:32.0,True,1.5083333333333333,severe_x_ge_1.3,11.63654047205815,12.259337061633556,0.6227965895754082
6,site4,12916,66.0|A:40.0|B:14.0,True,1.6756666666666666,severe_x_ge_1.3,12.75249850186064,12.86223907940236,0.1097405775417197
6,site4,12917,66.0|A:30.0|B:24.0,True,1.315925925925926,severe_x_ge_1.3,9.313619387921332,9.293688065722751,-0.0199313221985804
6,site4,12929,66.0|A:27.0|B:27.0,True,1.4727777777777775,severe_x_ge_1.3,10.510556825325825,10.492829559675164,-0.0177272656506595
6,site4,12935,66.0|A:26.0|B:28.0,True,1.5752564102564102,severe_x_ge_1.3,13.60307327093149,13.769376438174488,0.1663031672429973
6,site4,12936,66.0|A:28.0|B:26.0,True,1.559642857142857,severe_x_ge_1.3,12.56131797779349,12.645314618504925,0.0839966407114349
6,site4,12937,66.0|A:39.0|B:15.0,True,1.3661728395061727,severe_x_ge_1.3,10.2419143976272,10.16772182208168,-0.0741925755455206
6,site4,12942,66.0|A:23.0|B:31.0,True,1.412463768115942,severe_x_ge_1.3,13.117302467768903,13.524529879237802,0.4072274114688969
6,site4,12945,66.0|A:30.0|B:24.0,True,1.2637777777777777,moderate_1.0_le_x_lt_1.3,11.937347195077871,12.51935012212542,0.5820029270475491
6,site4,12952,66.0|A:32.0|B:22.0,True,1.2100000000000002,moderate_1.0_le_x_lt_1.3,8.75305815350168,9.02716201211939,0.2741038586177104
6,site4,12960,66.0|A:34.0|B:20.0,True,2.1805882352941177,severe_x_ge_1.3,14.221474422551973,14.483533968072694,0.2620595455207226
6,site4,12963,66.0|A:40.0|B:14.0,True,1.1970987654320988,moderate_1.0_le_x_lt_1.3,9.003502447875311,9.022958055081808,0.0194556072064955
6,site4,12965,66.0|A:45.0|B:9.0,True,1.3159259259259262,severe_x_ge_1.3,7.360346168255695,7.333100406905511,-0.0272457613501844
6,site4,12967,66.0|A:27.0|B:27.0,True,1.2663580246913582,moderate_1.0_le_x_lt_1.3,9.633006822697595,9.20247515766003,-0.4305316650375665
6,site4,12969,66.0|A:29.0|B:25.0,True,1.155632183908046,moderate_1.0_le_x_lt_1.3,12.24013748162387,12.99384774454203,0.75371026291816
6,site4,12977,66.0|A:39.0|B:15.0,True,1.284273504273504,moderate_1.0_le_x_lt_1.3,10.236403983214542,10.098090274550003,-0.1383137086645387
6,site4,12998,66.0|A:27.0|B:27.0,True,1.6418518518518517,severe_x_ge_1.3,13.20344191502273,13.774968846946209,0.5715269319234793
6,site4,13000,66.0|A:28.0|B:26.0,True,1.3907142857142856,severe_x_ge_1.3,13.410502899668511,13.672934209305277,0.2624313096367654
6,site4,13003,66.0|A:35.0|B:19.0,True,1.508571428571429,severe_x_ge_1.3,12.070670148441495,13.0744699383893,1.003799789947804
6,site4,13012,66.0|A:27.0|B:27.0,True,1.7803703703703704,severe_x_ge_1.3,7.56186742690862,7.122582757641654,-0.4392846692669661
6,site4,13013,66.0|A:27.0|B:27.0,True,1.4544444444444442,severe_x_ge_1.3,8.634639062097076,8.69823098149217,0.063591919395094
6,site4,13023,66.0|A:42.0|B:12.0,True,1.636031746031746,severe_x_ge_1.3,8.627285283669899,8.58207484563093,-0.0452104380389695
6,site4,13031,66.0|A:36.0|B:18.0,True,1.6550925925925928,severe_x_ge_1.3,16.59127876697794,16.638193602599255,0.0469148356213153
6,site4,13032,66.0|A:39.0|B:15.0,True,1.3275213675213675,severe_x_ge_1.3,10.220993090058906,10.18193849203622,-0.0390545980226857
6,site4,13033,66.0|A:45.0|B:9.0,True,1.6174074074074076,severe_x_ge_1.3,10.30342471724926,9.946315678129904,-0.3571090391193561
6,site4,13035,66.0|A:39.0|B:15.0,True,1.224102564102564,moderate_1.0_le_x_lt_1.3,9.79991262627932,10.045474604602726,0.2455619783234066
6,site4,13043,66.0|A:30.0|B:24.0,True,1.6353333333333333,severe_x_ge_1.3,15.101141293452518,15.100693075474846,-0.0004482179776719
6,site4,13044,66.0|A:39.0|B:15.0,True,1.6227350427350429,severe_x_ge_1.3,12.408221197201144,12.372881789779074,-0.0353394074220698
6,site4,13080,66.0|A:44.0|B:10.0,True,1.259567901234568,moderate_1.0_le_x_lt_1.3,9.27373806795999,9.155435550256584,-0.1183025177034053
6,site4,13110,66.0|A:40.0|B:14.0,True,1.7856666666666663,severe_x_ge_1.3,15.128974503387372,14.825872803995212,-0.30310169939216
6,site4,13120,66.0|A:26.0|B:28.0,True,1.2724691358024691,moderate_1.0_le_x_lt_1.3,10.627823723296686,10.980194342433546,0.3523706191368596
6,site4,13126,66.0|A:15.0|B:39.0,True,1.315925925925926,severe_x_ge_1.3,9.239921633896993,9.493401824517212,0.2534801906202197
6,site4,13128,66.0|A:31.0|B:23.0,True,1.953978494623656,severe_x_ge_1.3,14.350152319067728,14.44894485023814,0.098792531170412
6,site4,13132,66.0|A:9.0|B:45.0,True,1.0592592592592591,moderate_1.0_le_x_lt_1.3,8.226914359664029,8.401847069924735,0.1749327102607054
6,site4,13133,66.0|A:23.0|B:31.0,True,1.0888405797101448,moderate_1.0_le_x_lt_1.3,11.885842085344686,12.38187086008558,0.4960287747408944
6,site4,13134,66.0|A:11.0|B:43.0,True,1.57,severe_x_ge_1.3,9.79778383423961,9.703614149916223,-0.0941696843233863
6,site4,13136,66.0|A:27.0|B:27.0,True,1.648641975308642,severe_x_ge_1.3,10.114319403269986,10.31157044754582,0.1972510442758324
6,site4,13137,66.0|A:23.0|B:31.0,True,1.6484057971014492,severe_x_ge_1.3,11.685341039699182,11.52491449575466,-0.1604265439445225
6,site4,13139,66.0|A:26.0|B:28.0,True,1.5357692307692308,severe_x_ge_1.3,12.840789224380488,13.312069215931375,0.4712799915508903
6,site4,13143,66.0|A:27.0|B:27.0,True,1.109506172839506,moderate_1.0_le_x_lt_1.3,9.73953195127069,10.192781240995387,0.4532492897246971
6,site4,13148,66.0|A:27.0|B:27.0,True,1.5732716049382716,severe_x_ge_1.3,6.95886911227732,6.992146352730738,0.033277240453418
6,site4,13150,66.0|A:40.0|B:14.0,True,1.6921666666666666,severe_x_ge_1.3,14.331585048134722,14.554459901323968,0.2228748531892463
6,site4,13156,66.0|A:35.0|B:19.0,True,1.325238095238095,severe_x_ge_1.3,11.697496247399624,11.805349978273124,0.107853730873499
6,site4,13158,66.0|A:37.0|B:17.0,True,1.4103086419753088,severe_x_ge_1.3,8.803106232486387,9.055927969439528,0.2528217369531411
6,site4,13161,66.0|A:27.0|B:27.0,True,1.2975925925925926,moderate_1.0_le_x_lt_1.3,7.078050054378435,7.194923809738549,0.116873755360114
6,site4,13166,66.0|A:28.0|B:26.0,True,1.945952380952381,severe_x_ge_1.3,15.52439488585881,15.484175729740189,-0.0402191561186224
6,site4,13167,66.0|A:39.0|B:15.0,True,2.022307692307692,severe_x_ge_1.3,12.884505307385297,12.90052561934692,0.0160203119616255
6,site4,13169,66.0|A:28.0|B:26.0,True,1.9092857142857145,severe_x_ge_1.3,14.893462681351544,14.887005377174606,-0.0064573041769371
6,site4,13174,66.0|A:27.0|B:27.0,True,1.4164197530864195,severe_x_ge_1.3,8.79788498806388,9.395212266895031,0.5973272788311519
6,site4,13191,66.0|A:43.0|B:11.0,True,1.574108527131783,severe_x_ge_1.3,11.523270424751244,11.077529199669325,-0.4457412250819192
6,site4,13192,66.0|A:28.0|B:26.0,True,2.114880952380952,severe_x_ge_1.3,13.890210737249951,13.860833588613463,-0.0293771486364882
6,site4,13198,66.0|A:45.0|B:9.0,True,1.0454074074074071,moderate_1.0_le_x_lt_1.3,6.907271957809195,6.963307349064389,0.056035391255194
6,site4,13199,66.0|A:28.0|B:26.0,True,1.0341358024691358,moderate_1.0_le_x_lt_1.3,9.620766088689678,9.872823456125964,0.2520573674362865
6,site4,13200,66.0|A:29.0|B:25.0,True,1.3349382716049385,severe_x_ge_1.3,9.704511589066762,10.080245228624667,0.3757336395579056
6,site4,13202,66.0|A:33.0|B:21.0,True,1.0155555555555555,moderate_1.0_le_x_lt_1.3,13.960673050890133,14.206285747118452,0.2456126962283189
6,site4,13204,66.0|A:15.0|B:39.0,True,1.047037037037037,moderate_1.0_le_x_lt_1.3,6.816450624628197,7.33764301019697,0.5211923855687735
6,site4,13206,66.0|A:45.0|B:9.0,True,1.285777777777778,moderate_1.0_le_x_lt_1.3,10.815247076299656,10.418266252683006,-0.3969808236166496
6,site4,13211,66.0|A:28.0|B:26.0,True,1.8254761904761905,severe_x_ge_1.3,13.664719800747724,14.04271210507019,0.3779923043224666
6,site4,13213,66.0|A:25.0|B:29.0,True,1.2100000000000002,moderate_1.0_le_x_lt_1.3,9.202173273402774,9.672414458383036,0.4702411849802619
6,site4,13218,66.0|A:27.0|B:27.0,True,1.385185185185185,severe_x_ge_1.3,9.347492380509486,9.805600874473267,0.4581084939637829
6,site4,13220,66.0|A:9.0|B:45.0,True,1.3478395061728397,severe_x_ge_1.3,7.269858041676376,6.690914372110555,-0.5789436695658212
6,site4,13226,66.0|A:27.0|B:27.0,True,1.49179012345679,severe_x_ge_1.3,8.38455603497607,8.572597672889893,0.1880416379138232
6,site4,13230,126.0|A:105.0|B:9.0,True,1.659333333333333,severe_x_ge_1.3,7.671096690015387,8.528987617931767,0.8578909279163796
6,site4,13231,116.0|A:95.0|B:9.0,True,1.0912179487179487,moderate_1.0_le_x_lt_1.3,7.641264565884494,8.76664229207443,1.1253777261899351
6,site4,13234,126.0|A:105.0|B:9.0,True,1.405333333333333,severe_x_ge_1.3,6.882944404833386,7.6105997902580125,0.7276553854246268
6,site4,13237,66.0|A:45.0|B:9.0,True,1.293925925925926,moderate_1.0_le_x_lt_1.3,9.277014747242047,8.848796152998997,-0.4282185942430505
6,site4,13239,66.0|A:27.0|B:27.0,True,1.2663580246913582,moderate_1.0_le_x_lt_1.3,7.99158127528904,8.038942342722795,0.047361067433755
6,site4,13243,86.0|A:65.0|B:9.0,True,1.0636068376068375,moderate_1.0_le_x_lt_1.3,9.296785352762008,9.27742242920579,-0.0193629235562173
6,site4,13244,66.0|A:44.0|B:10.0,True,1.5233333333333334,severe_x_ge_1.3,10.886972850743772,10.569751477731897,-0.3172213730118756
6,site4,13247,66.0|A:9.0|B:45.0,True,1.4917901234567903,severe_x_ge_1.3,8.907021694972164,8.329402137072876,-0.577619557899288
6,site4,13251,96.0|A:75.0|B:9.0,True,1.5694222222222225,severe_x_ge_1.3,8.111591377137126,7.891619708714475,-0.2199716684226507
6,site4,13257,86.0|A:65.0|B:9.0,True,1.3987863247863248,severe_x_ge_1.3,9.7341764806796,9.789726043138955,0.0555495624593547
6,site4,13263,116.0|A:95.0|B:9.0,True,1.3472280701754384,severe_x_ge_1.3,7.72311140294275,8.820132044739399,1.0970206417966493
6,site4,13266,116.0|A:95.0|B:9.0,True,1.5073216374269005,severe_x_ge_1.3,9.124642564695852,9.906902519754029,0.7822599550581764
6,site4,13270,66.0|A:44.0|B:10.0,True,1.015,moderate_1.0_le_x_lt_1.3,8.24571185609499,7.793894948543953,-0.4518169075510378
6,site4,13273,66.0|A:45.0|B:9.0,True,1.6475555555555557,severe_x_ge_1.3,12.22717462307807,11.765787164070876,-0.4613874590071951
6,site4,13276,66.0|A:27.0|B:27.0,True,1.8048148148148144,severe_x_ge_1.3,12.343504100985363,13.181919609852176,0.8384155088668113
6,site4,13284,66.0|A:39.0|B:15.0,True,1.2410256410256408,moderate_1.0_le_x_lt_1.3,8.681477474046492,8.523873370326625,-0.1576041037198674
6,site4,13285,66.0|A:45.0|B:9.0,True,1.166,moderate_1.0_le_x_lt_1.3,8.965875355871791,8.500233354586705,-0.4656420012850866
6,site4,13288,76.0|A:55.0|B:9.0,True,1.4255757575757575,severe_x_ge_1.3,10.675287439198422,10.573966643152096,-0.1013207960463269
6,site4,13289,76.0|A:55.0|B:9.0,True,1.5768080808080809,severe_x_ge_1.3,8.833278125439236,8.442844859182266,-0.39043326625697
6,site4,13292,76.0|A:35.0|B:29.0,False,2.763746031746032,severe_x_ge_1.3,24.52183588976004,19.30266592948034,-5.219169960279697
6,site4,13293,86.0|A:65.0|B:9.0,True,1.4958119658119655,severe_x_ge_1.3,7.385875498458243,7.502927419370606,0.1170519209123632
6,site4,13307,126.0|A:105.0|B:9.0,True,1.586,severe_x_ge_1.3,9.898540461140533,10.751390188121764,0.8528497269812316
6,site4,13309,76.0|A:55.0|B:9.0,True,1.8025050505050504,severe_x_ge_1.3,9.077341880368326,8.906307636405444,-0.1710342439628824
6,site4,13316,106.0|A:53.0|B:41.0,False,2.2711111111111117,severe_x_ge_1.3,27.647158880069117,22.148605221261423,-5.49855365880769
6,site4,13317,126.0|A:105.0|B:9.0,True,1.44,severe_x_ge_1.3,7.221478123449689,8.08896400730856,0.8674858838588708
6,site4,13326,76.0|A:55.0|B:9.0,True,1.7771717171717172,severe_x_ge_1.3,7.954397972035388,7.9398666468591905,-0.0145313251761978
6,site4,13327,66.0|A:43.0|B:11.0,True,1.9595348837209303,severe_x_ge_1.3,12.148861522565944,11.530958445809963,-0.6179030767559777
6,site4,13329,66.0|A:45.0|B:9.0,True,1.210814814814815,moderate_1.0_le_x_lt_1.3,7.765979843836108,7.482197832671382,-0.2837820111647264
6,site4,13337,66.0|A:42.0|B:12.0,True,1.498968253968254,severe_x_ge_1.3,9.74895876269857,9.280589940890293,-0.4683688218082782
6,site4,13340,66.0|A:45.0|B:9.0,True,1.0454074074074071,moderate_1.0_le_x_lt_1.3,9.619945683637294,9.41198914824304,-0.2079565353942527
6,site4,13343,66.0|A:9.0|B:45.0,True,1.0341358024691358,moderate_1.0_le_x_lt_1.3,7.676893997967036,7.395894873743344,-0.2809991242236922
6,site4,13347,66.0|A:27.0|B:27.0,True,2.832839506172839,severe_x_ge_1.3,18.53293268437714,15.928331261027216,-2.6046014233499246
6,site4,13350,66.0|A:45.0|B:9.0,True,1.4856790123456791,severe_x_ge_1.3,7.92376106406082,7.454420071024216,-0.4693409930366039
6,site4,13353,126.0|A:105.0|B:9.0,True,1.2033333333333334,moderate_1.0_le_x_lt_1.3,7.278779317231259,8.379294123364232,1.1005148061329733
6,site4,13358,76.0|A:55.0|B:9.0,True,1.0171717171717172,moderate_1.0_le_x_lt_1.3,7.770473307412364,7.688036239224362,-0.0824370681880015
6,site4,13360,66.0|A:34.0|B:20.0,True,1.0849019607843138,moderate_1.0_le_x_lt_1.3,10.45659927556566,10.893577631858737,0.4369783562930767
6,site4,13363,66.0|A:45.0|B:9.0,True,1.0527407407407408,moderate_1.0_le_x_lt_1.3,10.072286241497409,9.85511923894721,-0.2171670025501964
6,site4,13367,66.0|A:43.0|B:11.0,True,1.5425581395348835,severe_x_ge_1.3,12.718432573439712,12.88644770692192,0.1680151334822071
6,site4,13374,66.0|A:45.0|B:9.0,True,1.3012592592592591,severe_x_ge_1.3,9.47707474030352,9.185177785621123,-0.2918969546823948
6,site4,13378,66.0|A:39.0|B:15.0,True,1.6575213675213674,severe_x_ge_1.3,10.959602131296302,11.046476583413522,0.08687445211722
6,site4,13380,126.0|A:105.0|B:9.0,True,1.3533333333333333,severe_x_ge_1.3,9.444752325298987,10.779747775516652,1.334995450217665
6,site4,13386,66.0|A:37.0|B:17.0,True,1.3974074074074074,severe_x_ge_1.3,8.191604815087368,8.074737281347511,-0.1168675337398568
6,site4,13387,66.0|A:45.0|B:9.0,True,1.7828148148148149,severe_x_ge_1.3,10.678941220318338,10.359365401560256,-0.3195758187580821
6,site4,13392,66.0|A:43.0|B:11.0,True,1.094031007751938,moderate_1.0_le_x_lt_1.3,8.996117278944437,9.149314901641954,0.1531976226975171
6,site4,13396,66.0|A:35.0|B:19.0,True,1.982095238095238,severe_x_ge_1.3,14.28275600820735,13.95978581072382,-0.3229701974835315
6,site4,13397,86.0|A:65.0|B:9.0,True,1.7552820512820513,severe_x_ge_1.3,9.158628115282122,9.173305068760197,0.014676953478073
6,site4,13401,66.0|A:40.0|B:14.0,True,1.76,severe_x_ge_1.3,12.246143211562698,11.872327215058004,-0.3738159965046925
6,site4,13403,66.0|A:45.0|B:9.0,True,1.1586666666666667,moderate_1.0_le_x_lt_1.3,10.108066601090416,9.55201965202596,-0.5560469490644557
6,site4,13408,86.0|A:65.0|B:9.0,True,1.204,moderate_1.0_le_x_lt_1.3,9.630391385251547,10.429137115568976,0.7987457303174281
6,site4,13410,66.0|A:45.0|B:9.0,True,1.1203703703703705,moderate_1.0_le_x_lt_1.3,9.105682468670082,9.063665750980686,-0.0420167176893961
6,site4,13418,66.0|A:43.0|B:11.0,True,1.9288372093023256,severe_x_ge_1.3,11.090249387405343,10.038875369677866,-1.0513740177274773
6,site4,13419,106.0|A:85.0|B:9.0,True,1.0780130718954248,moderate_1.0_le_x_lt_1.3,10.48156413301321,10.634075185329246,0.1525110523160364
6,site4,13421,66.0|A:27.0|B:27.0,True,1.328827160493827,severe_x_ge_1.3,7.285776849695527,6.984916456293761,-0.3008603934017655
6,site4,13428,66.0|A:43.0|B:11.0,True,1.1179069767441865,moderate_1.0_le_x_lt_1.3,9.18029253349103,9.031081448928033,-0.1492110845629994
6,site4,13433,106.0|A:85.0|B:9.0,True,1.779830065359477,severe_x_ge_1.3,9.52437527398408,9.496587532953129,-0.0277877410309539
6,site4,13436,76.0|A:55.0|B:9.0,True,1.3695353535353536,severe_x_ge_1.3,9.736686963722835,10.147733458778497,0.4110464950556594
6,site4,13439,66.0|A:43.0|B:11.0,True,1.7395348837209303,severe_x_ge_1.3,14.305095302690074,13.771001807996678,-0.534093494693396
6,site4,13442,66.0|A:38.0|B:16.0,True,1.5226315789473683,severe_x_ge_1.3,9.744177405463423,9.83158269941634,0.0874052939529157
6,site4,13450,66.0|A:34.0|B:20.0,True,1.762156862745098,severe_x_ge_1.3,13.027670248625636,13.545220961045002,0.5175507124193661
6,site4,13456,66.0|A:44.0|B:10.0,True,1.7308333333333334,severe_x_ge_1.3,10.714474379587068,10.74566204779124,0.031187668204172
6,site4,13462,66.0|A:22.0|B:32.0,True,1.0766666666666669,moderate_1.0_le_x_lt_1.3,12.053855279874051,12.618717761183529,0.5648624813094774
6,site4,13464,76.0|A:34.0|B:30.0,False,2.5507189542483664,severe_x_ge_1.3,19.77434025581196,18.006794937768976,-1.767545318042984
6,site4,13465,66.0|A:22.0|B:32.0,True,1.77,severe_x_ge_1.3,14.482278387808874,14.250919200660933,-0.231359187147941
6,site4,13470,66.0|A:41.0|B:13.0,True,1.8905691056910567,severe_x_ge_1.3,10.741724188797864,10.750211043984477,0.0084868551866126
6,site4,13471,66.0|A:27.0|B:27.0,True,1.1217283950617285,moderate_1.0_le_x_lt_1.3,8.32260481505259,8.446508767892368,0.1239039528397771
6,site4,13480,66.0|A:45.0|B:9.0,True,1.421851851851852,severe_x_ge_1.3,11.213011131009782,10.77417653193889,-0.4388345990708924
6,site4,13489,66.0|A:40.0|B:14.0,True,1.1504166666666666,moderate_1.0_le_x_lt_1.3,9.129163851263897,9.302228893196158,0.1730650419322614
6,site4,13490,66.0|A:30.0|B:24.0,True,1.0156666666666667,moderate_1.0_le_x_lt_1.3,12.10361237766131,12.62347366736615,0.5198612897048402
6,site4,13491,66.0|A:21.0|B:33.0,True,1.7896825396825395,severe_x_ge_1.3,14.178715182000458,13.681940961965797,-0.496774220034661
6,site4,13506,66.0|A:37.0|B:17.0,True,1.4979012345679013,severe_x_ge_1.3,8.433684750083755,8.445986287759242,0.0123015376754871
6,site4,13508,66.0|A:41.0|B:13.0,True,1.2797560975609756,moderate_1.0_le_x_lt_1.3,12.41474856161209,12.696325356540358,0.2815767949282683
6,site4,13511,66.0|A:23.0|B:31.0,True,1.634057971014493,severe_x_ge_1.3,12.743395469106778,13.062301570559695,0.3189061014529191
6,site4,13513,66.0|A:45.0|B:9.0,True,1.4291851851851851,severe_x_ge_1.3,9.251627733346831,9.054553366435302,-0.1970743669115311
6,site4,13522,66.0|A:29.0|B:25.0,True,1.5994252873563215,severe_x_ge_1.3,13.30171179654851,13.613409254421748,0.3116974578732367
6,site4,13529,66.0|A:44.0|B:10.0,True,1.8,severe_x_ge_1.3,14.0527517235375,12.99356554853366,-1.0591861750038394
6,site4,13534,66.0|A:29.0|B:25.0,True,1.4590804597701148,severe_x_ge_1.3,12.034017734728204,11.71472608016597,-0.3192916545622335
6,site4,13536,66.0|A:44.0|B:10.0,True,1.5481481481481485,severe_x_ge_1.3,8.853652605172606,8.912641830374708,0.0589892252021027
6,site4,13538,66.0|A:28.0|B:26.0,True,2.0664285714285717,severe_x_ge_1.3,15.223860229381277,15.16639365592692,-0.0574665734543575
6,site4,13540,66.0|A:12.0|B:42.0,True,1.8883333333333328,severe_x_ge_1.3,11.39347515979948,11.44394215509958,0.0504669953001002
6,site4,13546,66.0|A:19.0|B:35.0,True,1.3851851851851853,severe_x_ge_1.3,8.769742401072646,8.789319340614897,0.0195769395422509
6,site4,13547,66.0|A:22.0|B:32.0,True,1.83,severe_x_ge_1.3,14.436364537842746,14.179479981627852,-0.2568845562148922
6,site4,13549,66.0|A:32.0|B:22.0,True,1.3222916666666666,severe_x_ge_1.3,14.516751629813424,14.793038903939214,0.2762872741257904
6,site4,13550,66.0|A:34.0|B:20.0,True,1.1248039215686274,moderate_1.0_le_x_lt_1.3,11.602118757694978,11.867808048441354,0.2656892907463763
6,site4,13568,66.0|A:35.0|B:19.0,True,2.020857142857144,severe_x_ge_1.3,14.768262825493055,15.44199144610748,0.6737286206144244
6,site4,13569,66.0|A:44.0|B:10.0,True,1.7233333333333334,severe_x_ge_1.3,10.14289012723355,9.94645065782382,-0.1964394694097286
6,site4,13574,66.0|A:27.0|B:27.0,True,1.5291358024691355,severe_x_ge_1.3,9.08376234574082,9.00234069135694,-0.0814216543838792
6,site4,13576,66.0|A:27.0|B:27.0,True,1.497901234567901,severe_x_ge_1.3,6.57601500658686,6.520613804889059,-0.0554012016978004
6,site4,13580,66.0|A:14.0|B:40.0,True,1.1970987654320988,moderate_1.0_le_x_lt_1.3,7.383187849990258,7.582254557248035,0.1990667072577769
6,site4,13588,66.0|A:11.0|B:43.0,True,1.2222222222222223,moderate_1.0_le_x_lt_1.3,8.892117530243977,8.132670378564061,-0.7594471516799164
6,site4,13590,66.0|A:33.0|B:21.0,True,1.5277777777777777,severe_x_ge_1.3,12.91504510690518,13.114089226058468,0.199044119153287
6,site4,13591,66.0|A:45.0|B:9.0,True,1.0902222222222222,moderate_1.0_le_x_lt_1.3,10.18665638026206,9.601559562068047,-0.5850968181940122
6,site4,13596,66.0|A:41.0|B:13.0,True,1.2627642276422766,moderate_1.0_le_x_lt_1.3,11.008329321590672,11.013929019172137,0.0055996975814629
6,site4,13604,66.0|A:34.0|B:20.0,True,1.3410493827160497,severe_x_ge_1.3,8.359559435082113,8.597243190544809,0.2376837554626956
6,site4,13608,66.0|A:38.0|B:16.0,True,1.1221929824561403,moderate_1.0_le_x_lt_1.3,12.037270098079516,12.237634779979036,0.2003646818995204
6,site4,13620,66.0|A:30.0|B:24.0,True,1.8394444444444449,severe_x_ge_1.3,11.457933547055095,12.23338549734103,0.7754519502859338
6,site4,13630,66.0|A:28.0|B:26.0,True,1.3851851851851853,severe_x_ge_1.3,9.279925517527827,9.450923005061682,0.1709974875338531
6,site4,13635,66.0|A:27.0|B:27.0,True,1.6174074074074072,severe_x_ge_1.3,13.32097959983852,13.663757819146834,0.3427782193083146
6,site4,13642,66.0|A:44.0|B:10.0,True,1.985,severe_x_ge_1.3,12.066819495879276,11.187313518771578,-0.8795059771076978
6,site4,13647,66.0|A:27.0|B:27.0,True,1.5108024691358024,severe_x_ge_1.3,7.586257596503603,7.84682546864394,0.2605678721403377
6,site4,13654,66.0|A:30.0|B:24.0,True,1.7380000000000002,severe_x_ge_1.3,13.331285628394337,13.55064981606199,0.2193641876676544
6,site4,13662,66.0|A:27.0|B:27.0,True,1.2975925925925926,moderate_1.0_le_x_lt_1.3,8.768598899072252,8.658123202867452,-0.1104756962047996
6,site4,13665,66.0|A:27.0|B:27.0,True,1.6737654320987654,severe_x_ge_1.3,6.639973532762965,6.834191007731863,0.194217474968898
6,site4,13668,66.0|A:32.0|B:22.0,True,2.6021875,severe_x_ge_1.3,19.365857272060296,16.68052918659604,-2.6853280854642563
6,site4,13676,66.0|A:33.0|B:21.0,True,2.2355555555555555,severe_x_ge_1.3,15.032480466195882,15.1381914652382,0.1057109990423192
6,site4,13678,66.0|A:25.0|B:29.0,True,2.0445333333333333,severe_x_ge_1.3,13.33615500576368,13.7231953815601,0.3870403757964222
6,site4,13687,66.0|A:41.0|B:13.0,True,1.6347967479674796,severe_x_ge_1.3,13.306718208033024,13.52683379041822,0.2201155823851959
6,site4,13697,66.0|A:25.0|B:29.0,True,1.7864,severe_x_ge_1.3,13.044347540587546,13.390774866080376,0.3464273254928294
6,site4,13704,66.0|A:27.0|B:27.0,True,1.1719753086419753,moderate_1.0_le_x_lt_1.3,6.948839639759798,7.229764610299667,0.2809249705398695
6,site4,13706,66.0|A:27.0|B:27.0,True,1.265679012345679,moderate_1.0_le_x_lt_1.3,13.55932008548938,14.091317669283496,0.5319975837941175
6,site4,13709,66.0|A:33.0|B:21.0,True,1.3744444444444444,severe_x_ge_1.3,15.846518287023162,15.898535159638875,0.0520168726157148
6,site4,13713,66.0|A:29.0|B:25.0,True,1.073448275862069,moderate_1.0_le_x_lt_1.3,14.139112426685276,14.33373379268124,0.1946213659959639
6,site4,13718,66.0|A:39.0|B:15.0,True,2.039230769230769,severe_x_ge_1.3,11.382423156198636,11.907251704314683,0.524828548116048
6,site4,13729,66.0|A:40.0|B:14.0,True,1.6335,severe_x_ge_1.3,9.736065556514788,9.38673819431602,-0.3493273621987693
6,site4,13730,66.0|A:35.0|B:19.0,True,1.3535238095238096,severe_x_ge_1.3,11.082287906674416,11.267807049614987,0.1855191429405742
6,site4,13731,66.0|A:30.0|B:24.0,True,1.4605555555555558,severe_x_ge_1.3,9.214188284969874,9.604746311233605,0.3905580262637294
6,site4,13735,66.0|A:32.0|B:22.0,True,2.0201041666666666,severe_x_ge_1.3,14.07708140906295,13.5827994202937,-0.4942819887692504
6,site4,13736,66.0|A:39.0|B:15.0,True,1.9179487179487176,severe_x_ge_1.3,12.964283203132233,13.642124169571584,0.6778409664393532
6,site4,13738,66.0|A:34.0|B:20.0,True,1.4634313725490198,severe_x_ge_1.3,15.205952270396187,15.32804966876922,0.1220973983730306
6,site4,13739,66.0|A:35.0|B:19.0,True,1.1995238095238094,moderate_1.0_le_x_lt_1.3,13.114107894549274,13.565613800551075,0.4515059060018025
6,site4,13741,66.0|A:40.0|B:14.0,True,1.09175,moderate_1.0_le_x_lt_1.3,9.190413385567089,9.23962250877636,0.0492091232092715
6,site4,13747,66.0|A:19.0|B:35.0,True,1.763859649122807,severe_x_ge_1.3,11.96556704153724,12.187627986869256,0.2220609453320161
6,site4,13758,66.0|A:38.0|B:16.0,True,1.5853508771929825,severe_x_ge_1.3,11.37719451386084,11.448999878131094,0.0718053642702525
6,site4,13761,66.0|A:34.0|B:20.0,True,1.324313725490196,severe_x_ge_1.3,12.12127462765968,12.128550813815526,0.0072761861558472
6,site4,13764,66.0|A:26.0|B:28.0,True,2.513076923076923,severe_x_ge_1.3,15.83428046237712,15.366995172089602,-0.4672852902875171
6,site4,13771,66.0|A:36.0|B:18.0,True,1.2975925925925926,moderate_1.0_le_x_lt_1.3,11.37991591104644,11.981676716615045,0.6017608055686026
6,site4,13778,66.0|A:45.0|B:9.0,True,1.549777777777778,severe_x_ge_1.3,11.717963857726811,11.345153369029063,-0.3728104886977483
6,site4,13780,66.0|A:24.0|B:30.0,True,1.0006944444444443,moderate_1.0_le_x_lt_1.3,11.734432491913068,12.51991379368576,0.7854813017726929
6,site4,13781,66.0|A:42.0|B:12.0,True,1.2248412698412698,moderate_1.0_le_x_lt_1.3,9.097216070057186,9.002414581924771,-0.0948014881324148
6,site4,13782,66.0|A:44.0|B:10.0,True,1.0,moderate_1.0_le_x_lt_1.3,12.041052869422124,10.837933817832848,-1.203119051589276
6,site4,13787,66.0|A:27.0|B:27.0,True,1.604506172839506,severe_x_ge_1.3,6.565526282236255,6.295983125359991,-0.2695431568762636
6,site4,13792,66.0|A:27.0|B:27.0,True,1.3912962962962965,severe_x_ge_1.3,7.203198724346426,7.643527650628347,0.4403289262819214
6,site4,13798,66.0|A:15.0|B:39.0,True,1.4226666666666663,severe_x_ge_1.3,10.1888793057204,10.251658017252945,0.0627787115325446
6,site4,13806,66.0|A:23.0|B:31.0,True,2.2956521739130435,severe_x_ge_1.3,12.861088253546942,13.410254071068524,0.5491658175215832
6,site4,13807,66.0|A:37.0|B:17.0,True,1.664864864864865,severe_x_ge_1.3,15.482589774562026,15.173430551807655,-0.3091592227543707
6,site4,13809,66.0|A:40.0|B:14.0,True,1.6665,severe_x_ge_1.3,10.129340082726182,10.124133167291015,-0.005206915435167
6,site4,13811,66.0|A:27.0|B:27.0,True,1.435432098765432,severe_x_ge_1.3,9.828500366977948,10.084931289278831,0.2564309223008845
6,site4,13812,66.0|A:29.0|B:25.0,True,1.3541379310344828,severe_x_ge_1.3,12.070049839158116,12.03557697693705,-0.034472862221067
6,site4,13813,66.0|A:27.0|B:27.0,True,1.1217283950617285,moderate_1.0_le_x_lt_1.3,7.053091376053805,7.402502727302583,0.3494113512487775
6,site4,13814,66.0|A:35.0|B:19.0,True,1.3790740740740743,severe_x_ge_1.3,11.564824088081236,11.55035017461878,-0.0144739134624547
6,site4,13816,66.0|A:41.0|B:13.0,True,1.1393495934959348,moderate_1.0_le_x_lt_1.3,9.969910923358391,9.79079289368296,-0.1791180296754326
6,site4,13818,66.0|A:14.0|B:40.0,True,1.1217283950617285,moderate_1.0_le_x_lt_1.3,7.456505450807056,8.024569113240554,0.5680636624334987
6,site4,13821,66.0|A:45.0|B:9.0,True,1.8431111111111111,severe_x_ge_1.3,9.686626273361046,9.343137764064208,-0.3434885092968383
6,site4,13825,66.0|A:38.0|B:16.0,True,1.3807894736842106,severe_x_ge_1.3,10.805012624375262,10.926734501969223,0.121721877593961
6,site4,13826,66.0|A:27.0|B:27.0,True,1.1346296296296297,moderate_1.0_le_x_lt_1.3,7.500953860978527,8.045916588642816,0.5449627276642897
6,site4,13832,66.0|A:27.0|B:27.0,True,1.5983950617283949,severe_x_ge_1.3,7.273726365105421,7.490766000512758,0.2170396354073362
6,site4,13836,66.0|A:27.0|B:27.0,True,1.5732716049382716,severe_x_ge_1.3,8.838063284127715,8.881894378811761,0.0438310946840463
6,site4,13838,66.0|A:27.0|B:27.0,True,1.0714814814814817,moderate_1.0_le_x_lt_1.3,8.482548500783611,8.723391886762007,0.2408433859783958
6,site4,13840,66.0|A:45.0|B:9.0,True,1.8349629629629631,severe_x_ge_1.3,11.110411813362091,10.746295949216142,-0.3641158641459512
6,site4,13842,66.0|A:27.0|B:27.0,True,1.5108024691358024,severe_x_ge_1.3,6.628588880432628,6.9492844161795615,0.3206955357469336
6,site4,13843,66.0|A:27.0|B:27.0,True,1.0090123456790123,moderate_1.0_le_x_lt_1.3,7.260511791709489,7.570605835985275,0.310094044275786
6,site4,13848,66.0|A:41.0|B:13.0,True,1.931707317073171,severe_x_ge_1.3,10.232407121949404,10.493368804306998,0.2609616823575944
6,site4,13849,66.0|A:27.0|B:27.0,True,1.047037037037037,moderate_1.0_le_x_lt_1.3,7.563838170421575,7.728206001878813,0.1643678314572376
6,site4,13852,66.0|A:35.0|B:19.0,True,1.1658641975308643,moderate_1.0_le_x_lt_1.3,8.50031751172024,8.231110135267588,-0.2692073764526519
6,site4,13855,66.0|A:31.0|B:23.0,True,1.9433333333333331,severe_x_ge_1.3,12.15601723979437,12.683764457666726,0.5277472178723563
6,site4,13856,66.0|A:27.0|B:27.0,True,1.6418518518518517,severe_x_ge_1.3,9.87016575607966,10.168753065620711,0.2985873095410518
6,site4,13857,66.0|A:15.0|B:39.0,True,1.0144444444444445,moderate_1.0_le_x_lt_1.3,10.97950442008546,10.963856377541296,-0.0156480425441642
6,site4,13860,66.0|A:44.0|B:10.0,True,1.2691666666666668,moderate_1.0_le_x_lt_1.3,8.38729506761405,8.199515457612199,-0.1877796100018507
6,site4,13864,66.0|A:37.0|B:17.0,True,1.0524324324324326,moderate_1.0_le_x_lt_1.3,11.45399982329116,11.536146889362747,0.0821470660715864
6,site4,13869,66.0|A:33.0|B:21.0,True,1.507777777777778,severe_x_ge_1.3,12.837083006984306,13.649873640883696,0.8127906338993895
6,site4,13884,66.0|A:38.0|B:16.0,True,1.130877192982456,moderate_1.0_le_x_lt_1.3,11.569079527516742,11.516974404331885,-0.052105123184857
6,site4,13891,66.0|A:26.0|B:28.0,True,1.2367948717948718,moderate_1.0_le_x_lt_1.3,13.337375176231912,14.249143565066136,0.9117683888342238
6,site4,13892,66.0|A:43.0|B:11.0,True,1.2355813953488373,moderate_1.0_le_x_lt_1.3,8.47259618699754,8.422293045412015,-0.050303141585525
6,site4,13893,66.0|A:44.0|B:10.0,True,2.423333333333334,severe_x_ge_1.3,14.254983269759371,14.013093368674644,-0.2418899010847273
6,site4,13895,66.0|A:35.0|B:19.0,True,1.344095238095238,severe_x_ge_1.3,11.490708015158525,12.47493658907802,0.9842285739194968
6,site4,13902,66.0|A:27.0|B:27.0,True,1.49179012345679,severe_x_ge_1.3,9.602134063806774,9.96447379200588,0.362339728199105
6,site4,13909,66.0|A:30.0|B:24.0,True,2.402888888888889,severe_x_ge_1.3,16.533600614969814,15.369139043432988,-1.164461571536826
6,site4,13916,66.0|A:27.0|B:27.0,True,1.8367283950617284,severe_x_ge_1.3,9.11554941245988,9.217105926987871,0.1015565145279904
6,site4,13918,66.0|A:28.0|B:26.0,True,1.2938095238095235,moderate_1.0_le_x_lt_1.3,11.57547602214892,11.686758902252848,0.1112828801039285
6,site4,13921,66.0|A:26.0|B:28.0,True,2.2,severe_x_ge_1.3,14.625434334884607,15.006687316903442,0.3812529820188342
6,site4,13931,66.0|A:25.0|B:29.0,True,1.115617283950617,moderate_1.0_le_x_lt_1.3,9.71440627802175,9.870155208972516,0.1557489309507662
6,site4,13935,66.0|A:36.0|B:18.0,True,2.115462962962963,severe_x_ge_1.3,13.22454209646808,13.476134646804912,0.2515925503368326
6,site4,13936,66.0|A:28.0|B:26.0,True,1.6316666666666666,severe_x_ge_1.3,13.005263307539344,13.031482006422888,0.0262186988835431
6,site4,13939,66.0|A:28.0|B:26.0,True,2.091309523809524,severe_x_ge_1.3,12.189433089233631,12.511797995118194,0.3223649058845605
6,site4,13940,66.0|A:39.0|B:15.0,True,1.587948717948718,severe_x_ge_1.3,11.775524881358464,11.518814163362924,-0.2567107179955386
6,site4,13949,66.0|A:44.0|B:10.0,True,1.2233333333333334,moderate_1.0_le_x_lt_1.3,12.042356401575235,11.285067479103477,-0.757288922471762
6,site4,13956,66.0|A:34.0|B:20.0,True,1.9012745098039217,severe_x_ge_1.3,12.699099810837875,13.327134876622877,0.6280350657850011
6,site4,13962,66.0|A:25.0|B:29.0,True,1.7189333333333332,severe_x_ge_1.3,13.175332014495734,13.0282433591431,-0.1470886553526345
6,site4,13965,66.0|A:21.0|B:33.0,True,1.321746031746032,severe_x_ge_1.3,11.505609520227411,11.912965298181224,0.4073557779538106
6,site4,13969,66.0|A:40.0|B:14.0,True,1.0835,moderate_1.0_le_x_lt_1.3,12.340197940458657,12.25968340620901,-0.0805145342496445
6,site4,13972,66.0|A:36.0|B:18.0,True,1.2782407407407408,moderate_1.0_le_x_lt_1.3,10.808033631789767,10.887453115585476,0.0794194837957071
6,site4,13973,66.0|A:33.0|B:21.0,True,1.5108024691358026,severe_x_ge_1.3,9.200370329715737,9.44382933842322,0.2434590087074841
6,site4,13976,66.0|A:27.0|B:27.0,True,1.4605555555555556,severe_x_ge_1.3,9.755307993666056,9.515334146853863,-0.2399738468121892
6,site4,13980,66.0|A:42.0|B:12.0,True,2.1275396825396826,severe_x_ge_1.3,13.982355760179365,14.143894852331105,0.1615390921517399
6,site4,13988,66.0|A:25.0|B:29.0,True,1.8010666666666666,severe_x_ge_1.3,12.666010668268482,12.840205709903104,0.174195041634622
6,site4,13989,66.0|A:27.0|B:27.0,True,2.5951851851851853,severe_x_ge_1.3,14.554373995531876,15.54048204957375,0.9861080540418748
6,site4,13990,66.0|A:22.0|B:32.0,True,1.309814814814815,severe_x_ge_1.3,11.991196487247027,12.386351871026877,0.3951553837798478
6,site4,13991,66.0|A:27.0|B:27.0,True,1.3037037037037036,severe_x_ge_1.3,7.54875667300653,7.721390767792032,0.1726340947855016
6,site4,13996,66.0|A:42.0|B:12.0,True,1.7966666666666666,severe_x_ge_1.3,10.509703373567572,10.296243839066005,-0.2134595345015668
6,site4,14001,66.0|A:24.0|B:30.0,True,1.0725,moderate_1.0_le_x_lt_1.3,10.89874823082377,11.12684713966499,0.2280989088412202
6,site4,14003,66.0|A:25.0|B:29.0,True,1.2283333333333333,moderate_1.0_le_x_lt_1.3,7.557996330148634,8.284826244293868,0.7268299141452337
6,site4,14018,66.0|A:42.0|B:12.0,True,2.055079365079365,severe_x_ge_1.3,11.789808719780597,11.62717918458982,-0.1626295351907778
6,site4,14019,66.0|A:39.0|B:15.0,True,1.6227350427350429,severe_x_ge_1.3,13.795301991756448,13.850381446532507,0.0550794547760595
6,site4,14020,66.0|A:35.0|B:19.0,True,1.7694285714285716,severe_x_ge_1.3,13.853217164734907,14.291864781233867,0.4386476164989599
6,site4,14036,66.0|A:27.0|B:27.0,True,1.1780864197530865,moderate_1.0_le_x_lt_1.3,8.223822811423025,8.535431870213193,0.3116090587901681
6,site4,14056,66.0|A:34.0|B:20.0,True,2.2593137254901965,severe_x_ge_1.3,14.275475912953931,14.468817594000216,0.1933416810462827
6,site4,14057,66.0|A:23.0|B:31.0,True,1.497901234567901,severe_x_ge_1.3,9.065448302709727,8.67700285301597,-0.3884454496937568
6,site4,14058,66.0|A:37.0|B:17.0,True,1.344774774774775,severe_x_ge_1.3,13.282057714957906,13.498920727504498,0.2168630125465913
6,site4,14064,66.0|A:30.0|B:24.0,True,2.2672222222222222,severe_x_ge_1.3,13.813338835450988,14.26234382177326,0.4490049863222705
6,site4,14067,66.0|A:25.0|B:29.0,True,1.1597530864197532,moderate_1.0_le_x_lt_1.3,10.734524272779003,10.663791624513657,-0.0707326482653503
6,site4,14068,66.0|A:25.0|B:29.0,True,1.4490666666666667,severe_x_ge_1.3,13.15337043937482,13.940071475855948,0.7867010364811282
6,site4,14072,66.0|A:36.0|B:18.0,True,1.8048148148148149,severe_x_ge_1.3,11.206444130342094,11.006485582323036,-0.1999585480190582
6,site4,14080,66.0|A:27.0|B:27.0,True,1.7172222222222222,severe_x_ge_1.3,6.262137049283292,6.301907727500656,0.0397706782173639
6,site4,14082,76.0|A:40.0|B:24.0,True,1.926388888888889,severe_x_ge_1.3,16.857840135518558,16.9258499841638,0.0680098486452429
6,site4,14093,66.0|A:33.0|B:21.0,True,2.4922222222222223,severe_x_ge_1.3,14.23768542427932,14.712523399420547,0.474837975141229
6,site4,14098,66.0|A:34.0|B:20.0,True,1.7923529411764707,severe_x_ge_1.3,14.78883416089698,14.79865397343464,0.0098198125376605
6,site4,14100,66.0|A:31.0|B:23.0,True,1.1248387096774193,moderate_1.0_le_x_lt_1.3,12.892180570000352,13.19193676699248,0.2997561969921261
6,site4,14102,66.0|A:27.0|B:27.0,True,1.3478395061728394,severe_x_ge_1.3,8.034107809261563,8.318185333978677,0.2840775247171141
6,site4,14106,66.0|A:23.0|B:31.0,True,1.2801449275362318,moderate_1.0_le_x_lt_1.3,11.130061349251438,11.266744366313551,0.1366830170621131
6,site4,14107,66.0|A:38.0|B:16.0,True,1.8613157894736845,severe_x_ge_1.3,11.581420851442994,11.758860146224007,0.1774392947810135
6,site4,14111,66.0|A:29.0|B:25.0,True,1.925632183908046,severe_x_ge_1.3,14.620795367824728,15.02967831565268,0.4088829478279532
6,site4,14112,66.0|A:44.0|B:10.0,True,1.485,severe_x_ge_1.3,8.062442688219877,7.845662698580634,-0.2167799896392424
6,site4,14122,66.0|A:41.0|B:13.0,True,1.411219512195122,severe_x_ge_1.3,11.023522498807704,11.00525973845205,-0.0182627603556522
6,site4,14133,66.0|A:42.0|B:12.0,True,1.788809523809524,severe_x_ge_1.3,13.11519401158916,12.953952196341094,-0.161241815248065
6,site4,14137,66.0|A:31.0|B:23.0,True,1.5506451612903227,severe_x_ge_1.3,11.408665135281971,11.777002155575312,0.3683370202933389
6,site4,14138,66.0|A:32.0|B:22.0,True,1.3749999999999998,severe_x_ge_1.3,11.949486691209811,12.469520388759864,0.5200336975500512
6,site4,14144,66.0|A:22.0|B:32.0,True,2.276666666666667,severe_x_ge_1.3,12.879678356478944,13.50661077801442,0.6269324215354768
6,site4,14145,66.0|A:45.0|B:9.0,True,1.0151234567901235,moderate_1.0_le_x_lt_1.3,6.8586438837823,6.73546259183739,-0.1231812919449097
6,site4,14148,76.0|A:41.0|B:23.0,False,2.518915989159892,severe_x_ge_1.3,15.773841041865982,15.625286623684854,-0.1485544181811278
6,site4,14153,66.0|A:31.0|B:23.0,True,1.2534567901234568,moderate_1.0_le_x_lt_1.3,10.926218229429178,10.815565867137956,-0.110652362291221
6,site4,14154,66.0|A:31.0|B:23.0,True,1.9870967741935484,severe_x_ge_1.3,15.05914911228782,14.91732197619882,-0.1418271360890006
6,site4,14161,66.0|A:33.0|B:21.0,True,1.6611111111111112,severe_x_ge_1.3,13.19192970879726,13.594193769807886,0.4022640610106265
6,site4,14166,66.0|A:37.0|B:17.0,True,1.8749549549549551,severe_x_ge_1.3,12.430338115260946,12.941201240366754,0.5108631251058071
6,site4,14174,66.0|A:27.0|B:27.0,True,1.152962962962963,moderate_1.0_le_x_lt_1.3,10.831226618776885,11.414213580362627,0.5829869615857426
6,site4,14180,66.0|A:14.0|B:40.0,True,1.1346296296296297,moderate_1.0_le_x_lt_1.3,9.635518351868877,9.765590188848307,0.1300718369794324
6,site4,14184,66.0|A:40.0|B:14.0,True,1.76,severe_x_ge_1.3,12.537573568073825,12.41858192796653,-0.1189916401072928
6,site4,14186,66.0|A:37.0|B:17.0,True,2.1038738738738743,severe_x_ge_1.3,15.374579297422413,16.006280044119976,0.6317007466975646
6,site4,14187,66.0|A:36.0|B:18.0,True,1.3444444444444446,severe_x_ge_1.3,10.809688696565644,11.258648644747607,0.4489599481819653
6,site4,14195,66.0|A:38.0|B:16.0,True,2.4045614035087715,severe_x_ge_1.3,16.290043182898124,17.54644103461132,1.2563978517131955
6,site4,14196,66.0|A:35.0|B:19.0,True,2.5142857142857142,severe_x_ge_1.3,13.89522781303076,15.110048437830704,1.214820624799943
6,site4,14204,66.0|A:37.0|B:17.0,True,1.1891891891891893,moderate_1.0_le_x_lt_1.3,11.719354007608072,12.00624826011023,0.2868942525021563
6,site4,14210,66.0|A:45.0|B:9.0,True,1.1733333333333336,moderate_1.0_le_x_lt_1.3,9.782446418739246,9.641162002967352,-0.141284415771894
6,site4,14214,66.0|A:27.0|B:27.0,True,1.422530864197531,severe_x_ge_1.3,7.753600251942902,8.106642138216364,0.3530418862734619
6,site4,14215,66.0|A:14.0|B:40.0,True,1.322716049382716,severe_x_ge_1.3,9.483464171561405,9.358375489414698,-0.1250886821467052
6,site4,14218,66.0|A:45.0|B:9.0,True,1.5416296296296297,severe_x_ge_1.3,11.12399352679926,11.203737243666318,0.0797437168670569
6,site4,14220,66.0|A:27.0|B:27.0,True,1.9365432098765432,severe_x_ge_1.3,5.865343197767438,5.7450620829059424,-0.1202811148614957
